received_date,animal_type,kind,sex,province,shelter,latitude,longitude
2025-05-15,고양이,한국 고양이,암컷,광주광역시 광산구,광주동물보호센터,35.1396428,126.7938232
2025-05-15,고양이,한국 고양이,암컷,광주광역시 남구,광주동물보호센터,35.1327,126.9025
2025-05-15,고양이,한국 고양이,수컷,광주광역시 동구,광주동물보호센터,35.1462,126.9229
2025-05-15,고양이,한국 고양이,수컷,광주광역시 동구,광주동물보호센터,35.1462,126.9229
2025-05-15,고양이,한국 고양이,수컷,광주광역시 동구,광주동물보호센터,35.1462,126.9229
2025-05-15,고양이,한국 고양이,수컷,광주광역시 동구,광주동물보호센터,35.1462,126.9229
2025-05-15,고양이,한국 고양이,암컷,광주광역시 동구,광주동물보호센터,35.1462,126.9229
2025-05-15,고양이,한국 고양이,수컷,광주광역시 동구,광주동물보호센터,35.1462,126.9229
2025-05-15,고양이,한국 고양이,암컷,광주광역시 광산구,광주동물보호센터,35.1396428,126.7938232
2025-05-15,개,믹스견,수컷,경상북도 문경시,종합축산,36.5858541,128.1870612
2025-05-15,개,믹스견,암컷,경기도 화성시,화성동물보호센터,37.1994653,126.8312632
2025-05-15,개,믹스견,암컷,경기도 화성시,화성동물보호센터,37.1994653,126.8312632
2025-05-15,개,믹스견,수컷,경기도 화성시,화성동물보호센터,37.1994653,126.8312632
2025-05-15,개,믹스견,수컷,경기도 화성시,화성동물보호센터,37.1994653,126.8312632
2025-05-15,개,믹스견,수컷,경기도 화성시,화성동물보호센터,37.1994653,126.8312632
2025-05-15,개,푸들,수컷,경기도 화성시,화성동물보호센터,37.1994653,126.8312632
2025-05-15,개,말티즈,수컷,경기도 시흥시,시흥동물누리보호센터,37.3798891,126.8032255
2025-05-15,고양이,한국 고양이,수컷,광주광역시 남구,광주동물보호센터,35.1327,126.9025
2025-05-15,고양이,한국 고양이,수컷,광주광역시 북구,광주동물보호센터,35.1741,126.9122
2025-05-15,개,믹스견,수컷,경상북도 문경시,종합축산,36.5858541,128.1870612
2025-05-14,고양이,한국 고양이,수컷,광주광역시 동구,광주동물보호센터,35.1462,126.9229
2025-05-14,고양이,한국 고양이,수컷,광주광역시 서구,광주동물보호센터,35.1521401,126.8900561
2025-05-14,고양이,한국 고양이,수컷,광주광역시 서구,광주동물보호센터,35.1521401,126.8900561
2025-05-14,고양이,한국 고양이,암컷,광주광역시 서구,광주동물보호센터,35.1521401,126.8900561
2025-05-13,고양이,한국 고양이,수컷,광주광역시 서구,광주동물보호센터,35.1521401,126.8900561
2025-05-13,고양이,한국 고양이,수컷,광주광역시 서구,광주동물보호센터,35.1521401,126.8900561
2025-05-13,고양이,한국 고양이,수컷,광주광역시 동구,광주동물보호센터,35.1462,126.9229
2025-05-13,고양이,한국 고양이,암컷,광주광역시 서구,광주동물보호센터,35.1521401,126.8900561
2025-05-13,개,믹스견,암컷,전북특별자치도 정읍시,정읍시 동물보호소,35.5697678,126.8559787
2025-05-13,개,믹스견,암컷,전북특별자치도 정읍시,정읍시 동물보호소,35.5697678,126.8559787
2025-05-13,개,믹스견,수컷,전북특별자치도 정읍시,정읍시 동물보호소,35.5697678,126.8559787
2025-05-13,개,믹스견,수컷,전북특별자치도 정읍시,정읍시 동물보호소,35.5697678,126.8559787
2025-05-13,개,믹스견,수컷,전북특별자치도 정읍시,정읍시 동물보호소,35.5697678,126.8559787
2025-05-13,고양이,한국 고양이,암컷,광주광역시 동구,광주동물보호센터,35.1462,126.9229
2025-05-13,고양이,한국 고양이,암컷,광주광역시 동구,광주동물보호센터,35.1462,126.9229
2025-05-13,고양이,한국 고양이,암컷,광주광역시 동구,광주동물보호센터,35.1462,126.9229
2025-05-12,개,말티즈,수컷,강원특별자치도 춘천시,춘천시 동물보호센터,37.8810569,127.7297641
2025-05-12,개,믹스견,암컷,충청남도 서산시,서산시 동물보호센터,36.784499,126.450317
2025-05-12,개,믹스견,암컷,경상북도 상주시,상주시 동물보호센터,36.4104478,128.1590614
2025-05-12,개,믹스견,수컷,경상북도 상주시,상주시 동물보호센터,36.4104478,128.1590614
2025-05-11,개,믹스견,수컷,대전광역시 서구,대전동물보호센터,36.3551786,127.3838487
2025-05-11,고양이,한국 고양이,수컷,광주광역시 남구,광주동물보호센터,35.1327,126.9025
2025-05-11,고양이,한국 고양이,암컷,광주광역시 남구,광주동물보호센터,35.1327,126.9025
2025-05-11,고양이,한국 고양이,암컷,광주광역시 남구,광주동물보호센터,35.1327,126.9025
2025-05-11,고양이,한국 고양이,암컷,광주광역시 남구,광주동물보호센터,35.1327,126.9025
2025-05-11,기타,토끼,암컷,광주광역시 서구,광주동물보호센터,35.1521401,126.8900561
2025-05-11,고양이,믹스묘,수컷,광주광역시 광산구,광주동물보호센터,35.1396428,126.7938232
2025-05-11,개,믹스견,암컷,경상북도 경산시,경산시유기동물보호소,35.825122,128.741329
2025-05-10,고양이,한국 고양이,수컷,광주광역시 서구,광주동물보호센터,35.1521401,126.8900561
2025-05-10,고양이,한국 고양이,수컷,광주광역시 서구,광주동물보호센터,35.1521401,126.8900561
2025-05-10,고양이,한국 고양이,암컷,광주광역시 서구,광주동물보호센터,35.1521401,126.8900561
2025-05-09,개,믹스견,암컷,제주특별자치도 제주특별자치도,제주 동물보호센터,33.4887737,126.4987083
2025-05-09,개,믹스견,수컷,제주특별자치도 제주특별자치도,제주 동물보호센터,33.4887737,126.4987083
2025-05-09,개,믹스견,암컷,제주특별자치도 제주특별자치도,제주 동물보호센터,33.4887737,126.4987083
2025-05-09,고양이,한국 고양이,수컷,광주광역시 서구,광주동물보호센터,35.1521401,126.8900561
2025-05-09,개,믹스견,암컷,경기도 남양주시,남양주시동물보호센터,37.6359398,127.2165051
2025-05-09,개,믹스견,수컷,경기도 남양주시,남양주시동물보호센터,37.6359398,127.2165051
2025-05-09,개,믹스견,수컷,경기도 남양주시,남양주시동물보호센터,37.6359398,127.2165051
2025-05-09,고양이,한국 고양이,암컷,광주광역시 서구,광주동물보호센터,35.1521401,126.8900561
2025-05-08,개,믹스견,암컷,대전광역시 서구,대전동물보호센터,36.3551786,127.3838487
2025-05-08,개,믹스견,암컷,대전광역시 서구,대전동물보호센터,36.3551786,127.3838487
2025-05-08,개,믹스견,수컷,대전광역시 서구,대전동물보호센터,36.3551786,127.3838487
2025-05-08,개,믹스견,암컷,대전광역시 서구,대전동물보호센터,36.3551786,127.3838487
2025-05-08,고양이,한국 고양이,암컷,광주광역시 광산구,광주동물보호센터,35.1396428,126.7938232
2025-05-08,고양이,한국 고양이,암컷,광주광역시 광산구,광주동물보호센터,35.1396428,126.7938232
2025-05-08,고양이,한국 고양이,암컷,광주광역시 광산구,광주동물보호센터,35.1396428,126.7938232
2025-05-08,고양이,한국 고양이,암컷,광주광역시 광산구,광주동물보호센터,35.1396428,126.7938232
2025-05-08,고양이,한국 고양이,암컷,광주광역시 광산구,광주동물보호센터,35.1396428,126.7938232
2025-05-08,개,진도견,암컷,충청남도 예산군,예산임시동물보호센터,36.6808989,126.8448742
2025-05-08,고양이,믹스묘,수컷,강원특별자치도 정선군,정선가축병원,37.380456,128.6609485
2025-05-08,고양이,믹스묘,수컷,강원특별자치도 정선군,정선가축병원,37.380456,128.6609485
2025-05-08,고양이,믹스묘,암컷,강원특별자치도 정선군,정선가축병원,37.380456,128.6609485
2025-05-08,고양이,믹스묘,수컷,강원특별자치도 정선군,정선가축병원,37.380456,128.6609485
2025-05-08,고양이,믹스묘,수컷,강원특별자치도 정선군,정선가축병원,37.380456,128.6609485
2025-05-08,고양이,믹스묘,수컷,강원특별자치도 정선군,정선가축병원,37.380456,128.6609485
2025-05-08,고양이,벵갈,암컷,경기도 화성시,화성동물보호센터,37.1994653,126.8312632
2025-05-07,개,믹스견,수컷,경상북도 영주시,영주시 동물보호센터,36.805685,128.624054
2025-05-07,고양이,한국 고양이,수컷,전북특별자치도 진안군,진안군유기동물보호소,35.7915,127.4252
2025-05-07,개,믹스견,암컷,충청남도 서산시,서산시 동물보호센터,36.784499,126.450317
2025-05-07,개,믹스견,암컷,충청남도 서산시,서산시 동물보호센터,36.784499,126.450317
2025-05-07,개,믹스견,암컷,충청남도 서산시,서산시 동물보호센터,36.784499,126.450317
2025-05-07,개,믹스견,수컷,충청남도 서산시,서산시 동물보호센터,36.784499,126.450317
2025-05-07,개,믹스견,암컷,전라남도 담양군,담양군 동물보호센터,35.320878,126.9883238
2025-05-07,개,믹스견,수컷,전라남도 담양군,담양군 동물보호센터,35.320878,126.9883238
2025-05-07,개,믹스견,수컷,경상남도 통영시,통영시동물보호센터,34.854254,128.433205
2025-05-07,개,말티즈,수컷,경상남도 통영시,통영시동물보호센터,34.854254,128.433205
2025-05-07,개,진도믹스견,암컷,경상북도 성주군,성주유기동물보호센터,35.9190065,128.283486
2025-05-07,개,믹스견,암컷,충청남도 예산군,예산임시동물보호센터,36.6808989,126.8448742
2025-05-07,개,시베리안 허스키,수컷,충청북도 충주시,충주시동물보호센터,36.9907334,127.9259891
2025-05-07,개,믹스견,암컷,충청북도 충주시,충주시동물보호센터,36.9907334,127.9259891
2025-05-07,고양이,믹스묘,수컷,강원특별자치도 정선군,정선가축병원,37.380456,128.6609485
2025-05-07,고양이,믹스묘,수컷,강원특별자치도 정선군,정선가축병원,37.380456,128.6609485
2025-05-07,고양이,믹스묘,암컷,강원특별자치도 정선군,정선가축병원,37.380456,128.6609485
2025-05-07,개,믹스견,수컷,강원특별자치도 정선군,정선가축병원,37.380456,128.6609485
2025-05-07,개,믹스견,암컷,강원특별자치도 정선군,정선가축병원,37.380456,128.6609485
2025-05-07,개,비숑 프리제,수컷,강원특별자치도 철원군,철원군,38.1468023,127.3133
2025-05-07,고양이,한국 고양이,암컷,광주광역시 북구,광주동물보호센터,35.1741,126.9122
2025-05-07,고양이,한국 고양이,암컷,경기도 구리시,구리반려동물문화센터,37.5935948,127.1297917
2025-05-07,고양이,한국 고양이,암컷,경기도 구리시,구리반려동물문화센터,37.5935948,127.1297917
2025-05-07,개,믹스견,수컷,경기도 시흥시,시흥동물누리보호센터,37.3798891,126.8032255
2025-05-07,개,믹스견,암컷,경기도 시흥시,시흥동물누리보호센터,37.3798891,126.8032255
2025-05-07,개,믹스견,수컷,경기도 시흥시,시흥동물누리보호센터,37.3798891,126.8032255
2025-05-07,개,믹스견,수컷,경기도 시흥시,시흥동물누리보호센터,37.3798891,126.8032255
2025-05-07,개,믹스견,암컷,경기도 시흥시,시흥동물누리보호센터,37.3798891,126.8032255
2025-05-06,개,라브라도 리트리버,수컷,경상북도 칠곡군,칠곡유기동물보호센터,35.995,128.4017
2025-05-06,개,믹스견,암컷,경상북도 칠곡군,칠곡유기동물보호센터,35.995,128.4017
2025-05-06,개,믹스견,수컷,경상북도 칠곡군,칠곡유기동물보호센터,35.995,128.4017
2025-05-06,개,믹스견,암컷,경상북도 성주군,성주유기동물보호센터,35.9190065,128.283486
2025-05-06,개,믹스견,수컷,충청남도 당진시,당진시동물보호소,36.8904083,126.6461833
2025-05-06,개,믹스견,수컷,충청남도 당진시,당진시동물보호소,36.8904083,126.6461833
2025-05-06,고양이,한국 고양이,수컷,광주광역시 광산구,광주동물보호센터,35.1396428,126.7938232
2025-05-06,고양이,한국 고양이,암컷,광주광역시 광산구,광주동물보호센터,35.1396428,126.7938232
2025-05-06,고양이,한국 고양이,수컷,광주광역시 서구,광주동물보호센터,35.1521401,126.8900561
2025-05-06,고양이,한국 고양이,수컷,광주광역시 서구,광주동물보호센터,35.1521401,126.8900561
2025-05-06,고양이,한국 고양이,암컷,광주광역시 서구,광주동물보호센터,35.1521401,126.8900561
2025-05-05,개,믹스견,암컷,경상북도 상주시,상주시 동물보호센터,36.4104478,128.1590614
2025-05-05,개,믹스견,수컷,경상북도 경주시,경주동물사랑보호센터,35.8556705,129.2248811
2025-05-05,개,믹스견,암컷,경상북도 경주시,경주동물사랑보호센터,35.8556705,129.2248811
2025-05-05,개,믹스견,수컷,전라남도 목포시,목포시유기동물보호소,34.7903335,126.3847547
2025-05-05,개,믹스견,암컷,전라남도 목포시,목포시유기동물보호소,34.7903335,126.3847547
2025-05-05,개,믹스견,암컷,전라남도 목포시,목포시유기동물보호소,34.7903335,126.3847547
2025-05-05,개,믹스견,암컷,전북특별자치도 남원시,인월동물병원,35.4163118,127.3903713
2025-05-05,개,믹스견,암컷,전북특별자치도 남원시,하나동물병원,35.4163118,127.3903713
2025-05-05,고양이,한국 고양이,암컷,전북특별자치도 전주시,프렌즈동물병원,35.8237631,127.1472805
2025-05-05,개,믹스견,수컷,전북특별자치도 전주시,효자동물병원,35.8237631,127.1472805
2025-05-05,개,믹스견,수컷,충청남도 태안군,최동물병원,36.7454236,126.29836
2025-05-05,개,믹스견,암컷,충청남도 예산군,예산임시동물보호센터,36.6808989,126.8448742
2025-05-05,개,믹스견,수컷,충청남도 예산군,예산임시동물보호센터,36.6808989,126.8448742
2025-05-05,개,믹스견,암컷,충청남도 예산군,예산임시동물보호센터,36.6808989,126.8448742
2025-05-05,고양이,믹스묘,수컷,충청북도 청주시,반려동물보호센터,36.6421169,127.4891742
2025-05-05,고양이,한국 고양이,수컷,경기도 여주시,위더스 동물보호센터,37.2982901,127.637033
2025-05-05,고양이,한국 고양이,수컷,경기도 여주시,위더스 동물보호센터,37.2982901,127.637033
2025-05-05,고양이,한국 고양이,암컷,경기도 여주시,위더스 동물보호센터,37.2982901,127.637033
2025-05-05,개,보더 콜리,수컷,경기도 남양주시,남양주시동물보호센터,37.6359398,127.2165051
2025-05-05,기타,오리,미상,경기도 안산시,한국야생동물보호협회,37.3217152,126.8308604
2025-05-05,개,비숑 프리제,수컷,경기도 안양시,한국야생동물보호협회,37.3938528,126.9570605
2025-05-05,개,말티즈,암컷,울산광역시 북구,울산유기동물보호센터,35.5826,129.3604
2025-05-05,개,말티즈,암컷,울산광역시 북구,울산유기동물보호센터,35.5826,129.3604
2025-05-05,고양이,한국 고양이,암컷,광주광역시 광산구,광주동물보호센터,35.1396428,126.7938232
2025-05-05,고양이,한국 고양이,암컷,대구광역시 수성구,제니스동물병원,35.8584,128.6305
2025-05-05,고양이,한국 고양이,암컷,대구광역시 수성구,제니스동물병원,35.8584,128.6305
2025-05-05,고양이,한국 고양이,수컷,대구광역시 수성구,제니스동물병원,35.8584,128.6305
2025-05-05,고양이,한국 고양이,미상,대구광역시 서구,대구시수의사회(삼성),35.8716,128.5591
2025-05-05,고양이,한국 고양이,미상,대구광역시 중구,대구시수의사회(동인),35.8692588,128.6059471
2025-05-04,개,웰시 코기 카디건,암컷,경상북도 구미시,구미시 동물보호센터,36.1195513,128.3444692
2025-05-04,개,믹스견,암컷,전라남도 신안군,신안군유기동물보호소,34.8331095,126.3522531
2025-05-04,개,믹스견,암컷,전라남도 신안군,신안군유기동물보호소,34.8331095,126.3522531
2025-05-04,개,믹스견,수컷,전라남도 신안군,신안군유기동물보호소,34.8331095,126.3522531
2025-05-04,개,믹스견,수컷,전라남도 목포시,목포시유기동물보호소,34.7903335,126.3847547
2025-05-04,개,믹스견,암컷,충청북도 보은군,보은군동물보호센터,36.4890118,127.729242
2025-05-04,개,믹스견,수컷,강원특별자치도 횡성군,횡성유기동물보호센터,37.4916,127.985
2025-05-04,개,진도견,암컷,강원특별자치도 횡성군,횡성유기동물보호센터,37.4916,127.985
2025-05-04,개,믹스견,수컷,울산광역시 울주군,울산유기동물보호센터,35.5222362,129.2423693
2025-05-04,고양이,한국 고양이,미상,울산광역시 북구,울산유기동물보호센터,35.5826,129.3604
2025-05-04,고양이,한국 고양이,수컷,대구광역시 북구,대구유기동물보호협회,35.8855,128.5828858
2025-05-04,고양이,한국 고양이,수컷,대구광역시 북구,대구유기동물보호협회,35.8855,128.5828858
2025-05-04,고양이,한국 고양이,수컷,대구광역시 북구,대구유기동물보호협회,35.8855,128.5828858
2025-05-04,고양이,한국 고양이,암컷,대구광역시 북구,대구유기동물보호협회,35.8855,128.5828858
2025-05-04,개,믹스견,암컷,경상남도 창원시,창원유기동물보호소,35.227956,128.6818586
2025-05-04,개,믹스견,암컷,경상남도 창원시,창원유기동물보호소,35.227956,128.6818586
2025-05-04,개,비숑 프리제,수컷,경상북도 상주시,상주시 동물보호센터,36.4104478,128.1590614
2025-05-04,고양이,한국 고양이,수컷,경상북도 포항시,(사)영일동물플러스,36.0189315,129.3429384
2025-05-04,개,믹스견,암컷,전라남도 나주시,나주유기동물보호센터,35.0158859,126.7108313
2025-05-04,개,믹스견,수컷,전라남도 나주시,나주유기동물보호센터,35.0158859,126.7108313
2025-05-04,개,치와와,암컷,전북특별자치도 진안군,진안군유기동물보호소,35.7915,127.4252
2025-05-04,개,믹스견,수컷,전북특별자치도 전주시,프렌즈동물병원,35.8237631,127.1472805
2025-05-04,고양이,한국 고양이,수컷,전북특별자치도 전주시,프렌즈동물병원,35.8237631,127.1472805
2025-05-04,고양이,한국 고양이,수컷,전북특별자치도 전주시,프렌즈동물병원,35.8237631,127.1472805
2025-05-04,고양이,한국 고양이,수컷,전북특별자치도 전주시,프렌즈동물병원,35.8237631,127.1472805
2025-05-04,고양이,한국 고양이,암컷,전북특별자치도 전주시,프렌즈동물병원,35.8237631,127.1472805
2025-05-04,고양이,스코티시폴드,암컷,전북특별자치도 전주시,행복한동물병원,35.8237631,127.1472805
2025-05-04,기타,토끼,수컷,전북특별자치도 전주시,데이지동물병원,35.8237631,127.1472805
2025-05-04,개,믹스견,수컷,충청북도 청주시,반려동물보호센터,36.6421169,127.4891742
2025-05-04,개,치와와,암컷,충청북도 청주시,반려동물보호센터,36.6421169,127.4891742
2025-05-04,개,믹스견,암컷,충청북도 청주시,반려동물보호센터,36.6421169,127.4891742
2025-05-04,개,믹스견,암컷,충청북도 청주시,반려동물보호센터,36.6421169,127.4891742
2025-05-04,개,믹스견,암컷,충청북도 청주시,반려동물보호센터,36.6421169,127.4891742
2025-05-04,개,믹스견,암컷,충청북도 청주시,반려동물보호센터,36.6421169,127.4891742
2025-05-04,개,믹스견,수컷,충청북도 청주시,반려동물보호센터,36.6421169,127.4891742
2025-05-04,고양이,한국 고양이,미상,경기도 부천시,24시아이동물메디컬,37.5014422,126.7660139
2025-05-04,개,보더 콜리,암컷,대구광역시 수성구,제니스동물병원,35.8584,128.6305
2025-05-04,고양이,한국 고양이,수컷,대구광역시 중구,대구시수의사회(삼덕),35.8692588,128.6059471
2025-05-04,고양이,한국 고양이,암컷,대구광역시 중구,대구시수의사회(삼덕),35.8692588,128.6059471
2025-05-04,개,믹스견,수컷,서울특별시 서대문구,내품애센터,37.5790747,126.9367861
2025-05-04,고양이,한국 고양이,수컷,광주광역시 북구,광주동물보호센터,35.1741,126.9122
2025-05-03,개,믹스견,암컷,경상북도 문경시,종합축산,36.5858541,128.1870612
2025-05-03,고양이,한국 고양이,미상,대구광역시 서구,대구시수의사회(삼성),35.8716,128.5591
2025-05-03,개,믹스견,수컷,경상북도 김천시,김천시 동물보호센터,36.1398035,128.1139534
2025-05-03,개,믹스견,암컷,전라남도 신안군,신안군유기동물보호소,34.8331095,126.3522531
2025-05-03,고양이,한국 고양이,수컷,전라남도 순천시,대한동물사랑협회,34.9505457,127.4872992
2025-05-03,개,믹스견,암컷,충청남도 당진시,당진시동물보호소,36.8904083,126.6461833
2025-05-03,개,푸들,수컷,경기도 고양시,고양시동물보호센터,37.6581862,126.8319452
2025-05-03,개,말티즈,암컷,광주광역시 남구,광주동물보호센터,35.1327,126.9025
2025-05-03,고양이,한국 고양이,수컷,대구광역시 중구,대구시수의사회(삼덕),35.8692588,128.6059471
2025-05-03,고양이,한국 고양이,암컷,대구광역시 중구,대구시수의사회(삼덕),35.8692588,128.6059471
2025-05-03,개,믹스견,수컷,경상남도 창녕군,창녕 유기동물보호소,35.5443876,128.4921938
2025-05-03,개,믹스견,암컷,경상남도 창녕군,창녕 유기동물보호소,35.5443876,128.4921938
2025-05-03,개,믹스견,수컷,경상북도 상주시,상주시 동물보호센터,36.4104478,128.1590614
2025-05-03,개,믹스견,수컷,전라남도 나주시,나주유기동물보호센터,35.0158859,126.7108313
2025-05-03,개,믹스견,암컷,전북특별자치도 남원시,청원동물병원,35.4163118,127.3903713
2025-05-03,고양이,페르시안,수컷,전북특별자치도 전주시,행복한동물병원,35.8237631,127.1472805
2025-05-03,개,진도견,수컷,전북특별자치도 전주시,행복한동물병원,35.8237631,127.1472805
2025-05-03,개,믹스견,암컷,충청남도 태안군,최동물병원,36.7454236,126.29836
2025-05-03,개,믹스견,수컷,충청남도 부여군,남부여동물보호소,36.2753678,126.910107
2025-05-03,개,말티즈,수컷,충청북도 청주시,반려동물보호센터,36.6421169,127.4891742
2025-05-03,개,믹스견,수컷,충청북도 음성군,금왕동물병원,36.94,127.6906
2025-05-03,개,믹스견,암컷,충청북도 음성군,금왕동물병원,36.94,127.6906
2025-05-03,개,믹스견,암컷,충청북도 음성군,금왕동물병원,36.94,127.6906
2025-05-03,개,믹스견,암컷,강원특별자치도 춘천시,춘천시 동물보호센터,37.8810569,127.7297641
2025-05-03,개,푸들,수컷,경기도 여주시,위더스 동물보호센터,37.2982901,127.637033
2025-05-03,개,푸들,암컷,경기도 여주시,위더스 동물보호센터,37.2982901,127.637033
2025-05-03,개,저먼 포인터,수컷,경기도 이천시,위더스 동물보호센터,37.2808823,127.4429132
2025-05-03,개,풍산견,암컷,경기도 이천시,위더스 동물보호센터,37.2808823,127.4429132
2025-05-03,개,풍산견,수컷,경기도 이천시,위더스 동물보호센터,37.2808823,127.4429132
2025-05-03,개,믹스견,수컷,경기도 이천시,위더스 동물보호센터,37.2808823,127.4429132
2025-05-03,고양이,한국 고양이,암컷,경기도 구리시,구리반려동물문화센터,37.5935948,127.1297917
2025-05-03,고양이,한국 고양이,암컷,경기도 구리시,구리반려동물문화센터,37.5935948,127.1297917
2025-05-03,고양이,한국 고양이,암컷,경기도 구리시,구리반려동물문화센터,37.5935948,127.1297917
2025-05-03,고양이,한국 고양이,수컷,경기도 구리시,구리반려동물문화센터,37.5935948,127.1297917
2025-05-03,개,비숑 프리제,암컷,경기도 고양시,고양시동물보호센터,37.6581862,126.8319452
2025-05-03,개,포메라니안,수컷,경기도 안산시,한국야생동물보호협회,37.3217152,126.8308604
2025-05-03,고양이,한국 고양이,수컷,경기도 부천시,24시아이동물메디컬,37.5014422,126.7660139
2025-05-03,고양이,한국 고양이,암컷,대구광역시 수성구,제니스동물병원,35.8584,128.6305
2025-05-03,개,시바,수컷,대구광역시 수성구,멘토동물병원,35.8584,128.6305
2025-05-03,고양이,한국 고양이,암컷,대구광역시 중구,대구시수의사회(동산),35.8692588,128.6059471
2025-05-03,고양이,한국 고양이,수컷,대구광역시 중구,대구시수의사회(동산),35.8692588,128.6059471
2025-05-03,기타,토끼,미상,서울특별시 동대문구,동대문구청,37.5741982,127.0395092
2025-05-03,개,믹스견,암컷,서울특별시 동대문구,동대문구청,37.5741982,127.0395092
2025-05-03,고양이,한국 고양이,암컷,서울특별시 동대문구,동대문구청,37.5741982,127.0395092
2025-05-03,개,푸들,수컷,서울특별시 종로구,한국동물구조관리협회,37.5806949,126.9827989
2025-05-02,개,믹스견,암컷,울산광역시 울주군,울산유기동물보호센터,35.5222362,129.2423693
2025-05-02,개,스피츠,암컷,울산광역시 울주군,울산유기동물보호센터,35.5222362,129.2423693
2025-05-02,고양이,한국 고양이,암컷,전라남도 순천시,대한동물사랑협회,34.9505457,127.4872992
2025-05-02,개,믹스견,수컷,인천광역시 중구,신공항동물병원,37.4735389,126.6214081
2025-05-02,개,말티즈,수컷,서울특별시 은평구,한국동물구조관리협회,37.6024,126.9293
2025-05-02,개,믹스견,수컷,제주특별자치도 제주특별자치도,제주 동물보호센터,33.4887737,126.4987083
2025-05-02,개,믹스견,암컷,제주특별자치도 제주특별자치도,제주 동물보호센터,33.4887737,126.4987083
2025-05-02,개,믹스견,암컷,제주특별자치도 제주특별자치도,제주 동물보호센터,33.4887737,126.4987083
2025-05-02,개,믹스견,암컷,제주특별자치도 제주특별자치도,제주 동물보호센터,33.4887737,126.4987083
2025-05-02,개,믹스견,암컷,제주특별자치도 제주특별자치도,제주 동물보호센터,33.4887737,126.4987083
2025-05-02,개,믹스견,암컷,제주특별자치도 제주특별자치도,제주 동물보호센터,33.4887737,126.4987083
2025-05-02,개,믹스견,수컷,제주특별자치도 제주특별자치도,제주 동물보호센터,33.4887737,126.4987083
2025-05-02,개,믹스견,수컷,제주특별자치도 제주특별자치도,제주 동물보호센터,33.4887737,126.4987083
2025-05-02,개,믹스견,수컷,제주특별자치도 제주특별자치도,제주 동물보호센터,33.4887737,126.4987083
2025-05-02,개,믹스견,암컷,제주특별자치도 제주특별자치도,제주 동물보호센터,33.4887737,126.4987083
2025-05-02,개,믹스견,수컷,제주특별자치도 제주특별자치도,제주 동물보호센터,33.4887737,126.4987083
2025-05-02,개,믹스견,암컷,제주특별자치도 제주특별자치도,제주 동물보호센터,33.4887737,126.4987083
2025-05-02,개,믹스견,수컷,제주특별자치도 제주특별자치도,제주 동물보호센터,33.4887737,126.4987083
2025-05-02,개,믹스견,암컷,전라남도 나주시,나주유기동물보호센터,35.0158859,126.7108313
2025-05-02,개,믹스견,암컷,전라남도 나주시,나주유기동물보호센터,35.0158859,126.7108313
2025-05-02,개,믹스견,수컷,전라남도 나주시,나주유기동물보호센터,35.0158859,126.7108313
2025-05-02,개,믹스견,수컷,전라남도 나주시,나주유기동물보호센터,35.0158859,126.7108313
2025-05-02,고양이,한국 고양이,암컷,경기도 포천시,한국동물구조관리협회,37.8948267,127.2007295
2025-05-02,개,도사 믹스견,수컷,경기도 포천시,한국동물구조관리협회,37.8948267,127.2007295
2025-05-02,고양이,한국 고양이,수컷,경기도 포천시,한국동물구조관리협회,37.8948267,127.2007295
2025-05-02,개,믹스견,수컷,경기도 포천시,한국동물구조관리협회,37.8948267,127.2007295
2025-05-02,개,믹스견,수컷,경기도 포천시,한국동물구조관리협회,37.8948267,127.2007295
2025-05-02,고양이,한국 고양이,수컷,경기도 김포시,한국동물구조관리협회,37.6155683,126.7157798
2025-05-02,개,믹스견,수컷,경기도 김포시,한국동물구조관리협회,37.6155683,126.7157798
2025-05-02,개,믹스견,암컷,경기도 김포시,한국동물구조관리협회,37.6155683,126.7157798
2025-05-02,개,믹스견,암컷,경기도 김포시,한국동물구조관리협회,37.6155683,126.7157798
2025-05-02,개,믹스견,암컷,경기도 김포시,한국동물구조관리협회,37.6155683,126.7157798
2025-05-02,개,믹스견,수컷,경기도 파주시,한국동물구조관리협회,37.7598955,126.7801502
2025-05-02,고양이,믹스묘,암컷,경기도 남양주시,남양주시동물보호센터,37.6359398,127.2165051
2025-05-02,개,믹스견,수컷,울산광역시 울주군,울산유기동물보호센터,35.5222362,129.2423693
2025-05-02,개,믹스견,수컷,울산광역시 울주군,울산유기동물보호센터,35.5222362,129.2423693
2025-05-02,개,달마시안,수컷,울산광역시 울주군,울산유기동물보호센터,35.5222362,129.2423693
2025-05-02,고양이,한국 고양이,암컷,울산광역시 동구,울산유기동물보호센터,35.5046663,129.4170114
2025-05-02,고양이,한국 고양이,미상,울산광역시 동구,울산유기동물보호센터,35.5046663,129.4170114
2025-05-02,고양이,한국 고양이,미상,울산광역시 동구,울산유기동물보호센터,35.5046663,129.4170114
2025-05-02,고양이,한국 고양이,암컷,울산광역시 동구,울산유기동물보호센터,35.5046663,129.4170114
2025-05-02,고양이,한국 고양이,수컷,울산광역시 동구,울산유기동물보호센터,35.5046663,129.4170114
2025-05-02,고양이,한국 고양이,암컷,서울특별시 송파구,한국동물구조관리협회,37.5145,127.1058
2025-05-02,개,푸들,암컷,서울특별시 영등포구,한국동물구조관리협회,37.5262,126.8959
2025-05-02,고양이,아메리칸 쇼트헤어,암컷,서울특별시 영등포구,한국동물구조관리협회,37.5262,126.8959
2025-05-02,고양이,한국 고양이,수컷,서울특별시 강서구,한국동물구조관리협회,37.5509,126.8497
2025-05-02,개,믹스견,수컷,서울특별시 서대문구,한국동물구조관리협회,37.5790747,126.9367861
2025-05-02,고양이,한국 고양이,미상,제주특별자치도 제주특별자치도,제주 동물보호센터,33.4887737,126.4987083
2025-05-02,고양이,한국 고양이,미상,제주특별자치도 제주특별자치도,제주 동물보호센터,33.4887737,126.4987083
2025-05-02,개,믹스견,수컷,제주특별자치도 제주특별자치도,제주 동물보호센터,33.4887737,126.4987083
2025-05-02,개,믹스견,암컷,제주특별자치도 제주특별자치도,제주 동물보호센터,33.4887737,126.4987083
2025-05-02,개,믹스견,암컷,제주특별자치도 제주특별자치도,제주 동물보호센터,33.4887737,126.4987083
2025-05-02,개,믹스견,암컷,제주특별자치도 제주특별자치도,제주 동물보호센터,33.4887737,126.4987083
2025-05-02,개,믹스견,암컷,제주특별자치도 제주특별자치도,제주 동물보호센터,33.4887737,126.4987083
2025-05-02,개,믹스견,수컷,제주특별자치도 제주특별자치도,제주 동물보호센터,33.4887737,126.4987083
2025-05-02,개,믹스견,수컷,제주특별자치도 제주특별자치도,제주 동물보호센터,33.4887737,126.4987083
2025-05-02,개,믹스견,수컷,제주특별자치도 제주특별자치도,제주 동물보호센터,33.4887737,126.4987083
2025-05-02,개,믹스견,수컷,제주특별자치도 제주특별자치도,제주 동물보호센터,33.4887737,126.4987083
2025-05-02,개,믹스견,암컷,제주특별자치도 제주특별자치도,제주 동물보호센터,33.4887737,126.4987083
2025-05-02,개,믹스견,수컷,제주특별자치도 제주특별자치도,제주 동물보호센터,33.4887737,126.4987083
2025-05-02,개,믹스견,암컷,제주특별자치도 제주특별자치도,제주 동물보호센터,33.4887737,126.4987083
2025-05-02,개,믹스견,수컷,제주특별자치도 제주특별자치도,제주 동물보호센터,33.4887737,126.4987083
2025-05-02,개,믹스견,암컷,제주특별자치도 제주특별자치도,제주 동물보호센터,33.4887737,126.4987083
2025-05-02,개,믹스견,수컷,제주특별자치도 제주특별자치도,제주 동물보호센터,33.4887737,126.4987083
2025-05-02,개,믹스견,수컷,제주특별자치도 제주특별자치도,제주 동물보호센터,33.4887737,126.4987083
2025-05-02,개,믹스견,수컷,제주특별자치도 제주특별자치도,제주 동물보호센터,33.4887737,126.4987083
2025-05-02,개,믹스견,암컷,제주특별자치도 제주특별자치도,제주 동물보호센터,33.4887737,126.4987083
2025-05-02,개,믹스견,수컷,세종특별자치시 세종특별자치시,세종유기동물보호센터,36.4799999,127.289
2025-05-02,개,믹스견,수컷,세종특별자치시 세종특별자치시,세종유기동물보호센터,36.4799999,127.289
2025-05-02,개,믹스견,암컷,경상남도 남해군,남해군동물보호센터,34.8374437,127.8925589
2025-05-02,개,믹스견,암컷,경상남도 남해군,남해군동물보호센터,34.8374437,127.8925589
2025-05-02,개,믹스견,수컷,경상남도 남해군,남해군동물보호센터,34.8374437,127.8925589
2025-05-02,개,믹스견,수컷,경상남도 남해군,남해군동물보호센터,34.8374437,127.8925589
2025-05-02,개,믹스견,암컷,경상남도 남해군,남해군동물보호센터,34.8374437,127.8925589
2025-05-02,개,믹스견,암컷,경상남도 남해군,남해군동물보호센터,34.8374437,127.8925589
2025-05-02,개,믹스견,수컷,경상남도 남해군,남해군동물보호센터,34.8374437,127.8925589
2025-05-02,개,말티즈,암컷,경상남도 창원시,진해유기동물보호소,35.227956,128.6818586
2025-05-02,개,믹스견,암컷,경상남도 창원시,진해유기동물보호소,35.227956,128.6818586
2025-05-02,개,믹스견,수컷,경상남도 진주시,진주시동물보호센터,35.1803459,128.1079953
2025-05-02,개,믹스견,암컷,경상남도 진주시,진주시동물보호센터,35.1803459,128.1079953
2025-05-02,개,믹스견,수컷,경상남도 진주시,진주시동물보호센터,35.1803459,128.1079953
2025-05-02,개,믹스견,암컷,경상남도 진주시,진주시동물보호센터,35.1803459,128.1079953
2025-05-02,개,믹스견,수컷,경상남도 진주시,진주시동물보호센터,35.1803459,128.1079953
2025-05-02,개,믹스견,수컷,경상남도 진주시,진주시동물보호센터,35.1803459,128.1079953
2025-05-02,개,믹스견,암컷,경상북도 영덕군,영덕유기동물보호센터,36.4149,129.3659
2025-05-02,개,믹스견,수컷,경상북도 영덕군,영덕유기동물보호센터,36.4149,129.3659
2025-05-02,개,믹스견,암컷,경상북도 영덕군,영덕유기동물보호센터,36.4149,129.3659
2025-05-02,개,믹스견,암컷,경상북도 영덕군,영덕유기동물보호센터,36.4149,129.3659
2025-05-02,개,믹스견,암컷,경상북도 청송군,점곡동물보호센터,36.4358,129.0571
2025-05-02,고양이,한국 고양이,미상,경상북도 경산시,경산시유기동물보호소,35.825122,128.741329
2025-05-02,고양이,한국 고양이,암컷,경상북도 경산시,경산시유기동물보호소,35.825122,128.741329
2025-05-02,고양이,한국 고양이,수컷,경상북도 경산시,경산시유기동물보호소,35.825122,128.741329
2025-05-02,고양이,한국 고양이,수컷,경상북도 경산시,경산시유기동물보호소,35.825122,128.741329
2025-05-02,고양이,한국 고양이,수컷,경상북도 경산시,경산시유기동물보호소,35.825122,128.741329
2025-05-02,고양이,한국 고양이,수컷,경상북도 경산시,경산시유기동물보호소,35.825122,128.741329
2025-05-02,고양이,한국 고양이,수컷,경상북도 경산시,경산시유기동물보호소,35.825122,128.741329
2025-05-02,개,믹스견,수컷,경상북도 문경시,종합축산,36.5858541,128.1870612
2025-05-02,개,라이카,수컷,경상북도 구미시,구미시 동물보호센터,36.1195513,128.3444692
2025-05-02,개,믹스견,암컷,경상북도 경주시,경주동물사랑보호센터,35.8556705,129.2248811
2025-05-02,개,믹스견,수컷,전라남도 무안군,무안군유기동물보호소,34.9905794,126.4812377
2025-05-02,개,믹스견,수컷,전라남도 보성군,보성유기동물보호센터,34.7711356,127.0798978
2025-05-02,개,믹스견,암컷,전라남도 여수시,유기동물보호소,34.7546257,127.659859
2025-05-02,개,믹스견,수컷,전북특별자치도 정읍시,정읍시 동물보호소,35.5697678,126.8559787
2025-05-02,개,믹스견,암컷,전북특별자치도 익산시,익산유기동물보호소,35.9479291,126.9578025
2025-05-02,개,믹스견,암컷,전북특별자치도 익산시,익산유기동물보호소,35.9479291,126.9578025
2025-05-02,개,믹스견,수컷,전북특별자치도 익산시,익산유기동물보호소,35.9479291,126.9578025
2025-05-02,개,믹스견,수컷,전북특별자치도 익산시,익산유기동물보호소,35.9479291,126.9578025
2025-05-02,고양이,한국 고양이,수컷,전북특별자치도 전주시,행복한동물병원,35.8237631,127.1472805
2025-05-02,고양이,한국 고양이,수컷,전북특별자치도 전주시,행복한동물병원,35.8237631,127.1472805
2025-05-02,개,믹스견,암컷,충청남도 계룡시,주동물병원,36.275523,127.2472702
2025-05-02,개,믹스견,수컷,충청남도 서산시,서산시 동물보호센터,36.784499,126.450317
2025-05-02,개,믹스견,수컷,충청남도 서산시,서산시 동물보호센터,36.784499,126.450317
2025-05-02,개,믹스견,암컷,충청남도 서산시,서산시 동물보호센터,36.784499,126.450317
2025-05-02,개,믹스견,암컷,충청남도 공주시,공주시 동물보호센터,36.47257,127.09124
2025-05-02,개,푸들,암컷,충청북도 옥천군,옥천동물병원,36.3061692,127.571482
2025-05-02,개,믹스견,암컷,충청북도 충주시,충주시동물보호센터,36.9907334,127.9259891
2025-05-02,고양이,믹스묘,수컷,강원특별자치도 정선군,정선가축병원,37.380456,128.6609485
2025-05-02,개,믹스견,수컷,강원특별자치도 정선군,정선가축병원,37.380456,128.6609485
2025-05-02,개,믹스견,수컷,강원특별자치도 정선군,정선가축병원,37.380456,128.6609485
2025-05-02,개,믹스견,수컷,강원특별자치도 정선군,정선가축병원,37.380456,128.6609485
2025-05-02,개,믹스견,암컷,강원특별자치도 정선군,정선가축병원,37.380456,128.6609485
2025-05-02,개,믹스견,암컷,강원특별자치도 춘천시,춘천시 동물보호센터,37.8810569,127.7297641
2025-05-02,개,믹스견,암컷,강원특별자치도 춘천시,춘천시 동물보호센터,37.8810569,127.7297641
2025-05-02,고양이,한국 고양이,암컷,경기도 광주시,광주TNR동물병원송정,37.4290844,127.255189
2025-05-02,개,불독,암컷,경기도 화성시,화성동물보호센터,37.1994653,126.8312632
2025-05-02,개,믹스견,암컷,경기도 화성시,화성동물보호센터,37.1994653,126.8312632
2025-05-02,개,믹스견,암컷,경기도 화성시,화성동물보호센터,37.1994653,126.8312632
2025-05-02,개,푸들,암컷,경기도 화성시,화성동물보호센터,37.1994653,126.8312632
2025-05-02,개,믹스견,수컷,경기도 가평군,가평군유기동물보호소,37.8314,127.5098
2025-05-02,개,믹스견,수컷,경기도 가평군,가평군유기동물보호소,37.8314,127.5098
2025-05-02,개,믹스견,수컷,경기도 가평군,가평군유기동물보호소,37.8314,127.5098
2025-05-02,개,믹스견,수컷,경기도 가평군,가평군유기동물보호소,37.8314,127.5098
2025-05-02,개,믹스견,암컷,경기도 가평군,가평군유기동물보호소,37.8314,127.5098
2025-05-02,개,믹스견,수컷,경기도 가평군,가평군유기동물보호소,37.8314,127.5098
2025-05-02,개,믹스견,암컷,경기도 가평군,가평군유기동물보호소,37.8314,127.5098
2025-05-02,개,믹스견,암컷,경기도 안성시,안성시 동물보호센터,37.007773,127.279971
2025-05-02,개,푸들,수컷,경기도 안성시,안성시 동물보호센터,37.007773,127.279971
2025-05-02,개,믹스견,암컷,경기도 용인시,용인시 동물보호센터,37.2405741,127.1785572
2025-05-02,고양이,한국 고양이,암컷,경기도 안산시,한국야생동물보호협회,37.3217152,126.8308604
2025-05-02,개,믹스견,암컷,경기도 안산시,한국야생동물보호협회,37.3217152,126.8308604
2025-05-02,개,믹스견,암컷,경기도 안산시,한국야생동물보호협회,37.3217152,126.8308604
2025-05-02,개,믹스견,암컷,경기도 안산시,한국야생동물보호협회,37.3217152,126.8308604
2025-05-02,개,믹스견,수컷,경기도 안산시,한국야생동물보호협회,37.3217152,126.8308604
2025-05-02,고양이,브리티시 쇼트헤어,수컷,경기도 평택시,평택시유기동물보호소,36.9924966,127.1127168
2025-05-02,고양이,믹스묘,수컷,경기도 평택시,평택시유기동물보호소,36.9924966,127.1127168
2025-05-02,개,믹스견,수컷,경기도 평택시,평택시유기동물보호소,36.9924966,127.1127168
2025-05-02,고양이,스코티시폴드,수컷,경기도 부천시,24시아이동물메디컬,37.5014422,126.7660139
2025-05-02,기타,토끼,미상,경기도 안양시,한국야생동물보호협회,37.3938528,126.9570605
2025-05-02,고양이,한국 고양이,암컷,경기도 안양시,한국야생동물보호협회,37.3938528,126.9570605
2025-05-02,개,믹스견,암컷,경기도 성남시,펫앤쉘터동물병원,37.4201556,127.1262092
2025-05-02,개,믹스견,수컷,경기도 수원시,수원시 동물보호센터,37.2633325,127.0287472
2025-05-02,개,믹스견,수컷,광주광역시 광산구,첨단우리동물병원,35.1396428,126.7938232
2025-05-02,개,믹스견,수컷,광주광역시 광산구,첨단우리동물병원,35.1396428,126.7938232
2025-05-02,고양이,믹스묘,수컷,광주광역시 광산구,첨단우리동물병원,35.1396428,126.7938232
2025-05-02,개,믹스견,수컷,광주광역시 서구,광주동물보호센터,35.1521401,126.8900561
2025-05-02,고양이,한국 고양이,암컷,인천광역시 서구,우리동물병원,37.545,126.676
2025-05-02,고양이,한국 고양이,암컷,인천광역시 부평구,늘푸른동물병원,37.5070221,126.7220068
2025-05-02,개,믹스견,미상,대구광역시 달성군,동인동물병원,35.7753,128.4312
2025-05-02,개,믹스견,미상,대구광역시 달성군,동인동물병원,35.7753,128.4312
2025-05-02,개,믹스견,미상,대구광역시 달성군,동인동물병원,35.7753,128.4312
2025-05-02,개,믹스견,미상,대구광역시 달성군,동인동물병원,35.7753,128.4312
2025-05-02,개,믹스견,미상,대구광역시 달성군,동인동물병원,35.7753,128.4312
2025-05-02,개,믹스견,미상,대구광역시 달성군,동인동물병원,35.7753,128.4312
2025-05-02,개,믹스견,미상,대구광역시 달성군,동인동물병원,35.7753,128.4312
2025-05-02,개,믹스견,미상,대구광역시 달성군,동인동물병원,35.7753,128.4312
2025-05-02,개,믹스견,암컷,대구광역시 달성군,동인동물병원,35.7753,128.4312
2025-05-02,개,진도견,암컷,대구광역시 수성구,금강동물병원,35.8584,128.6305
2025-05-02,고양이,한국 고양이,수컷,부산광역시 사상구,(사)하얀비둘기,35.1521,128.9911
2025-05-02,고양이,한국 고양이,암컷,부산광역시 사상구,(사)하얀비둘기,35.1521,128.9911
2025-05-02,고양이,한국 고양이,암컷,부산광역시 사상구,(사)하얀비둘기,35.1521,128.9911
2025-05-02,개,비숑 프리제,수컷,서울특별시 서초구,서초동물사랑센터,37.4835,127.0322
2025-05-02,고양이,한국 고양이,수컷,서울특별시 동대문구,동대문구청,37.5741982,127.0395092
2025-05-02,고양이,한국 고양이,미상,서울특별시 동대문구,동대문구청,37.5741982,127.0395092
2025-05-02,고양이,한국 고양이,암컷,서울특별시 동대문구,동대문구청,37.5741982,127.0395092
2025-05-02,개,푸들,암컷,인천광역시 부평구,늘푸른동물병원,37.5070221,126.7220068
2025-05-02,개,프렌치 불독,수컷,경상북도 구미시,구미시 동물보호센터,36.1195513,128.3444692
2025-05-02,개,프렌치 불독,수컷,경상북도 구미시,구미시 동물보호센터,36.1195513,128.3444692
2025-05-02,개,프렌치 불독,암컷,경상북도 구미시,구미시 동물보호센터,36.1195513,128.3444692
2025-05-02,개,프렌치 불독,수컷,경상북도 구미시,구미시 동물보호센터,36.1195513,128.3444692
2025-05-02,개,프렌치 불독,암컷,경상북도 구미시,구미시 동물보호센터,36.1195513,128.3444692
2025-05-02,개,프렌치 불독,암컷,경상북도 구미시,구미시 동물보호센터,36.1195513,128.3444692
2025-05-02,개,프렌치 불독,암컷,경상북도 구미시,구미시 동물보호센터,36.1195513,128.3444692
2025-05-02,개,프렌치 불독,암컷,경상북도 구미시,구미시 동물보호센터,36.1195513,128.3444692
2025-05-02,개,프렌치 불독,암컷,경상북도 구미시,구미시 동물보호센터,36.1195513,128.3444692
2025-05-02,개,프렌치 불독,수컷,경상북도 구미시,구미시 동물보호센터,36.1195513,128.3444692
2025-05-02,개,프렌치 불독,암컷,경상북도 구미시,구미시 동물보호센터,36.1195513,128.3444692
2025-05-02,개,프렌치 불독,암컷,경상북도 구미시,구미시 동물보호센터,36.1195513,128.3444692
2025-05-02,개,프렌치 불독,수컷,경상북도 구미시,구미시 동물보호센터,36.1195513,128.3444692
2025-05-01,고양이,페르시안,암컷,강원특별자치도 원주시,원주시동물보호센터,37.3420996,127.9197603
2025-05-01,고양이,믹스묘,수컷,경기도 남양주시,남양주시동물보호센터,37.6359398,127.2165051
2025-05-01,개,믹스견,수컷,경상남도 남해군,남해군동물보호센터,34.8374437,127.8925589
2025-05-01,개,믹스견,수컷,경상남도 남해군,남해군동물보호센터,34.8374437,127.8925589
2025-05-01,개,믹스견,수컷,경상남도 남해군,남해군동물보호센터,34.8374437,127.8925589
2025-05-01,개,믹스견,수컷,경상남도 양산시,양산시 동물보호센터,35.3349979,129.0370582
2025-05-01,개,믹스견,수컷,경상남도 양산시,양산시 동물보호센터,35.3349979,129.0370582
2025-05-01,개,화이트리트리버,암컷,경상남도 김해시,(사)동물보호관리협회,35.2310947,128.8908228
2025-05-01,개,믹스견,수컷,경상북도 울진군,울진군동물보호센터,36.993,129.4006
2025-05-01,개,믹스견,암컷,경상북도 울진군,울진군동물보호센터,36.993,129.4006
2025-05-01,개,믹스견,암컷,전라남도 완도군,유기동물임시보호센터,34.3110373,126.7553933
2025-05-01,개,믹스견,암컷,전라남도 완도군,유기동물임시보호센터,34.3110373,126.7553933
2025-05-01,개,믹스견,수컷,전북특별자치도 익산시,익산유기동물보호소,35.9479291,126.9578025
2025-05-01,개,믹스견,수컷,전북특별자치도 익산시,익산유기동물보호소,35.9479291,126.9578025
2025-05-01,개,믹스견,암컷,전북특별자치도 익산시,익산유기동물보호소,35.9479291,126.9578025
2025-05-01,개,믹스견,수컷,전북특별자치도 익산시,익산유기동물보호소,35.9479291,126.9578025
2025-05-01,개,믹스견,수컷,충청남도 부여군,남부여동물보호소,36.2753678,126.910107
2025-05-01,개,믹스견,수컷,경기도 김포시,한국동물구조관리협회,37.6155683,126.7157798
2025-05-01,개,믹스견,암컷,경기도 김포시,한국동물구조관리협회,37.6155683,126.7157798
2025-05-01,개,믹스견,수컷,경기도 김포시,한국동물구조관리협회,37.6155683,126.7157798
2025-05-01,개,믹스견,수컷,경기도 김포시,한국동물구조관리협회,37.6155683,126.7157798
2025-05-01,고양이,한국 고양이,암컷,경기도 파주시,한국동물구조관리협회,37.7598955,126.7801502
2025-05-01,고양이,한국 고양이,암컷,경기도 파주시,한국동물구조관리협회,37.7598955,126.7801502
2025-05-01,개,믹스견,암컷,경기도 파주시,한국동물구조관리협회,37.7598955,126.7801502
2025-05-01,개,믹스견,암컷,경기도 의왕시,한국야생동물보호협회,37.3449082,126.9689861
2025-05-01,개,믹스견,암컷,경기도 의왕시,한국야생동물보호협회,37.3449082,126.9689861
2025-05-01,개,믹스견,수컷,경기도 의왕시,한국야생동물보호협회,37.3449082,126.9689861
2025-05-01,개,믹스견,수컷,경기도 의왕시,한국야생동물보호협회,37.3449082,126.9689861
2025-05-01,고양이,한국 고양이,미상,울산광역시 울주군,울산유기동물보호센터,35.5222362,129.2423693
2025-05-01,개,믹스견,암컷,울산광역시 울주군,울산유기동물보호센터,35.5222362,129.2423693
2025-05-01,개,믹스견,미상,대전광역시 대덕구,대전동물보호센터,36.3465766,127.4158483
2025-05-01,고양이,한국 고양이,미상,대전광역시 대덕구,대전동물보호센터,36.3465766,127.4158483
2025-05-01,개,말티즈,암컷,광주광역시 광산구,광주동물보호센터,35.1396428,126.7938232
2025-05-01,고양이,한국 고양이,수컷,인천광역시 부평구,조재진동물병원,37.5070221,126.7220068
2025-05-01,고양이,믹스묘,암컷,부산광역시 수영구,(사)동부동물보호협회,35.1454,129.1127
2025-05-01,고양이,믹스묘,수컷,부산광역시 금정구,동부동물보호협회,35.2429,129.0926
2025-05-01,개,믹스견,수컷,부산광역시 금정구,동부동물보호협회,35.2429,129.0926
2025-05-01,고양이,한국 고양이,미상,부산광역시 북구,부산동물보호센터,35.1969,128.9901999
2025-05-01,개,믹스견,수컷,부산광역시 중구,부산동물보호센터,35.106501,129.0325814
2025-05-01,개,포메라니안,수컷,부산광역시 중구,부산동물보호센터,35.106501,129.0325814
2025-05-01,개,시베리안 허스키,수컷,서울특별시 송파구,한국동물구조관리협회,37.5145,127.1058
2025-05-01,개,말티즈,암컷,서울특별시 동대문구,한국동물구조관리협회,37.5741982,127.0395092
2025-05-01,개,믹스견,암컷,경상남도 창원시,창원유기동물보호소,35.227956,128.6818586
2025-05-01,개,믹스견,암컷,경상남도 창원시,창원유기동물보호소,35.227956,128.6818586
2025-05-01,고양이,한국 고양이,미상,경상남도 거창군,나래동물병원,35.6872871,127.9138505
2025-05-01,고양이,한국 고양이,미상,경상남도 거창군,나래동물병원,35.6872871,127.9138505
2025-05-01,개,믹스견,수컷,경상남도 거창군,나래동물병원,35.6872871,127.9138505
2025-05-01,개,믹스견,암컷,경상남도 거창군,나래동물병원,35.6872871,127.9138505
2025-05-01,개,믹스견,암컷,경상북도 청도군,청도군동물보호센터,35.6473012,128.7348468
2025-05-01,개,믹스견,암컷,경상북도 청도군,청도군동물보호센터,35.6473012,128.7348468
2025-05-01,개,믹스견,수컷,경상북도 청도군,청도군동물보호센터,35.6473012,128.7348468
2025-05-01,개,믹스견,수컷,경상북도 청도군,청도군동물보호센터,35.6473012,128.7348468
2025-05-01,개,믹스견,암컷,경상북도 청도군,청도군동물보호센터,35.6473012,128.7348468
2025-05-01,개,믹스견,암컷,경상북도 청송군,점곡동물보호센터,36.4358,129.0571
2025-05-01,개,믹스견,암컷,경상북도 경산시,경산시유기동물보호소,35.825122,128.741329
2025-05-01,개,믹스견,암컷,경상북도 경산시,경산시유기동물보호소,35.825122,128.741329
2025-05-01,개,믹스견,수컷,경상북도 경산시,경산시유기동물보호소,35.825122,128.741329
2025-05-01,개,믹스견,수컷,경상북도 경산시,경산시유기동물보호소,35.825122,128.741329
2025-05-01,개,믹스견,암컷,경상북도 경산시,경산시유기동물보호소,35.825122,128.741329
2025-05-01,개,말티즈,수컷,경상북도 구미시,반려동물 입양센터,36.1195513,128.3444692
2025-05-01,개,믹스견,수컷,전라남도 함평군,학교임시동물보호센터,35.0656537,126.5166414
2025-05-01,고양이,한국 고양이,수컷,전라남도 나주시,나주유기동물보호센터,35.0158859,126.7108313
2025-05-01,고양이,한국 고양이,수컷,전라남도 나주시,나주유기동물보호센터,35.0158859,126.7108313
2025-05-01,고양이,한국 고양이,암컷,전라남도 나주시,나주유기동물보호센터,35.0158859,126.7108313
2025-05-01,개,믹스견,암컷,전라남도 나주시,나주유기동물보호센터,35.0158859,126.7108313
2025-05-01,개,믹스견,암컷,전북특별자치도 고창군,더나은동물병원,35.4355,126.7021
2025-05-01,개,믹스견,수컷,전북특별자치도 고창군,더나은동물병원,35.4355,126.7021
2025-05-01,개,믹스견,암컷,전북특별자치도 고창군,더나은동물병원,35.4355,126.7021
2025-05-01,개,진도견,암컷,전북특별자치도 익산시,익산유기동물보호소,35.9479291,126.9578025
2025-05-01,고양이,한국 고양이,암컷,전북특별자치도 익산시,익산유기동물보호소,35.9479291,126.9578025
2025-05-01,고양이,한국 고양이,수컷,전북특별자치도 익산시,익산유기동물보호소,35.9479291,126.9578025
2025-05-01,개,믹스견,수컷,전북특별자치도 익산시,익산유기동물보호소,35.9479291,126.9578025
2025-05-01,개,믹스견,수컷,전북특별자치도 익산시,익산유기동물보호소,35.9479291,126.9578025
2025-05-01,개,믹스견,수컷,전북특별자치도 익산시,익산유기동물보호소,35.9479291,126.9578025
2025-05-01,개,프렌치 불독,수컷,전북특별자치도 전주시,프렌즈동물병원,35.8237631,127.1472805
2025-05-01,개,말티푸,수컷,충청남도 예산군,예산임시동물보호센터,36.6808989,126.8448742
2025-05-01,개,말티푸,수컷,충청남도 예산군,예산임시동물보호센터,36.6808989,126.8448742
2025-05-01,개,믹스견,수컷,충청남도 서천군,서천군유기동물보호소,36.0800688,126.6916052
2025-05-01,개,믹스견,암컷,충청남도 서천군,서천군유기동물보호소,36.0800688,126.6916052
2025-05-01,개,믹스견,수컷,충청남도 서천군,서천군유기동물보호소,36.0800688,126.6916052
2025-05-01,개,믹스견,수컷,충청남도 서천군,서천군유기동물보호소,36.0800688,126.6916052
2025-05-01,개,믹스견,암컷,충청남도 서천군,서천군유기동물보호소,36.0800688,126.6916052
2025-05-01,고양이,한국 고양이,수컷,충청남도 서산시,서산시 동물보호센터,36.784499,126.450317
2025-05-01,개,믹스견,수컷,충청남도 서산시,서산시 동물보호센터,36.784499,126.450317
2025-05-01,개,믹스견,수컷,충청남도 천안시,천안시 동물보호센터,36.8150283,127.1140654
2025-05-01,개,믹스견,수컷,충청북도 청주시,반려동물보호센터,36.6421169,127.4891742
2025-05-01,고양이,믹스묘,암컷,충청북도 음성군,금왕동물병원,36.94,127.6906
2025-05-01,고양이,믹스묘,암컷,충청북도 음성군,금왕동물병원,36.94,127.6906
2025-05-01,고양이,믹스묘,암컷,충청북도 음성군,금왕동물병원,36.94,127.6906
2025-05-01,고양이,믹스묘,수컷,충청북도 음성군,금왕동물병원,36.94,127.6906
2025-05-01,고양이,믹스묘,수컷,충청북도 음성군,금왕동물병원,36.94,127.6906
2025-05-01,개,믹스견,수컷,경기도 광주시,광주TNR동물병원초월,37.4290844,127.255189
2025-05-01,고양이,한국 고양이,수컷,경기도 광주시,광주TNR동물병원송정,37.4290844,127.255189
2025-05-01,고양이,한국 고양이,암컷,경기도 광주시,광주TNR동물병원송정,37.4290844,127.255189
2025-05-01,고양이,한국 고양이,암컷,경기도 광주시,광주TNR동물병원송정,37.4290844,127.255189
2025-05-01,고양이,러시안 블루,암컷,경기도 이천시,위더스 동물보호센터,37.2808823,127.4429132
2025-05-01,고양이,아메리칸 쇼트헤어,암컷,경기도 용인시,용인시 동물보호센터,37.2405741,127.1785572
2025-05-01,개,믹스견,수컷,경기도 용인시,용인시 동물보호센터,37.2405741,127.1785572
2025-05-01,개,믹스견,암컷,경기도 용인시,용인시 동물보호센터,37.2405741,127.1785572
2025-05-01,고양이,페르시안,수컷,경기도 시흥시,시흥동물누리보호센터,37.3798891,126.8032255
2025-05-01,개,믹스견,암컷,경기도 안산시,한국야생동물보호협회,37.3217152,126.8308604
2025-05-01,기타,도마뱀,미상,경기도 성남시,펫앤쉘터동물병원,37.4201556,127.1262092
2025-05-01,개,믹스견,암컷,광주광역시 광산구,광주동물보호센터,35.1396428,126.7938232
2025-05-01,개,믹스견,수컷,인천광역시 강화군,디디동물병원,37.746,126.488
2025-05-01,개,믹스견,암컷,인천광역시 서구,가정동물병원,37.545,126.676
2025-05-01,개,믹스견,수컷,인천광역시 서구,가정동물병원,37.545,126.676
2025-05-01,개,믹스견,암컷,인천광역시 부평구,조재진동물병원,37.5070221,126.7220068
2025-05-01,개,포인터,수컷,대구광역시 군위군,군위종합동물병원,36.2425017,128.5732027
2025-05-01,고양이,믹스묘,미상,대구광역시 군위군,군위종합동물병원,36.2425017,128.5732027
2025-05-01,고양이,믹스묘,미상,대구광역시 군위군,군위종합동물병원,36.2425017,128.5732027
2025-05-01,고양이,믹스묘,미상,대구광역시 군위군,군위종합동물병원,36.2425017,128.5732027
2025-05-01,고양이,믹스묘,미상,대구광역시 군위군,군위종합동물병원,36.2425017,128.5732027
2025-05-01,고양이,믹스묘,미상,대구광역시 군위군,군위종합동물병원,36.2425017,128.5732027
2025-05-01,고양이,믹스묘,미상,대구광역시 군위군,군위종합동물병원,36.2425017,128.5732027
2025-05-01,고양이,믹스묘,미상,대구광역시 군위군,군위종합동물병원,36.2425017,128.5732027
2025-05-01,고양이,믹스묘,미상,대구광역시 군위군,군위종합동물병원,36.2425017,128.5732027
2025-05-01,고양이,믹스묘,미상,대구광역시 군위군,군위종합동물병원,36.2425017,128.5732027
2025-05-01,고양이,믹스묘,미상,대구광역시 군위군,군위종합동물병원,36.2425017,128.5732027
2025-05-01,고양이,믹스묘,미상,대구광역시 군위군,군위종합동물병원,36.2425017,128.5732027
2025-05-01,고양이,한국 고양이,미상,대구광역시 달성군,화원연합동물병원,35.7753,128.4312
2025-05-01,고양이,한국 고양이,미상,대구광역시 달성군,화원연합동물병원,35.7753,128.4312
2025-05-01,고양이,한국 고양이,미상,대구광역시 달성군,화원연합동물병원,35.7753,128.4312
2025-05-01,기타,동헤르만 육지거북,미상,대구광역시 달성군,대구수의사회(달성군),35.7753,128.4312
2025-05-01,고양이,한국 고양이,수컷,대구광역시 수성구,제니스동물병원,35.8584,128.6305
2025-05-01,고양이,한국 고양이,암컷,대구광역시 수성구,제니스동물병원,35.8584,128.6305
2025-05-01,고양이,한국 고양이,미상,대구광역시 수성구,멘토동물병원,35.8584,128.6305
2025-05-01,고양이,한국 고양이,암컷,부산광역시 강서구,(사)하얀비둘기,35.212,128.9805
2025-04-30,개,믹스견,수컷,강원특별자치도 횡성군,횡성유기동물보호센터,37.4916,127.985
2025-04-30,개,믹스견,암컷,경상남도 양산시,양산시 동물보호센터,35.3349979,129.0370582
2025-04-30,개,믹스견,수컷,경상남도 김해시,(사)동물보호관리협회,35.2310947,128.8908228
2025-04-30,개,믹스견,수컷,경상북도 영천시,영천유기동물보호센터,35.98842,128.942
2025-04-30,개,믹스견,암컷,경기도 포천시,한국동물구조관리협회,37.8948267,127.2007295
2025-04-30,개,믹스견,수컷,경기도 포천시,한국동물구조관리협회,37.8948267,127.2007295
2025-04-30,개,믹스견,암컷,경기도 포천시,한국동물구조관리협회,37.8948267,127.2007295
2025-04-30,개,믹스견,암컷,경기도 연천군,한국동물구조관리협회,38.0964,127.0746
2025-04-30,개,믹스견,수컷,경기도 연천군,한국동물구조관리협회,38.0964,127.0746
2025-04-30,개,믹스견,암컷,경기도 연천군,한국동물구조관리협회,38.0964,127.0746
2025-04-30,개,믹스견,암컷,경기도 연천군,한국동물구조관리협회,38.0964,127.0746
2025-04-30,개,믹스견,암컷,경기도 김포시,한국동물구조관리협회,37.6155683,126.7157798
2025-04-30,개,믹스견,수컷,경기도 김포시,한국동물구조관리협회,37.6155683,126.7157798
2025-04-30,개,믹스견,수컷,경기도 김포시,한국동물구조관리협회,37.6155683,126.7157798
2025-04-30,개,믹스견,수컷,경기도 김포시,한국동물구조관리협회,37.6155683,126.7157798
2025-04-30,개,믹스견,수컷,경기도 김포시,한국동물구조관리협회,37.6155683,126.7157798
2025-04-30,개,믹스견,수컷,경기도 김포시,한국동물구조관리협회,37.6155683,126.7157798
2025-04-30,고양이,한국 고양이,암컷,경기도 파주시,한국동물구조관리협회,37.7598955,126.7801502
2025-04-30,개,푸들,수컷,경기도 의정부시,한국동물구조관리협회,37.7380747,127.0339665
2025-04-30,개,푸들,수컷,경기도 의정부시,한국동물구조관리협회,37.7380747,127.0339665
2025-04-30,고양이,페르시안,수컷,부산광역시 기장군,사단법인 동부,35.2447818,129.2215462
2025-04-30,고양이,믹스묘,암컷,부산광역시 금정구,동부동물보호협회,35.2429,129.0926
2025-04-30,개,포메라니안,암컷,부산광역시 영도구,부산동물보호센터,35.0908,129.0678
2025-04-30,고양이,한국 고양이,암컷,서울특별시 동작구,디아크동물종합병원,37.5120999,126.9395
2025-04-30,고양이,스코티시폴드,수컷,서울특별시 노원구,한국동물구조관리협회,37.654,127.0567
2025-04-30,개,진도견,암컷,서울특별시 광진구,한국동물구조관리협회,37.5384,127.0828
2025-04-30,개,푸들,수컷,서울특별시 성동구,한국동물구조관리협회,37.5635,127.0365
2025-04-30,개,믹스견,수컷,제주특별자치도 제주특별자치도,제주 동물보호센터,33.4887737,126.4987083
2025-04-30,개,믹스견,수컷,제주특별자치도 제주특별자치도,제주 동물보호센터,33.4887737,126.4987083
2025-04-30,개,믹스견,암컷,제주특별자치도 제주특별자치도,제주 동물보호센터,33.4887737,126.4987083
2025-04-30,개,믹스견,수컷,제주특별자치도 제주특별자치도,제주 동물보호센터,33.4887737,126.4987083
2025-04-30,개,믹스견,암컷,제주특별자치도 제주특별자치도,제주 동물보호센터,33.4887737,126.4987083
2025-04-30,개,믹스견,암컷,제주특별자치도 제주특별자치도,제주 동물보호센터,33.4887737,126.4987083
2025-04-30,개,믹스견,암컷,제주특별자치도 제주특별자치도,제주 동물보호센터,33.4887737,126.4987083
2025-04-30,개,믹스견,암컷,제주특별자치도 제주특별자치도,제주 동물보호센터,33.4887737,126.4987083
2025-04-30,개,믹스견,암컷,충청남도 논산시,논산시 동물보호센터,36.1868154,127.0987538
2025-04-30,기타,토끼,미상,경기도 고양시,고양시동물보호센터,37.6581862,126.8319452
2025-04-30,개,믹스견,암컷,경기도 고양시,고양시동물보호센터,37.6581862,126.8319452
2025-04-30,개,믹스견,암컷,경기도 고양시,고양시동물보호센터,37.6581862,126.8319452
2025-04-30,개,믹스견,수컷,경기도 고양시,고양시동물보호센터,37.6581862,126.8319452
2025-04-30,개,믹스견,수컷,경기도 고양시,고양시동물보호센터,37.6581862,126.8319452
2025-04-30,개,믹스견,수컷,경기도 고양시,고양시동물보호센터,37.6581862,126.8319452
2025-04-30,개,믹스견,수컷,경기도 고양시,고양시동물보호센터,37.6581862,126.8319452
2025-04-30,개,믹스견,수컷,경기도 고양시,고양시동물보호센터,37.6581862,126.8319452
2025-04-30,개,믹스견,암컷,경기도 고양시,고양시동물보호센터,37.6581862,126.8319452
2025-04-30,고양이,한국 고양이,미상,경기도 수원시,수원시 동물보호센터,37.2633325,127.0287472
2025-04-30,개,믹스견,암컷,울산광역시 울주군,울산유기동물보호센터,35.5222362,129.2423693
2025-04-30,고양이,한국 고양이,미상,대전광역시 유성구,대전동물보호센터,36.3620732,127.3564099
2025-04-30,개,요크셔 테리어,수컷,대전광역시 서구,대전동물보호센터,36.3551786,127.3838487
2025-04-30,개,푸들,암컷,인천광역시 서구,가정동물병원,37.545,126.676
2025-04-30,개,비숑 프리제,수컷,인천광역시 연수구,경동동물병원,37.4098,126.6787
2025-04-30,개,말티즈,암컷,인천광역시 미추홀구,인천광역시수의사회,37.4636,126.6502
2025-04-30,고양이,한국 고양이,암컷,대구광역시 달성군,화원연합동물병원,35.7753,128.4312
2025-04-30,개,믹스견,수컷,부산광역시 사하구,(사)하얀비둘기,35.1041,128.9751
2025-04-30,고양이,한국 고양이,수컷,부산광역시 사하구,(사)하얀비둘기,35.1041,128.9751
2025-04-30,고양이,러시안 블루,수컷,부산광역시 해운대구,동부유기동물보호협회,35.1629,129.1638
2025-04-30,개,진도견,암컷,서울특별시 용산구,남산동물병원,37.5323,126.99
2025-04-30,개,믹스견,암컷,경상남도 창녕군,창녕 유기동물보호소,35.5443876,128.4921938
2025-04-30,개,믹스견,수컷,경상남도 창녕군,창녕 유기동물보호소,35.5443876,128.4921938
2025-04-30,개,믹스견,수컷,경상남도 밀양시,밀양시 동물보호센터,35.503839,128.7466992
2025-04-30,개,믹스견,수컷,경상남도 밀양시,밀양시 동물보호센터,35.503839,128.7466992
2025-04-30,개,믹스견,수컷,경상남도 사천시,사천시 동물보호센터,35.003468,128.064562
2025-04-30,개,푸들,수컷,경상남도 창원시,진해유기동물보호소,35.227956,128.6818586
2025-04-30,개,믹스견,수컷,경상남도 진주시,진주시동물보호센터,35.1803459,128.1079953
2025-04-30,개,믹스견,수컷,경상남도 진주시,진주시동물보호센터,35.1803459,128.1079953
2025-04-30,개,믹스견,암컷,경상북도 성주군,성주유기동물보호센터,35.9190065,128.283486
2025-04-30,개,믹스견,암컷,경상북도 성주군,성주유기동물보호센터,35.9190065,128.283486
2025-04-30,개,믹스견,수컷,경상북도 성주군,성주유기동물보호센터,35.9190065,128.283486
2025-04-30,개,믹스견,수컷,경상북도 성주군,성주유기동물보호센터,35.9190065,128.283486
2025-04-30,개,믹스견,수컷,경상북도 김천시,김천시 동물보호센터,36.1398035,128.1139534
2025-04-30,개,믹스견,수컷,경상북도 김천시,김천시 동물보호센터,36.1398035,128.1139534
2025-04-30,개,믹스견,암컷,전라남도 신안군,신안군유기동물보호소,34.8331095,126.3522531
2025-04-30,개,믹스견,수컷,전라남도 신안군,신안군유기동물보호소,34.8331095,126.3522531
2025-04-30,개,믹스견,암컷,전라남도 신안군,신안군유기동물보호소,34.8331095,126.3522531
2025-04-30,개,믹스견,암컷,전라남도 신안군,신안군유기동물보호소,34.8331095,126.3522531
2025-04-30,개,믹스견,암컷,전라남도 장성군,장성군동물보호센터,35.3017065,126.7844061
2025-04-30,개,믹스견,암컷,전라남도 영광군,영광동물보호센터,35.2769282,126.5124504
2025-04-30,개,믹스견,암컷,전라남도 영광군,영광동물보호센터,35.2769282,126.5124504
2025-04-30,개,말티즈,암컷,전라남도 영광군,영광동물보호센터,35.2769282,126.5124504
2025-04-30,개,믹스견,수컷,전라남도 담양군,담양군 동물보호센터,35.320878,126.9883238
2025-04-30,개,믹스견,수컷,전라남도 담양군,담양군 동물보호센터,35.320878,126.9883238
2025-04-30,개,말티즈,암컷,전라남도 담양군,담양군 동물보호센터,35.320878,126.9883238
2025-04-30,개,보더콜리,수컷,전라남도 담양군,담양군 동물보호센터,35.320878,126.9883238
2025-04-30,개,믹스견,수컷,전라남도 광양시,광양시 임시보호소,34.9406452,127.6959512
2025-04-30,개,믹스견,수컷,전라남도 광양시,광양시 임시보호소,34.9406452,127.6959512
2025-04-30,개,믹스견,암컷,전라남도 나주시,나주유기동물보호센터,35.0158859,126.7108313
2025-04-30,개,믹스견,수컷,전라남도 순천시,순천시유기동물보호소,34.9505457,127.4872992
2025-04-30,개,믹스견,암컷,전라남도 순천시,순천시유기동물보호소,34.9505457,127.4872992
2025-04-30,개,믹스견,암컷,전라남도 순천시,순천시유기동물보호소,34.9505457,127.4872992
2025-04-30,개,믹스견,암컷,전라남도 순천시,순천시유기동물보호소,34.9505457,127.4872992
2025-04-30,개,믹스견,수컷,전라남도 순천시,순천시유기동물보호소,34.9505457,127.4872992
2025-04-30,개,믹스견,수컷,전라남도 순천시,순천시유기동물보호소,34.9505457,127.4872992
2025-04-30,개,믹스견,수컷,전라남도 순천시,순천시유기동물보호소,34.9505457,127.4872992
2025-04-30,개,믹스견,암컷,전라남도 순천시,순천시유기동물보호소,34.9505457,127.4872992
2025-04-30,고양이,한국 고양이,암컷,전라남도 순천시,대한동물사랑협회,34.9505457,127.4872992
2025-04-30,개,믹스견,암컷,전북특별자치도 고창군,더나은동물병원,35.4355,126.7021
2025-04-30,개,믹스견,암컷,전북특별자치도 김제시,전북말산업복합센터,35.803815,126.880557
2025-04-30,개,믹스견,암컷,전북특별자치도 김제시,전북말산업복합센터,35.803815,126.880557
2025-04-30,개,믹스견,수컷,전북특별자치도 김제시,전북말산업복합센터,35.803815,126.880557
2025-04-30,개,웰시 코기 펨브로크,암컷,전북특별자치도 김제시,전북말산업복합센터,35.803815,126.880557
2025-04-30,고양이,믹스묘,수컷,전북특별자치도 군산시,군산유기동물보호센터,35.9679984,126.7369036
2025-04-30,고양이,믹스묘,수컷,전북특별자치도 군산시,군산유기동물보호센터,35.9679984,126.7369036
2025-04-30,고양이,한국 고양이,암컷,전북특별자치도 전주시,행복한동물병원,35.8237631,127.1472805
2025-04-30,고양이,한국 고양이,암컷,전북특별자치도 전주시,효자동물병원,35.8237631,127.1472805
2025-04-30,고양이,한국 고양이,수컷,전북특별자치도 전주시,효자동물병원,35.8237631,127.1472805
2025-04-30,개,믹스견,수컷,충청남도 당진시,당진시동물보호소,36.8904083,126.6461833
2025-04-30,개,믹스견,암컷,충청남도 태안군,최동물병원,36.7454236,126.29836
2025-04-30,고양이,한국 고양이,미상,충청남도 예산군,예산임시동물보호센터,36.6808989,126.8448742
2025-04-30,개,믹스견,암컷,충청남도 공주시,공주시 동물보호센터,36.47257,127.09124
2025-04-30,개,푸들,수컷,충청남도 천안시,천안시 동물보호센터,36.8150283,127.1140654
2025-04-30,개,믹스견,수컷,충청남도 천안시,천안시 동물보호센터,36.8150283,127.1140654
2025-04-30,개,믹스견,수컷,충청남도 천안시,천안시 동물보호센터,36.8150283,127.1140654
2025-04-30,개,믹스견,암컷,충청북도 청주시,반려동물보호센터,36.6421169,127.4891742
2025-04-30,고양이,한국 고양이,수컷,충청북도 옥천군,옥천동물병원,36.3061692,127.571482
2025-04-30,고양이,한국 고양이,수컷,충청북도 옥천군,옥천동물병원,36.3061692,127.571482
2025-04-30,고양이,한국 고양이,암컷,충청북도 옥천군,옥천동물병원,36.3061692,127.571482
2025-04-30,고양이,한국 고양이,암컷,충청북도 옥천군,옥천동물병원,36.3061692,127.571482
2025-04-30,개,믹스견,암컷,충청북도 제천시,제천시 동물보호센터,37.1326042,128.1913508
2025-04-30,개,믹스견,수컷,강원특별자치도 정선군,정선가축병원,37.380456,128.6609485
2025-04-30,개,믹스견,암컷,강원특별자치도 정선군,정선가축병원,37.380456,128.6609485
2025-04-30,개,믹스견,암컷,강원특별자치도 정선군,정선가축병원,37.380456,128.6609485
2025-04-30,개,믹스견,수컷,강원특별자치도 정선군,정선가축병원,37.380456,128.6609485
2025-04-30,개,믹스견,암컷,강원특별자치도 속초시,속초시유기동물보호소,38.2069574,128.5913424
2025-04-30,개,믹스견,암컷,강원특별자치도 동해시,동해시동물보호센터,37.5245142,129.1146302
2025-04-30,개,믹스견,암컷,강원특별자치도 원주시,원주시동물보호센터,37.3420996,127.9197603
2025-04-30,기타,공작새,암컷,경기도 양주시,한국동물구조관리협회,37.7849312,127.0457771
2025-04-30,개,믹스견,암컷,경기도 화성시,화성동물보호센터,37.1994653,126.8312632
2025-04-30,개,믹스견,암컷,경기도 화성시,화성동물보호센터,37.1994653,126.8312632
2025-04-30,개,믹스견,암컷,경기도 화성시,화성동물보호센터,37.1994653,126.8312632
2025-04-30,개,믹스견,암컷,경기도 화성시,화성동물보호센터,37.1994653,126.8312632
2025-04-30,개,믹스견,수컷,경기도 화성시,화성동물보호센터,37.1994653,126.8312632
2025-04-30,개,믹스견,암컷,경기도 화성시,화성동물보호센터,37.1994653,126.8312632
2025-04-30,개,믹스견,암컷,경기도 화성시,화성동물보호센터,37.1994653,126.8312632
2025-04-30,개,믹스견,암컷,경기도 화성시,화성동물보호센터,37.1994653,126.8312632
2025-04-30,개,포메라니안,수컷,경기도 화성시,화성동물보호센터,37.1994653,126.8312632
2025-04-30,개,믹스견,암컷,경기도 화성시,화성동물보호센터,37.1994653,126.8312632
2025-04-30,개,믹스견,수컷,경기도 화성시,화성동물보호센터,37.1994653,126.8312632
2025-04-30,개,믹스견,수컷,경기도 화성시,화성동물보호센터,37.1994653,126.8312632
2025-04-30,개,믹스견,수컷,경기도 화성시,화성동물보호센터,37.1994653,126.8312632
2025-04-30,개,믹스견,수컷,경기도 화성시,화성동물보호센터,37.1994653,126.8312632
2025-04-30,개,믹스견,암컷,경기도 화성시,화성동물보호센터,37.1994653,126.8312632
2025-04-30,개,믹스견,수컷,경기도 화성시,화성동물보호센터,37.1994653,126.8312632
2025-04-30,개,믹스견,수컷,경기도 화성시,화성동물보호센터,37.1994653,126.8312632
2025-04-30,개,믹스견,수컷,경기도 화성시,화성동물보호센터,37.1994653,126.8312632
2025-04-30,개,믹스견,수컷,경기도 화성시,화성동물보호센터,37.1994653,126.8312632
2025-04-30,개,믹스견,수컷,경기도 화성시,화성동물보호센터,37.1994653,126.8312632
2025-04-30,개,믹스견,수컷,경기도 화성시,화성동물보호센터,37.1994653,126.8312632
2025-04-30,개,믹스견,수컷,경기도 화성시,화성동물보호센터,37.1994653,126.8312632
2025-04-30,개,믹스견,암컷,경기도 화성시,화성동물보호센터,37.1994653,126.8312632
2025-04-30,개,포메라니안,암컷,경기도 화성시,화성동물보호센터,37.1994653,126.8312632
2025-04-30,개,믹스견,암컷,경기도 화성시,화성동물보호센터,37.1994653,126.8312632
2025-04-30,개,믹스견,암컷,경기도 양평군,양평군유기동물보호소,37.4916,127.4875
2025-04-30,고양이,한국 고양이,암컷,경기도 이천시,위더스 동물보호센터,37.2808823,127.4429132
2025-04-30,고양이,한국 고양이,암컷,경기도 이천시,위더스 동물보호센터,37.2808823,127.4429132
2025-04-30,고양이,한국 고양이,수컷,경기도 용인시,용인시 동물보호센터,37.2405741,127.1785572
2025-04-30,개,믹스견,암컷,경기도 하남시,하남동물보호센터,37.5392918,127.214948
2025-04-30,개,믹스견,암컷,경기도 하남시,하남동물보호센터,37.5392918,127.214948
2025-04-30,개,믹스견,수컷,경기도 하남시,하남동물보호센터,37.5392918,127.214948
2025-04-30,고양이,한국 고양이,암컷,경기도 안산시,한국야생동물보호협회,37.3217152,126.8308604
2025-04-30,개,믹스견,암컷,경기도 안산시,한국야생동물보호협회,37.3217152,126.8308604
2025-04-30,기타,흑염소,암컷,경기도 평택시,평택시유기동물보호소,36.9924966,127.1127168
2025-04-30,개,믹스견,암컷,경기도 평택시,평택시유기동물보호소,36.9924966,127.1127168
2025-04-30,개,믹스견,암컷,경기도 평택시,평택시유기동물보호소,36.9924966,127.1127168
2025-04-30,기타,토끼,암컷,경기도 부천시,정샘동물병원,37.5014422,126.7660139
2025-04-30,고양이,한국 고양이,암컷,경기도 부천시,24시아이동물메디컬,37.5014422,126.7660139
2025-04-30,개,믹스견,수컷,경기도 성남시,펫앤쉘터동물병원,37.4201556,127.1262092
2025-04-30,고양이,한국 고양이,수컷,경기도 성남시,펫앤쉘터동물병원,37.4201556,127.1262092
2025-04-30,개,믹스견,암컷,울산광역시 울주군,울산유기동물보호센터,35.5222362,129.2423693
2025-04-30,개,믹스견,수컷,울산광역시 북구,울산유기동물보호센터,35.5826,129.3604
2025-04-30,개,믹스견,수컷,울산광역시 북구,울산유기동물보호센터,35.5826,129.3604
2025-04-30,개,믹스견,암컷,울산광역시 북구,울산유기동물보호센터,35.5826,129.3604
2025-04-30,개,푸들,수컷,울산광역시 동구,일산동물의료센터,35.5046663,129.4170114
2025-04-30,개,믹스견,암컷,인천광역시 강화군,디디동물병원,37.746,126.488
2025-04-30,개,믹스견,수컷,인천광역시 강화군,디디동물병원,37.746,126.488
2025-04-30,개,믹스견,암컷,인천광역시 강화군,디디동물병원,37.746,126.488
2025-04-30,개,믹스견,암컷,인천광역시 강화군,디디동물병원,37.746,126.488
2025-04-30,개,믹스견,암컷,인천광역시 강화군,디디동물병원,37.746,126.488
2025-04-30,개,시츄,수컷,인천광역시 부평구,조재진동물병원,37.5070221,126.7220068
2025-04-30,고양이,한국 고양이,수컷,대구광역시 수성구,금강동물병원,35.8584,128.6305
2025-04-30,고양이,한국 고양이,수컷,대구광역시 수성구,펫동물병원,35.8584,128.6305
2025-04-30,고양이,한국 고양이,암컷,서울특별시 마포구,홍익동물병원,37.566571,126.9015317
2025-04-30,고양이,한국 고양이,암컷,강원특별자치도 동해시,동해시동물보호센터,37.5245142,129.1146302
2025-04-30,고양이,한국 고양이,암컷,강원특별자치도 동해시,동해시동물보호센터,37.5245142,129.1146302
2025-04-30,고양이,한국 고양이,암컷,광주광역시 북구,광주동물보호센터,35.1741,126.9122
2025-04-30,고양이,한국 고양이,미상,전북특별자치도 진안군,진안군유기동물보호소,35.7915,127.4252
2025-04-29,개,믹스견,암컷,전북특별자치도 정읍시,정읍시 동물보호소,35.5697678,126.8559787
2025-04-29,개,믹스견,수컷,전라남도 완도군,유기동물임시보호센터,34.3110373,126.7553933
2025-04-29,개,믹스견,암컷,전라남도 완도군,유기동물임시보호센터,34.3110373,126.7553933
2025-04-29,고양이,브리티시 쇼트헤어,수컷,충청남도 아산시,아산동물복지지원센터,36.7899498,127.0026769
2025-04-29,개,믹스견,암컷,강원특별자치도 횡성군,횡성유기동물보호센터,37.4916,127.985
2025-04-29,고양이,한국 고양이,암컷,울산광역시 울주군,울산유기동물보호센터,35.5222362,129.2423693
2025-04-29,고양이,한국 고양이,암컷,울산광역시 울주군,울산유기동물보호센터,35.5222362,129.2423693
2025-04-29,고양이,한국 고양이,암컷,울산광역시 울주군,울산유기동물보호센터,35.5222362,129.2423693
2025-04-29,고양이,한국 고양이,수컷,울산광역시 울주군,울산유기동물보호센터,35.5222362,129.2423693
2025-04-29,기타,닭,미상,부산광역시 수영구,(사)동부동물보호협회,35.1454,129.1127
2025-04-29,고양이,한국 고양이,수컷,부산광역시 사하구,(사)하얀비둘기,35.1041,128.9751
2025-04-29,고양이,한국 고양이,수컷,부산광역시 사하구,(사)하얀비둘기,35.1041,128.9751
2025-04-29,고양이,믹스묘,암컷,부산광역시 해운대구,동부유기동물보호협회,35.1629,129.1638
2025-04-29,고양이,믹스묘,수컷,부산광역시 남구,(사)동부동물보호협회,35.1361,129.0843999
2025-04-29,고양이,믹스묘,수컷,부산광역시 남구,(사)동부동물보호협회,35.1361,129.0843999
2025-04-29,고양이,믹스묘,수컷,부산광역시 남구,(사)동부동물보호협회,35.1361,129.0843999
2025-04-29,고양이,믹스묘,암컷,부산광역시 남구,(사)동부동물보호협회,35.1361,129.0843999
2025-04-29,고양이,믹스묘,암컷,부산광역시 남구,(사)동부동물보호협회,35.1361,129.0843999
2025-04-29,고양이,한국 고양이,수컷,제주특별자치도 제주특별자치도,제주 동물보호센터,33.4887737,126.4987083
2025-04-29,고양이,샴,암컷,제주특별자치도 제주특별자치도,제주 동물보호센터,33.4887737,126.4987083
2025-04-29,개,믹스견,암컷,제주특별자치도 제주특별자치도,제주 동물보호센터,33.4887737,126.4987083
2025-04-29,개,믹스견,암컷,제주특별자치도 제주특별자치도,제주 동물보호센터,33.4887737,126.4987083
2025-04-29,개,믹스견,암컷,제주특별자치도 제주특별자치도,제주 동물보호센터,33.4887737,126.4987083
2025-04-29,개,믹스견,수컷,제주특별자치도 제주특별자치도,제주 동물보호센터,33.4887737,126.4987083
2025-04-29,개,믹스견,암컷,제주특별자치도 제주특별자치도,제주 동물보호센터,33.4887737,126.4987083
2025-04-29,개,믹스견,암컷,제주특별자치도 제주특별자치도,제주 동물보호센터,33.4887737,126.4987083
2025-04-29,개,믹스견,암컷,제주특별자치도 제주특별자치도,제주 동물보호센터,33.4887737,126.4987083
2025-04-29,개,믹스견,수컷,경상남도 양산시,양산시 동물보호센터,35.3349979,129.0370582
2025-04-29,개,믹스견,암컷,경상북도 울진군,울진군동물보호센터,36.993,129.4006
2025-04-29,개,믹스견,수컷,경상북도 영주시,영주시 동물보호센터,36.805685,128.624054
2025-04-29,개,믹스견,수컷,전라남도 영암군,유기동물 삼호 보호소,34.800052,126.6970381
2025-04-29,개,믹스견,수컷,전라남도 영암군,유기동물 삼호 보호소,34.800052,126.6970381
2025-04-29,개,포메라니안,수컷,전라남도 여수시,유기동물보호소,34.7546257,127.659859
2025-04-29,개,말티즈,암컷,전라남도 목포시,목포시유기동물보호소,34.7903335,126.3847547
2025-04-29,고양이,한국 고양이,암컷,전북특별자치도 전주시,박영재동물병원,35.8237631,127.1472805
2025-04-29,개,믹스견,수컷,충청남도 보령시,보령시유기동물보호소,36.33401,126.613165
2025-04-29,개,믹스견,암컷,충청남도 보령시,보령시유기동물보호소,36.33401,126.613165
2025-04-29,고양이,한국 고양이,수컷,충청남도 보령시,보령길고양이보호협회,36.33401,126.613165
2025-04-29,개,시베리안 허스키,수컷,충청남도 보령시,보령시유기동물보호소,36.33401,126.613165
2025-04-29,개,믹스견,수컷,충청북도 제천시,제천시 동물보호센터,37.1326042,128.1913508
2025-04-29,개,믹스견,수컷,강원특별자치도 원주시,원주시동물보호센터,37.3420996,127.9197603
2025-04-29,개,믹스견,수컷,강원특별자치도 원주시,원주시동물보호센터,37.3420996,127.9197603
2025-04-29,개,믹스견,암컷,경기도 포천시,한국동물구조관리협회,37.8948267,127.2007295
2025-04-29,개,믹스견,암컷,경기도 포천시,한국동물구조관리협회,37.8948267,127.2007295
2025-04-29,개,믹스견,수컷,경기도 포천시,한국동물구조관리협회,37.8948267,127.2007295
2025-04-29,개,믹스견,수컷,경기도 포천시,한국동물구조관리협회,37.8948267,127.2007295
2025-04-29,고양이,한국 고양이,암컷,경기도 양주시,한국동물구조관리협회,37.7849312,127.0457771
2025-04-29,개,믹스견,암컷,경기도 연천군,한국동물구조관리협회,38.0964,127.0746
2025-04-29,개,믹스견,암컷,경기도 연천군,한국동물구조관리협회,38.0964,127.0746
2025-04-29,개,말티즈,수컷,경기도 파주시,한국동물구조관리협회,37.7598955,126.7801502
2025-04-29,고양이,한국 고양이,암컷,경기도 파주시,한국동물구조관리협회,37.7598955,126.7801502
2025-04-29,고양이,한국 고양이,암컷,경기도 파주시,한국동물구조관리협회,37.7598955,126.7801502
2025-04-29,고양이,믹스묘,미상,경기도 용인시,용인시 동물보호센터,37.2405741,127.1785572
2025-04-29,개,믹스견,암컷,경기도 용인시,용인시 동물보호센터,37.2405741,127.1785572
2025-04-29,개,믹스견,암컷,울산광역시 울주군,울산유기동물보호센터,35.5222362,129.2423693
2025-04-29,고양이,한국 고양이,미상,울산광역시 울주군,울산유기동물보호센터,35.5222362,129.2423693
2025-04-29,개,믹스견,수컷,울산광역시 울주군,울산유기동물보호센터,35.5222362,129.2423693
2025-04-29,개,믹스견,수컷,울산광역시 북구,울산유기동물보호센터,35.5826,129.3604
2025-04-29,고양이,한국 고양이,미상,대전광역시 서구,대전동물보호센터,36.3551786,127.3838487
2025-04-29,개,진도견,수컷,대전광역시 동구,대전동물보호센터,36.3120051,127.4554285
2025-04-29,고양이,한국 고양이,수컷,인천광역시 계양구,신영재동물병원,37.5373539,126.7379078
2025-04-29,고양이,한국 고양이,암컷,인천광역시 계양구,신영재동물병원,37.5373539,126.7379078
2025-04-29,개,믹스견,수컷,인천광역시 남동구,인천광역시수의사회,37.446902,126.7315126
2025-04-29,고양이,한국 고양이,미상,부산광역시 북구,부산동물보호센터,35.1969,128.9901999
2025-04-29,고양이,한국 고양이,미상,부산광역시 북구,부산동물보호센터,35.1969,128.9901999
2025-04-29,고양이,한국 고양이,미상,부산광역시 북구,부산동물보호센터,35.1969,128.9901999
2025-04-29,고양이,한국 고양이,미상,부산광역시 북구,부산동물보호센터,35.1969,128.9901999
2025-04-29,고양이,한국 고양이,미상,부산광역시 북구,부산동물보호센터,35.1969,128.9901999
2025-04-29,고양이,한국 고양이,미상,부산광역시 북구,부산동물보호센터,35.1969,128.9901999
2025-04-29,개,푸들,암컷,부산광역시 북구,부산동물보호센터,35.1969,128.9901999
2025-04-29,개,믹스견,수컷,서울특별시 관악구,디아크 동물종합병원,37.4782,126.9518
2025-04-29,개,시츄,수컷,서울특별시 강서구,한국동물구조관리협회,37.5509,126.8497
2025-04-29,개,비숑 프리제,수컷,서울특별시 양천구,강현림동물병원,37.5171,126.8663
2025-04-29,고양이,한국 고양이,수컷,서울특별시 성동구,한국동물구조관리협회,37.5635,127.0365
2025-04-29,개,믹스견,수컷,세종특별자치시 세종특별자치시,세종유기동물보호센터,36.4799999,127.289
2025-04-29,개,믹스견,암컷,경상남도 창녕군,창녕 유기동물보호소,35.5443876,128.4921938
2025-04-29,개,믹스견,암컷,경상남도 창녕군,창녕 유기동물보호소,35.5443876,128.4921938
2025-04-29,개,믹스견,수컷,경상남도 밀양시,밀양시 동물보호센터,35.503839,128.7466992
2025-04-29,개,믹스견,수컷,경상남도 밀양시,밀양시 동물보호센터,35.503839,128.7466992
2025-04-29,개,믹스견,암컷,경상남도 밀양시,밀양시 동물보호센터,35.503839,128.7466992
2025-04-29,개,믹스견,수컷,경상남도 밀양시,밀양시 동물보호센터,35.503839,128.7466992
2025-04-29,개,믹스견,수컷,경상남도 사천시,사천시 동물보호센터,35.003468,128.064562
2025-04-29,개,믹스견,수컷,경상남도 사천시,사천시 동물보호센터,35.003468,128.064562
2025-04-29,개,믹스견,암컷,경상남도 사천시,사천시 동물보호센터,35.003468,128.064562
2025-04-29,개,믹스견,암컷,경상남도 사천시,사천시 동물보호센터,35.003468,128.064562
2025-04-29,개,믹스견,암컷,경상남도 진주시,진주시동물보호센터,35.1803459,128.1079953
2025-04-29,개,믹스견,암컷,경상남도 진주시,진주시동물보호센터,35.1803459,128.1079953
2025-04-29,개,믹스견,암컷,경상남도 진주시,진주시동물보호센터,35.1803459,128.1079953
2025-04-29,개,믹스견,암컷,경상북도 의성군,의성동물보호센터,36.3524,128.697
2025-04-29,개,믹스견,암컷,경상북도 의성군,의성동물보호센터,36.3524,128.697
2025-04-29,개,믹스견,암컷,경상북도 의성군,의성동물보호센터,36.3524,128.697
2025-04-29,개,믹스견,암컷,경상북도 의성군,의성동물보호센터,36.3524,128.697
2025-04-29,개,믹스견,수컷,경상북도 의성군,의성동물보호센터,36.3524,128.697
2025-04-29,개,믹스견,암컷,경상북도 의성군,의성동물보호센터,36.3524,128.697
2025-04-29,개,믹스견,암컷,경상북도 의성군,의성동물보호센터,36.3524,128.697
2025-04-29,개,믹스견,암컷,경상북도 의성군,의성동물보호센터,36.3524,128.697
2025-04-29,개,믹스견,암컷,경상북도 문경시,종합축산,36.5858541,128.1870612
2025-04-29,개,믹스견,수컷,경상북도 상주시,상주시 동물보호센터,36.4104478,128.1590614
2025-04-29,개,믹스견,수컷,경상북도 상주시,상주시 동물보호센터,36.4104478,128.1590614
2025-04-29,개,믹스견,수컷,경상북도 김천시,김천시 동물보호센터,36.1398035,128.1139534
2025-04-29,개,믹스견,암컷,경상북도 김천시,김천시 동물보호센터,36.1398035,128.1139534
2025-04-29,개,믹스견,암컷,경상북도 김천시,김천시 동물보호센터,36.1398035,128.1139534
2025-04-29,고양이,한국 고양이,암컷,경상북도 김천시,김천시 동물보호센터,36.1398035,128.1139534
2025-04-29,개,믹스견,암컷,경상북도 경주시,경주동물사랑보호센터,35.8556705,129.2248811
2025-04-29,개,믹스견,암컷,경상북도 경주시,경주동물사랑보호센터,35.8556705,129.2248811
2025-04-29,개,믹스견,암컷,경상북도 경주시,경주동물사랑보호센터,35.8556705,129.2248811
2025-04-29,개,믹스견,암컷,전라남도 장성군,장성군동물보호센터,35.3017065,126.7844061
2025-04-29,개,믹스견,수컷,전라남도 장성군,장성군동물보호센터,35.3017065,126.7844061
2025-04-29,개,믹스견,수컷,전라남도 무안군,무안군유기동물보호소,34.9905794,126.4812377
2025-04-29,개,믹스견,수컷,전라남도 무안군,무안군유기동물보호소,34.9905794,126.4812377
2025-04-29,개,믹스견,수컷,전라남도 무안군,무안군유기동물보호소,34.9905794,126.4812377
2025-04-29,개,믹스견,암컷,전라남도 고흥군,고흥군임시보호센터,34.6044123,127.276384
2025-04-29,개,믹스견,수컷,전라남도 고흥군,고흥군임시보호센터,34.6044123,127.276384
2025-04-29,개,믹스견,수컷,전라남도 고흥군,고흥군임시보호센터,34.6044123,127.276384
2025-04-29,개,믹스견,암컷,전라남도 고흥군,고흥군임시보호센터,34.6044123,127.276384
2025-04-29,개,믹스견,암컷,전라남도 고흥군,고흥군임시보호센터,34.6044123,127.276384
2025-04-29,개,믹스견,수컷,전라남도 고흥군,고흥군임시보호센터,34.6044123,127.276384
2025-04-29,개,믹스견,암컷,전라남도 광양시,광양시 임시보호소,34.9406452,127.6959512
2025-04-29,개,믹스견,암컷,전라남도 나주시,나주유기동물보호센터,35.0158859,126.7108313
2025-04-29,개,믹스견,미상,전라남도 순천시,순천시유기동물보호소,34.9505457,127.4872992
2025-04-29,고양이,믹스묘,미상,전북특별자치도 부안군,부안군 동물보호센터,35.7316783,126.7330195
2025-04-29,고양이,믹스묘,미상,전북특별자치도 부안군,부안군 동물보호센터,35.7316783,126.7330195
2025-04-29,고양이,믹스묘,미상,전북특별자치도 부안군,부안군 동물보호센터,35.7316783,126.7330195
2025-04-29,개,믹스견,암컷,전북특별자치도 남원시,하나동물병원,35.4163118,127.3903713
2025-04-29,개,믹스견,수컷,전북특별자치도 남원시,청원동물병원,35.4163118,127.3903713
2025-04-29,개,믹스견,암컷,전북특별자치도 군산시,군산유기동물보호센터,35.9679984,126.7369036
2025-04-29,고양이,믹스묘,암컷,전북특별자치도 군산시,군산유기동물보호센터,35.9679984,126.7369036
2025-04-29,고양이,한국 고양이,암컷,전북특별자치도 전주시,링크늘푸른동물병원,35.8237631,127.1472805
2025-04-29,개,믹스견,암컷,충청남도 당진시,당진시동물보호소,36.8904083,126.6461833
2025-04-29,개,믹스견,수컷,충청남도 당진시,당진시동물보호소,36.8904083,126.6461833
2025-04-29,개,믹스견,암컷,충청남도 논산시,논산시 동물보호센터,36.1868154,127.0987538
2025-04-29,개,믹스견,수컷,충청남도 서산시,서산시 동물보호센터,36.784499,126.450317
2025-04-29,개,믹스견,수컷,충청남도 서산시,서산시 동물보호센터,36.784499,126.450317
2025-04-29,개,믹스견,수컷,충청남도 서산시,서산시 동물보호센터,36.784499,126.450317
2025-04-29,개,믹스견,암컷,충청남도 서산시,서산시 동물보호센터,36.784499,126.450317
2025-04-29,개,믹스견,암컷,충청남도 서산시,서산시 동물보호센터,36.784499,126.450317
2025-04-29,개,믹스견,암컷,충청남도 서산시,서산시 동물보호센터,36.784499,126.450317
2025-04-29,개,믹스견,암컷,충청남도 서산시,서산시 동물보호센터,36.784499,126.450317
2025-04-29,개,믹스견,수컷,충청남도 서산시,서산시 동물보호센터,36.784499,126.450317
2025-04-29,개,믹스견,수컷,충청남도 서산시,서산시 동물보호센터,36.784499,126.450317
2025-04-29,개,믹스견,수컷,충청남도 서산시,서산시 동물보호센터,36.784499,126.450317
2025-04-29,개,믹스견,암컷,충청남도 천안시,천안시 동물보호센터,36.8150283,127.1140654
2025-04-29,고양이,페르시안,수컷,충청북도 청주시,반려동물보호센터,36.6421169,127.4891742
2025-04-29,개,믹스견,암컷,충청북도 청주시,반려동물보호센터,36.6421169,127.4891742
2025-04-29,개,믹스견,수컷,충청북도 음성군,금왕동물병원,36.94,127.6906
2025-04-29,개,믹스견,암컷,충청북도 옥천군,옥천동물병원,36.3061692,127.571482
2025-04-29,개,진도견,수컷,충청북도 제천시,제천시 동물보호센터,37.1326042,128.1913508
2025-04-29,개,믹스견,암컷,강원특별자치도 정선군,정선가축병원,37.380456,128.6609485
2025-04-29,개,믹스견,암컷,강원특별자치도 정선군,정선가축병원,37.380456,128.6609485
2025-04-29,개,믹스견,암컷,강원특별자치도 정선군,정선가축병원,37.380456,128.6609485
2025-04-29,고양이,한국 고양이,수컷,강원특별자치도 영월군,영월군 동물보호센터,37.1834983,128.4619814
2025-04-29,고양이,한국 고양이,암컷,강원특별자치도 동해시,동해시동물보호센터,37.5245142,129.1146302
2025-04-29,개,믹스견,암컷,경기도 여주시,위더스 동물보호센터,37.2982901,127.637033
2025-04-29,개,믹스견,암컷,경기도 여주시,위더스 동물보호센터,37.2982901,127.637033
2025-04-29,고양이,한국 고양이,수컷,경기도 광주시,광주TNR동물병원송정,37.4290844,127.255189
2025-04-29,고양이,한국 고양이,수컷,경기도 광주시,광주TNR동물병원송정,37.4290844,127.255189
2025-04-29,고양이,한국 고양이,수컷,경기도 광주시,광주TNR동물병원송정,37.4290844,127.255189
2025-04-29,고양이,한국 고양이,암컷,경기도 안성시,안성시 동물보호센터,37.007773,127.279971
2025-04-29,고양이,한국 고양이,수컷,경기도 안성시,안성시 동물보호센터,37.007773,127.279971
2025-04-29,개,푸들,수컷,경기도 안성시,안성시 동물보호센터,37.007773,127.279971
2025-04-29,개,믹스견,수컷,경기도 이천시,위더스 동물보호센터,37.2808823,127.4429132
2025-04-29,개,믹스견,수컷,경기도 이천시,위더스 동물보호센터,37.2808823,127.4429132
2025-04-29,개,믹스견,암컷,경기도 이천시,위더스 동물보호센터,37.2808823,127.4429132
2025-04-29,개,믹스견,수컷,경기도 이천시,위더스 동물보호센터,37.2808823,127.4429132
2025-04-29,개,말티즈,수컷,경기도 이천시,위더스 동물보호센터,37.2808823,127.4429132
2025-04-29,개,믹스견,암컷,경기도 이천시,위더스 동물보호센터,37.2808823,127.4429132
2025-04-29,개,진도견,수컷,경기도 이천시,위더스 동물보호센터,37.2808823,127.4429132
2025-04-29,개,믹스견,암컷,경기도 이천시,위더스 동물보호센터,37.2808823,127.4429132
2025-04-29,개,믹스견,암컷,경기도 용인시,용인시 동물보호센터,37.2405741,127.1785572
2025-04-29,개,믹스견,암컷,경기도 용인시,용인시 동물보호센터,37.2405741,127.1785572
2025-04-29,개,비숑 프리제,암컷,경기도 군포시,한국야생동물보호협회,37.3615229,126.9349025
2025-04-29,개,믹스견,암컷,경기도 남양주시,남양주시동물보호센터,37.6359398,127.2165051
2025-04-29,고양이,믹스묘,암컷,경기도 남양주시,남양주시동물보호센터,37.6359398,127.2165051
2025-04-29,고양이,한국 고양이,암컷,경기도 안산시,한국야생동물보호협회,37.3217152,126.8308604
2025-04-29,고양이,한국 고양이,암컷,경기도 안산시,한국야생동물보호협회,37.3217152,126.8308604
2025-04-29,고양이,한국 고양이,수컷,경기도 안산시,한국야생동물보호협회,37.3217152,126.8308604
2025-04-29,개,믹스견,암컷,경기도 평택시,평택시유기동물보호소,36.9924966,127.1127168
2025-04-29,개,말티즈,수컷,경기도 평택시,평택시유기동물보호소,36.9924966,127.1127168
2025-04-29,개,믹스견,수컷,경기도 평택시,평택시유기동물보호소,36.9924966,127.1127168
2025-04-29,고양이,러시안 블루,수컷,경기도 평택시,평택시유기동물보호소,36.9924966,127.1127168
2025-04-29,개,포메라니안,수컷,경기도 부천시,가나동물병원,37.5014422,126.7660139
2025-04-29,개,치와와,수컷,경기도 성남시,펫앤쉘터동물병원,37.4201556,127.1262092
2025-04-29,개,말티즈,수컷,경기도 수원시,수원시 동물보호센터,37.2633325,127.0287472
2025-04-29,개,프렌치 불독,수컷,경기도 수원시,수원시 동물보호센터,37.2633325,127.0287472
2025-04-29,개,믹스견,암컷,대전광역시 서구,대전동물보호센터,36.3551786,127.3838487
2025-04-29,고양이,한국 고양이,암컷,광주광역시 광산구,첨단우리동물병원,35.1396428,126.7938232
2025-04-29,고양이,한국 고양이,수컷,광주광역시 광산구,첨단우리동물병원,35.1396428,126.7938232
2025-04-29,개,믹스견,수컷,광주광역시 북구,광주동물보호센터,35.1741,126.9122
2025-04-29,개,믹스견,암컷,인천광역시 서구,우리동물병원,37.545,126.676
2025-04-29,개,진도견,수컷,인천광역시 중구,신공항동물병원,37.4735389,126.6214081
2025-04-29,개,진도견,수컷,대구광역시 달성군,화원연합동물병원,35.7753,128.4312
2025-04-29,고양이,한국 고양이,수컷,대구광역시 서구,대구시수의사회(보경),35.8716,128.5591
2025-04-29,고양이,한국 고양이,수컷,서울특별시 동대문구,동대문구청,37.5741982,127.0395092
2025-04-29,고양이,아메리칸 쇼트헤어,수컷,서울특별시 동대문구,동대문구청,37.5741982,127.0395092
2025-04-29,개,믹스견,암컷,경기도 남양주시,남양주시동물보호센터,37.6359398,127.2165051
2025-04-29,개,푸들,암컷,경기도 남양주시,남양주시동물보호센터,37.6359398,127.2165051
2025-04-29,개,치와와,수컷,경상북도 구미시,구미시 동물보호센터,36.1195513,128.3444692
2025-04-29,개,치와와,수컷,경상북도 구미시,구미시 동물보호센터,36.1195513,128.3444692
2025-04-29,개,믹스견,수컷,경상북도 경산시,경산시유기동물보호소,35.825122,128.741329
2025-04-29,개,믹스견,수컷,전라남도 장흥군,장흥군 동물보호센터,34.6811762,126.906996
2025-04-29,개,믹스견,수컷,전라남도 장흥군,장흥군 동물보호센터,34.6811762,126.906996
2025-04-28,고양이,한국 고양이,암컷,충청남도 예산군,예산임시동물보호센터,36.6808989,126.8448742
2025-04-28,고양이,한국 고양이,수컷,충청남도 예산군,예산임시동물보호센터,36.6808989,126.8448742
2025-04-28,고양이,한국 고양이,암컷,충청남도 예산군,예산임시동물보호센터,36.6808989,126.8448742
2025-04-28,개,라브라도 리트리버,수컷,경상북도 영천시,영천유기동물보호센터,35.98842,128.942
2025-04-28,개,말티즈,암컷,경상북도 영천시,영천유기동물보호센터,35.98842,128.942
2025-04-28,개,믹스견,암컷,경상북도 영천시,영천유기동물보호센터,35.98842,128.942
2025-04-28,개,믹스견,암컷,전라남도 목포시,목포시유기동물보호소,34.7903335,126.3847547
2025-04-28,개,믹스견,암컷,전라남도 목포시,목포시유기동물보호소,34.7903335,126.3847547
2025-04-28,개,믹스견,암컷,강원특별자치도 홍천군,홍천군유기동물보호소,37.6967,127.8888
2025-04-28,개,믹스견,수컷,강원특별자치도 홍천군,홍천군유기동물보호소,37.6967,127.8888
2025-04-28,개,말티즈,수컷,경기도 양주시,한국동물구조관리협회,37.7849312,127.0457771
2025-04-28,개,말티즈,수컷,경기도 양주시,한국동물구조관리협회,37.7849312,127.0457771
2025-04-28,개,믹스견,암컷,울산광역시 울주군,울산유기동물보호센터,35.5222362,129.2423693
2025-04-28,개,믹스견,수컷,울산광역시 울주군,울산유기동물보호센터,35.5222362,129.2423693
2025-04-28,개,믹스견,암컷,울산광역시 울주군,울산유기동물보호센터,35.5222362,129.2423693
2025-04-28,개,믹스견,암컷,대전광역시 중구,대전동물보호센터,36.29812,127.4148
2025-04-28,고양이,한국 고양이,미상,대전광역시 중구,대전동물보호센터,36.29812,127.4148
2025-04-28,고양이,코숏,미상,대전광역시 동구,대전동물보호센터,36.3120051,127.4554285
2025-04-28,고양이,코숏,미상,대전광역시 동구,대전동물보호센터,36.3120051,127.4554285
2025-04-28,고양이,코숏,미상,대전광역시 동구,대전동물보호센터,36.3120051,127.4554285
2025-04-28,개,보더 콜리,암컷,인천광역시 강화군,디디동물병원,37.746,126.488
2025-04-28,고양이,한국 고양이,암컷,인천광역시 계양구,신영재동물병원,37.5373539,126.7379078
2025-04-28,고양이,한국 고양이,암컷,인천광역시 계양구,신영재동물병원,37.5373539,126.7379078
2025-04-28,개,믹스견,수컷,부산광역시 수영구,(사)동부동물보호협회,35.1454,129.1127
2025-04-28,개,믹스견,수컷,제주특별자치도 제주특별자치도,제주 동물보호센터,33.4887737,126.4987083
2025-04-28,개,믹스견,수컷,제주특별자치도 제주특별자치도,제주 동물보호센터,33.4887737,126.4987083
2025-04-28,개,믹스견,수컷,제주특별자치도 제주특별자치도,제주 동물보호센터,33.4887737,126.4987083
2025-04-28,개,믹스견,암컷,제주특별자치도 제주특별자치도,제주 동물보호센터,33.4887737,126.4987083
2025-04-28,개,믹스견,수컷,제주특별자치도 제주특별자치도,제주 동물보호센터,33.4887737,126.4987083
2025-04-28,개,믹스견,암컷,제주특별자치도 제주특별자치도,제주 동물보호센터,33.4887737,126.4987083
2025-04-28,개,믹스견,수컷,제주특별자치도 제주특별자치도,제주 동물보호센터,33.4887737,126.4987083
2025-04-28,개,믹스견,암컷,제주특별자치도 제주특별자치도,제주 동물보호센터,33.4887737,126.4987083
2025-04-28,개,믹스견,암컷,제주특별자치도 제주특별자치도,제주 동물보호센터,33.4887737,126.4987083
2025-04-28,개,믹스견,암컷,제주특별자치도 제주특별자치도,제주 동물보호센터,33.4887737,126.4987083
2025-04-28,개,믹스견,암컷,제주특별자치도 제주특별자치도,제주 동물보호센터,33.4887737,126.4987083
2025-04-28,개,믹스견,암컷,제주특별자치도 제주특별자치도,제주 동물보호센터,33.4887737,126.4987083
2025-04-28,개,믹스견,암컷,제주특별자치도 제주특별자치도,제주 동물보호센터,33.4887737,126.4987083
2025-04-28,개,믹스견,수컷,제주특별자치도 제주특별자치도,제주 동물보호센터,33.4887737,126.4987083
2025-04-28,개,믹스견,수컷,제주특별자치도 제주특별자치도,제주 동물보호센터,33.4887737,126.4987083
2025-04-28,개,믹스견,암컷,제주특별자치도 제주특별자치도,제주 동물보호센터,33.4887737,126.4987083
2025-04-28,고양이,한국 고양이,수컷,경상남도 김해시,(사)동물보호관리협회,35.2310947,128.8908228
2025-04-28,개,믹스견,수컷,경상남도 통영시,통영시동물보호센터,34.854254,128.433205
2025-04-28,개,믹스견,수컷,경상남도 통영시,통영시동물보호센터,34.854254,128.433205
2025-04-28,개,믹스견,암컷,경상남도 통영시,통영시동물보호센터,34.854254,128.433205
2025-04-28,개,믹스견,암컷,경상남도 통영시,통영시동물보호센터,34.854254,128.433205
2025-04-28,개,믹스견,수컷,경상북도 울진군,울진군동물보호센터,36.993,129.4006
2025-04-28,개,믹스견,수컷,경상북도 울진군,울진군동물보호센터,36.993,129.4006
2025-04-28,개,믹스견,수컷,경상북도 문경시,종합축산,36.5858541,128.1870612
2025-04-28,개,믹스견,암컷,경상북도 문경시,종합축산,36.5858541,128.1870612
2025-04-28,개,믹스견,수컷,전라남도 신안군,신안군유기동물보호소,34.8331095,126.3522531
2025-04-28,개,믹스견,수컷,전라남도 신안군,신안군유기동물보호소,34.8331095,126.3522531
2025-04-28,개,믹스견,수컷,전라남도 나주시,나주유기동물보호센터,35.0158859,126.7108313
2025-04-28,개,시바,수컷,전라남도 목포시,목포시유기동물보호소,34.7903335,126.3847547
2025-04-28,개,믹스견,암컷,전라남도 목포시,목포시유기동물보호소,34.7903335,126.3847547
2025-04-28,개,믹스견,수컷,전라남도 목포시,목포시유기동물보호소,34.7903335,126.3847547
2025-04-28,개,믹스견,수컷,전북특별자치도 부안군,부안군 동물보호센터,35.7316783,126.7330195
2025-04-28,개,믹스견,암컷,전북특별자치도 임실군,임실유기동물보호센터,35.6174,127.2893
2025-04-28,개,스피츠,수컷,전북특별자치도 익산시,익산유기동물보호소,35.9479291,126.9578025
2025-04-28,개,말티즈,암컷,전북특별자치도 익산시,익산유기동물보호소,35.9479291,126.9578025
2025-04-28,고양이,한국 고양이,암컷,전북특별자치도 익산시,익산유기동물보호소,35.9479291,126.9578025
2025-04-28,고양이,한국 고양이,수컷,전북특별자치도 익산시,익산유기동물보호소,35.9479291,126.9578025
2025-04-28,개,믹스견,암컷,충청남도 논산시,논산시 동물보호센터,36.1868154,127.0987538
2025-04-28,개,믹스견,암컷,충청남도 논산시,논산시 동물보호센터,36.1868154,127.0987538
2025-04-28,개,믹스견,수컷,충청남도 논산시,논산시 동물보호센터,36.1868154,127.0987538
2025-04-28,개,믹스견,수컷,충청남도 서산시,서산시 동물보호센터,36.784499,126.450317
2025-04-28,개,믹스견,암컷,충청남도 서산시,서산시 동물보호센터,36.784499,126.450317
2025-04-28,개,믹스견,암컷,충청남도 서산시,서산시 동물보호센터,36.784499,126.450317
2025-04-28,개,말라뮤트,수컷,충청남도 아산시,아산동물복지지원센터,36.7899498,127.0026769
2025-04-28,개,믹스견,수컷,충청북도 진천군,증평 가정견 훈련소,36.855461,127.4353927
2025-04-28,개,믹스견,수컷,경기도 포천시,한국동물구조관리협회,37.8948267,127.2007295
2025-04-28,개,믹스견,암컷,경기도 포천시,한국동물구조관리협회,37.8948267,127.2007295
2025-04-28,개,믹스견,암컷,경기도 포천시,한국동물구조관리협회,37.8948267,127.2007295
2025-04-28,개,믹스견,암컷,경기도 포천시,한국동물구조관리협회,37.8948267,127.2007295
2025-04-28,개,믹스견,수컷,경기도 포천시,한국동물구조관리협회,37.8948267,127.2007295
2025-04-28,개,비숑 프리제,수컷,경기도 포천시,한국동물구조관리협회,37.8948267,127.2007295
2025-04-28,개,믹스견,암컷,경기도 연천군,한국동물구조관리협회,38.0964,127.0746
2025-04-28,고양이,터키시 앙고라,암컷,경기도 김포시,한국동물구조관리협회,37.6155683,126.7157798
2025-04-28,개,믹스견,암컷,경기도 파주시,한국동물구조관리협회,37.7598955,126.7801502
2025-04-28,고양이,한국 고양이,암컷,경기도 파주시,한국동물구조관리협회,37.7598955,126.7801502
2025-04-28,고양이,한국 고양이,암컷,경기도 파주시,한국동물구조관리협회,37.7598955,126.7801502
2025-04-28,개,믹스견,암컷,경기도 안산시,한국야생동물보호협회,37.3217152,126.8308604
2025-04-28,개,믹스견,수컷,경기도 안산시,한국야생동물보호협회,37.3217152,126.8308604
2025-04-28,개,프렌치 불독,암컷,경기도 동두천시,한국동물구조관리협회,37.9030856,127.0605175
2025-04-28,고양이,한국 고양이,암컷,인천광역시 부평구,늘푸른동물병원,37.5070221,126.7220068
2025-04-28,고양이,한국 고양이,암컷,인천광역시 부평구,늘푸른동물병원,37.5070221,126.7220068
2025-04-28,고양이,한국 고양이,미상,대구광역시 군위군,군위종합동물병원,36.2425017,128.5732027
2025-04-28,고양이,한국 고양이,미상,대구광역시 군위군,군위종합동물병원,36.2425017,128.5732027
2025-04-28,개,믹스견,암컷,대구광역시 달성군,현풍동물병원,35.7753,128.4312
2025-04-28,개,시바,암컷,대구광역시 동구,대구유기동물보호센터,35.8865,128.6355
2025-04-28,고양이,한국 고양이,암컷,부산광역시 기장군,사단법인 동부,35.2447818,129.2215462
2025-04-28,개,믹스견,수컷,부산광역시 사상구,(사)하얀비둘기,35.1521,128.9911
2025-04-28,고양이,한국 고양이,수컷,부산광역시 사상구,(사)하얀비둘기,35.1521,128.9911
2025-04-28,고양이,한국 고양이,수컷,부산광역시 사상구,(사)하얀비둘기,35.1521,128.9911
2025-04-28,고양이,한국 고양이,수컷,부산광역시 사상구,(사)하얀비둘기,35.1521,128.9911
2025-04-28,고양이,한국 고양이,암컷,부산광역시 사상구,(사)하얀비둘기,35.1521,128.9911
2025-04-28,고양이,한국 고양이,암컷,부산광역시 사상구,(사)하얀비둘기,35.1521,128.9911
2025-04-28,고양이,한국 고양이,암컷,부산광역시 사상구,(사)하얀비둘기,35.1521,128.9911
2025-04-28,고양이,한국 고양이,암컷,부산광역시 사하구,(사)하얀비둘기,35.1041,128.9751
2025-04-28,고양이,한국 고양이,수컷,부산광역시 사하구,(사)하얀비둘기,35.1041,128.9751
2025-04-28,고양이,한국 고양이,수컷,부산광역시 사하구,(사)하얀비둘기,35.1041,128.9751
2025-04-28,고양이,한국 고양이,수컷,부산광역시 사하구,(사)하얀비둘기,35.1041,128.9751
2025-04-28,고양이,한국 고양이,암컷,부산광역시 사하구,(사)하얀비둘기,35.1041,128.9751
2025-04-28,기타,닭,미상,부산광역시 해운대구,동부유기동물보호협회,35.1629,129.1638
2025-04-28,고양이,믹스묘,수컷,부산광역시 해운대구,동부유기동물보호협회,35.1629,129.1638
2025-04-28,개,믹스견,암컷,제주특별자치도 제주특별자치도,제주 동물보호센터,33.4887737,126.4987083
2025-04-28,개,푸들,수컷,세종특별자치시 세종특별자치시,세종유기동물보호센터,36.4799999,127.289
2025-04-28,개,믹스견,수컷,경상남도 창원시,창원유기동물보호소,35.227956,128.6818586
2025-04-28,개,믹스견,암컷,경상남도 창원시,창원유기동물보호소,35.227956,128.6818586
2025-04-28,개,믹스견,수컷,경상남도 창원시,창원유기동물보호소,35.227956,128.6818586
2025-04-28,개,믹스견,암컷,경상남도 창원시,창원유기동물보호소,35.227956,128.6818586
2025-04-28,개,믹스견,수컷,경상남도 창원시,창원유기동물보호소,35.227956,128.6818586
2025-04-28,개,믹스견,수컷,경상남도 창원시,창원유기동물보호소,35.227956,128.6818586
2025-04-28,개,진도견,수컷,경상남도 거창군,나래동물병원,35.6872871,127.9138505
2025-04-28,개,믹스견,암컷,경상남도 창녕군,창녕 유기동물보호소,35.5443876,128.4921938
2025-04-28,개,믹스견,암컷,경상남도 창녕군,창녕 유기동물보호소,35.5443876,128.4921938
2025-04-28,개,믹스견,수컷,경상남도 의령군,의령군 동물보호센터,35.322003,128.2617827
2025-04-28,개,믹스견,암컷,경상남도 의령군,의령군 동물보호센터,35.322003,128.2617827
2025-04-28,개,믹스견,암컷,경상남도 의령군,의령군 동물보호센터,35.322003,128.2617827
2025-04-28,개,믹스견,암컷,경상남도 의령군,의령군 동물보호센터,35.322003,128.2617827
2025-04-28,개,믹스견,수컷,경상남도 의령군,의령군 동물보호센터,35.322003,128.2617827
2025-04-28,개,믹스견,암컷,경상남도 거제시,거제시유기동물보호소,34.8804677,128.621207
2025-04-28,개,믹스견,암컷,경상남도 밀양시,밀양시 동물보호센터,35.503839,128.7466992
2025-04-28,개,믹스견,수컷,경상남도 밀양시,밀양시 동물보호센터,35.503839,128.7466992
2025-04-28,개,믹스견,암컷,경상남도 밀양시,밀양시 동물보호센터,35.503839,128.7466992
2025-04-28,개,믹스견,암컷,경상남도 밀양시,밀양시 동물보호센터,35.503839,128.7466992
2025-04-28,개,믹스견,암컷,경상남도 김해시,(사)동물보호관리협회,35.2310947,128.8908228
2025-04-28,개,믹스견,수컷,경상남도 사천시,사천시 동물보호센터,35.003468,128.064562
2025-04-28,개,믹스견,암컷,경상남도 창원시,진해유기동물보호소,35.227956,128.6818586
2025-04-28,개,믹스견,수컷,경상남도 창원시,진해유기동물보호소,35.227956,128.6818586
2025-04-28,개,믹스견,암컷,경상북도 칠곡군,칠곡유기동물보호센터,35.995,128.4017
2025-04-28,개,믹스견,암컷,경상북도 포항시,(사)영일동물플러스,36.0189315,129.3429384
2025-04-28,개,믹스견,암컷,경상북도 포항시,(사)영일동물플러스,36.0189315,129.3429384
2025-04-28,개,믹스견,암컷,경상북도 포항시,(사)영일동물플러스,36.0189315,129.3429384
2025-04-28,개,믹스견,암컷,경상북도 포항시,(사)영일동물플러스,36.0189315,129.3429384
2025-04-28,개,믹스견,수컷,전라남도 영광군,영광동물보호센터,35.2769282,126.5124504
2025-04-28,개,믹스견,수컷,전라남도 함평군,학교임시동물보호센터,35.0656537,126.5166414
2025-04-28,개,믹스견,수컷,전라남도 무안군,무안군유기동물보호소,34.9905794,126.4812377
2025-04-28,개,믹스견,암컷,전라남도 무안군,무안군유기동물보호소,34.9905794,126.4812377
2025-04-28,개,믹스견,수컷,전라남도 영암군,유기동물 삼호 보호소,34.800052,126.6970381
2025-04-28,개,믹스견,수컷,전라남도 순천시,순천시유기동물보호소,34.9505457,127.4872992
2025-04-28,개,믹스견,암컷,전라남도 순천시,순천시유기동물보호소,34.9505457,127.4872992
2025-04-28,개,믹스견,암컷,전라남도 순천시,순천시유기동물보호소,34.9505457,127.4872992
2025-04-28,기타,미어캣,수컷,전라남도 순천시,순천시유기동물보호소,34.9505457,127.4872992
2025-04-28,개,삽살개,수컷,전라남도 순천시,순천시유기동물보호소,34.9505457,127.4872992
2025-04-28,고양이,믹스묘,미상,전북특별자치도 부안군,부안군 동물보호센터,35.7316783,126.7330195
2025-04-28,고양이,믹스묘,미상,전북특별자치도 부안군,부안군 동물보호센터,35.7316783,126.7330195
2025-04-28,고양이,믹스묘,미상,전북특별자치도 부안군,부안군 동물보호센터,35.7316783,126.7330195
2025-04-28,고양이,믹스묘,미상,전북특별자치도 부안군,부안군 동물보호센터,35.7316783,126.7330195
2025-04-28,고양이,믹스묘,미상,전북특별자치도 부안군,부안군 동물보호센터,35.7316783,126.7330195
2025-04-28,고양이,믹스묘,미상,전북특별자치도 부안군,부안군 동물보호센터,35.7316783,126.7330195
2025-04-28,개,시베리안 허스키,암컷,전북특별자치도 순창군,순창유기동물보호소,35.3741,127.1374
2025-04-28,개,믹스견,암컷,전북특별자치도 장수군,장수군 보호소,35.647,127.5212
2025-04-28,개,믹스견,수컷,전북특별자치도 김제시,전북말산업복합센터,35.803815,126.880557
2025-04-28,기타,토끼,암컷,전북특별자치도 전주시,프렌즈동물병원,35.8237631,127.1472805
2025-04-28,개,믹스견,수컷,전북특별자치도 전주시,패밀리동물병원,35.8237631,127.1472805
2025-04-28,개,믹스견,암컷,전북특별자치도 전주시,패밀리동물병원,35.8237631,127.1472805
2025-04-28,개,푸들,수컷,전북특별자치도 전주시,효자동물병원,35.8237631,127.1472805
2025-04-28,개,믹스견,암컷,충청남도 당진시,당진시동물보호소,36.8904083,126.6461833
2025-04-28,개,믹스견,암컷,충청남도 보령시,보령시유기동물보호소,36.33401,126.613165
2025-04-28,개,믹스견,수컷,충청남도 보령시,보령시유기동물보호소,36.33401,126.613165
2025-04-28,개,믹스견,암컷,충청북도 청주시,반려동물보호센터,36.6421169,127.4891742
2025-04-28,개,믹스견,암컷,충청북도 청주시,반려동물보호센터,36.6421169,127.4891742
2025-04-28,개,믹스견,수컷,충청북도 청주시,반려동물보호센터,36.6421169,127.4891742
2025-04-28,개,믹스견,암컷,충청북도 청주시,반려동물보호센터,36.6421169,127.4891742
2025-04-28,개,믹스견,암컷,충청북도 청주시,반려동물보호센터,36.6421169,127.4891742
2025-04-28,개,믹스견,암컷,충청북도 청주시,반려동물보호센터,36.6421169,127.4891742
2025-04-28,개,믹스견,수컷,충청북도 단양군,단양군동물보호센터,36.9848,128.3659
2025-04-28,개,믹스견,수컷,충청북도 음성군,금왕동물병원,36.94,127.6906
2025-04-28,개,믹스견,수컷,충청북도 음성군,금왕동물병원,36.94,127.6906
2025-04-28,개,믹스견,암컷,충청북도 음성군,금왕동물병원,36.94,127.6906
2025-04-28,개,믹스견,암컷,충청북도 음성군,금왕동물병원,36.94,127.6906
2025-04-28,개,믹스견,암컷,충청북도 음성군,금왕동물병원,36.94,127.6906
2025-04-28,개,믹스견,수컷,충청북도 음성군,금왕동물병원,36.94,127.6906
2025-04-28,개,비숑 프리제,수컷,충청북도 옥천군,옥천동물병원,36.3061692,127.571482
2025-04-28,개,믹스견,암컷,충청북도 제천시,제천시 동물보호센터,37.1326042,128.1913508
2025-04-28,개,믹스견,암컷,충청북도 제천시,제천시 동물보호센터,37.1326042,128.1913508
2025-04-28,개,믹스견,수컷,충청북도 충주시,충주시동물보호센터,36.9907334,127.9259891
2025-04-28,개,믹스견,수컷,강원특별자치도 고성군,유기견임시보호소,38.3808,128.4678
2025-04-28,개,믹스견,수컷,강원특별자치도 철원군,철원군,38.1468023,127.3133
2025-04-28,개,믹스견,암컷,강원특별자치도 철원군,철원군,38.1468023,127.3133
2025-04-28,개,믹스견,암컷,강원특별자치도 철원군,철원군,38.1468023,127.3133
2025-04-28,개,믹스견,수컷,강원특별자치도 철원군,철원군,38.1468023,127.3133
2025-04-28,개,믹스견,수컷,강원특별자치도 강릉시,강릉시 동물사랑센터,37.7525313,128.8759523
2025-04-28,고양이,한국 고양이,수컷,강원특별자치도 춘천시,춘천시 동물보호센터,37.8810569,127.7297641
2025-04-28,개,푸들,암컷,경기도 광주시,광주TNR동물병원초월,37.4290844,127.255189
2025-04-28,개,믹스견,수컷,경기도 양평군,양평군유기동물보호소,37.4916,127.4875
2025-04-28,개,믹스견,암컷,경기도 가평군,가평군유기동물보호소,37.8314,127.5098
2025-04-28,개,믹스견,수컷,경기도 안성시,안성시 동물보호센터,37.007773,127.279971
2025-04-28,개,믹스견,수컷,경기도 안성시,안성시 동물보호센터,37.007773,127.279971
2025-04-28,개,스피츠,수컷,경기도 의왕시,한국야생동물보호협회,37.3449082,126.9689861
2025-04-28,개,시츄,암컷,경기도 시흥시,시흥동물누리보호센터,37.3798891,126.8032255
2025-04-28,개,믹스견,암컷,경기도 오산시,오산 유기동물보호소,37.1499376,127.0774625
2025-04-28,개,믹스견,수컷,경기도 남양주시,남양주시동물보호센터,37.6359398,127.2165051
2025-04-28,기타,닭,미상,경기도 고양시,고양시동물보호센터,37.6581862,126.8319452
2025-04-28,고양이,한국 고양이,수컷,경기도 평택시,평택시유기동물보호소,36.9924966,127.1127168
2025-04-28,개,믹스견,수컷,경기도 평택시,평택시유기동물보호소,36.9924966,127.1127168
2025-04-28,개,믹스견,수컷,경기도 평택시,평택시유기동물보호소,36.9924966,127.1127168
2025-04-28,개,믹스견,수컷,울산광역시 남구,강남동물병원,35.4984869,129.3459362
2025-04-28,개,말티즈,수컷,울산광역시 남구,강남동물병원,35.4984869,129.3459362
2025-04-28,개,말티즈,암컷,광주광역시 북구,광주동물보호센터,35.1741,126.9122
2025-04-28,개,믹스견,암컷,인천광역시 강화군,디디동물병원,37.746,126.488
2025-04-28,개,믹스견,암컷,인천광역시 서구,우리동물병원,37.545,126.676
2025-04-28,개,믹스견,수컷,인천광역시 서구,우리동물병원,37.545,126.676
2025-04-28,고양이,한국 고양이,수컷,대구광역시 달성군,119동물병원,35.7753,128.4312
2025-04-28,고양이,한국 고양이,암컷,대구광역시 달성군,119동물병원,35.7753,128.4312
2025-04-28,고양이,한국 고양이,수컷,대구광역시 서구,대구시수의사회(평리),35.8716,128.5591
2025-04-28,고양이,한국 고양이,수컷,대구광역시 서구,대구시수의사회(평리),35.8716,128.5591
2025-04-28,고양이,한국 고양이,암컷,대구광역시 서구,대구시수의사회(보경),35.8716,128.5591
2025-04-28,고양이,한국 고양이,수컷,대구광역시 서구,대구시수의사회(보경),35.8716,128.5591
2025-04-28,개,믹스견,암컷,대구광역시 동구,대구유기동물보호센터,35.8865,128.6355
2025-04-28,개,믹스견,암컷,대구광역시 동구,대구유기동물보호센터,35.8865,128.6355
2025-04-28,개,믹스견,암컷,대구광역시 동구,대구유기동물보호센터,35.8865,128.6355
2025-04-28,개,믹스견,암컷,대구광역시 동구,대구유기동물보호센터,35.8865,128.6355
2025-04-28,개,믹스견,암컷,대구광역시 동구,대구유기동물보호센터,35.8865,128.6355
2025-04-28,개,믹스견,암컷,대구광역시 동구,대구유기동물보호센터,35.8865,128.6355
2025-04-28,개,믹스견,암컷,대구광역시 동구,대구유기동물보호센터,35.8865,128.6355
2025-04-28,고양이,터키시 앙고라,미상,서울특별시 관악구,디아크 동물종합병원,37.4782,126.9518
2025-04-27,기타,기니피그,미상,울산광역시 중구,울산유기동물보호센터,35.5693863,129.3327997
2025-04-27,고양이,한국 고양이,암컷,인천광역시 계양구,신영재동물병원,37.5373539,126.7379078
2025-04-27,고양이,한국 고양이,수컷,인천광역시 계양구,신영재동물병원,37.5373539,126.7379078
2025-04-27,고양이,한국 고양이,암컷,인천광역시 계양구,신영재동물병원,37.5373539,126.7379078
2025-04-27,고양이,한국 고양이,수컷,인천광역시 계양구,신영재동물병원,37.5373539,126.7379078
2025-04-27,개,믹스견,암컷,전라남도 나주시,나주유기동물보호센터,35.0158859,126.7108313
2025-04-27,개,믹스견,수컷,전라남도 나주시,나주유기동물보호센터,35.0158859,126.7108313
2025-04-27,개,믹스견,수컷,전라남도 나주시,나주유기동물보호센터,35.0158859,126.7108313
2025-04-27,개,믹스견,암컷,전라남도 나주시,나주유기동물보호센터,35.0158859,126.7108313
2025-04-27,개,믹스견,암컷,전라남도 나주시,나주유기동물보호센터,35.0158859,126.7108313
2025-04-27,고양이,한국 고양이,암컷,인천광역시 부평구,삼산종합동물병원,37.5070221,126.7220068
2025-04-27,개,믹스견,암컷,인천광역시 부평구,삼산종합동물병원,37.5070221,126.7220068
2025-04-27,개,믹스견,수컷,경상남도 남해군,남해군동물보호센터,34.8374437,127.8925589
2025-04-27,개,믹스견,수컷,경상북도 영주시,영주시 동물보호센터,36.805685,128.624054
2025-04-27,개,믹스견,암컷,경상북도 영주시,영주시 동물보호센터,36.805685,128.624054
2025-04-27,개,믹스견,암컷,전라남도 영광군,영광동물보호센터,35.2769282,126.5124504
2025-04-27,개,믹스견,수컷,전라남도 영광군,영광동물보호센터,35.2769282,126.5124504
2025-04-27,개,믹스견,수컷,전라남도 영광군,영광동물보호센터,35.2769282,126.5124504
2025-04-27,개,시베리안 허스키,수컷,전라남도 보성군,보성유기동물보호센터,34.7711356,127.0798978
2025-04-27,개,믹스견,수컷,전북특별자치도 익산시,익산유기동물보호소,35.9479291,126.9578025
2025-04-27,개,말티즈,암컷,전북특별자치도 군산시,군산유기동물보호센터,35.9679984,126.7369036
2025-04-27,개,미니어쳐 닥스훈트,암컷,충청남도 논산시,논산시 동물보호센터,36.1868154,127.0987538
2025-04-27,개,믹스견,암컷,충청남도 서산시,서산시 동물보호센터,36.784499,126.450317
2025-04-27,개,믹스견,수컷,충청남도 서산시,서산시 동물보호센터,36.784499,126.450317
2025-04-27,개,믹스견,수컷,충청남도 서산시,서산시 동물보호센터,36.784499,126.450317
2025-04-27,개,믹스견,수컷,충청남도 서산시,서산시 동물보호센터,36.784499,126.450317
2025-04-27,개,스탠다드 푸들,암컷,충청남도 보령시,보령시유기동물보호소,36.33401,126.613165
2025-04-27,개,믹스견,수컷,충청남도 보령시,보령시유기동물보호소,36.33401,126.613165
2025-04-27,개,믹스견,수컷,경기도 김포시,한국동물구조관리협회,37.6155683,126.7157798
2025-04-27,개,포메라니안,암컷,경기도 의정부시,한국동물구조관리협회,37.7380747,127.0339665
2025-04-27,개,믹스견,수컷,경기도 수원시,수원시 동물보호센터,37.2633325,127.0287472
2025-04-27,개,믹스견,수컷,울산광역시 울주군,울산유기동물보호센터,35.5222362,129.2423693
2025-04-27,개,믹스견,수컷,울산광역시 울주군,울산유기동물보호센터,35.5222362,129.2423693
2025-04-27,개,믹스견,암컷,울산광역시 울주군,울산유기동물보호센터,35.5222362,129.2423693
2025-04-27,개,믹스견,수컷,울산광역시 울주군,울산유기동물보호센터,35.5222362,129.2423693
2025-04-27,개,믹스견,수컷,울산광역시 울주군,울산유기동물보호센터,35.5222362,129.2423693
2025-04-27,개,믹스견,수컷,울산광역시 울주군,울산유기동물보호센터,35.5222362,129.2423693
2025-04-27,개,믹스견,수컷,울산광역시 북구,울산유기동물보호센터,35.5826,129.3604
2025-04-27,고양이,한국 고양이,수컷,부산광역시 기장군,사단법인 동부,35.2447818,129.2215462
2025-04-27,고양이,믹스묘,수컷,부산광역시 수영구,(사)동부동물보호협회,35.1454,129.1127
2025-04-27,개,푸들,수컷,부산광역시 강서구,(사)하얀비둘기,35.212,128.9805
2025-04-27,개,믹스견,암컷,부산광역시 사하구,(사)하얀비둘기,35.1041,128.9751
2025-04-27,고양이,믹스묘,암컷,부산광역시 해운대구,동부유기동물보호협회,35.1629,129.1638
2025-04-27,고양이,한국 고양이,암컷,서울특별시 송파구,한국동물구조관리협회,37.5145,127.1058
2025-04-27,고양이,러시안 블루,암컷,서울특별시 관악구,디아크 동물종합병원,37.4782,126.9518
2025-04-27,개,믹스견,수컷,서울특별시 금천구,한국동물구조관리협회,37.4565,126.8954
2025-04-27,개,푸들,수컷,서울특별시 노원구,한국동물구조관리협회,37.654,127.0567
2025-04-27,개,스탠다드 닥스훈트,수컷,서울특별시 도봉구,한국동물구조관리협회,37.6686,127.0466
2025-04-27,고양이,한국 고양이,암컷,서울특별시 성동구,한국동물구조관리협회,37.5635,127.0365
2025-04-27,개,믹스견,암컷,경상남도 밀양시,밀양시 동물보호센터,35.503839,128.7466992
2025-04-27,개,믹스견,암컷,경상남도 밀양시,밀양시 동물보호센터,35.503839,128.7466992
2025-04-27,개,믹스견,수컷,경상남도 밀양시,밀양시 동물보호센터,35.503839,128.7466992
2025-04-27,개,믹스견,암컷,경상남도 밀양시,밀양시 동물보호센터,35.503839,128.7466992
2025-04-27,개,믹스견,암컷,경상남도 밀양시,밀양시 동물보호센터,35.503839,128.7466992
2025-04-27,개,믹스견,암컷,경상남도 밀양시,밀양시 동물보호센터,35.503839,128.7466992
2025-04-27,개,믹스견,수컷,경상남도 밀양시,밀양시 동물보호센터,35.503839,128.7466992
2025-04-27,개,믹스견,수컷,경상남도 진주시,진주시동물보호센터,35.1803459,128.1079953
2025-04-27,개,말티즈,수컷,경상북도 성주군,성주유기동물보호센터,35.9190065,128.283486
2025-04-27,개,보더콜리믹스견인듯,암컷,경상북도 성주군,성주유기동물보호센터,35.9190065,128.283486
2025-04-27,개,보더콜리믹,암컷,경상북도 성주군,성주유기동물보호센터,35.9190065,128.283486
2025-04-27,개,보더콜리믹스견인듯,수컷,경상북도 성주군,성주유기동물보호센터,35.9190065,128.283486
2025-04-27,개,말티즈,수컷,전라남도 함평군,학교임시동물보호센터,35.0656537,126.5166414
2025-04-27,개,믹스견,수컷,강원특별자치도 인제군,인제군동물보호센터,38.0694,128.1706
2025-04-27,고양이,한국 고양이,수컷,광주광역시 광산구,광주동물보호센터,35.1396428,126.7938232
2025-04-26,고양이,코숏,미상,대전광역시 동구,대전동물보호센터,36.3120051,127.4554285
2025-04-26,고양이,코숏,미상,대전광역시 동구,대전동물보호센터,36.3120051,127.4554285
2025-04-26,고양이,코숏,미상,대전광역시 동구,대전동물보호센터,36.3120051,127.4554285
2025-04-26,고양이,코숏,미상,대전광역시 동구,대전동물보호센터,36.3120051,127.4554285
2025-04-26,개,믹스견,수컷,경상북도 예천군,예천군유기동물보호소,36.6462999,128.4376
2025-04-26,고양이,한국 고양이,암컷,경상남도 김해시,(사)동물보호관리협회,35.2310947,128.8908228
2025-04-26,개,믹스견,수컷,전북특별자치도 부안군,부안군 동물보호센터,35.7316783,126.7330195
2025-04-26,개,믹스견,암컷,전북특별자치도 부안군,부안군 동물보호센터,35.7316783,126.7330195
2025-04-26,개,믹스견,암컷,전북특별자치도 부안군,부안군 동물보호센터,35.7316783,126.7330195
2025-04-26,개,믹스견,암컷,전북특별자치도 부안군,부안군 동물보호센터,35.7316783,126.7330195
2025-04-26,개,믹스견,수컷,전북특별자치도 익산시,익산유기동물보호소,35.9479291,126.9578025
2025-04-26,개,믹스견,수컷,전북특별자치도 익산시,익산유기동물보호소,35.9479291,126.9578025
2025-04-26,개,믹스견,암컷,충청남도 서산시,서산시 동물보호센터,36.784499,126.450317
2025-04-26,개,믹스견,암컷,충청남도 아산시,아산동물복지지원센터,36.7899498,127.0026769
2025-04-26,고양이,한국 고양이,수컷,충청북도 영동군,최종주동물병원,36.1747588,127.7834432
2025-04-26,개,믹스견,암컷,충청북도 영동군,최종주동물병원,36.1747588,127.7834432
2025-04-26,개,믹스견,수컷,충청북도 영동군,최종주동물병원,36.1747588,127.7834432
2025-04-26,개,믹스견,암컷,경기도 포천시,한국동물구조관리협회,37.8948267,127.2007295
2025-04-26,고양이,한국 고양이,암컷,경기도 포천시,한국동물구조관리협회,37.8948267,127.2007295
2025-04-26,개,믹스견,수컷,경기도 양주시,한국동물구조관리협회,37.7849312,127.0457771
2025-04-26,고양이,한국 고양이,수컷,경기도 파주시,한국동물구조관리협회,37.7598955,126.7801502
2025-04-26,고양이,한국 고양이,수컷,경기도 파주시,한국동물구조관리협회,37.7598955,126.7801502
2025-04-26,개,믹스견,수컷,경기도 안산시,한국야생동물보호협회,37.3217152,126.8308604
2025-04-26,개,푸들,수컷,경기도 안산시,한국야생동물보호협회,37.3217152,126.8308604
2025-04-26,개,믹스견,수컷,울산광역시 울주군,울산유기동물보호센터,35.5222362,129.2423693
2025-04-26,개,믹스견,암컷,울산광역시 울주군,울산유기동물보호센터,35.5222362,129.2423693
2025-04-26,개,믹스견,미상,울산광역시 울주군,울산유기동물보호센터,35.5222362,129.2423693
2025-04-26,개,푸들,수컷,울산광역시 동구,울산유기동물보호센터,35.5046663,129.4170114
2025-04-26,고양이,한국 고양이,수컷,인천광역시 서구,우리동물병원,37.545,126.676
2025-04-26,고양이,한국 고양이,암컷,대구광역시 달성군,화원연합동물병원,35.7753,128.4312
2025-04-26,고양이,한국 고양이,미상,대구광역시 달성군,화원연합동물병원,35.7753,128.4312
2025-04-26,고양이,한국 고양이,암컷,부산광역시 기장군,사단법인 동부,35.2447818,129.2215462
2025-04-26,고양이,믹스묘,암컷,부산광역시 수영구,(사)동부동물보호협회,35.1454,129.1127
2025-04-26,개,푸들,암컷,부산광역시 수영구,(사)동부동물보호협회,35.1454,129.1127
2025-04-26,개,미니어쳐 닥스훈트,암컷,부산광역시 금정구,동부동물보호협회,35.2429,129.0926
2025-04-26,개,믹스견,암컷,부산광역시 서구,부산동물보호센터,35.0974999,129.0241
2025-04-26,개,믹스견,수컷,서울특별시 서초구,한국동물구조관리협회,37.4835,127.0322
2025-04-26,개,믹스견,암컷,서울특별시 은평구,한국동물구조관리협회,37.6024,126.9293
2025-04-26,개,믹스견,수컷,서울특별시 노원구,한국동물구조관리협회,37.654,127.0567
2025-04-26,개,믹스견,수컷,경상남도 김해시,(사)동물보호관리협회,35.2310947,128.8908228
2025-04-26,개,믹스견,암컷,경상남도 김해시,(사)동물보호관리협회,35.2310947,128.8908228
2025-04-26,개,믹스견,암컷,경상남도 김해시,(사)동물보호관리협회,35.2310947,128.8908228
2025-04-26,개,믹스견,수컷,경상남도 남해군,남해군동물보호센터,34.8374437,127.8925589
2025-04-26,개,믹스견,수컷,경상남도 창원시,진해유기동물보호소,35.227956,128.6818586
2025-04-26,개,믹스견,수컷,경상북도 상주시,상주시 동물보호센터,36.4104478,128.1590614
2025-04-26,개,믹스견,수컷,경상남도 창원시,창원유기동물보호소,35.227956,128.6818586
2025-04-26,개,믹스견,수컷,경상남도 거제시,거제시유기동물보호소,34.8804677,128.621207
2025-04-26,개,믹스견,암컷,경상남도 밀양시,밀양시 동물보호센터,35.503839,128.7466992
2025-04-26,개,믹스견,암컷,경상남도 밀양시,밀양시 동물보호센터,35.503839,128.7466992
2025-04-26,개,믹스견,암컷,경상남도 밀양시,밀양시 동물보호센터,35.503839,128.7466992
2025-04-26,개,골든 리트리버,수컷,경상남도 밀양시,밀양시 동물보호센터,35.503839,128.7466992
2025-04-26,고양이,한국 고양이,미상,경상남도 밀양시,밀양시 동물보호센터,35.503839,128.7466992
2025-04-26,고양이,한국 고양이,미상,경상남도 밀양시,밀양시 동물보호센터,35.503839,128.7466992
2025-04-26,개,믹스견,암컷,경상북도 청도군,청도군동물보호센터,35.6473012,128.7348468
2025-04-26,개,믹스견,수컷,경상북도 청도군,청도군동물보호센터,35.6473012,128.7348468
2025-04-26,개,믹스견,수컷,경상북도 청도군,청도군동물보호센터,35.6473012,128.7348468
2025-04-26,개,믹스견,암컷,경상북도 청도군,청도군동물보호센터,35.6473012,128.7348468
2025-04-26,개,믹스견,암컷,경상북도 청도군,청도군동물보호센터,35.6473012,128.7348468
2025-04-26,개,믹스견,수컷,경상북도 영덕군,영덕유기동물보호센터,36.4149,129.3659
2025-04-26,개,믹스견,암컷,경상북도 경주시,경주동물사랑보호센터,35.8556705,129.2248811
2025-04-26,개,믹스견,암컷,경상북도 경주시,경주동물사랑보호센터,35.8556705,129.2248811
2025-04-26,개,믹스견,암컷,경상북도 경주시,경주동물사랑보호센터,35.8556705,129.2248811
2025-04-26,개,믹스견,암컷,경상북도 경주시,경주동물사랑보호센터,35.8556705,129.2248811
2025-04-26,개,믹스견,암컷,경상북도 포항시,(사)영일동물플러스,36.0189315,129.3429384
2025-04-26,개,믹스견,수컷,전라남도 나주시,나주유기동물보호센터,35.0158859,126.7108313
2025-04-26,개,믹스견,수컷,전라남도 나주시,나주유기동물보호센터,35.0158859,126.7108313
2025-04-26,개,믹스견,수컷,전라남도 나주시,나주유기동물보호센터,35.0158859,126.7108313
2025-04-26,개,믹스견,암컷,전라남도 나주시,나주유기동물보호센터,35.0158859,126.7108313
2025-04-26,개,믹스견,수컷,전라남도 나주시,나주유기동물보호센터,35.0158859,126.7108313
2025-04-26,개,믹스견,암컷,전라남도 나주시,나주유기동물보호센터,35.0158859,126.7108313
2025-04-26,고양이,한국 고양이,암컷,전라남도 나주시,나주유기동물보호센터,35.0158859,126.7108313
2025-04-26,고양이,한국 고양이,암컷,전라남도 나주시,나주유기동물보호센터,35.0158859,126.7108313
2025-04-26,개,말티즈,수컷,전라남도 목포시,목포시유기동물보호소,34.7903335,126.3847547
2025-04-26,개,믹스견,암컷,전라남도 목포시,목포시유기동물보호소,34.7903335,126.3847547
2025-04-26,개,믹스견,수컷,전북특별자치도 남원시,하나동물병원,35.4163118,127.3903713
2025-04-26,개,믹스견,암컷,전북특별자치도 남원시,하나동물병원,35.4163118,127.3903713
2025-04-26,고양이,믹스묘,수컷,전북특별자치도 남원시,하나동물병원,35.4163118,127.3903713
2025-04-26,고양이,믹스묘,수컷,전북특별자치도 남원시,하나동물병원,35.4163118,127.3903713
2025-04-26,고양이,믹스묘,암컷,전북특별자치도 남원시,하나동물병원,35.4163118,127.3903713
2025-04-26,고양이,믹스묘,암컷,전북특별자치도 남원시,하나동물병원,35.4163118,127.3903713
2025-04-26,개,믹스견,수컷,전북특별자치도 전주시,링크늘푸른동물병원,35.8237631,127.1472805
2025-04-26,개,믹스견,암컷,충청남도 부여군,남부여동물보호소,36.2753678,126.910107
2025-04-26,개,믹스견,수컷,충청남도 부여군,남부여동물보호소,36.2753678,126.910107
2025-04-26,기타,닭,미상,충청남도 천안시,천안시 동물보호센터,36.8150283,127.1140654
2025-04-26,개,믹스견,암컷,충청북도 음성군,금왕동물병원,36.94,127.6906
2025-04-26,개,믹스견,수컷,충청북도 음성군,금왕동물병원,36.94,127.6906
2025-04-26,개,믹스견,수컷,충청북도 음성군,금왕동물병원,36.94,127.6906
2025-04-26,개,믹스견,수컷,충청북도 음성군,금왕동물병원,36.94,127.6906
2025-04-26,개,믹스견,암컷,충청북도 음성군,금왕동물병원,36.94,127.6906
2025-04-26,개,믹스견,수컷,충청북도 음성군,금왕동물병원,36.94,127.6906
2025-04-26,개,믹스견,수컷,충청북도 음성군,금왕동물병원,36.94,127.6906
2025-04-26,개,믹스견,수컷,충청북도 음성군,금왕동물병원,36.94,127.6906
2025-04-26,개,믹스견,암컷,충청북도 음성군,금왕동물병원,36.94,127.6906
2025-04-26,개,믹스견,암컷,강원특별자치도 춘천시,춘천시 동물보호센터,37.8810569,127.7297641
2025-04-26,개,치와와,암컷,경기도 여주시,위더스 동물보호센터,37.2982901,127.637033
2025-04-26,개,치와와,암컷,경기도 여주시,위더스 동물보호센터,37.2982901,127.637033
2025-04-26,개,믹스견,암컷,경기도 이천시,위더스 동물보호센터,37.2808823,127.4429132
2025-04-26,개,믹스견,암컷,경기도 이천시,위더스 동물보호센터,37.2808823,127.4429132
2025-04-26,개,믹스견,수컷,경기도 고양시,고양시동물보호센터,37.6581862,126.8319452
2025-04-26,개,믹스견,수컷,경기도 안산시,한국야생동물보호협회,37.3217152,126.8308604
2025-04-26,개,믹스견,수컷,경기도 평택시,평택시유기동물보호소,36.9924966,127.1127168
2025-04-26,개,믹스견,암컷,경기도 평택시,평택시유기동물보호소,36.9924966,127.1127168
2025-04-26,개,믹스견,암컷,경기도 평택시,평택시유기동물보호소,36.9924966,127.1127168
2025-04-26,개,믹스견,암컷,경기도 평택시,평택시유기동물보호소,36.9924966,127.1127168
2025-04-26,개,믹스견,암컷,경기도 평택시,평택시유기동물보호소,36.9924966,127.1127168
2025-04-26,개,믹스견,암컷,경기도 평택시,평택시유기동물보호소,36.9924966,127.1127168
2025-04-26,개,아메리칸 아키다,수컷,경기도 평택시,평택시유기동물보호소,36.9924966,127.1127168
2025-04-26,고양이,한국 고양이,수컷,울산광역시 남구,강남동물병원,35.4984869,129.3459362
2025-04-26,개,믹스견,수컷,광주광역시 남구,광주동물보호센터,35.1327,126.9025
2025-04-26,개,믹스견,암컷,광주광역시 남구,광주동물보호센터,35.1327,126.9025
2025-04-26,개,믹스견,수컷,광주광역시 남구,광주동물보호센터,35.1327,126.9025
2025-04-26,개,말티즈,수컷,인천광역시 중구,경동동물병원,37.4735389,126.6214081
2025-04-26,고양이,한국 고양이,미상,대구광역시 군위군,군위종합동물병원,36.2425017,128.5732027
2025-04-26,고양이,한국 고양이,암컷,대구광역시 군위군,군위종합동물병원,36.2425017,128.5732027
2025-04-26,기타,올빼미,미상,대구광역시 군위군,군위종합동물병원,36.2425017,128.5732027
2025-04-26,고양이,한국 고양이,암컷,대구광역시 서구,대구시수의사회(삼성),35.8716,128.5591
2025-04-26,개,포메라니안,암컷,부산광역시 강서구,(사)하얀비둘기,35.212,128.9805
2025-04-25,개,믹스견,암컷,경상북도 영천시,영천유기동물보호센터,35.98842,128.942
2025-04-25,개,믹스견,암컷,경상북도 영천시,영천유기동물보호센터,35.98842,128.942
2025-04-25,개,믹스견,암컷,경상북도 예천군,예천군유기동물보호소,36.6462999,128.4376
2025-04-25,개,믹스견,암컷,전라남도 장성군,장성군동물보호센터,35.3017065,126.7844061
2025-04-25,개,믹스견,암컷,경상남도 고성군,고성군유기동물보호소,34.9732784,128.322233
2025-04-25,개,믹스견,암컷,경상남도 고성군,고성군유기동물보호소,34.9732784,128.322233
2025-04-25,개,믹스견,수컷,경상남도 고성군,고성군유기동물보호소,34.9732784,128.322233
2025-04-25,개,믹스견,수컷,경상남도 고성군,고성군유기동물보호소,34.9732784,128.322233
2025-04-25,개,믹스견,수컷,경상남도 통영시,통영시동물보호센터,34.854254,128.433205
2025-04-25,개,페키니즈,수컷,경상북도 안동시,유기동물보호센터,36.5634886,128.7260798
2025-04-25,개,믹스견,암컷,전북특별자치도 장수군,장수군 보호소,35.647,127.5212
2025-04-25,개,믹스견,암컷,전북특별자치도 장수군,장수군 보호소,35.647,127.5212
2025-04-25,개,믹스견,수컷,전북특별자치도 장수군,장수군 보호소,35.647,127.5212
2025-04-25,개,믹스견,암컷,충청남도 논산시,논산시 동물보호센터,36.1868154,127.0987538
2025-04-25,개,믹스견,수컷,충청남도 논산시,논산시 동물보호센터,36.1868154,127.0987538
2025-04-25,개,믹스견,수컷,충청남도 논산시,논산시 동물보호센터,36.1868154,127.0987538
2025-04-25,개,믹스견,암컷,충청남도 논산시,논산시 동물보호센터,36.1868154,127.0987538
2025-04-25,개,믹스견,암컷,충청남도 논산시,논산시 동물보호센터,36.1868154,127.0987538
2025-04-25,개,믹스견,암컷,충청남도 논산시,논산시 동물보호센터,36.1868154,127.0987538
2025-04-25,개,믹스견,암컷,충청남도 서산시,서산시 동물보호센터,36.784499,126.450317
2025-04-25,개,믹스견,암컷,충청남도 공주시,공주시 동물보호센터,36.47257,127.09124
2025-04-25,개,믹스견,암컷,충청남도 공주시,공주시 동물보호센터,36.47257,127.09124
2025-04-25,개,믹스견,수컷,충청남도 공주시,공주시 동물보호센터,36.47257,127.09124
2025-04-25,개,믹스견,수컷,충청남도 공주시,공주시 동물보호센터,36.47257,127.09124
2025-04-25,개,믹스견,수컷,충청북도 영동군,최종주동물병원,36.1747588,127.7834432
2025-04-25,개,믹스견,수컷,강원특별자치도 원주시,원주시동물보호센터,37.3420996,127.9197603
2025-04-25,개,믹스견,암컷,경기도 양주시,한국동물구조관리협회,37.7849312,127.0457771
2025-04-25,개,시츄,암컷,경기도 수원시,수원시 동물보호센터,37.2633325,127.0287472
2025-04-25,개,믹스견,미상,울산광역시 울주군,울산유기동물보호센터,35.5222362,129.2423693
2025-04-25,개,스탠다드 푸들,수컷,울산광역시 중구,울산유기동물보호센터,35.5693863,129.3327997
2025-04-25,개,믹스견,암컷,인천광역시 계양구,신영재동물병원,37.5373539,126.7379078
2025-04-25,개,믹스견,암컷,인천광역시 계양구,신영재동물병원,37.5373539,126.7379078
2025-04-25,고양이,한국 고양이,수컷,인천광역시 부평구,조재진동물병원,37.5070221,126.7220068
2025-04-25,고양이,믹스묘,암컷,부산광역시 금정구,동부동물보호협회,35.2429,129.0926
2025-04-25,고양이,믹스묘,암컷,부산광역시 해운대구,동부유기동물보호협회,35.1629,129.1638
2025-04-25,고양이,믹스묘,수컷,부산광역시 남구,(사)동부동물보호협회,35.1361,129.0843999
2025-04-25,고양이,믹스묘,수컷,부산광역시 남구,(사)동부동물보호협회,35.1361,129.0843999
2025-04-25,개,믹스견,수컷,부산광역시 영도구,부산동물보호센터,35.0908,129.0678
2025-04-25,고양이,한국 고양이,미상,부산광역시 서구,부산동물보호센터,35.0974999,129.0241
2025-04-25,고양이,한국 고양이,암컷,부산광역시 서구,부산동물보호센터,35.0974999,129.0241
2025-04-25,고양이,한국 고양이,미상,부산광역시 서구,부산동물보호센터,35.0974999,129.0241
2025-04-25,개,믹스견,암컷,제주특별자치도 제주특별자치도,제주 동물보호센터,33.4887737,126.4987083
2025-04-25,개,믹스견,수컷,제주특별자치도 제주특별자치도,제주 동물보호센터,33.4887737,126.4987083
2025-04-25,개,믹스견,암컷,전북특별자치도 익산시,익산유기동물보호소,35.9479291,126.9578025
2025-04-25,개,믹스견,암컷,전북특별자치도 익산시,익산유기동물보호소,35.9479291,126.9578025
2025-04-25,개,믹스견,암컷,전북특별자치도 익산시,익산유기동물보호소,35.9479291,126.9578025
2025-04-25,개,믹스견,수컷,전북특별자치도 익산시,익산유기동물보호소,35.9479291,126.9578025
2025-04-25,고양이,한국 고양이,암컷,전북특별자치도 익산시,익산유기동물보호소,35.9479291,126.9578025
2025-04-25,개,믹스견,암컷,전북특별자치도 익산시,익산유기동물보호소,35.9479291,126.9578025
2025-04-25,개,믹스견,수컷,전북특별자치도 익산시,익산유기동물보호소,35.9479291,126.9578025
2025-04-25,개,믹스견,암컷,전북특별자치도 익산시,익산유기동물보호소,35.9479291,126.9578025
2025-04-25,개,라브라도 리트리버,암컷,경기도 화성시,화성동물보호센터,37.1994653,126.8312632
2025-04-25,개,믹스견,암컷,제주특별자치도 제주특별자치도,제주 동물보호센터,33.4887737,126.4987083
2025-04-25,개,믹스견,수컷,제주특별자치도 제주특별자치도,제주 동물보호센터,33.4887737,126.4987083
2025-04-25,개,믹스견,암컷,경상남도 진주시,진주시동물보호센터,35.1803459,128.1079953
2025-04-25,개,믹스견,수컷,전라남도 목포시,목포시유기동물보호소,34.7903335,126.3847547
2025-04-25,개,믹스견,암컷,전라남도 목포시,목포시유기동물보호소,34.7903335,126.3847547
2025-04-25,개,믹스견,암컷,경기도 포천시,한국동물구조관리협회,37.8948267,127.2007295
2025-04-25,개,믹스견,수컷,경기도 포천시,한국동물구조관리협회,37.8948267,127.2007295
2025-04-25,개,믹스견,암컷,경기도 포천시,한국동물구조관리협회,37.8948267,127.2007295
2025-04-25,개,믹스견,수컷,경기도 김포시,한국동물구조관리협회,37.6155683,126.7157798
2025-04-25,고양이,한국 고양이,수컷,경기도 김포시,한국동물구조관리협회,37.6155683,126.7157798
2025-04-25,고양이,한국 고양이,암컷,경기도 파주시,한국동물구조관리협회,37.7598955,126.7801502
2025-04-25,고양이,한국 고양이,암컷,경기도 파주시,한국동물구조관리협회,37.7598955,126.7801502
2025-04-25,고양이,한국 고양이,암컷,경기도 파주시,한국동물구조관리협회,37.7598955,126.7801502
2025-04-25,고양이,한국 고양이,암컷,경기도 파주시,한국동물구조관리협회,37.7598955,126.7801502
2025-04-25,고양이,한국 고양이,수컷,경기도 파주시,한국동물구조관리협회,37.7598955,126.7801502
2025-04-25,고양이,한국 고양이,암컷,경기도 파주시,한국동물구조관리협회,37.7598955,126.7801502
2025-04-25,개,믹스견,암컷,경기도 고양시,고양시동물보호센터,37.6581862,126.8319452
2025-04-25,개,믹스견,암컷,경기도 고양시,고양시동물보호센터,37.6581862,126.8319452
2025-04-25,개,믹스견,암컷,경기도 고양시,고양시동물보호센터,37.6581862,126.8319452
2025-04-25,개,믹스견,암컷,경기도 고양시,고양시동물보호센터,37.6581862,126.8319452
2025-04-25,개,믹스견,수컷,경기도 고양시,고양시동물보호센터,37.6581862,126.8319452
2025-04-25,개,믹스견,수컷,경기도 평택시,평택시유기동물보호소,36.9924966,127.1127168
2025-04-25,개,믹스견,수컷,경기도 평택시,평택시유기동물보호소,36.9924966,127.1127168
2025-04-25,고양이,한국 고양이,암컷,서울특별시 영등포구,한국동물구조관리협회,37.5262,126.8959
2025-04-25,개,비숑 프리제,수컷,서울특별시 강북구,한국동물구조관리협회,37.6395,127.0255
2025-04-25,개,믹스견,수컷,서울특별시 동대문구,한국동물구조관리협회,37.5741982,127.0395092
2025-04-25,개,믹스견,수컷,서울특별시 동대문구,한국동물구조관리협회,37.5741982,127.0395092
2025-04-25,개,믹스견,암컷,서울특별시 동대문구,한국동물구조관리협회,37.5741982,127.0395092
2025-04-25,개,보스턴 테리어,수컷,서울특별시 동대문구,한국동물구조관리협회,37.5741982,127.0395092
2025-04-25,고양이,한국 고양이,암컷,광주광역시 서구,광주동물보호센터,35.1521401,126.8900561
2025-04-25,개,믹스견,암컷,세종특별자치시 세종특별자치시,세종유기동물보호센터,36.4799999,127.289
2025-04-25,개,믹스견,암컷,세종특별자치시 세종특별자치시,세종유기동물보호센터,36.4799999,127.289
2025-04-25,기타,금계닭,수컷,세종특별자치시 세종특별자치시,세종유기동물보호센터,36.4799999,127.289
2025-04-25,개,믹스견,암컷,경상남도 거창군,나래동물병원,35.6872871,127.9138505
2025-04-25,개,믹스견,수컷,경상남도 거창군,나래동물병원,35.6872871,127.9138505
2025-04-25,개,믹스견,수컷,경상남도 거창군,나래동물병원,35.6872871,127.9138505
2025-04-25,개,믹스견,수컷,경상남도 거창군,나래동물병원,35.6872871,127.9138505
2025-04-25,개,믹스견,수컷,경상남도 거창군,나래동물병원,35.6872871,127.9138505
2025-04-25,개,믹스견,수컷,경상남도 의령군,의령군 동물보호센터,35.322003,128.2617827
2025-04-25,개,믹스견,암컷,경상남도 의령군,의령군 동물보호센터,35.322003,128.2617827
2025-04-25,개,믹스견,암컷,경상남도 의령군,의령군 동물보호센터,35.322003,128.2617827
2025-04-25,개,믹스견,암컷,경상남도 거제시,거제시유기동물보호소,34.8804677,128.621207
2025-04-25,개,믹스견,수컷,경상남도 밀양시,밀양시 동물보호센터,35.503839,128.7466992
2025-04-25,개,믹스견,수컷,경상남도 밀양시,밀양시 동물보호센터,35.503839,128.7466992
2025-04-25,개,믹스견,수컷,경상남도 밀양시,밀양시 동물보호센터,35.503839,128.7466992
2025-04-25,개,믹스견,수컷,경상남도 밀양시,밀양시 동물보호센터,35.503839,128.7466992
2025-04-25,개,믹스견,암컷,경상남도 밀양시,밀양시 동물보호센터,35.503839,128.7466992
2025-04-25,개,믹스견,수컷,경상남도 밀양시,밀양시 동물보호센터,35.503839,128.7466992
2025-04-25,개,믹스견,암컷,경상남도 밀양시,밀양시 동물보호센터,35.503839,128.7466992
2025-04-25,개,믹스견,수컷,경상남도 밀양시,밀양시 동물보호센터,35.503839,128.7466992
2025-04-25,개,믹스견,암컷,경상남도 밀양시,밀양시 동물보호센터,35.503839,128.7466992
2025-04-25,개,믹스견,수컷,경상북도 봉화군,봉화군유기동물보호소,36.8925,128.7324
2025-04-25,개,믹스견,암컷,경상북도 봉화군,봉화군유기동물보호소,36.8925,128.7324
2025-04-25,개,믹스견,암컷,경상북도 경산시,경산시유기동물보호소,35.825122,128.741329
2025-04-25,개,포메라니안,수컷,경상북도 구미시,구미시 동물보호센터,36.1195513,128.3444692
2025-04-25,개,믹스견,암컷,경상북도 김천시,김천시 동물보호센터,36.1398035,128.1139534
2025-04-25,개,믹스견,수컷,전라남도 신안군,신안군유기동물보호소,34.8331095,126.3522531
2025-04-25,개,믹스견,암컷,전라남도 함평군,학교임시동물보호센터,35.0656537,126.5166414
2025-04-25,개,믹스견,암컷,전라남도 강진군,강진군 유기견 보호소,34.641917,126.7669591
2025-04-25,개,믹스견,암컷,전라남도 강진군,강진군 유기견 보호소,34.641917,126.7669591
2025-04-25,개,믹스견,암컷,전라남도 화순군,화순군유기동물보호소,35.0643095,126.9864311
2025-04-25,개,믹스견,수컷,전라남도 화순군,화순군유기동물보호소,35.0643095,126.9864311
2025-04-25,개,믹스견,암컷,전라남도 화순군,화순군유기동물보호소,35.0643095,126.9864311
2025-04-25,개,믹스견,수컷,전라남도 화순군,화순군유기동물보호소,35.0643095,126.9864311
2025-04-25,개,믹스견,수컷,전라남도 광양시,광양시 임시보호소,34.9406452,127.6959512
2025-04-25,개,믹스견,암컷,전라남도 광양시,광양시 임시보호소,34.9406452,127.6959512
2025-04-25,개,믹스견,수컷,전라남도 광양시,광양시 임시보호소,34.9406452,127.6959512
2025-04-25,개,믹스견,수컷,전라남도 광양시,광양시 임시보호소,34.9406452,127.6959512
2025-04-25,개,믹스견,수컷,전북특별자치도 부안군,부안군 동물보호센터,35.7316783,126.7330195
2025-04-25,개,믹스견,암컷,전북특별자치도 부안군,부안군 동물보호센터,35.7316783,126.7330195
2025-04-25,개,믹스견,수컷,전북특별자치도 고창군,더나은동물병원,35.4355,126.7021
2025-04-25,개,믹스견,암컷,전북특별자치도 고창군,더나은동물병원,35.4355,126.7021
2025-04-25,개,믹스견,수컷,전북특별자치도 고창군,더나은동물병원,35.4355,126.7021
2025-04-25,개,믹스견,암컷,전북특별자치도 고창군,더나은동물병원,35.4355,126.7021
2025-04-25,개,믹스견,수컷,전북특별자치도 고창군,더나은동물병원,35.4355,126.7021
2025-04-25,개,믹스견,수컷,전북특별자치도 고창군,더나은동물병원,35.4355,126.7021
2025-04-25,개,믹스견,암컷,전북특별자치도 고창군,더나은동물병원,35.4355,126.7021
2025-04-25,개,믹스견,수컷,전북특별자치도 고창군,더나은동물병원,35.4355,126.7021
2025-04-25,개,믹스견,암컷,전북특별자치도 고창군,더나은동물병원,35.4355,126.7021
2025-04-25,개,믹스견,수컷,전북특별자치도 고창군,더나은동물병원,35.4355,126.7021
2025-04-25,개,믹스견,암컷,전북특별자치도 고창군,더나은동물병원,35.4355,126.7021
2025-04-25,개,믹스견,암컷,전북특별자치도 고창군,더나은동물병원,35.4355,126.7021
2025-04-25,개,믹스견,암컷,전북특별자치도 고창군,더나은동물병원,35.4355,126.7021
2025-04-25,개,믹스견,암컷,전북특별자치도 고창군,더나은동물병원,35.4355,126.7021
2025-04-25,개,믹스견,암컷,전북특별자치도 고창군,더나은동물병원,35.4355,126.7021
2025-04-25,개,믹스견,암컷,전북특별자치도 고창군,더나은동물병원,35.4355,126.7021
2025-04-25,개,믹스견,암컷,전북특별자치도 고창군,더나은동물병원,35.4355,126.7021
2025-04-25,개,믹스견,암컷,전북특별자치도 순창군,순창유기동물보호소,35.3741,127.1374
2025-04-25,개,믹스견,수컷,전북특별자치도 완주군,완주군유기동물보호소,35.9039,127.1622
2025-04-25,개,믹스견,암컷,전북특별자치도 김제시,전북말산업복합센터,35.803815,126.880557
2025-04-25,개,믹스견,수컷,전북특별자치도 김제시,전북말산업복합센터,35.803815,126.880557
2025-04-25,개,믹스견,수컷,전북특별자치도 김제시,전북말산업복합센터,35.803815,126.880557
2025-04-25,개,믹스견,암컷,전북특별자치도 정읍시,정읍시 동물보호소,35.5697678,126.8559787
2025-04-25,개,믹스견,수컷,전북특별자치도 정읍시,정읍시 동물보호소,35.5697678,126.8559787
2025-04-25,개,믹스견,수컷,전북특별자치도 정읍시,정읍시 동물보호소,35.5697678,126.8559787
2025-04-25,개,믹스견,암컷,전북특별자치도 정읍시,정읍시 동물보호소,35.5697678,126.8559787
2025-04-25,고양이,믹스묘,암컷,전북특별자치도 군산시,군산유기동물보호센터,35.9679984,126.7369036
2025-04-25,개,믹스견,수컷,전북특별자치도 군산시,군산유기동물보호센터,35.9679984,126.7369036
2025-04-25,개,푸들,암컷,전북특별자치도 전주시,프렌즈동물병원,35.8237631,127.1472805
2025-04-25,개,믹스견,암컷,충청남도 당진시,당진시동물보호소,36.8904083,126.6461833
2025-04-25,개,믹스견,암컷,충청남도 당진시,당진시동물보호소,36.8904083,126.6461833
2025-04-25,개,믹스견,암컷,충청남도 태안군,태안 동물보호소,36.7454236,126.29836
2025-04-25,개,믹스견,암컷,충청남도 태안군,태안 동물보호소,36.7454236,126.29836
2025-04-25,개,믹스견,암컷,충청남도 태안군,태안 동물보호소,36.7454236,126.29836
2025-04-25,개,믹스견,수컷,충청남도 태안군,태안 동물보호소,36.7454236,126.29836
2025-04-25,개,믹스견,수컷,충청남도 태안군,태안 동물보호소,36.7454236,126.29836
2025-04-25,개,믹스견,암컷,충청남도 태안군,태안 동물보호소,36.7454236,126.29836
2025-04-25,고양이,한국 고양이,미상,충청남도 예산군,예산임시동물보호센터,36.6808989,126.8448742
2025-04-25,개,믹스견,암컷,충청남도 홍성군,금일동물보호센터,36.6010501,126.6611667
2025-04-25,개,믹스견,암컷,충청남도 홍성군,금일동물보호센터,36.6010501,126.6611667
2025-04-25,개,믹스견,암컷,충청남도 홍성군,금일동물보호센터,36.6010501,126.6611667
2025-04-25,개,믹스견,암컷,충청남도 홍성군,금일동물보호센터,36.6010501,126.6611667
2025-04-25,개,믹스견,암컷,충청남도 홍성군,금일동물보호센터,36.6010501,126.6611667
2025-04-25,개,믹스견,수컷,충청남도 홍성군,금일동물보호센터,36.6010501,126.6611667
2025-04-25,개,믹스견,수컷,충청남도 홍성군,금일동물보호센터,36.6010501,126.6611667
2025-04-25,개,믹스견,수컷,충청남도 홍성군,금일동물보호센터,36.6010501,126.6611667
2025-04-25,개,믹스견,수컷,충청남도 홍성군,금일동물보호센터,36.6010501,126.6611667
2025-04-25,개,믹스견,수컷,충청남도 아산시,아산동물복지지원센터,36.7899498,127.0026769
2025-04-25,개,믹스견,수컷,충청남도 보령시,보령시유기동물보호소,36.33401,126.613165
2025-04-25,고양이,한국 고양이,암컷,충청북도 옥천군,옥천동물병원,36.3061692,127.571482
2025-04-25,개,믹스견,암컷,충청북도 옥천군,옥천동물병원,36.3061692,127.571482
2025-04-25,고양이,한국 고양이,수컷,충청북도 옥천군,옥천동물병원,36.3061692,127.571482
2025-04-25,고양이,한국 고양이,수컷,충청북도 옥천군,옥천동물병원,36.3061692,127.571482
2025-04-25,고양이,한국 고양이,수컷,충청북도 옥천군,옥천동물병원,36.3061692,127.571482
2025-04-25,고양이,한국 고양이,암컷,충청북도 옥천군,옥천동물병원,36.3061692,127.571482
2025-04-25,고양이,한국 고양이,암컷,충청북도 옥천군,옥천동물병원,36.3061692,127.571482
2025-04-25,개,믹스견,수컷,강원특별자치도 정선군,정선가축병원,37.380456,128.6609485
2025-04-25,개,믹스견,암컷,강원특별자치도 정선군,정선가축병원,37.380456,128.6609485
2025-04-25,개,푸들,수컷,강원특별자치도 홍천군,홍천군유기동물보호소,37.6967,127.8888
2025-04-25,개,포메라니안,수컷,강원특별자치도 강릉시,강릉시 동물사랑센터,37.7525313,128.8759523
2025-04-25,개,믹스견,수컷,경기도 광주시,광주TNR동물병원초월,37.4290844,127.255189
2025-04-25,고양이,한국 고양이,수컷,경기도 광주시,광주TNR동물병원송정,37.4290844,127.255189
2025-04-25,고양이,한국 고양이,수컷,경기도 광주시,광주TNR동물병원송정,37.4290844,127.255189
2025-04-25,개,요크셔 테리어,수컷,경기도 화성시,화성동물보호센터,37.1994653,126.8312632
2025-04-25,개,믹스견,수컷,경기도 양평군,양평군유기동물보호소,37.4916,127.4875
2025-04-25,개,믹스견,수컷,경기도 양평군,양평군유기동물보호소,37.4916,127.4875
2025-04-25,개,믹스견,암컷,경기도 안성시,안성시 동물보호센터,37.007773,127.279971
2025-04-25,개,푸들,수컷,경기도 시흥시,시흥동물누리보호센터,37.3798891,126.8032255
2025-04-25,개,믹스견,암컷,경기도 평택시,평택시유기동물보호소,36.9924966,127.1127168
2025-04-25,개,믹스견,수컷,경기도 평택시,평택시유기동물보호소,36.9924966,127.1127168
2025-04-25,개,믹스견,수컷,경기도 평택시,평택시유기동물보호소,36.9924966,127.1127168
2025-04-25,개,포메라니안,암컷,경기도 평택시,평택시유기동물보호소,36.9924966,127.1127168
2025-04-25,개,믹스견,암컷,경기도 평택시,평택시유기동물보호소,36.9924966,127.1127168
2025-04-25,개,믹스견,암컷,경기도 평택시,평택시유기동물보호소,36.9924966,127.1127168
2025-04-25,개,믹스견,암컷,경기도 평택시,평택시유기동물보호소,36.9924966,127.1127168
2025-04-25,개,믹스견,수컷,경기도 부천시,가나동물병원,37.5014422,126.7660139
2025-04-25,개,믹스견,암컷,광주광역시 북구,광주동물보호센터,35.1741,126.9122
2025-04-25,개,믹스견,암컷,광주광역시 북구,광주동물보호센터,35.1741,126.9122
2025-04-25,개,믹스견,수컷,인천광역시 서구,우리동물병원,37.545,126.676
2025-04-25,고양이,한국 고양이,암컷,대구광역시 달성군,119동물병원,35.7753,128.4312
2025-04-25,고양이,한국 고양이,미상,대구광역시 달성군,119동물병원,35.7753,128.4312
2025-04-25,고양이,한국 고양이,미상,대구광역시 달성군,119동물병원,35.7753,128.4312
2025-04-25,고양이,한국 고양이,수컷,대구광역시 달성군,119동물병원,35.7753,128.4312
2025-04-25,개,믹스견,암컷,경상북도 문경시,종합축산,36.5858541,128.1870612
2025-04-25,개,요크셔 테리어,암컷,경기도 남양주시,남양주시동물보호센터,37.6359398,127.2165051
2025-04-24,개,믹스견,미상,인천광역시 강화군,디디동물병원,37.746,126.488
2025-04-24,개,믹스견,미상,인천광역시 강화군,디디동물병원,37.746,126.488
2025-04-24,개,믹스견,수컷,강원특별자치도 횡성군,횡성유기동물보호센터,37.4916,127.985
2025-04-24,개,믹스견,수컷,부산광역시 강서구,(사)하얀비둘기,35.212,128.9805
2025-04-24,개,믹스견,암컷,부산광역시 강서구,(사)하얀비둘기,35.212,128.9805
2025-04-24,개,믹스견,암컷,전라남도 장흥군,장흥군 동물보호센터,34.6811762,126.906996
2025-04-24,개,믹스견,수컷,전라남도 장흥군,장흥군 동물보호센터,34.6811762,126.906996
2025-04-24,개,믹스견,수컷,전라남도 장흥군,장흥군 동물보호센터,34.6811762,126.906996
2025-04-24,개,믹스견,수컷,전라남도 장흥군,장흥군 동물보호센터,34.6811762,126.906996
2025-04-24,개,믹스견,암컷,전라남도 장흥군,장흥군 동물보호센터,34.6811762,126.906996
2025-04-24,개,믹스견,암컷,전라남도 장흥군,장흥군 동물보호센터,34.6811762,126.906996
2025-04-24,개,믹스견,암컷,전라남도 장흥군,장흥군 동물보호센터,34.6811762,126.906996
2025-04-24,개,믹스견,암컷,전라남도 장흥군,장흥군 동물보호센터,34.6811762,126.906996
2025-04-24,개,믹스견,수컷,전라남도 장흥군,장흥군 동물보호센터,34.6811762,126.906996
2025-04-24,개,믹스견,암컷,전라남도 장흥군,장흥군 동물보호센터,34.6811762,126.906996
2025-04-24,개,믹스견,암컷,전라남도 장흥군,장흥군 동물보호센터,34.6811762,126.906996
2025-04-24,개,믹스견,암컷,전라남도 장흥군,장흥군 동물보호센터,34.6811762,126.906996
2025-04-24,개,진도견,수컷,경상북도 안동시,유기동물보호센터,36.5634886,128.7260798
2025-04-24,개,진도견,수컷,경상북도 안동시,유기동물보호센터,36.5634886,128.7260798
2025-04-24,개,진도견,수컷,경상북도 안동시,유기동물보호센터,36.5634886,128.7260798
2025-04-24,개,진도견,암컷,경상북도 안동시,유기동물보호센터,36.5634886,128.7260798
2025-04-24,개,믹스견,암컷,강원특별자치도 원주시,원주시동물보호센터,37.3420996,127.9197603
2025-04-24,개,믹스견,수컷,강원특별자치도 원주시,원주시동물보호센터,37.3420996,127.9197603
2025-04-24,개,믹스견,암컷,강원특별자치도 원주시,원주시동물보호센터,37.3420996,127.9197603
2025-04-24,고양이,한국 고양이,암컷,강원특별자치도 원주시,원주시동물보호센터,37.3420996,127.9197603
2025-04-24,개,믹스견,암컷,울산광역시 울주군,울산유기동물보호센터,35.5222362,129.2423693
2025-04-24,고양이,한국 고양이,수컷,인천광역시 계양구,신영재동물병원,37.5373539,126.7379078
2025-04-24,개,믹스견,암컷,인천광역시 계양구,신영재동물병원,37.5373539,126.7379078
2025-04-24,고양이,한국 고양이,암컷,인천광역시 계양구,신영재동물병원,37.5373539,126.7379078
2025-04-24,개,믹스견,암컷,서울특별시 서초구,한국동물구조관리협회,37.4835,127.0322
2025-04-24,개,믹스견,암컷,서울특별시 서초구,한국동물구조관리협회,37.4835,127.0322
2025-04-24,고양이,한국 고양이,수컷,서울특별시 중랑구,한국동물구조관리협회,37.6063,127.093
2025-04-24,개,믹스견,수컷,제주특별자치도 제주특별자치도,제주 동물보호센터,33.4887737,126.4987083
2025-04-24,개,진도견,수컷,전북특별자치도 익산시,익산유기동물보호소,35.9479291,126.9578025
2025-04-24,개,믹스견,암컷,전라남도 영암군,유기동물 삼호 보호소,34.800052,126.6970381
2025-04-24,개,믹스견,암컷,전라남도 영암군,유기동물 삼호 보호소,34.800052,126.6970381
2025-04-24,개,믹스견,수컷,전라남도 영암군,유기동물 삼호 보호소,34.800052,126.6970381
2025-04-24,개,믹스견,암컷,전라남도 영암군,유기동물 삼호 보호소,34.800052,126.6970381
2025-04-24,개,믹스견,수컷,부산광역시 강서구,(사)하얀비둘기,35.212,128.9805
2025-04-24,개,믹스견,암컷,부산광역시 강서구,(사)하얀비둘기,35.212,128.9805
2025-04-24,개,믹스견,암컷,제주특별자치도 제주특별자치도,제주 동물보호센터,33.4887737,126.4987083
2025-04-24,개,믹스견,수컷,제주특별자치도 제주특별자치도,제주 동물보호센터,33.4887737,126.4987083
2025-04-24,개,믹스견,수컷,경상남도 하동군,하동군유기동물보호소,35.0670735,127.7516778
2025-04-24,개,골든 리트리버,수컷,경상남도 밀양시,밀양시 동물보호센터,35.503839,128.7466992
2025-04-24,개,믹스견,암컷,경상남도 김해시,(사)동물보호관리협회,35.2310947,128.8908228
2025-04-24,개,말티즈,수컷,경상남도 김해시,(사)동물보호관리협회,35.2310947,128.8908228
2025-04-24,개,믹스견,암컷,경상남도 통영시,통영시동물보호센터,34.854254,128.433205
2025-04-24,개,믹스견,암컷,전라남도 신안군,신안군유기동물보호소,34.8331095,126.3522531
2025-04-24,개,믹스견,암컷,전라남도 해남군,해남유기동물보호센터,34.55269,126.52431
2025-04-24,개,믹스견,암컷,전라남도 해남군,해남유기동물보호센터,34.55269,126.52431
2025-04-24,개,믹스견,수컷,전라남도 화순군,화순군유기동물보호소,35.0643095,126.9864311
2025-04-24,개,믹스견,암컷,전라남도 화순군,화순군유기동물보호소,35.0643095,126.9864311
2025-04-24,개,믹스견,암컷,전라남도 화순군,화순군유기동물보호소,35.0643095,126.9864311
2025-04-24,개,믹스견,암컷,전라남도 화순군,화순군유기동물보호소,35.0643095,126.9864311
2025-04-24,개,믹스견,수컷,전라남도 화순군,화순군유기동물보호소,35.0643095,126.9864311
2025-04-24,개,믹스견,수컷,전라남도 화순군,화순군유기동물보호소,35.0643095,126.9864311
2025-04-24,개,믹스견,수컷,전라남도 화순군,화순군유기동물보호소,35.0643095,126.9864311
2025-04-24,개,믹스견,암컷,전라남도 화순군,화순군유기동물보호소,35.0643095,126.9864311
2025-04-24,개,믹스견,수컷,전라남도 화순군,화순군유기동물보호소,35.0643095,126.9864311
2025-04-24,개,믹스견,암컷,전라남도 화순군,화순군유기동물보호소,35.0643095,126.9864311
2025-04-24,개,믹스견,수컷,전라남도 화순군,화순군유기동물보호소,35.0643095,126.9864311
2025-04-24,개,믹스견,암컷,전라남도 화순군,화순군유기동물보호소,35.0643095,126.9864311
2025-04-24,개,믹스견,암컷,전라남도 화순군,화순군유기동물보호소,35.0643095,126.9864311
2025-04-24,개,믹스견,암컷,전라남도 화순군,화순군유기동물보호소,35.0643095,126.9864311
2025-04-24,개,믹스견,수컷,전라남도 화순군,화순군유기동물보호소,35.0643095,126.9864311
2025-04-24,개,믹스견,암컷,전라남도 화순군,화순군유기동물보호소,35.0643095,126.9864311
2025-04-24,개,믹스견,암컷,전라남도 화순군,화순군유기동물보호소,35.0643095,126.9864311
2025-04-24,개,믹스견,암컷,전라남도 화순군,화순군유기동물보호소,35.0643095,126.9864311
2025-04-24,개,믹스견,암컷,전라남도 화순군,화순군유기동물보호소,35.0643095,126.9864311
2025-04-24,개,믹스견,수컷,전라남도 화순군,화순군유기동물보호소,35.0643095,126.9864311
2025-04-24,개,믹스견,수컷,전라남도 화순군,화순군유기동물보호소,35.0643095,126.9864311
2025-04-24,개,치와와,암컷,전라남도 화순군,화순군유기동물보호소,35.0643095,126.9864311
2025-04-24,개,믹스견,암컷,전라남도 여수시,유기동물보호소,34.7546257,127.659859
2025-04-24,개,믹스견,암컷,전라남도 여수시,유기동물보호소,34.7546257,127.659859
2025-04-24,개,믹스견,수컷,전북특별자치도 익산시,익산유기동물보호소,35.9479291,126.9578025
2025-04-24,고양이,한국 고양이,암컷,전북특별자치도 익산시,익산유기동물보호소,35.9479291,126.9578025
2025-04-24,고양이,한국 고양이,수컷,전북특별자치도 익산시,익산유기동물보호소,35.9479291,126.9578025
2025-04-24,고양이,한국 고양이,수컷,전북특별자치도 익산시,익산유기동물보호소,35.9479291,126.9578025
2025-04-24,개,믹스견,암컷,전북특별자치도 군산시,군산유기동물보호센터,35.9679984,126.7369036
2025-04-24,개,믹스견,수컷,충청남도 홍성군,금일동물보호센터,36.6010501,126.6611667
2025-04-24,개,믹스견,암컷,충청남도 홍성군,금일동물보호센터,36.6010501,126.6611667
2025-04-24,개,믹스견,암컷,충청남도 홍성군,금일동물보호센터,36.6010501,126.6611667
2025-04-24,개,믹스견,수컷,충청남도 홍성군,금일동물보호센터,36.6010501,126.6611667
2025-04-24,개,믹스견,수컷,충청남도 부여군,남부여동물보호소,36.2753678,126.910107
2025-04-24,개,믹스견,암컷,충청남도 부여군,남부여동물보호소,36.2753678,126.910107
2025-04-24,개,믹스견,암컷,충청남도 부여군,남부여동물보호소,36.2753678,126.910107
2025-04-24,개,믹스견,암컷,충청남도 보령시,보령시유기동물보호소,36.33401,126.613165
2025-04-24,개,믹스견,수컷,충청북도 증평군,가정견훈련소,36.785213,127.5818159
2025-04-24,개,믹스견,암컷,충청북도 충주시,충주시동물보호센터,36.9907334,127.9259891
2025-04-24,개,믹스견,수컷,충청북도 충주시,충주시동물보호센터,36.9907334,127.9259891
2025-04-24,개,믹스견,암컷,강원특별자치도 홍천군,홍천군유기동물보호소,37.6967,127.8888
2025-04-24,개,스탠다드 닥스훈트,수컷,강원특별자치도 춘천시,춘천시 동물보호센터,37.8810569,127.7297641
2025-04-24,개,스탠다드 닥스훈트,수컷,강원특별자치도 춘천시,춘천시 동물보호센터,37.8810569,127.7297641
2025-04-24,개,믹스견,수컷,경기도 포천시,한국동물구조관리협회,37.8948267,127.2007295
2025-04-24,개,믹스견,암컷,경기도 포천시,한국동물구조관리협회,37.8948267,127.2007295
2025-04-24,개,믹스견,수컷,경기도 연천군,한국동물구조관리협회,38.0964,127.0746
2025-04-24,개,믹스견,수컷,경기도 연천군,한국동물구조관리협회,38.0964,127.0746
2025-04-24,개,믹스견,수컷,경기도 김포시,한국동물구조관리협회,37.6155683,126.7157798
2025-04-24,개,믹스견,수컷,경기도 김포시,한국동물구조관리협회,37.6155683,126.7157798
2025-04-24,고양이,한국 고양이,암컷,경기도 파주시,한국동물구조관리협회,37.7598955,126.7801502
2025-04-24,고양이,한국 고양이,암컷,경기도 파주시,한국동물구조관리협회,37.7598955,126.7801502
2025-04-24,고양이,한국 고양이,암컷,경기도 파주시,한국동물구조관리협회,37.7598955,126.7801502
2025-04-24,고양이,한국 고양이,암컷,경기도 파주시,한국동물구조관리협회,37.7598955,126.7801502
2025-04-24,고양이,한국 고양이,암컷,경기도 파주시,한국동물구조관리협회,37.7598955,126.7801502
2025-04-24,고양이,한국 고양이,암컷,경기도 파주시,한국동물구조관리협회,37.7598955,126.7801502
2025-04-24,고양이,한국 고양이,암컷,경기도 파주시,한국동물구조관리협회,37.7598955,126.7801502
2025-04-24,고양이,한국 고양이,암컷,경기도 파주시,한국동물구조관리협회,37.7598955,126.7801502
2025-04-24,개,믹스견,수컷,경기도 고양시,고양시동물보호센터,37.6581862,126.8319452
2025-04-24,개,믹스견,암컷,경기도 고양시,고양시동물보호센터,37.6581862,126.8319452
2025-04-24,개,믹스견,미상,울산광역시 북구,울산유기동물보호센터,35.5826,129.3604
2025-04-24,개,믹스견,암컷,울산광역시 북구,울산유기동물보호센터,35.5826,129.3604
2025-04-24,개,믹스견,암컷,울산광역시 북구,울산유기동물보호센터,35.5826,129.3604
2025-04-24,개,말티즈,수컷,울산광역시 남구,울산유기동물보호센터,35.4984869,129.3459362
2025-04-24,개,말티즈,수컷,울산광역시 남구,울산유기동물보호센터,35.4984869,129.3459362
2025-04-24,개,말티즈,암컷,울산광역시 남구,울산유기동물보호센터,35.4984869,129.3459362
2025-04-24,개,치와와,수컷,대전광역시 서구,대전동물보호센터,36.3551786,127.3838487
2025-04-24,개,푸들,수컷,광주광역시 서구,광주동물보호센터,35.1521401,126.8900561
2025-04-24,개,믹스견,수컷,인천광역시 강화군,디디동물병원,37.746,126.488
2025-04-24,개,믹스견,수컷,인천광역시 강화군,디디동물병원,37.746,126.488
2025-04-24,개,믹스견,암컷,인천광역시 강화군,디디동물병원,37.746,126.488
2025-04-24,개,믹스견,수컷,인천광역시 강화군,디디동물병원,37.746,126.488
2025-04-24,개,믹스견,수컷,인천광역시 강화군,디디동물병원,37.746,126.488
2025-04-24,개,믹스견,암컷,인천광역시 강화군,디디동물병원,37.746,126.488
2025-04-24,고양이,한국 고양이,수컷,인천광역시 부평구,늘푸른동물병원,37.5070221,126.7220068
2025-04-24,고양이,한국 고양이,암컷,대구광역시 남구,대구유기동물보호협회,35.845728,128.5977207
2025-04-24,고양이,한국 고양이,암컷,대구광역시 남구,대구유기동물보호협회,35.845728,128.5977207
2025-04-24,고양이,한국 고양이,암컷,대구광역시 남구,대구유기동물보호협회,35.845728,128.5977207
2025-04-24,고양이,믹스묘,수컷,부산광역시 남구,(사)동부동물보호협회,35.1361,129.0843999
2025-04-24,고양이,믹스묘,수컷,부산광역시 남구,(사)동부동물보호협회,35.1361,129.0843999
2025-04-24,고양이,믹스묘,수컷,부산광역시 남구,(사)동부동물보호협회,35.1361,129.0843999
2025-04-24,고양이,믹스묘,암컷,부산광역시 남구,(사)동부동물보호협회,35.1361,129.0843999
2025-04-24,고양이,한국 고양이,수컷,세종특별자치시 세종특별자치시,세종유기동물보호센터,36.4799999,127.289
2025-04-24,개,믹스견,수컷,경상남도 창원시,창원유기동물보호소,35.227956,128.6818586
2025-04-24,개,믹스견,암컷,경상남도 창원시,창원유기동물보호소,35.227956,128.6818586
2025-04-24,고양이,한국 고양이,수컷,경상남도 합천군,태민동물보호센터,35.5664445,128.1658334
2025-04-24,고양이,한국 고양이,암컷,경상남도 합천군,태민동물보호센터,35.5664445,128.1658334
2025-04-24,고양이,한국 고양이,암컷,경상남도 합천군,태민동물보호센터,35.5664445,128.1658334
2025-04-24,개,믹스견,암컷,경상남도 합천군,태민동물보호센터,35.5664445,128.1658334
2025-04-24,개,믹스견,암컷,경상남도 합천군,태민동물보호센터,35.5664445,128.1658334
2025-04-24,개,믹스견,암컷,경상남도 합천군,태민동물보호센터,35.5664445,128.1658334
2025-04-24,개,믹스견,수컷,경상남도 합천군,태민동물보호센터,35.5664445,128.1658334
2025-04-24,개,믹스견,암컷,경상남도 합천군,태민동물보호센터,35.5664445,128.1658334
2025-04-24,개,믹스견,수컷,경상남도 합천군,태민동물보호센터,35.5664445,128.1658334
2025-04-24,개,믹스견,암컷,경상남도 창녕군,창녕 유기동물보호소,35.5443876,128.4921938
2025-04-24,개,믹스견,암컷,경상남도 창녕군,창녕 유기동물보호소,35.5443876,128.4921938
2025-04-24,개,믹스견,암컷,경상남도 밀양시,밀양시 동물보호센터,35.503839,128.7466992
2025-04-24,개,믹스견,암컷,경상남도 밀양시,밀양시 동물보호센터,35.503839,128.7466992
2025-04-24,개,진도견,수컷,경상남도 사천시,사천시 동물보호센터,35.003468,128.064562
2025-04-24,개,믹스견,암컷,경상남도 통영시,통영시동물보호센터,34.854254,128.433205
2025-04-24,고양이,믹스묘,수컷,경상북도 성주군,성주유기동물보호센터,35.9190065,128.283486
2025-04-24,개,골든 리트리버,암컷,경상북도 성주군,성주유기동물보호센터,35.9190065,128.283486
2025-04-24,고양이,한국 고양이,수컷,경상북도 경산시,경산시유기동물보호소,35.825122,128.741329
2025-04-24,개,믹스견,수컷,경상북도 경산시,경산시유기동물보호소,35.825122,128.741329
2025-04-24,개,믹스견,암컷,경상북도 문경시,종합축산,36.5858541,128.1870612
2025-04-24,고양이,믹스묘,암컷,경상북도 구미시,반려동물 입양센터,36.1195513,128.3444692
2025-04-24,고양이,믹스묘,암컷,경상북도 구미시,반려동물 입양센터,36.1195513,128.3444692
2025-04-24,고양이,믹스묘,수컷,경상북도 구미시,반려동물 입양센터,36.1195513,128.3444692
2025-04-24,개,믹스견,암컷,경상북도 김천시,김천시 동물보호센터,36.1398035,128.1139534
2025-04-24,개,믹스견,암컷,경상북도 김천시,김천시 동물보호센터,36.1398035,128.1139534
2025-04-24,개,믹스견,암컷,경상북도 김천시,김천시 동물보호센터,36.1398035,128.1139534
2025-04-24,개,믹스견,수컷,전라남도 함평군,학교임시동물보호센터,35.0656537,126.5166414
2025-04-24,개,믹스견,암컷,전라남도 함평군,학교임시동물보호센터,35.0656537,126.5166414
2025-04-24,개,믹스견,수컷,전라남도 함평군,학교임시동물보호센터,35.0656537,126.5166414
2025-04-24,개,믹스견,수컷,전라남도 함평군,학교임시동물보호센터,35.0656537,126.5166414
2025-04-24,개,믹스견,수컷,전라남도 함평군,학교임시동물보호센터,35.0656537,126.5166414
2025-04-24,개,믹스견,암컷,전라남도 함평군,학교임시동물보호센터,35.0656537,126.5166414
2025-04-24,개,믹스견,수컷,전라남도 함평군,학교임시동물보호센터,35.0656537,126.5166414
2025-04-24,개,도사,수컷,전라남도 무안군,무안군유기동물보호소,34.9905794,126.4812377
2025-04-24,개,믹스견,암컷,전라남도 무안군,무안군유기동물보호소,34.9905794,126.4812377
2025-04-24,개,믹스견,암컷,전라남도 무안군,무안군유기동물보호소,34.9905794,126.4812377
2025-04-24,개,믹스견,수컷,전라남도 광양시,광양시 임시보호소,34.9406452,127.6959512
2025-04-24,개,믹스견,암컷,전라남도 광양시,광양시 임시보호소,34.9406452,127.6959512
2025-04-24,개,믹스견,암컷,전라남도 광양시,광양시 임시보호소,34.9406452,127.6959512
2025-04-24,개,믹스견,암컷,전라남도 나주시,나주유기동물보호센터,35.0158859,126.7108313
2025-04-24,개,믹스견,수컷,전라남도 나주시,나주유기동물보호센터,35.0158859,126.7108313
2025-04-24,개,믹스견,암컷,전라남도 나주시,나주유기동물보호센터,35.0158859,126.7108313
2025-04-24,개,믹스견,수컷,전라남도 나주시,나주유기동물보호센터,35.0158859,126.7108313
2025-04-24,개,믹스견,수컷,전라남도 나주시,나주유기동물보호센터,35.0158859,126.7108313
2025-04-24,개,믹스견,수컷,전라남도 나주시,나주유기동물보호센터,35.0158859,126.7108313
2025-04-24,개,믹스견,수컷,전라남도 나주시,나주유기동물보호센터,35.0158859,126.7108313
2025-04-24,개,믹스견,수컷,전라남도 나주시,나주유기동물보호센터,35.0158859,126.7108313
2025-04-24,개,믹스견,수컷,전라남도 나주시,나주유기동물보호센터,35.0158859,126.7108313
2025-04-24,개,믹스견,수컷,전라남도 나주시,나주유기동물보호센터,35.0158859,126.7108313
2025-04-24,개,믹스견,암컷,전라남도 나주시,나주유기동물보호센터,35.0158859,126.7108313
2025-04-24,개,믹스견,암컷,전라남도 순천시,순천시유기동물보호소,34.9505457,127.4872992
2025-04-24,개,믹스견,암컷,전라남도 순천시,순천시유기동물보호소,34.9505457,127.4872992
2025-04-24,개,믹스견,암컷,전라남도 순천시,순천시유기동물보호소,34.9505457,127.4872992
2025-04-24,개,믹스견,암컷,전라남도 여수시,유기동물보호소,34.7546257,127.659859
2025-04-24,개,믹스견,수컷,전라남도 여수시,유기동물보호소,34.7546257,127.659859
2025-04-24,개,믹스견,수컷,전북특별자치도 임실군,임실유기동물보호센터,35.6174,127.2893
2025-04-24,개,믹스견,수컷,전북특별자치도 정읍시,정읍시 동물보호소,35.5697678,126.8559787
2025-04-24,개,믹스견,암컷,전북특별자치도 정읍시,정읍시 동물보호소,35.5697678,126.8559787
2025-04-24,개,믹스견,수컷,전북특별자치도 정읍시,정읍시 동물보호소,35.5697678,126.8559787
2025-04-24,개,믹스견,수컷,전북특별자치도 정읍시,정읍시 동물보호소,35.5697678,126.8559787
2025-04-24,개,믹스견,수컷,전북특별자치도 정읍시,정읍시 동물보호소,35.5697678,126.8559787
2025-04-24,개,믹스견,수컷,전북특별자치도 정읍시,정읍시 동물보호소,35.5697678,126.8559787
2025-04-24,개,믹스견,암컷,전북특별자치도 정읍시,정읍시 동물보호소,35.5697678,126.8559787
2025-04-24,개,믹스견,암컷,전북특별자치도 정읍시,정읍시 동물보호소,35.5697678,126.8559787
2025-04-24,개,골든 리트리버,수컷,전북특별자치도 군산시,군산유기동물보호센터,35.9679984,126.7369036
2025-04-24,개,믹스견,암컷,충청남도 당진시,당진시동물보호소,36.8904083,126.6461833
2025-04-24,개,믹스견,수컷,충청남도 당진시,당진시동물보호소,36.8904083,126.6461833
2025-04-24,개,믹스견,수컷,충청남도 당진시,당진시동물보호소,36.8904083,126.6461833
2025-04-24,개,믹스견,암컷,충청남도 당진시,당진시동물보호소,36.8904083,126.6461833
2025-04-24,개,믹스견,암컷,충청남도 서천군,서천군유기동물보호소,36.0800688,126.6916052
2025-04-24,개,믹스견,수컷,충청남도 서천군,서천군유기동물보호소,36.0800688,126.6916052
2025-04-24,개,믹스견,수컷,충청남도 서천군,서천군유기동물보호소,36.0800688,126.6916052
2025-04-24,개,믹스견,수컷,충청남도 서산시,서산시 동물보호센터,36.784499,126.450317
2025-04-24,개,믹스견,암컷,충청남도 서산시,서산시 동물보호센터,36.784499,126.450317
2025-04-24,개,믹스견,암컷,충청남도 공주시,공주시 동물보호센터,36.47257,127.09124
2025-04-24,기타,토끼,수컷,충청북도 청주시,반려동물보호센터,36.6421169,127.4891742
2025-04-24,개,믹스견,수컷,충청북도 단양군,단양군동물보호센터,36.9848,128.3659
2025-04-24,개,믹스견,암컷,충청북도 음성군,금왕동물병원,36.94,127.6906
2025-04-24,개,믹스견,암컷,충청북도 음성군,금왕동물병원,36.94,127.6906
2025-04-24,개,믹스견,암컷,충청북도 음성군,금왕동물병원,36.94,127.6906
2025-04-24,개,믹스견,수컷,충청북도 음성군,금왕동물병원,36.94,127.6906
2025-04-24,개,믹스견,수컷,충청북도 음성군,금왕동물병원,36.94,127.6906
2025-04-24,개,믹스견,수컷,충청북도 음성군,금왕동물병원,36.94,127.6906
2025-04-24,고양이,한국 고양이,수컷,충청북도 옥천군,옥천동물병원,36.3061692,127.571482
2025-04-24,고양이,한국 고양이,암컷,충청북도 옥천군,옥천동물병원,36.3061692,127.571482
2025-04-24,고양이,한국 고양이,암컷,충청북도 옥천군,옥천동물병원,36.3061692,127.571482
2025-04-24,고양이,한국 고양이,수컷,충청북도 옥천군,옥천동물병원,36.3061692,127.571482
2025-04-24,고양이,한국 고양이,수컷,충청북도 옥천군,옥천동물병원,36.3061692,127.571482
2025-04-24,고양이,한국 고양이,수컷,충청북도 옥천군,옥천동물병원,36.3061692,127.571482
2025-04-24,개,믹스견,수컷,강원특별자치도 고성군,유기견임시보호소,38.3808,128.4678
2025-04-24,개,믹스견,암컷,강원특별자치도 강릉시,강릉시 동물사랑센터,37.7525313,128.8759523
2025-04-24,고양이,한국 고양이,암컷,경기도 광주시,광주TNR동물병원송정,37.4290844,127.255189
2025-04-24,개,믹스견,수컷,경기도 화성시,화성동물보호센터,37.1994653,126.8312632
2025-04-24,개,믹스견,수컷,경기도 가평군,가평군유기동물보호소,37.8314,127.5098
2025-04-24,기타,도룡뇽,미상,경기도 남양주시,남양주시동물보호센터,37.6359398,127.2165051
2025-04-24,기타,도룡뇽,미상,경기도 남양주시,남양주시동물보호센터,37.6359398,127.2165051
2025-04-24,기타,거북이,미상,경기도 남양주시,남양주시동물보호센터,37.6359398,127.2165051
2025-04-24,개,믹스견,수컷,경기도 안산시,한국야생동물보호협회,37.3217152,126.8308604
2025-04-24,개,믹스견,수컷,경기도 안산시,한국야생동물보호협회,37.3217152,126.8308604
2025-04-24,고양이,한국 고양이,수컷,경기도 광명시,한국야생동물보호협회,37.4810539,126.8631275
2025-04-24,고양이,한국 고양이,수컷,경기도 광명시,한국야생동물보호협회,37.4810539,126.8631275
2025-04-24,고양이,한국 고양이,수컷,경기도 광명시,한국야생동물보호협회,37.4810539,126.8631275
2025-04-24,고양이,한국 고양이,수컷,경기도 광명시,한국야생동물보호협회,37.4810539,126.8631275
2025-04-24,개,푸들,암컷,경기도 부천시,가나동물병원,37.5014422,126.7660139
2025-04-24,개,믹스견,암컷,경기도 성남시,펫앤쉘터동물병원,37.4201556,127.1262092
2025-04-24,고양이,한국 고양이,미상,경기도 수원시,수원시 동물보호센터,37.2633325,127.0287472
2025-04-24,고양이,한국 고양이,미상,경기도 수원시,수원시 동물보호센터,37.2633325,127.0287472
2025-04-24,고양이,한국 고양이,미상,경기도 수원시,수원시 동물보호센터,37.2633325,127.0287472
2025-04-24,고양이,한국 고양이,미상,경기도 수원시,수원시 동물보호센터,37.2633325,127.0287472
2025-04-24,고양이,한국 고양이,미상,경기도 수원시,수원시 동물보호센터,37.2633325,127.0287472
2025-04-24,고양이,한국 고양이,미상,경기도 수원시,수원시 동물보호센터,37.2633325,127.0287472
2025-04-24,개,말티즈,암컷,울산광역시 남구,강남동물병원,35.4984869,129.3459362
2025-04-24,개,요크셔 테리어,암컷,광주광역시 광산구,첨단우리동물병원,35.1396428,126.7938232
2025-04-24,고양이,믹스묘,수컷,광주광역시 서구,광주동물보호센터,35.1521401,126.8900561
2025-04-24,고양이,한국 고양이,암컷,대구광역시 달서구,대구유기동물보호협회,35.8297006,128.533094
2025-04-24,고양이,한국 고양이,수컷,대구광역시 서구,대구시수의사회(보경),35.8716,128.5591
2025-04-24,고양이,한국 고양이,암컷,대구광역시 서구,대구시수의사회(보경),35.8716,128.5591
2025-04-24,개,믹스견,암컷,서울특별시 관악구,디아크 동물종합병원,37.4782,126.9518
2025-04-24,고양이,페르시안-페르시안 친칠라,수컷,서울특별시 동대문구,동대문구청,37.5741982,127.0395092
2025-04-24,개,포메라니안,수컷,서울특별시 동대문구,동대문구청,37.5741982,127.0395092
2025-04-24,고양이,한국 고양이,암컷,광주광역시 남구,광주동물보호센터,35.1327,126.9025
2025-04-24,개,믹스견,수컷,경기도 남양주시,남양주시동물보호센터,37.6359398,127.2165051
2025-04-24,개,믹스견,수컷,경기도 남양주시,남양주시동물보호센터,37.6359398,127.2165051
2025-04-24,개,믹스견,암컷,경기도 남양주시,남양주시동물보호센터,37.6359398,127.2165051
2025-04-24,개,미니어쳐 푸들,수컷,경기도 구리시,구리반려동물문화센터,37.5935948,127.1297917
2025-04-24,고양이,한국 고양이,미상,전북특별자치도 진안군,진안군유기동물보호소,35.7915,127.4252
2025-04-24,고양이,한국 고양이,미상,전북특별자치도 진안군,진안군유기동물보호소,35.7915,127.4252
2025-04-24,고양이,한국 고양이,미상,전북특별자치도 진안군,진안군유기동물보호소,35.7915,127.4252
2025-04-24,고양이,한국 고양이,미상,전북특별자치도 진안군,진안군유기동물보호소,35.7915,127.4252
2025-04-24,개,믹스견,수컷,경기도 화성시,화성동물보호센터,37.1994653,126.8312632
2025-04-24,개,믹스견,암컷,경기도 화성시,화성동물보호센터,37.1994653,126.8312632
2025-04-24,개,믹스견,암컷,전북특별자치도 완주군,완주군유기동물보호소,35.9039,127.1622
2025-04-23,고양이,믹스묘,암컷,부산광역시 동래구,(사)동부동물보호협회,35.2052,129.0837
2025-04-23,개,보더 콜리,수컷,경상북도 안동시,유기동물보호센터,36.5634886,128.7260798
2025-04-23,개,보더 콜리,암컷,경상북도 안동시,유기동물보호센터,36.5634886,128.7260798
2025-04-23,개,믹스견,암컷,충청남도 논산시,논산시 동물보호센터,36.1868154,127.0987538
2025-04-23,고양이,한국 고양이,수컷,강원특별자치도 태백시,태백시유기동물보호소,37.1637943,128.9857176
2025-04-23,고양이,한국 고양이,미상,인천광역시 남동구,인천광역시수의사회,37.446902,126.7315126
2025-04-23,고양이,믹스묘,수컷,부산광역시 해운대구,동부유기동물보호협회,35.1629,129.1638
2025-04-23,개,믹스견,암컷,서울특별시 서초구,한국동물구조관리협회,37.4835,127.0322
2025-04-23,개,믹스견,수컷,전라남도 완도군,유기동물임시보호센터,34.3110373,126.7553933
2025-04-23,개,믹스견,수컷,전라남도 완도군,유기동물임시보호센터,34.3110373,126.7553933
2025-04-23,개,믹스견,암컷,전라남도 완도군,유기동물임시보호센터,34.3110373,126.7553933
2025-04-23,개,믹스견,암컷,전라남도 완도군,유기동물임시보호센터,34.3110373,126.7553933
2025-04-23,개,믹스견,암컷,전라남도 목포시,목포시유기동물보호소,34.7903335,126.3847547
2025-04-23,개,믹스견,암컷,경상남도 하동군,하동군유기동물보호소,35.0670735,127.7516778
2025-04-23,개,믹스견,수컷,경상북도 예천군,예천군유기동물보호소,36.6462999,128.4376
2025-04-23,개,믹스견,암컷,전라남도 완도군,유기동물임시보호센터,34.3110373,126.7553933
2025-04-23,개,믹스견,암컷,전라남도 영암군,유기동물 삼호 보호소,34.800052,126.6970381
2025-04-23,개,믹스견,암컷,전라남도 영암군,유기동물 삼호 보호소,34.800052,126.6970381
2025-04-23,개,믹스견,수컷,강원특별자치도 홍천군,홍천군유기동물보호소,37.6967,127.8888
2025-04-23,개,믹스견,수컷,강원특별자치도 홍천군,홍천군유기동물보호소,37.6967,127.8888
2025-04-23,개,풍산견,수컷,강원특별자치도 홍천군,홍천군유기동물보호소,37.6967,127.8888
2025-04-23,개,믹스견,수컷,경기도 하남시,한국동물구조관리협회,37.5392918,127.214948
2025-04-23,고양이,한국 고양이,수컷,서울특별시 강동구,GD동물병원,37.53,127.1237
2025-04-23,고양이,한국 고양이,암컷,제주특별자치도 제주특별자치도,제주 동물보호센터,33.4887737,126.4987083
2025-04-23,개,믹스견,수컷,제주특별자치도 제주특별자치도,제주 동물보호센터,33.4887737,126.4987083
2025-04-23,개,믹스견,수컷,제주특별자치도 제주특별자치도,제주 동물보호센터,33.4887737,126.4987083
2025-04-23,개,믹스견,암컷,제주특별자치도 제주특별자치도,제주 동물보호센터,33.4887737,126.4987083
2025-04-23,개,믹스견,암컷,경상남도 양산시,양산시 동물보호센터,35.3349979,129.0370582
2025-04-23,개,포메라니안,수컷,경상남도 김해시,(사)동물보호관리협회,35.2310947,128.8908228
2025-04-23,개,믹스견,수컷,경상북도 울진군,울진군동물보호센터,36.993,129.4006
2025-04-23,개,믹스견,암컷,경상북도 울진군,울진군동물보호센터,36.993,129.4006
2025-04-23,개,믹스견,암컷,경상북도 울진군,울진군동물보호센터,36.993,129.4006
2025-04-23,개,믹스견,수컷,경상북도 울진군,울진군동물보호센터,36.993,129.4006
2025-04-23,개,믹스견,수컷,전라남도 구례군,구례군동물보호센터,35.2203329,127.473277
2025-04-23,개,믹스견,암컷,전라남도 구례군,구례군동물보호센터,35.2203329,127.473277
2025-04-23,개,믹스견,수컷,전라남도 구례군,구례군동물보호센터,35.2203329,127.473277
2025-04-23,개,믹스견,암컷,전라남도 구례군,구례군동물보호센터,35.2203329,127.473277
2025-04-23,개,믹스견,암컷,전라남도 구례군,구례군동물보호센터,35.2203329,127.473277
2025-04-23,개,믹스견,수컷,전라남도 구례군,구례군동물보호센터,35.2203329,127.473277
2025-04-23,개,믹스견,암컷,전라남도 구례군,구례군동물보호센터,35.2203329,127.473277
2025-04-23,개,믹스견,암컷,전북특별자치도 익산시,익산유기동물보호소,35.9479291,126.9578025
2025-04-23,개,믹스견,암컷,전북특별자치도 익산시,익산유기동물보호소,35.9479291,126.9578025
2025-04-23,개,믹스견,암컷,전북특별자치도 익산시,익산유기동물보호소,35.9479291,126.9578025
2025-04-23,개,믹스견,암컷,전북특별자치도 익산시,익산유기동물보호소,35.9479291,126.9578025
2025-04-23,개,믹스견,수컷,전북특별자치도 익산시,익산유기동물보호소,35.9479291,126.9578025
2025-04-23,개,믹스견,암컷,전북특별자치도 익산시,익산유기동물보호소,35.9479291,126.9578025
2025-04-23,고양이,한국 고양이,암컷,전북특별자치도 익산시,익산유기동물보호소,35.9479291,126.9578025
2025-04-23,고양이,한국 고양이,암컷,전북특별자치도 익산시,익산유기동물보호소,35.9479291,126.9578025
2025-04-23,고양이,한국 고양이,수컷,전북특별자치도 익산시,익산유기동물보호소,35.9479291,126.9578025
2025-04-23,개,믹스견,암컷,충청남도 태안군,태안 동물보호소,36.7454236,126.29836
2025-04-23,개,믹스견,수컷,충청남도 서산시,서산시 동물보호센터,36.784499,126.450317
2025-04-23,개,믹스견,수컷,충청남도 아산시,아산동물복지지원센터,36.7899498,127.0026769
2025-04-23,개,믹스견,수컷,경기도 포천시,한국동물구조관리협회,37.8948267,127.2007295
2025-04-23,고양이,한국 고양이,수컷,경기도 포천시,한국동물구조관리협회,37.8948267,127.2007295
2025-04-23,개,믹스견,암컷,경기도 포천시,한국동물구조관리협회,37.8948267,127.2007295
2025-04-23,개,믹스견,암컷,경기도 포천시,한국동물구조관리협회,37.8948267,127.2007295
2025-04-23,개,믹스견,수컷,경기도 포천시,한국동물구조관리협회,37.8948267,127.2007295
2025-04-23,개,믹스견,수컷,경기도 연천군,한국동물구조관리협회,38.0964,127.0746
2025-04-23,개,믹스견,수컷,경기도 연천군,한국동물구조관리협회,38.0964,127.0746
2025-04-23,개,믹스견,암컷,경기도 김포시,한국동물구조관리협회,37.6155683,126.7157798
2025-04-23,개,믹스견,수컷,경기도 김포시,한국동물구조관리협회,37.6155683,126.7157798
2025-04-23,개,믹스견,암컷,경기도 김포시,한국동물구조관리협회,37.6155683,126.7157798
2025-04-23,개,믹스견,수컷,경기도 김포시,한국동물구조관리협회,37.6155683,126.7157798
2025-04-23,개,믹스견,수컷,경기도 안성시,안성시 동물보호센터,37.007773,127.279971
2025-04-23,개,믹스견,수컷,경기도 남양주시,남양주시동물보호센터,37.6359398,127.2165051
2025-04-23,개,보더 콜리,수컷,경기도 의정부시,한국동물구조관리협회,37.7380747,127.0339665
2025-04-23,고양이,한국 고양이,미상,부산광역시 북구,부산동물보호센터,35.1969,128.9901999
2025-04-23,고양이,한국 고양이,미상,부산광역시 북구,부산동물보호센터,35.1969,128.9901999
2025-04-23,고양이,한국 고양이,미상,부산광역시 북구,부산동물보호센터,35.1969,128.9901999
2025-04-23,고양이,한국 고양이,미상,부산광역시 북구,부산동물보호센터,35.1969,128.9901999
2025-04-23,고양이,한국 고양이,미상,부산광역시 북구,부산동물보호센터,35.1969,128.9901999
2025-04-23,고양이,한국 고양이,미상,부산광역시 북구,부산동물보호센터,35.1969,128.9901999
2025-04-23,고양이,믹스묘,암컷,부산광역시 남구,(사)동부동물보호협회,35.1361,129.0843999
2025-04-23,고양이,믹스묘,암컷,부산광역시 남구,(사)동부동물보호협회,35.1361,129.0843999
2025-04-23,고양이,한국 고양이,미상,부산광역시 중구,부산동물보호센터,35.106501,129.0325814
2025-04-23,개,프렌치 불독,수컷,부산광역시 중구,부산동물보호센터,35.106501,129.0325814
2025-04-23,고양이,한국 고양이,수컷,서울특별시 구로구,한국동물구조관리협회,37.4951999,126.8877
2025-04-23,고양이,한국 고양이,암컷,서울특별시 구로구,한국동물구조관리협회,37.4951999,126.8877
2025-04-23,개,스피츠,암컷,서울특별시 양천구,강현림동물병원,37.5171,126.8663
2025-04-23,개,믹스견,수컷,서울특별시 마포구,홍익동물병원,37.566571,126.9015317
2025-04-23,개,믹스견,암컷,경상남도 창녕군,창녕 유기동물보호소,35.5443876,128.4921938
2025-04-23,개,믹스견,암컷,경상남도 창녕군,창녕 유기동물보호소,35.5443876,128.4921938
2025-04-23,개,믹스견,암컷,경상남도 의령군,의령군 동물보호센터,35.322003,128.2617827
2025-04-23,개,믹스견,암컷,경상남도 의령군,의령군 동물보호센터,35.322003,128.2617827
2025-04-23,개,믹스견,수컷,경상남도 의령군,의령군 동물보호센터,35.322003,128.2617827
2025-04-23,개,믹스견,수컷,경상남도 의령군,의령군 동물보호센터,35.322003,128.2617827
2025-04-23,개,믹스견,수컷,경상남도 의령군,의령군 동물보호센터,35.322003,128.2617827
2025-04-23,개,믹스견,수컷,경상남도 거제시,거제시유기동물보호소,34.8804677,128.621207
2025-04-23,개,믹스견,암컷,경상남도 거제시,거제시유기동물보호소,34.8804677,128.621207
2025-04-23,고양이,한국 고양이,암컷,경상남도 사천시,사천시 동물보호센터,35.003468,128.064562
2025-04-23,개,믹스견,암컷,경상남도 진주시,진주시동물보호센터,35.1803459,128.1079953
2025-04-23,개,믹스견,수컷,경상북도 고령군,고령군 유기견 보호소,35.7258,128.2632
2025-04-23,개,믹스견,수컷,경상북도 고령군,고령군 유기견 보호소,35.7258,128.2632
2025-04-23,개,믹스견,암컷,경상북도 고령군,고령군 유기견 보호소,35.7258,128.2632
2025-04-23,개,믹스견,암컷,경상북도 청송군,점곡동물보호센터,36.4358,129.0571
2025-04-23,기타,토끼,암컷,경상북도 경산시,경산시유기동물보호소,35.825122,128.741329
2025-04-23,개,믹스견,수컷,전라남도 함평군,학교임시동물보호센터,35.0656537,126.5166414
2025-04-23,개,믹스견,수컷,전라남도 함평군,학교임시동물보호센터,35.0656537,126.5166414
2025-04-23,개,믹스견,수컷,전라남도 함평군,학교임시동물보호센터,35.0656537,126.5166414
2025-04-23,개,믹스견,암컷,전라남도 보성군,보성유기동물보호센터,34.7711356,127.0798978
2025-04-23,개,믹스견,수컷,전라남도 보성군,보성유기동물보호센터,34.7711356,127.0798978
2025-04-23,개,믹스견,암컷,전라남도 고흥군,고흥군임시보호센터,34.6044123,127.276384
2025-04-23,개,믹스견,수컷,전라남도 고흥군,고흥군임시보호센터,34.6044123,127.276384
2025-04-23,개,믹스견,암컷,전라남도 고흥군,고흥군임시보호센터,34.6044123,127.276384
2025-04-23,개,믹스견,암컷,전라남도 고흥군,고흥군임시보호센터,34.6044123,127.276384
2025-04-23,개,믹스견,암컷,전라남도 고흥군,고흥군임시보호센터,34.6044123,127.276384
2025-04-23,개,믹스견,암컷,전라남도 고흥군,고흥군임시보호센터,34.6044123,127.276384
2025-04-23,개,믹스견,암컷,전라남도 고흥군,고흥군임시보호센터,34.6044123,127.276384
2025-04-23,개,믹스견,수컷,전라남도 고흥군,고흥군임시보호센터,34.6044123,127.276384
2025-04-23,개,믹스견,수컷,전라남도 나주시,나주유기동물보호센터,35.0158859,126.7108313
2025-04-23,개,프렌치 불독,암컷,전라남도 순천시,순천시유기동물보호소,34.9505457,127.4872992
2025-04-23,개,믹스견,암컷,전라남도 여수시,유기동물보호소,34.7546257,127.659859
2025-04-23,개,믹스견,암컷,전라남도 목포시,목포시유기동물보호소,34.7903335,126.3847547
2025-04-23,개,믹스견,암컷,전라남도 목포시,목포시유기동물보호소,34.7903335,126.3847547
2025-04-23,개,믹스견,암컷,전라남도 목포시,목포시유기동물보호소,34.7903335,126.3847547
2025-04-23,개,믹스견,암컷,전라남도 목포시,목포시유기동물보호소,34.7903335,126.3847547
2025-04-23,개,믹스견,수컷,전라남도 목포시,목포시유기동물보호소,34.7903335,126.3847547
2025-04-23,기타,닭,미상,전북특별자치도 부안군,부안군 동물보호센터,35.7316783,126.7330195
2025-04-23,개,믹스견,수컷,전북특별자치도 임실군,임실유기동물보호센터,35.6174,127.2893
2025-04-23,개,믹스견,암컷,전북특별자치도 임실군,임실유기동물보호센터,35.6174,127.2893
2025-04-23,개,믹스견,수컷,전북특별자치도 임실군,임실유기동물보호센터,35.6174,127.2893
2025-04-23,개,믹스견,수컷,전북특별자치도 임실군,임실유기동물보호센터,35.6174,127.2893
2025-04-23,개,믹스견,암컷,전북특별자치도 임실군,임실유기동물보호센터,35.6174,127.2893
2025-04-23,개,믹스견,수컷,전북특별자치도 김제시,전북말산업복합센터,35.803815,126.880557
2025-04-23,개,믹스견,암컷,전북특별자치도 김제시,전북말산업복합센터,35.803815,126.880557
2025-04-23,개,믹스견,수컷,전북특별자치도 김제시,전북말산업복합센터,35.803815,126.880557
2025-04-23,개,믹스견,암컷,전북특별자치도 남원시,청원동물병원,35.4163118,127.3903713
2025-04-23,개,믹스견,암컷,전북특별자치도 남원시,청원동물병원,35.4163118,127.3903713
2025-04-23,개,믹스견,암컷,전북특별자치도 남원시,청원동물병원,35.4163118,127.3903713
2025-04-23,개,믹스견,수컷,전북특별자치도 남원시,청원동물병원,35.4163118,127.3903713
2025-04-23,고양이,믹스묘,암컷,전북특별자치도 군산시,군산유기동물보호센터,35.9679984,126.7369036
2025-04-23,개,믹스견,암컷,전북특별자치도 군산시,군산유기동물보호센터,35.9679984,126.7369036
2025-04-23,개,믹스견,암컷,전북특별자치도 전주시,프렌즈동물병원,35.8237631,127.1472805
2025-04-23,개,믹스견,암컷,충청남도 당진시,당진시동물보호소,36.8904083,126.6461833
2025-04-23,개,믹스견,암컷,충청남도 당진시,당진시동물보호소,36.8904083,126.6461833
2025-04-23,개,동경이,암컷,충청남도 부여군,남부여동물보호소,36.2753678,126.910107
2025-04-23,개,믹스견,암컷,충청남도 서산시,서산시 동물보호센터,36.784499,126.450317
2025-04-23,개,믹스견,암컷,충청남도 서산시,서산시 동물보호센터,36.784499,126.450317
2025-04-23,개,믹스견,수컷,충청남도 서산시,서산시 동물보호센터,36.784499,126.450317
2025-04-23,개,믹스견,암컷,충청남도 서산시,서산시 동물보호센터,36.784499,126.450317
2025-04-23,고양이,스코티시폴드,수컷,충청남도 보령시,보령길고양이보호협회,36.33401,126.613165
2025-04-23,개,프렌치 불독,암컷,충청북도 청주시,반려동물보호센터,36.6421169,127.4891742
2025-04-23,개,믹스견,수컷,충청북도 청주시,반려동물보호센터,36.6421169,127.4891742
2025-04-23,개,믹스견,수컷,충청북도 청주시,반려동물보호센터,36.6421169,127.4891742
2025-04-23,고양이,한국 고양이,암컷,충청북도 옥천군,옥천동물병원,36.3061692,127.571482
2025-04-23,개,포메라니안,암컷,충청북도 옥천군,옥천동물병원,36.3061692,127.571482
2025-04-23,개,믹스견,암컷,충청북도 옥천군,옥천동물병원,36.3061692,127.571482
2025-04-23,개,믹스견,수컷,충청북도 옥천군,옥천동물병원,36.3061692,127.571482
2025-04-23,개,믹스견,암컷,충청북도 옥천군,옥천동물병원,36.3061692,127.571482
2025-04-23,개,믹스견,수컷,경기도 화성시,화성동물보호센터,37.1994653,126.8312632
2025-04-23,개,믹스견,수컷,경기도 화성시,화성동물보호센터,37.1994653,126.8312632
2025-04-23,개,믹스견,수컷,경기도 화성시,화성동물보호센터,37.1994653,126.8312632
2025-04-23,개,믹스견,수컷,경기도 화성시,화성동물보호센터,37.1994653,126.8312632
2025-04-23,개,믹스견,암컷,경기도 화성시,화성동물보호센터,37.1994653,126.8312632
2025-04-23,개,믹스견,암컷,경기도 화성시,화성동물보호센터,37.1994653,126.8312632
2025-04-23,개,믹스견,수컷,경기도 화성시,화성동물보호센터,37.1994653,126.8312632
2025-04-23,개,믹스견,암컷,경기도 화성시,화성동물보호센터,37.1994653,126.8312632
2025-04-23,개,말티즈,암컷,경기도 용인시,용인시 동물보호센터,37.2405741,127.1785572
2025-04-23,개,믹스견,암컷,경기도 시흥시,시흥동물누리보호센터,37.3798891,126.8032255
2025-04-23,개,믹스견,암컷,경기도 시흥시,시흥동물누리보호센터,37.3798891,126.8032255
2025-04-23,개,믹스견,암컷,경기도 시흥시,시흥동물누리보호센터,37.3798891,126.8032255
2025-04-23,개,믹스견,암컷,경기도 시흥시,시흥동물누리보호센터,37.3798891,126.8032255
2025-04-23,개,믹스견,수컷,경기도 시흥시,시흥동물누리보호센터,37.3798891,126.8032255
2025-04-23,고양이,한국 고양이,암컷,경기도 평택시,평택시유기동물보호소,36.9924966,127.1127168
2025-04-23,고양이,한국 고양이,암컷,경기도 평택시,평택시유기동물보호소,36.9924966,127.1127168
2025-04-23,개,포메라니안,수컷,경기도 평택시,평택시유기동물보호소,36.9924966,127.1127168
2025-04-23,고양이,한국 고양이,수컷,경기도 광명시,한국야생동물보호협회,37.4810539,126.8631275
2025-04-23,개,믹스견,암컷,경기도 부천시,24시아이동물메디컬,37.5014422,126.7660139
2025-04-23,개,포메라니안,암컷,경기도 안양시,한국야생동물보호협회,37.3938528,126.9570605
2025-04-23,고양이,한국 고양이,수컷,경기도 성남시,펫앤쉘터동물병원,37.4201556,127.1262092
2025-04-23,고양이,한국 고양이,수컷,경기도 성남시,펫앤쉘터동물병원,37.4201556,127.1262092
2025-04-23,개,믹스견,암컷,광주광역시 남구,광주동물보호센터,35.1327,126.9025
2025-04-23,개,믹스견,암컷,광주광역시 남구,광주동물보호센터,35.1327,126.9025
2025-04-23,개,푸들,암컷,인천광역시 강화군,디디동물병원,37.746,126.488
2025-04-23,개,믹스견,수컷,인천광역시 부평구,삼산종합동물병원,37.5070221,126.7220068
2025-04-23,고양이,한국 고양이,수컷,광주광역시 남구,광주동물보호센터,35.1327,126.9025
2025-04-23,개,믹스견,암컷,경기도 화성시,화성동물보호센터,37.1994653,126.8312632
2025-04-22,개,믹스견,수컷,강원특별자치도 횡성군,횡성유기동물보호센터,37.4916,127.985
2025-04-22,개,믹스견,미상,전라남도 장흥군,장흥군 동물보호센터,34.6811762,126.906996
2025-04-22,개,믹스견,암컷,전라남도 장흥군,장흥군 동물보호센터,34.6811762,126.906996
2025-04-22,개,믹스견,암컷,전라남도 장흥군,장흥군 동물보호센터,34.6811762,126.906996
2025-04-22,개,믹스견,암컷,강원특별자치도 화천군,화천군농업기술센터,38.1063,127.708
2025-04-22,개,믹스견,암컷,부산광역시 사하구,(사)하얀비둘기,35.1041,128.9751
2025-04-22,개,믹스견,암컷,경상북도 예천군,예천군유기동물보호소,36.6462999,128.4376
2025-04-22,개,믹스견,암컷,경상북도 울진군,울진군동물보호센터,36.993,129.4006
2025-04-22,개,믹스견,암컷,전라남도 영암군,유기동물 삼호 보호소,34.800052,126.6970381
2025-04-22,개,믹스견,암컷,전라남도 영암군,유기동물 삼호 보호소,34.800052,126.6970381
2025-04-22,개,믹스견,수컷,전라남도 곡성군,곡성군동물보호소,35.2818969,127.2914673
2025-04-22,개,믹스견,수컷,전라남도 곡성군,곡성군동물보호소,35.2818969,127.2914673
2025-04-22,고양이,한국 고양이,암컷,전북특별자치도 정읍시,정읍시 동물보호소,35.5697678,126.8559787
2025-04-22,개,믹스견,암컷,충청북도 진천군,증평 가정견 훈련소,36.855461,127.4353927
2025-04-22,개,믹스견,암컷,경기도 양주시,한국동물구조관리협회,37.7849312,127.0457771
2025-04-22,개,믹스견,미상,인천광역시 강화군,디디동물병원,37.746,126.488
2025-04-22,개,믹스견,암컷,제주특별자치도 제주특별자치도,제주 동물보호센터,33.4887737,126.4987083
2025-04-22,개,믹스견,암컷,전라남도 순천시,순천시유기동물보호소,34.9505457,127.4872992
2025-04-22,개,믹스견,암컷,전북특별자치도 익산시,익산유기동물보호소,35.9479291,126.9578025
2025-04-22,개,믹스견,수컷,전북특별자치도 익산시,익산유기동물보호소,35.9479291,126.9578025
2025-04-22,개,비숑 프리제,암컷,전북특별자치도 익산시,익산유기동물보호소,35.9479291,126.9578025
2025-04-22,고양이,한국 고양이,암컷,전북특별자치도 익산시,익산유기동물보호소,35.9479291,126.9578025
2025-04-22,고양이,한국 고양이,암컷,전북특별자치도 익산시,익산유기동물보호소,35.9479291,126.9578025
2025-04-22,고양이,페르시안,수컷,충청남도 보령시,보령길고양이보호협회,36.33401,126.613165
2025-04-22,개,믹스견,암컷,충청북도 옥천군,옥천동물병원,36.3061692,127.571482
2025-04-22,개,믹스견,암컷,경기도 김포시,한국동물구조관리협회,37.6155683,126.7157798
2025-04-22,개,믹스견,암컷,경기도 김포시,한국동물구조관리협회,37.6155683,126.7157798
2025-04-22,개,믹스견,암컷,경기도 김포시,한국동물구조관리협회,37.6155683,126.7157798
2025-04-22,개,믹스견,수컷,경기도 의정부시,한국동물구조관리협회,37.7380747,127.0339665
2025-04-22,고양이,한국 고양이,암컷,울산광역시 북구,울산유기동물보호센터,35.5826,129.3604
2025-04-22,개,믹스견,암컷,인천광역시 계양구,신영재동물병원,37.5373539,126.7379078
2025-04-22,고양이,한국 고양이,암컷,인천광역시 계양구,신영재동물병원,37.5373539,126.7379078
2025-04-22,기타,토끼,수컷,인천광역시 계양구,신영재동물병원,37.5373539,126.7379078
2025-04-22,고양이,한국 고양이,암컷,인천광역시 계양구,신영재동물병원,37.5373539,126.7379078
2025-04-22,개,믹스견,암컷,인천광역시 부평구,조재진동물병원,37.5070221,126.7220068
2025-04-22,고양이,한국 고양이,암컷,대구광역시 수성구,금강동물병원,35.8584,128.6305
2025-04-22,고양이,믹스묘,수컷,부산광역시 수영구,(사)동부동물보호협회,35.1454,129.1127
2025-04-22,개,믹스견,암컷,부산광역시 수영구,(사)동부동물보호협회,35.1454,129.1127
2025-04-22,개,믹스견,수컷,부산광역시 수영구,(사)동부동물보호협회,35.1454,129.1127
2025-04-22,개,믹스견,암컷,부산광역시 수영구,(사)동부동물보호협회,35.1454,129.1127
2025-04-22,개,믹스견,수컷,경상남도 창녕군,창녕 유기동물보호소,35.5443876,128.4921938
2025-04-22,개,믹스견,암컷,경상남도 진주시,진주시동물보호센터,35.1803459,128.1079953
2025-04-22,개,믹스견,수컷,경상남도 진주시,진주시동물보호센터,35.1803459,128.1079953
2025-04-22,고양이,한국 고양이,수컷,경상북도 김천시,김천시 동물보호센터,36.1398035,128.1139534
2025-04-22,개,믹스견,미상,경상북도 포항시,(사)영일동물플러스,36.0189315,129.3429384
2025-04-22,개,믹스견,암컷,경상북도 포항시,(사)영일동물플러스,36.0189315,129.3429384
2025-04-22,개,믹스견,암컷,경상북도 포항시,(사)영일동물플러스,36.0189315,129.3429384
2025-04-22,개,믹스견,미상,경상북도 포항시,(사)영일동물플러스,36.0189315,129.3429384
2025-04-22,개,믹스견,수컷,경상북도 포항시,(사)영일동물플러스,36.0189315,129.3429384
2025-04-22,개,믹스견,수컷,전라남도 신안군,신안군유기동물보호소,34.8331095,126.3522531
2025-04-22,개,믹스견,수컷,전라남도 나주시,나주유기동물보호센터,35.0158859,126.7108313
2025-04-22,개,믹스견,암컷,전라남도 순천시,순천시유기동물보호소,34.9505457,127.4872992
2025-04-22,개,믹스견,암컷,전라남도 순천시,순천시유기동물보호소,34.9505457,127.4872992
2025-04-22,개,시베리안 허스키,수컷,전라남도 순천시,순천시유기동물보호소,34.9505457,127.4872992
2025-04-22,개,믹스견,암컷,전라남도 목포시,목포시유기동물보호소,34.7903335,126.3847547
2025-04-22,개,믹스견,암컷,전북특별자치도 김제시,전북말산업복합센터,35.803815,126.880557
2025-04-22,개,믹스견,암컷,전북특별자치도 남원시,청원동물병원,35.4163118,127.3903713
2025-04-22,개,믹스견,수컷,전북특별자치도 남원시,하나동물병원,35.4163118,127.3903713
2025-04-22,개,믹스견,수컷,전북특별자치도 남원시,하나동물병원,35.4163118,127.3903713
2025-04-22,개,믹스견,수컷,전북특별자치도 정읍시,정읍시 동물보호소,35.5697678,126.8559787
2025-04-22,개,믹스견,수컷,전북특별자치도 정읍시,정읍시 동물보호소,35.5697678,126.8559787
2025-04-22,개,믹스견,암컷,전북특별자치도 정읍시,정읍시 동물보호소,35.5697678,126.8559787
2025-04-22,개,믹스견,수컷,충청남도 청양군,청양보호소,36.4587024,126.8019983
2025-04-22,개,믹스견,암컷,충청남도 금산군,제일동물병원,36.1087249,127.48815
2025-04-22,개,믹스견,수컷,충청남도 서산시,서산시 동물보호센터,36.784499,126.450317
2025-04-22,개,믹스견,암컷,충청남도 서산시,서산시 동물보호센터,36.784499,126.450317
2025-04-22,개,믹스견,수컷,충청남도 서산시,서산시 동물보호센터,36.784499,126.450317
2025-04-22,개,믹스견,암컷,충청남도 서산시,서산시 동물보호센터,36.784499,126.450317
2025-04-22,개,믹스견,암컷,충청남도 천안시,천안시 동물보호센터,36.8150283,127.1140654
2025-04-22,고양이,믹스묘,수컷,충청북도 음성군,금왕동물병원,36.94,127.6906
2025-04-22,고양이,믹스묘,수컷,충청북도 음성군,금왕동물병원,36.94,127.6906
2025-04-22,고양이,믹스묘,수컷,충청북도 음성군,금왕동물병원,36.94,127.6906
2025-04-22,고양이,믹스묘,암컷,충청북도 음성군,금왕동물병원,36.94,127.6906
2025-04-22,고양이,믹스묘,암컷,충청북도 음성군,금왕동물병원,36.94,127.6906
2025-04-22,고양이,믹스묘,암컷,충청북도 음성군,금왕동물병원,36.94,127.6906
2025-04-22,개,푸들,암컷,충청북도 진천군,증평 가정견 훈련소,36.855461,127.4353927
2025-04-22,개,믹스견,암컷,충청북도 영동군,최종주동물병원,36.1747588,127.7834432
2025-04-22,고양이,한국 고양이,암컷,충청북도 영동군,최종주동물병원,36.1747588,127.7834432
2025-04-22,개,푸들,암컷,충청북도 제천시,제천시 동물보호센터,37.1326042,128.1913508
2025-04-22,개,믹스견,암컷,충청북도 충주시,충주시동물보호센터,36.9907334,127.9259891
2025-04-22,개,믹스견,수컷,경기도 가평군,가평군유기동물보호소,37.8314,127.5098
2025-04-22,개,믹스견,수컷,경기도 시흥시,시흥동물누리보호센터,37.3798891,126.8032255
2025-04-22,개,포메라니안,수컷,경기도 시흥시,시흥동물누리보호센터,37.3798891,126.8032255
2025-04-22,개,치와와,암컷,경기도 남양주시,남양주시동물보호센터,37.6359398,127.2165051
2025-04-22,고양이,한국 고양이,암컷,경기도 평택시,평택시유기동물보호소,36.9924966,127.1127168
2025-04-22,개,믹스견,암컷,경기도 평택시,평택시유기동물보호소,36.9924966,127.1127168
2025-04-22,개,믹스견,암컷,경기도 평택시,평택시유기동물보호소,36.9924966,127.1127168
2025-04-22,개,믹스견,수컷,경기도 평택시,평택시유기동물보호소,36.9924966,127.1127168
2025-04-22,개,믹스견,암컷,경기도 평택시,평택시유기동물보호소,36.9924966,127.1127168
2025-04-22,개,믹스견,암컷,인천광역시 강화군,디디동물병원,37.746,126.488
2025-04-22,고양이,한국 고양이,암컷,인천광역시 연수구,경동동물병원,37.4098,126.6787
2025-04-22,개,말티즈,수컷,인천광역시 연수구,경동동물병원,37.4098,126.6787
2025-04-22,개,믹스견,수컷,인천광역시 중구,신공항동물병원,37.4735389,126.6214081
2025-04-22,고양이,한국 고양이,수컷,대구광역시 달성군,화원연합동물병원,35.7753,128.4312
2025-04-22,개,말티즈,수컷,서울특별시 서대문구,내품애센터,37.5790747,126.9367861
2025-04-22,고양이,한국 고양이,미상,서울특별시 성동구,한빛동물병원,37.5635,127.0365
2025-04-22,개,믹스견,수컷,경기도 남양주시,남양주시동물보호센터,37.6359398,127.2165051
2025-04-22,개,믹스견,수컷,경기도 남양주시,남양주시동물보호센터,37.6359398,127.2165051
2025-04-22,개,믹스견,수컷,경기도 남양주시,남양주시동물보호센터,37.6359398,127.2165051
2025-04-22,개,믹스견,수컷,경기도 남양주시,남양주시동물보호센터,37.6359398,127.2165051
2025-04-22,고양이,한국 고양이,수컷,전북특별자치도 진안군,진안군유기동물보호소,35.7915,127.4252
2025-04-22,개,도사 믹스견,암컷,경기도 시흥시,시흥동물누리보호센터,37.3798891,126.8032255
2025-04-22,개,도사 믹스견,수컷,경기도 시흥시,시흥동물누리보호센터,37.3798891,126.8032255
2025-04-21,개,프렌치 불독,수컷,강원특별자치도 횡성군,횡성유기동물보호센터,37.4916,127.985
2025-04-21,개,믹스견,수컷,강원특별자치도 횡성군,횡성유기동물보호센터,37.4916,127.985
2025-04-21,개,믹스견,암컷,전라남도 장흥군,장흥군 동물보호센터,34.6811762,126.906996
2025-04-21,개,믹스견,암컷,전라남도 장흥군,장흥군 동물보호센터,34.6811762,126.906996
2025-04-21,개,믹스견,수컷,전라남도 장흥군,장흥군 동물보호센터,34.6811762,126.906996
2025-04-21,개,믹스견,수컷,강원특별자치도 양양군,양양군유기동물보호소,38.0751,128.6191
2025-04-21,개,믹스견,수컷,경상남도 통영시,통영시동물보호센터,34.854254,128.433205
2025-04-21,개,믹스견,수컷,경상남도 통영시,통영시동물보호센터,34.854254,128.433205
2025-04-21,개,믹스견,수컷,경상북도 영천시,영천유기동물보호센터,35.98842,128.942
2025-04-21,개,믹스견,암컷,경상북도 영천시,영천유기동물보호센터,35.98842,128.942
2025-04-21,개,비숑 프리제,수컷,전북특별자치도 익산시,익산유기동물보호소,35.9479291,126.9578025
2025-04-21,개,믹스견,수컷,전북특별자치도 익산시,익산유기동물보호소,35.9479291,126.9578025
2025-04-21,개,믹스견,수컷,전북특별자치도 익산시,익산유기동물보호소,35.9479291,126.9578025
2025-04-21,개,믹스견,수컷,전북특별자치도 익산시,익산유기동물보호소,35.9479291,126.9578025
2025-04-21,개,믹스견,수컷,전북특별자치도 익산시,익산유기동물보호소,35.9479291,126.9578025
2025-04-21,개,믹스견,암컷,전북특별자치도 익산시,익산유기동물보호소,35.9479291,126.9578025
2025-04-21,기타,염소,암컷,전북특별자치도 익산시,익산유기동물보호소,35.9479291,126.9578025
2025-04-21,기타,염소,수컷,전북특별자치도 익산시,익산유기동물보호소,35.9479291,126.9578025
2025-04-21,개,믹스견,암컷,충청남도 아산시,아산동물복지지원센터,36.7899498,127.0026769
2025-04-21,개,믹스견,수컷,충청북도 괴산군,괴산증평동물보호센터,36.815,127.7866
2025-04-21,개,진도견,암컷,대전광역시 유성구,대전동물보호센터,36.3620732,127.3564099
2025-04-21,개,믹스견,암컷,인천광역시 계양구,신영재동물병원,37.5373539,126.7379078
2025-04-21,개,믹스견,수컷,인천광역시 계양구,신영재동물병원,37.5373539,126.7379078
2025-04-21,개,믹스견,수컷,인천광역시 계양구,신영재동물병원,37.5373539,126.7379078
2025-04-21,개,믹스견,수컷,인천광역시 계양구,신영재동물병원,37.5373539,126.7379078
2025-04-21,개,믹스견,수컷,인천광역시 계양구,신영재동물병원,37.5373539,126.7379078
2025-04-21,고양이,한국 고양이,수컷,서울특별시 양천구,강현림동물병원,37.5171,126.8663
2025-04-21,고양이,한국 고양이,수컷,제주특별자치도 제주특별자치도,제주 동물보호센터,33.4887737,126.4987083
2025-04-21,고양이,한국 고양이,수컷,제주특별자치도 제주특별자치도,제주 동물보호센터,33.4887737,126.4987083
2025-04-21,개,믹스견,수컷,제주특별자치도 제주특별자치도,제주 동물보호센터,33.4887737,126.4987083
2025-04-21,개,믹스견,암컷,경상북도 봉화군,봉화군유기동물보호소,36.8925,128.7324
2025-04-21,개,믹스견,암컷,전라남도 해남군,해남유기동물보호센터,34.55269,126.52431
2025-04-21,개,믹스견,암컷,전라남도 해남군,해남유기동물보호센터,34.55269,126.52431
2025-04-21,개,믹스견,암컷,전라남도 해남군,해남유기동물보호센터,34.55269,126.52431
2025-04-21,개,믹스견,수컷,전라남도 해남군,해남유기동물보호센터,34.55269,126.52431
2025-04-21,개,믹스견,수컷,충청남도 홍성군,금일동물보호센터,36.6010501,126.6611667
2025-04-21,개,믹스견,수컷,충청남도 홍성군,금일동물보호센터,36.6010501,126.6611667
2025-04-21,개,믹스견,수컷,충청남도 홍성군,금일동물보호센터,36.6010501,126.6611667
2025-04-21,개,믹스견,수컷,충청남도 홍성군,금일동물보호센터,36.6010501,126.6611667
2025-04-21,개,믹스견,수컷,충청남도 논산시,논산시 동물보호센터,36.1868154,127.0987538
2025-04-21,개,믹스견,암컷,충청북도 진천군,증평 가정견 훈련소,36.855461,127.4353927
2025-04-21,고양이,한국 고양이,암컷,충청북도 영동군,최종주동물병원,36.1747588,127.7834432
2025-04-21,개,스태퍼드셔 불 테리어,암컷,충청북도 제천시,제천시 동물보호센터,37.1326042,128.1913508
2025-04-21,개,말티즈,암컷,충청북도 충주시,충주시동물보호센터,36.9907334,127.9259891
2025-04-21,개,믹스견,암컷,강원특별자치도 화천군,화천군농업기술센터,38.1063,127.708
2025-04-21,개,믹스견,암컷,경기도 포천시,한국동물구조관리협회,37.8948267,127.2007295
2025-04-21,고양이,한국 고양이,암컷,경기도 용인시,용인시 동물보호센터,37.2405741,127.1785572
2025-04-21,개,믹스견,수컷,경기도 수원시,수원시 동물보호센터,37.2633325,127.0287472
2025-04-21,개,믹스견,암컷,울산광역시 울주군,울산유기동물보호센터,35.5222362,129.2423693
2025-04-21,개,푸들,수컷,울산광역시 북구,울산유기동물보호센터,35.5826,129.3604
2025-04-21,고양이,코숏,미상,대전광역시 동구,대전동물보호센터,36.3120051,127.4554285
2025-04-21,고양이,한국 고양이,수컷,인천광역시 강화군,디디동물병원,37.746,126.488
2025-04-21,개,믹스견,암컷,대구광역시 동구,대구유기동물보호센터,35.8865,128.6355
2025-04-21,고양이,믹스묘,수컷,부산광역시 금정구,동부동물보호협회,35.2429,129.0926
2025-04-21,기타,토끼,미상,부산광역시 해운대구,동부유기동물보호협회,35.1629,129.1638
2025-04-21,고양이,한국 고양이,미상,부산광역시 북구,부산동물보호센터,35.1969,128.9901999
2025-04-21,고양이,한국 고양이,미상,부산광역시 북구,부산동물보호센터,35.1969,128.9901999
2025-04-21,고양이,한국 고양이,미상,부산광역시 북구,부산동물보호센터,35.1969,128.9901999
2025-04-21,고양이,한국 고양이,미상,부산광역시 북구,부산동물보호센터,35.1969,128.9901999
2025-04-21,고양이,한국 고양이,미상,부산광역시 북구,부산동물보호센터,35.1969,128.9901999
2025-04-21,고양이,한국 고양이,미상,부산광역시 북구,부산동물보호센터,35.1969,128.9901999
2025-04-21,고양이,한국 고양이,미상,부산광역시 북구,부산동물보호센터,35.1969,128.9901999
2025-04-21,개,믹스견,수컷,부산광역시 북구,부산동물보호센터,35.1969,128.9901999
2025-04-21,고양이,한국 고양이,미상,부산광역시 서구,부산동물보호센터,35.0974999,129.0241
2025-04-21,고양이,한국 고양이,미상,부산광역시 서구,부산동물보호센터,35.0974999,129.0241
2025-04-21,고양이,한국 고양이,미상,부산광역시 중구,부산동물보호센터,35.106501,129.0325814
2025-04-21,고양이,한국 고양이,미상,부산광역시 중구,부산동물보호센터,35.106501,129.0325814
2025-04-21,고양이,한국 고양이,암컷,서울특별시 영등포구,한국동물구조관리협회,37.5262,126.8959
2025-04-21,고양이,한국 고양이,수컷,서울특별시 구로구,한국동물구조관리협회,37.4951999,126.8877
2025-04-21,고양이,한국 고양이,암컷,서울특별시 구로구,한국동물구조관리협회,37.4951999,126.8877
2025-04-21,고양이,한국 고양이,암컷,서울특별시 구로구,한국동물구조관리협회,37.4951999,126.8877
2025-04-21,고양이,한국 고양이,수컷,서울특별시 구로구,한국동물구조관리협회,37.4951999,126.8877
2025-04-21,개,믹스견,수컷,서울특별시 구로구,한국동물구조관리협회,37.4951999,126.8877
2025-04-21,고양이,페르시안,암컷,서울특별시 마포구,홍익동물병원,37.566571,126.9015317
2025-04-21,개,믹스견,수컷,서울특별시 은평구,한국동물구조관리협회,37.6024,126.9293
2025-04-21,고양이,러시안 블루,암컷,서울특별시 중구,한국동물구조관리협회,37.5636559,126.9975097
2025-04-21,개,믹스견,암컷,경상북도 문경시,종합축산,36.5858541,128.1870612
2025-04-21,개,믹스견,암컷,경상북도 문경시,종합축산,36.5858541,128.1870612
2025-04-21,개,진도견,수컷,경상남도 거창군,나래동물병원,35.6872871,127.9138505
2025-04-21,개,진도견,수컷,경상남도 거창군,나래동물병원,35.6872871,127.9138505
2025-04-21,개,진도견,수컷,경상남도 거창군,나래동물병원,35.6872871,127.9138505
2025-04-21,개,진도견,수컷,경상남도 거창군,나래동물병원,35.6872871,127.9138505
2025-04-21,개,진도견,암컷,경상남도 거창군,나래동물병원,35.6872871,127.9138505
2025-04-21,개,믹스견,수컷,경상남도 거창군,나래동물병원,35.6872871,127.9138505
2025-04-21,개,믹스견,수컷,경상남도 거창군,나래동물병원,35.6872871,127.9138505
2025-04-21,개,믹스견,암컷,경상남도 거창군,나래동물병원,35.6872871,127.9138505
2025-04-21,개,믹스견,수컷,경상남도 거창군,나래동물병원,35.6872871,127.9138505
2025-04-21,개,믹스견,수컷,경상남도 거창군,나래동물병원,35.6872871,127.9138505
2025-04-21,개,믹스견,수컷,경상남도 거창군,나래동물병원,35.6872871,127.9138505
2025-04-21,개,믹스견,암컷,경상남도 거창군,나래동물병원,35.6872871,127.9138505
2025-04-21,개,믹스견,암컷,경상남도 거창군,나래동물병원,35.6872871,127.9138505
2025-04-21,개,믹스견,암컷,경상남도 거창군,나래동물병원,35.6872871,127.9138505
2025-04-21,개,믹스견,수컷,경상남도 거창군,나래동물병원,35.6872871,127.9138505
2025-04-21,개,믹스견,수컷,경상남도 거창군,나래동물병원,35.6872871,127.9138505
2025-04-21,개,믹스견,수컷,경상남도 거창군,나래동물병원,35.6872871,127.9138505
2025-04-21,개,믹스견,암컷,경상남도 거창군,나래동물병원,35.6872871,127.9138505
2025-04-21,개,믹스견,암컷,경상남도 창녕군,창녕 유기동물보호소,35.5443876,128.4921938
2025-04-21,개,믹스견,암컷,경상남도 의령군,의령군 동물보호센터,35.322003,128.2617827
2025-04-21,개,믹스견,암컷,경상남도 의령군,의령군 동물보호센터,35.322003,128.2617827
2025-04-21,개,믹스견,암컷,경상남도 양산시,양산시 동물보호센터,35.3349979,129.0370582
2025-04-21,개,믹스견,암컷,경상남도 사천시,사천시 동물보호센터,35.003468,128.064562
2025-04-21,개,믹스견,암컷,경상남도 사천시,사천시 동물보호센터,35.003468,128.064562
2025-04-21,개,믹스견,수컷,경상남도 진주시,진주시동물보호센터,35.1803459,128.1079953
2025-04-21,개,믹스견,수컷,경상남도 진주시,진주시동물보호센터,35.1803459,128.1079953
2025-04-21,고양이,한국 고양이,암컷,경상북도 영덕군,영덕반려동물입양센터,36.4149,129.3659
2025-04-21,고양이,한국 고양이,수컷,경상북도 영덕군,영덕반려동물입양센터,36.4149,129.3659
2025-04-21,고양이,한국 고양이,수컷,경상북도 영덕군,영덕반려동물입양센터,36.4149,129.3659
2025-04-21,고양이,한국 고양이,수컷,경상북도 영덕군,영덕반려동물입양센터,36.4149,129.3659
2025-04-21,개,푸들,암컷,경상북도 영덕군,영덕반려동물입양센터,36.4149,129.3659
2025-04-21,개,진도견,암컷,경상북도 영덕군,영덕유기동물보호센터,36.4149,129.3659
2025-04-21,개,믹스견,암컷,경상북도 청송군,점곡동물보호센터,36.4358,129.0571
2025-04-21,개,믹스견,암컷,경상북도 의성군,의성동물보호센터,36.3524,128.697
2025-04-21,개,믹스견,수컷,경상북도 의성군,의성동물보호센터,36.3524,128.697
2025-04-21,개,시츄,암컷,경상북도 상주시,상주시 동물보호센터,36.4104478,128.1590614
2025-04-21,개,믹스견,수컷,경상북도 상주시,상주시 동물보호센터,36.4104478,128.1590614
2025-04-21,개,믹스견,암컷,경상북도 김천시,김천시 동물보호센터,36.1398035,128.1139534
2025-04-21,개,믹스견,암컷,전라남도 신안군,신안군유기동물보호소,34.8331095,126.3522531
2025-04-21,개,믹스견,수컷,전라남도 신안군,신안군유기동물보호소,34.8331095,126.3522531
2025-04-21,개,믹스견,암컷,전라남도 신안군,신안군유기동물보호소,34.8331095,126.3522531
2025-04-21,개,믹스견,암컷,전라남도 신안군,신안군유기동물보호소,34.8331095,126.3522531
2025-04-21,개,믹스견,암컷,전라남도 장성군,장성군동물보호센터,35.3017065,126.7844061
2025-04-21,개,믹스견,수컷,전라남도 장성군,장성군동물보호센터,35.3017065,126.7844061
2025-04-21,개,믹스견,암컷,전라남도 무안군,무안군유기동물보호소,34.9905794,126.4812377
2025-04-21,개,믹스견,암컷,전라남도 무안군,무안군유기동물보호소,34.9905794,126.4812377
2025-04-21,개,믹스견,암컷,전라남도 무안군,무안군유기동물보호소,34.9905794,126.4812377
2025-04-21,개,믹스견,암컷,전라남도 광양시,광양시 임시보호소,34.9406452,127.6959512
2025-04-21,개,믹스견,암컷,전라남도 나주시,나주유기동물보호센터,35.0158859,126.7108313
2025-04-21,고양이,믹스묘,미상,전북특별자치도 부안군,부안군 동물보호센터,35.7316783,126.7330195
2025-04-21,개,믹스견,수컷,전북특별자치도 부안군,부안군 동물보호센터,35.7316783,126.7330195
2025-04-21,개,믹스견,수컷,전북특별자치도 부안군,부안군 동물보호센터,35.7316783,126.7330195
2025-04-21,개,믹스견,암컷,전북특별자치도 완주군,완주군유기동물보호소,35.9039,127.1622
2025-04-21,개,믹스견,암컷,전북특별자치도 김제시,전북말산업복합센터,35.803815,126.880557
2025-04-21,개,믹스견,암컷,전북특별자치도 김제시,전북말산업복합센터,35.803815,126.880557
2025-04-21,개,믹스견,암컷,전북특별자치도 김제시,전북말산업복합센터,35.803815,126.880557
2025-04-21,개,믹스견,수컷,전북특별자치도 군산시,군산유기동물보호센터,35.9679984,126.7369036
2025-04-21,개,믹스견,수컷,전북특별자치도 전주시,박영재동물병원,35.8237631,127.1472805
2025-04-21,개,믹스견,암컷,전북특별자치도 전주시,박영재동물병원,35.8237631,127.1472805
2025-04-21,개,믹스견,암컷,전북특별자치도 전주시,링크늘푸른동물병원,35.8237631,127.1472805
2025-04-21,개,말티즈,수컷,전북특별자치도 전주시,박영재동물병원,35.8237631,127.1472805
2025-04-21,개,믹스견,수컷,충청남도 태안군,태안 동물보호소,36.7454236,126.29836
2025-04-21,개,믹스견,암컷,충청남도 예산군,예산임시동물보호센터,36.6808989,126.8448742
2025-04-21,개,믹스견,암컷,충청남도 예산군,예산임시동물보호센터,36.6808989,126.8448742
2025-04-21,고양이,믹스묘,미상,충청남도 청양군,청양보호소,36.4587024,126.8019983
2025-04-21,개,시츄,수컷,충청남도 공주시,공주시 동물보호센터,36.47257,127.09124
2025-04-21,개,믹스견,암컷,충청남도 천안시,천안시 동물보호센터,36.8150283,127.1140654
2025-04-21,개,믹스견,암컷,충청남도 천안시,천안시 동물보호센터,36.8150283,127.1140654
2025-04-21,개,믹스견,수컷,충청북도 청주시,반려동물보호센터,36.6421169,127.4891742
2025-04-21,개,믹스견,암컷,충청북도 단양군,단양군동물보호센터,36.9848,128.3659
2025-04-21,개,믹스견,수컷,충청북도 음성군,금왕동물병원,36.94,127.6906
2025-04-21,개,믹스견,암컷,충청북도 음성군,금왕동물병원,36.94,127.6906
2025-04-21,개,믹스견,암컷,충청북도 음성군,금왕동물병원,36.94,127.6906
2025-04-21,개,믹스견,암컷,충청북도 옥천군,옥천동물병원,36.3061692,127.571482
2025-04-21,개,믹스견,수컷,강원특별자치도 정선군,정선가축병원,37.380456,128.6609485
2025-04-21,개,믹스견,암컷,강원특별자치도 정선군,정선가축병원,37.380456,128.6609485
2025-04-21,개,믹스견,암컷,강원특별자치도 정선군,정선가축병원,37.380456,128.6609485
2025-04-21,개,믹스견,암컷,강원특별자치도 정선군,정선가축병원,37.380456,128.6609485
2025-04-21,고양이,믹스묘,암컷,강원특별자치도 정선군,다나동물병원,37.380456,128.6609485
2025-04-21,개,믹스견,암컷,강원특별자치도 평창군,평창군유기동물보호소,37.3705,128.3903
2025-04-21,개,푸들,암컷,강원특별자치도 평창군,평창군유기동물보호소,37.3705,128.3903
2025-04-21,개,믹스견,암컷,강원특별자치도 평창군,평창군유기동물보호소,37.3705,128.3903
2025-04-21,개,믹스견,수컷,강원특별자치도 동해시,동해시동물보호센터,37.5245142,129.1146302
2025-04-21,개,믹스견,암컷,강원특별자치도 춘천시,춘천시 동물보호센터,37.8810569,127.7297641
2025-04-21,개,믹스견,미상,경기도 광주시,광주TNR동물병원초월,37.4290844,127.255189
2025-04-21,개,믹스견,수컷,경기도 화성시,화성동물보호센터,37.1994653,126.8312632
2025-04-21,개,믹스견,수컷,경기도 안성시,안성시 동물보호센터,37.007773,127.279971
2025-04-21,개,믹스견,수컷,경기도 안성시,안성시 동물보호센터,37.007773,127.279971
2025-04-21,개,믹스견,암컷,경기도 이천시,위더스 동물보호센터,37.2808823,127.4429132
2025-04-21,개,믹스견,암컷,경기도 오산시,오산 유기동물보호소,37.1499376,127.0774625
2025-04-21,개,믹스견,수컷,경기도 안산시,한국야생동물보호협회,37.3217152,126.8308604
2025-04-21,개,골든 리트리버,암컷,경기도 안산시,한국야생동물보호협회,37.3217152,126.8308604
2025-04-21,개,미니어쳐 푸들,암컷,경기도 안산시,한국야생동물보호협회,37.3217152,126.8308604
2025-04-21,개,믹스견,암컷,경기도 평택시,평택시유기동물보호소,36.9924966,127.1127168
2025-04-21,개,푸들,수컷,경기도 평택시,평택시유기동물보호소,36.9924966,127.1127168
2025-04-21,고양이,한국 고양이,암컷,경기도 광명시,한국야생동물보호협회,37.4810539,126.8631275
2025-04-21,개,믹스견,수컷,경기도 광명시,광명반함센터,37.4810539,126.8631275
2025-04-21,기타,거북이,미상,경기도 성남시,펫앤쉘터동물병원,37.4201556,127.1262092
2025-04-21,개,믹스견,암컷,울산광역시 울주군,울산유기동물보호센터,35.5222362,129.2423693
2025-04-21,고양이,한국 고양이,암컷,울산광역시 동구,일산동물의료센터,35.5046663,129.4170114
2025-04-21,고양이,한국 고양이,수컷,인천광역시 서구,우리동물병원,37.545,126.676
2025-04-21,고양이,한국 고양이,암컷,인천광역시 서구,우리동물병원,37.545,126.676
2025-04-21,고양이,한국 고양이,수컷,인천광역시 서구,우리동물병원,37.545,126.676
2025-04-21,개,믹스견,암컷,대구광역시 군위군,군위종합동물병원,36.2425017,128.5732027
2025-04-21,개,믹스견,암컷,대구광역시 군위군,군위종합동물병원,36.2425017,128.5732027
2025-04-21,개,믹스견,암컷,대구광역시 군위군,군위종합동물병원,36.2425017,128.5732027
2025-04-21,개,믹스견,암컷,대구광역시 군위군,군위종합동물병원,36.2425017,128.5732027
2025-04-21,개,믹스견,암컷,대구광역시 군위군,군위종합동물병원,36.2425017,128.5732027
2025-04-21,개,믹스견,암컷,대구광역시 군위군,군위종합동물병원,36.2425017,128.5732027
2025-04-21,개,믹스견,암컷,대구광역시 군위군,군위종합동물병원,36.2425017,128.5732027
2025-04-21,개,믹스견,암컷,대구광역시 군위군,군위종합동물병원,36.2425017,128.5732027
2025-04-21,개,믹스견,암컷,대구광역시 군위군,군위종합동물병원,36.2425017,128.5732027
2025-04-21,개,믹스견,수컷,대구광역시 군위군,군위종합동물병원,36.2425017,128.5732027
2025-04-21,고양이,한국 고양이,수컷,대구광역시 달서구,대구유기동물보호협회,35.8297006,128.533094
2025-04-21,고양이,한국 고양이,암컷,대구광역시 달서구,대구유기동물보호협회,35.8297006,128.533094
2025-04-21,개,믹스견,수컷,부산광역시 강서구,(사)하얀비둘기,35.212,128.9805
2025-04-21,개,믹스견,암컷,부산광역시 강서구,(사)하얀비둘기,35.212,128.9805
2025-04-21,개,믹스견,암컷,부산광역시 강서구,(사)하얀비둘기,35.212,128.9805
2025-04-21,고양이,한국 고양이,수컷,서울특별시 서초구,서초동물사랑센터,37.4835,127.0322
2025-04-21,고양이,노르웨이 숲,암컷,서울특별시 서초구,서초동물사랑센터,37.4835,127.0322
2025-04-21,고양이,브리티시 쇼트헤어,수컷,서울특별시 서초구,서초동물사랑센터,37.4835,127.0322
2025-04-21,개,말티즈,암컷,서울특별시 서초구,서초동물사랑센터,37.4835,127.0322
2025-04-21,고양이,한국 고양이,수컷,서울특별시 마포구,홍익동물병원,37.566571,126.9015317
2025-04-21,고양이,페르시안,암컷,서울특별시 서대문구,내품애센터,37.5790747,126.9367861
2025-04-21,개,믹스견,암컷,전북특별자치도 완주군,완주군유기동물보호소,35.9039,127.1622
2025-04-20,개,믹스견,암컷,경상남도 남해군,남해군동물보호센터,34.8374437,127.8925589
2025-04-20,개,믹스견,수컷,전라남도 담양군,담양군 동물보호센터,35.320878,126.9883238
2025-04-20,개,믹스견,수컷,충청북도 영동군,최종주동물병원,36.1747588,127.7834432
2025-04-20,기타,토끼,수컷,인천광역시 계양구,신영재동물병원,37.5373539,126.7379078
2025-04-20,고양이,믹스묘,수컷,부산광역시 해운대구,동부유기동물보호협회,35.1629,129.1638
2025-04-20,개,믹스견,수컷,경상북도 영주시,영주시 동물보호센터,36.805685,128.624054
2025-04-20,개,믹스견,수컷,전라남도 순천시,대한동물사랑협회,34.9505457,127.4872992
2025-04-20,개,믹스견,암컷,전북특별자치도 부안군,부안군 동물보호센터,35.7316783,126.7330195
2025-04-20,개,믹스견,수컷,전북특별자치도 부안군,부안군 동물보호센터,35.7316783,126.7330195
2025-04-20,개,믹스견,수컷,전북특별자치도 부안군,부안군 동물보호센터,35.7316783,126.7330195
2025-04-20,개,믹스견,암컷,전북특별자치도 부안군,부안군 동물보호센터,35.7316783,126.7330195
2025-04-20,개,믹스견,암컷,전북특별자치도 익산시,익산유기동물보호소,35.9479291,126.9578025
2025-04-20,개,믹스견,암컷,전북특별자치도 익산시,익산유기동물보호소,35.9479291,126.9578025
2025-04-20,개,믹스견,수컷,전북특별자치도 익산시,익산유기동물보호소,35.9479291,126.9578025
2025-04-20,개,믹스견,수컷,전북특별자치도 익산시,익산유기동물보호소,35.9479291,126.9578025
2025-04-20,개,믹스견,암컷,전북특별자치도 익산시,익산유기동물보호소,35.9479291,126.9578025
2025-04-20,개,믹스견,암컷,전북특별자치도 익산시,익산유기동물보호소,35.9479291,126.9578025
2025-04-20,개,믹스견,암컷,전북특별자치도 익산시,익산유기동물보호소,35.9479291,126.9578025
2025-04-20,개,믹스견,수컷,충청남도 서산시,서산시 동물보호센터,36.784499,126.450317
2025-04-20,개,믹스견,암컷,충청남도 보령시,보령시유기동물보호소,36.33401,126.613165
2025-04-20,개,믹스견,암컷,충청남도 보령시,보령시유기동물보호소,36.33401,126.613165
2025-04-20,개,말티즈,수컷,경기도 안산시,한국야생동물보호협회,37.3217152,126.8308604
2025-04-20,개,보더 콜리,수컷,울산광역시 울주군,울산유기동물보호센터,35.5222362,129.2423693
2025-04-20,개,믹스견,암컷,울산광역시 울주군,울산유기동물보호센터,35.5222362,129.2423693
2025-04-20,개,믹스견,미상,울산광역시 울주군,울산유기동물보호센터,35.5222362,129.2423693
2025-04-20,개,진도견,암컷,대전광역시 서구,대전동물보호센터,36.3551786,127.3838487
2025-04-20,개,믹스견,수컷,인천광역시 강화군,디디동물병원,37.746,126.488
2025-04-20,개,믹스견,수컷,부산광역시 강서구,(사)하얀비둘기,35.212,128.9805
2025-04-20,개,믹스견,수컷,부산광역시 강서구,(사)하얀비둘기,35.212,128.9805
2025-04-20,고양이,한국 고양이,수컷,광주광역시 남구,광주동물보호센터,35.1327,126.9025
2025-04-20,개,믹스견,수컷,경상남도 창원시,창원유기동물보호소,35.227956,128.6818586
2025-04-20,개,믹스견,암컷,경상남도 창원시,창원유기동물보호소,35.227956,128.6818586
2025-04-20,개,믹스견,수컷,경상북도 경산시,경산시유기동물보호소,35.825122,128.741329
2025-04-20,개,믹스견,암컷,경상북도 경산시,경산시유기동물보호소,35.825122,128.741329
2025-04-20,개,믹스견,수컷,경상북도 경산시,경산시유기동물보호소,35.825122,128.741329
2025-04-20,개,치와와,암컷,경상북도 포항시,(사)영일동물플러스,36.0189315,129.3429384
2025-04-20,개,푸들,암컷,전라남도 목포시,목포시유기동물보호소,34.7903335,126.3847547
2025-04-20,개,믹스견,수컷,충청북도 청주시,반려동물보호센터,36.6421169,127.4891742
2025-04-20,개,진도견,암컷,충청북도 청주시,반려동물보호센터,36.6421169,127.4891742
2025-04-20,개,믹스견,암컷,충청북도 음성군,금왕동물병원,36.94,127.6906
2025-04-20,개,라브라도 리트리버,수컷,강원특별자치도 철원군,철원군,38.1468023,127.3133
2025-04-20,개,믹스견,수컷,강원특별자치도 춘천시,춘천시 동물보호센터,37.8810569,127.7297641
2025-04-20,개,진도견,수컷,경기도 양평군,양평군유기동물보호소,37.4916,127.4875
2025-04-20,고양이,러시안 블루,수컷,경기도 부천시,24시아이동물메디컬,37.5014422,126.7660139
2025-04-20,고양이,한국 고양이,수컷,경기도 성남시,펫앤쉘터동물병원,37.4201556,127.1262092
2025-04-19,개,믹스견,암컷,전북특별자치도 군산시,군산유기동물보호센터,35.9679984,126.7369036
2025-04-19,개,믹스견,수컷,충청남도 태안군,태안 동물보호소,36.7454236,126.29836
2025-04-19,개,믹스견,수컷,충청남도 태안군,태안 동물보호소,36.7454236,126.29836
2025-04-19,개,믹스견,수컷,충청남도 태안군,태안 동물보호소,36.7454236,126.29836
2025-04-19,개,믹스견,암컷,충청남도 태안군,태안 동물보호소,36.7454236,126.29836
2025-04-19,개,믹스견,수컷,전북특별자치도 임실군,임실유기동물보호센터,35.6174,127.2893
2025-04-19,개,믹스견,암컷,전북특별자치도 임실군,임실유기동물보호센터,35.6174,127.2893
2025-04-19,개,믹스견,암컷,전북특별자치도 임실군,임실유기동물보호센터,35.6174,127.2893
2025-04-19,개,믹스견,암컷,전북특별자치도 임실군,임실유기동물보호센터,35.6174,127.2893
2025-04-19,개,믹스견,암컷,전라남도 완도군,유기동물임시보호센터,34.3110373,126.7553933
2025-04-19,개,시바,수컷,충청남도 아산시,아산동물복지지원센터,36.7899498,127.0026769
2025-04-19,개,믹스견,수컷,경기도 남양주시,남양주시동물보호센터,37.6359398,127.2165051
2025-04-19,고양이,믹스묘,수컷,부산광역시 해운대구,동부유기동물보호협회,35.1629,129.1638
2025-04-19,개,믹스견,암컷,경상남도 양산시,양산시 동물보호센터,35.3349979,129.0370582
2025-04-19,개,믹스견,수컷,경상남도 김해시,(사)동물보호관리협회,35.2310947,128.8908228
2025-04-19,개,믹스견,암컷,경상남도 김해시,(사)동물보호관리협회,35.2310947,128.8908228
2025-04-19,개,믹스견,수컷,경상남도 김해시,(사)동물보호관리협회,35.2310947,128.8908228
2025-04-19,개,믹스견,암컷,경상북도 영주시,영주시 동물보호센터,36.805685,128.624054
2025-04-19,개,믹스견,암컷,경상북도 영주시,영주시 동물보호센터,36.805685,128.624054
2025-04-19,개,믹스견,암컷,경상북도 구미시,구미시 동물보호센터,36.1195513,128.3444692
2025-04-19,개,진도견,수컷,전북특별자치도 익산시,익산유기동물보호소,35.9479291,126.9578025
2025-04-19,고양이,한국 고양이,암컷,전북특별자치도 익산시,익산유기동물보호소,35.9479291,126.9578025
2025-04-19,고양이,한국 고양이,암컷,전북특별자치도 익산시,익산유기동물보호소,35.9479291,126.9578025
2025-04-19,고양이,한국 고양이,암컷,전북특별자치도 익산시,익산유기동물보호소,35.9479291,126.9578025
2025-04-19,개,믹스견,수컷,경기도 수원시,수원시 동물보호센터,37.2633325,127.0287472
2025-04-19,고양이,한국 고양이,미상,경기도 수원시,수원시 동물보호센터,37.2633325,127.0287472
2025-04-19,고양이,한국 고양이,미상,경기도 수원시,수원시 동물보호센터,37.2633325,127.0287472
2025-04-19,개,믹스견,수컷,울산광역시 울주군,울산유기동물보호센터,35.5222362,129.2423693
2025-04-19,개,믹스견,암컷,울산광역시 울주군,울산유기동물보호센터,35.5222362,129.2423693
2025-04-19,고양이,한국 고양이,암컷,울산광역시 북구,울산유기동물보호센터,35.5826,129.3604
2025-04-19,고양이,한국 고양이,수컷,울산광역시 북구,울산유기동물보호센터,35.5826,129.3604
2025-04-19,개,믹스견,수컷,인천광역시 강화군,디디동물병원,37.746,126.488
2025-04-19,개,믹스견,암컷,인천광역시 강화군,디디동물병원,37.746,126.488
2025-04-19,고양이,한국 고양이,수컷,인천광역시 서구,우리동물병원,37.545,126.676
2025-04-19,고양이,한국 고양이,암컷,인천광역시 서구,우리동물병원,37.545,126.676
2025-04-19,고양이,한국 고양이,수컷,인천광역시 서구,우리동물병원,37.545,126.676
2025-04-19,개,믹스견,암컷,인천광역시 계양구,신영재동물병원,37.5373539,126.7379078
2025-04-19,개,믹스견,수컷,인천광역시 계양구,신영재동물병원,37.5373539,126.7379078
2025-04-19,개,믹스견,수컷,인천광역시 계양구,신영재동물병원,37.5373539,126.7379078
2025-04-19,개,말티즈,수컷,인천광역시 연수구,인천광역시수의사회,37.4098,126.6787
2025-04-19,개,믹스견,암컷,인천광역시 중구,경동동물병원,37.4735389,126.6214081
2025-04-19,개,믹스견,암컷,인천광역시 중구,경동동물병원,37.4735389,126.6214081
2025-04-19,고양이,믹스묘,수컷,부산광역시 남구,(사)동부동물보호협회,35.1361,129.0843999
2025-04-19,고양이,믹스묘,암컷,부산광역시 남구,(사)동부동물보호협회,35.1361,129.0843999
2025-04-19,고양이,믹스묘,암컷,부산광역시 동래구,(사)동부동물보호협회,35.2052,129.0837
2025-04-19,개,믹스견,암컷,부산광역시 서구,부산동물보호센터,35.0974999,129.0241
2025-04-19,개,믹스견,수컷,강원특별자치도 춘천시,춘천시 동물보호센터,37.8810569,127.7297641
2025-04-19,개,믹스견,암컷,경상남도 창원시,창원유기동물보호소,35.227956,128.6818586
2025-04-19,개,믹스견,수컷,경상남도 진주시,진주시동물보호센터,35.1803459,128.1079953
2025-04-19,개,믹스견,암컷,경상북도 영덕군,영덕유기동물보호센터,36.4149,129.3659
2025-04-19,개,믹스견,수컷,경상북도 구미시,구미시 동물보호센터,36.1195513,128.3444692
2025-04-19,개,믹스견,수컷,경상북도 구미시,구미시 동물보호센터,36.1195513,128.3444692
2025-04-19,개,믹스견,수컷,전라남도 신안군,신안군유기동물보호소,34.8331095,126.3522531
2025-04-19,개,믹스견,수컷,전라남도 신안군,신안군유기동물보호소,34.8331095,126.3522531
2025-04-19,개,믹스견,암컷,전라남도 함평군,학교임시동물보호센터,35.0656537,126.5166414
2025-04-19,개,믹스견,수컷,전라남도 함평군,학교임시동물보호센터,35.0656537,126.5166414
2025-04-19,개,믹스견,암컷,전라남도 목포시,목포시유기동물보호소,34.7903335,126.3847547
2025-04-19,개,믹스견,수컷,전북특별자치도 군산시,군산유기동물보호센터,35.9679984,126.7369036
2025-04-19,개,믹스견,암컷,충청남도 홍성군,금일동물보호센터,36.6010501,126.6611667
2025-04-19,개,믹스견,암컷,충청남도 홍성군,금일동물보호센터,36.6010501,126.6611667
2025-04-19,개,믹스견,수컷,충청남도 홍성군,금일동물보호센터,36.6010501,126.6611667
2025-04-19,개,믹스견,암컷,충청북도 청주시,반려동물보호센터,36.6421169,127.4891742
2025-04-19,개,믹스견,수컷,충청북도 음성군,금왕동물병원,36.94,127.6906
2025-04-19,개,요크셔 테리어,수컷,강원특별자치도 강릉시,강릉시 동물사랑센터,37.7525313,128.8759523
2025-04-19,개,믹스견,수컷,강원특별자치도 춘천시,춘천시 동물보호센터,37.8810569,127.7297641
2025-04-19,개,믹스견,암컷,경기도 남양주시,남양주시동물보호센터,37.6359398,127.2165051
2025-04-19,개,믹스견,수컷,광주광역시 광산구,광주동물보호센터,35.1396428,126.7938232
2025-04-19,개,믹스견,수컷,경기도 남양주시,남양주시동물보호센터,37.6359398,127.2165051
2025-04-19,개,믹스견,수컷,경기도 남양주시,남양주시동물보호센터,37.6359398,127.2165051
2025-04-19,개,믹스견,암컷,경기도 남양주시,남양주시동물보호센터,37.6359398,127.2165051
2025-04-18,개,믹스견,암컷,경상북도 성주군,성주유기동물보호센터,35.9190065,128.283486
2025-04-18,개,믹스견,수컷,경상북도 성주군,성주유기동물보호센터,35.9190065,128.283486
2025-04-18,개,믹스견,수컷,경상북도 성주군,성주유기동물보호센터,35.9190065,128.283486
2025-04-18,개,믹스견,암컷,경상북도 영주시,영주시 동물보호센터,36.805685,128.624054
2025-04-18,개,믹스견,수컷,전라남도 장흥군,장흥군 동물보호센터,34.6811762,126.906996
2025-04-18,개,믹스견,암컷,강원특별자치도 양양군,양양군유기동물보호소,38.0751,128.6191
2025-04-18,개,믹스견,수컷,전라남도 완도군,유기동물임시보호센터,34.3110373,126.7553933
2025-04-18,개,믹스견,암컷,전라남도 완도군,유기동물임시보호센터,34.3110373,126.7553933
2025-04-18,개,믹스견,수컷,전라남도 완도군,유기동물임시보호센터,34.3110373,126.7553933
2025-04-18,개,믹스견,수컷,경상북도 봉화군,봉화군유기동물보호소,36.8925,128.7324
2025-04-18,개,믹스견,수컷,경상북도 봉화군,봉화군유기동물보호소,36.8925,128.7324
2025-04-18,개,믹스견,암컷,경상북도 영천시,영천유기동물보호센터,35.98842,128.942
2025-04-18,고양이,한국 고양이,미상,경기도 화성시,화성동물보호센터,37.1994653,126.8312632
2025-04-18,개,믹스견,미상,충청북도 괴산군,괴산증평동물보호센터,36.815,127.7866
2025-04-18,개,진도견,미상,충청북도 괴산군,괴산증평동물보호센터,36.815,127.7866
2025-04-18,개,믹스견,수컷,충청북도 진천군,증평 가정견 훈련소,36.855461,127.4353927
2025-04-18,고양이,한국 고양이,미상,부산광역시 영도구,부산동물보호센터,35.0908,129.0678
2025-04-18,고양이,한국 고양이,미상,부산광역시 영도구,부산동물보호센터,35.0908,129.0678
2025-04-18,고양이,한국 고양이,미상,부산광역시 영도구,부산동물보호센터,35.0908,129.0678
2025-04-18,고양이,한국 고양이,미상,부산광역시 영도구,부산동물보호센터,35.0908,129.0678
2025-04-18,고양이,한국 고양이,미상,부산광역시 영도구,부산동물보호센터,35.0908,129.0678
2025-04-18,고양이,한국 고양이,미상,부산광역시 영도구,부산동물보호센터,35.0908,129.0678
2025-04-18,고양이,한국 고양이,미상,부산광역시 영도구,부산동물보호센터,35.0908,129.0678
2025-04-18,고양이,한국 고양이,미상,부산광역시 영도구,부산동물보호센터,35.0908,129.0678
2025-04-18,개,믹스견,암컷,경상남도 양산시,양산시 동물보호센터,35.3349979,129.0370582
2025-04-18,개,믹스견,수컷,경상남도 양산시,양산시 동물보호센터,35.3349979,129.0370582
2025-04-18,개,믹스견,수컷,경상남도 양산시,양산시 동물보호센터,35.3349979,129.0370582
2025-04-18,고양이,한국 고양이,암컷,경상남도 김해시,(사)동물보호관리협회,35.2310947,128.8908228
2025-04-18,개,포메라니안,수컷,경상남도 김해시,(사)동물보호관리협회,35.2310947,128.8908228
2025-04-18,개,믹스견,암컷,경상북도 봉화군,봉화군유기동물보호소,36.8925,128.7324
2025-04-18,고양이,한국 고양이,암컷,전북특별자치도 익산시,익산유기동물보호소,35.9479291,126.9578025
2025-04-18,고양이,한국 고양이,수컷,전북특별자치도 익산시,익산유기동물보호소,35.9479291,126.9578025
2025-04-18,개,믹스견,암컷,전북특별자치도 익산시,익산유기동물보호소,35.9479291,126.9578025
2025-04-18,개,믹스견,수컷,충청남도 보령시,보령시유기동물보호소,36.33401,126.613165
2025-04-18,기타,사향오리,미상,울산광역시 북구,울산유기동물보호센터,35.5826,129.3604
2025-04-18,고양이,한국 고양이,미상,울산광역시 북구,울산유기동물보호센터,35.5826,129.3604
2025-04-18,개,셰퍼드,암컷,대전광역시 유성구,대전동물보호센터,36.3620732,127.3564099
2025-04-18,고양이,한국 고양이,암컷,인천광역시 계양구,신영재동물병원,37.5373539,126.7379078
2025-04-18,고양이,한국 고양이,암컷,인천광역시 계양구,신영재동물병원,37.5373539,126.7379078
2025-04-18,고양이,한국 고양이,수컷,인천광역시 부평구,늘푸른동물병원,37.5070221,126.7220068
2025-04-18,고양이,한국 고양이,수컷,인천광역시 부평구,조재진동물병원,37.5070221,126.7220068
2025-04-18,개,믹스견,수컷,인천광역시 남동구,인천광역시수의사회,37.446902,126.7315126
2025-04-18,개,포메라니안,수컷,부산광역시 기장군,사단법인 동부,35.2447818,129.2215462
2025-04-18,고양이,믹스묘,암컷,부산광역시 남구,(사)동부동물보호협회,35.1361,129.0843999
2025-04-18,고양이,믹스묘,암컷,부산광역시 남구,(사)동부동물보호협회,35.1361,129.0843999
2025-04-18,개,믹스견,수컷,부산광역시 남구,(사)동부동물보호협회,35.1361,129.0843999
2025-04-18,개,믹스견,암컷,부산광역시 남구,(사)동부동물보호협회,35.1361,129.0843999
2025-04-18,고양이,한국 고양이,미상,부산광역시 중구,부산동물보호센터,35.106501,129.0325814
2025-04-18,고양이,한국 고양이,미상,부산광역시 중구,부산동물보호센터,35.106501,129.0325814
2025-04-18,고양이,한국 고양이,미상,부산광역시 중구,부산동물보호센터,35.106501,129.0325814
2025-04-18,고양이,한국 고양이,미상,부산광역시 중구,부산동물보호센터,35.106501,129.0325814
2025-04-18,고양이,한국 고양이,미상,부산광역시 중구,부산동물보호센터,35.106501,129.0325814
2025-04-18,고양이,한국 고양이,암컷,제주특별자치도 제주특별자치도,제주 동물보호센터,33.4887737,126.4987083
2025-04-18,개,라브라도 리트리버,수컷,제주특별자치도 제주특별자치도,제주 동물보호센터,33.4887737,126.4987083
2025-04-18,개,믹스견,암컷,제주특별자치도 제주특별자치도,제주 동물보호센터,33.4887737,126.4987083
2025-04-18,개,믹스견,암컷,제주특별자치도 제주특별자치도,제주 동물보호센터,33.4887737,126.4987083
2025-04-18,개,믹스견,암컷,전라남도 해남군,해남유기동물보호센터,34.55269,126.52431
2025-04-18,개,믹스견,암컷,전라남도 해남군,해남유기동물보호센터,34.55269,126.52431
2025-04-18,개,말티즈,수컷,충청남도 홍성군,금일동물보호센터,36.6010501,126.6611667
2025-04-18,개,믹스견,암컷,경기도 파주시,한국동물구조관리협회,37.7598955,126.7801502
2025-04-18,개,믹스견,암컷,서울특별시 성북구,한국동물구조관리협회,37.59,127.0165
2025-04-18,개,믹스견,암컷,세종특별자치시 세종특별자치시,세종유기동물보호센터,36.4799999,127.289
2025-04-18,개,믹스견,수컷,세종특별자치시 세종특별자치시,세종유기동물보호센터,36.4799999,127.289
2025-04-18,개,믹스견,암컷,세종특별자치시 세종특별자치시,세종유기동물보호센터,36.4799999,127.289
2025-04-18,개,믹스견,암컷,경상남도 창원시,창원유기동물보호소,35.227956,128.6818586
2025-04-18,개,믹스견,수컷,경상남도 산청군,산청동물보호센터,35.4154624,127.873663
2025-04-18,개,믹스견,암컷,경상남도 진주시,진주시동물보호센터,35.1803459,128.1079953
2025-04-18,개,믹스견,암컷,경상남도 진주시,진주시동물보호센터,35.1803459,128.1079953
2025-04-18,개,믹스견,암컷,경상남도 진주시,진주시동물보호센터,35.1803459,128.1079953
2025-04-18,개,믹스견,수컷,경상남도 진주시,진주시동물보호센터,35.1803459,128.1079953
2025-04-18,개,믹스견,수컷,경상남도 진주시,진주시동물보호센터,35.1803459,128.1079953
2025-04-18,개,믹스견,수컷,경상남도 진주시,진주시동물보호센터,35.1803459,128.1079953
2025-04-18,개,믹스견,수컷,경상북도 봉화군,봉화군유기동물보호소,36.8925,128.7324
2025-04-18,개,믹스견,수컷,경상북도 봉화군,봉화군유기동물보호소,36.8925,128.7324
2025-04-18,개,믹스견,암컷,경상북도 봉화군,봉화군유기동물보호소,36.8925,128.7324
2025-04-18,개,믹스견,수컷,경상북도 봉화군,봉화군유기동물보호소,36.8925,128.7324
2025-04-18,개,믹스견,암컷,경상북도 봉화군,봉화군유기동물보호소,36.8925,128.7324
2025-04-18,개,믹스견,암컷,경상북도 봉화군,봉화군유기동물보호소,36.8925,128.7324
2025-04-18,개,믹스견,암컷,경상북도 칠곡군,칠곡유기동물보호센터,35.995,128.4017
2025-04-18,개,믹스견,수컷,경상북도 경산시,경산시유기동물보호소,35.825122,128.741329
2025-04-18,고양이,한국 고양이,수컷,경상북도 경주시,경주동물사랑보호센터,35.8556705,129.2248811
2025-04-18,개,믹스견,암컷,경상북도 포항시,(사)영일동물플러스,36.0189315,129.3429384
2025-04-18,개,믹스견,암컷,경상북도 포항시,(사)영일동물플러스,36.0189315,129.3429384
2025-04-18,개,믹스견,암컷,전라남도 함평군,학교임시동물보호센터,35.0656537,126.5166414
2025-04-18,개,믹스견,암컷,전라남도 무안군,무안군유기동물보호소,34.9905794,126.4812377
2025-04-18,개,믹스견,암컷,전라남도 무안군,무안군유기동물보호소,34.9905794,126.4812377
2025-04-18,개,믹스견,수컷,전라남도 무안군,무안군유기동물보호소,34.9905794,126.4812377
2025-04-18,개,믹스견,수컷,전라남도 무안군,무안군유기동물보호소,34.9905794,126.4812377
2025-04-18,개,믹스견,암컷,전라남도 고흥군,고흥군임시보호센터,34.6044123,127.276384
2025-04-18,개,믹스견,암컷,전라남도 고흥군,고흥군임시보호센터,34.6044123,127.276384
2025-04-18,개,믹스견,수컷,전라남도 고흥군,고흥군임시보호센터,34.6044123,127.276384
2025-04-18,개,믹스견,암컷,전라남도 고흥군,고흥군임시보호센터,34.6044123,127.276384
2025-04-18,개,믹스견,수컷,전라남도 고흥군,고흥군임시보호센터,34.6044123,127.276384
2025-04-18,개,믹스견,암컷,전라남도 고흥군,고흥군임시보호센터,34.6044123,127.276384
2025-04-18,개,믹스견,수컷,전라남도 고흥군,고흥군임시보호센터,34.6044123,127.276384
2025-04-18,개,믹스견,수컷,전라남도 고흥군,고흥군임시보호센터,34.6044123,127.276384
2025-04-18,개,믹스견,암컷,전라남도 고흥군,고흥군임시보호센터,34.6044123,127.276384
2025-04-18,개,믹스견,암컷,전라남도 고흥군,고흥군임시보호센터,34.6044123,127.276384
2025-04-18,개,믹스견,수컷,전북특별자치도 부안군,부안군 동물보호센터,35.7316783,126.7330195
2025-04-18,개,믹스견,암컷,전북특별자치도 부안군,부안군 동물보호센터,35.7316783,126.7330195
2025-04-18,개,믹스견,암컷,전북특별자치도 부안군,부안군 동물보호센터,35.7316783,126.7330195
2025-04-18,개,믹스견,수컷,전북특별자치도 부안군,부안군 동물보호센터,35.7316783,126.7330195
2025-04-18,개,믹스견,수컷,전북특별자치도 부안군,부안군 동물보호센터,35.7316783,126.7330195
2025-04-18,개,믹스견,암컷,전북특별자치도 부안군,부안군 동물보호센터,35.7316783,126.7330195
2025-04-18,개,믹스견,암컷,전북특별자치도 고창군,더나은동물병원,35.4355,126.7021
2025-04-18,개,믹스견,암컷,전북특별자치도 고창군,더나은동물병원,35.4355,126.7021
2025-04-18,개,믹스견,암컷,전북특별자치도 고창군,더나은동물병원,35.4355,126.7021
2025-04-18,개,믹스견,암컷,전북특별자치도 고창군,더나은동물병원,35.4355,126.7021
2025-04-18,개,믹스견,암컷,전북특별자치도 고창군,더나은동물병원,35.4355,126.7021
2025-04-18,개,믹스견,암컷,전북특별자치도 완주군,완주군유기동물보호소,35.9039,127.1622
2025-04-18,고양이,믹스묘,수컷,전북특별자치도 남원시,하나동물병원,35.4163118,127.3903713
2025-04-18,개,믹스견,미상,전북특별자치도 군산시,군산유기동물보호센터,35.9679984,126.7369036
2025-04-18,고양이,믹스묘,수컷,전북특별자치도 군산시,군산유기동물보호센터,35.9679984,126.7369036
2025-04-18,개,믹스견,암컷,충청남도 당진시,당진시동물보호소,36.8904083,126.6461833
2025-04-18,개,믹스견,암컷,충청남도 서산시,서산시 동물보호센터,36.784499,126.450317
2025-04-18,개,믹스견,암컷,충청남도 공주시,공주시 동물보호센터,36.47257,127.09124
2025-04-18,개,믹스견,암컷,충청북도 음성군,금왕동물병원,36.94,127.6906
2025-04-18,개,믹스견,수컷,충청북도 음성군,금왕동물병원,36.94,127.6906
2025-04-18,개,믹스견,수컷,충청북도 음성군,금왕동물병원,36.94,127.6906
2025-04-18,개,믹스견,암컷,충청북도 음성군,금왕동물병원,36.94,127.6906
2025-04-18,개,믹스견,수컷,충청북도 음성군,금왕동물병원,36.94,127.6906
2025-04-18,개,믹스견,암컷,충청북도 음성군,금왕동물병원,36.94,127.6906
2025-04-18,기타,여우,수컷,충청북도 옥천군,옥천동물병원,36.3061692,127.571482
2025-04-18,고양이,한국 고양이,수컷,충청북도 옥천군,옥천동물병원,36.3061692,127.571482
2025-04-18,개,믹스견,암컷,충청북도 옥천군,옥천동물병원,36.3061692,127.571482
2025-04-18,개,믹스견,암컷,충청북도 옥천군,옥천동물병원,36.3061692,127.571482
2025-04-18,개,믹스견,수컷,충청북도 제천시,제천시 동물보호센터,37.1326042,128.1913508
2025-04-18,개,믹스견,암컷,충청북도 제천시,제천시 동물보호센터,37.1326042,128.1913508
2025-04-18,개,믹스견,암컷,강원특별자치도 철원군,철원군,38.1468023,127.3133
2025-04-18,개,믹스견,암컷,강원특별자치도 철원군,철원군,38.1468023,127.3133
2025-04-18,개,믹스견,수컷,경기도 여주시,위더스 동물보호센터,37.2982901,127.637033
2025-04-18,개,믹스견,수컷,경기도 여주시,위더스 동물보호센터,37.2982901,127.637033
2025-04-18,개,믹스견,수컷,경기도 여주시,위더스 동물보호센터,37.2982901,127.637033
2025-04-18,개,믹스견,암컷,경기도 광주시,광주TNR동물병원초월,37.4290844,127.255189
2025-04-18,개,믹스견,수컷,경기도 화성시,화성동물보호센터,37.1994653,126.8312632
2025-04-18,개,비숑 프리제,암컷,경기도 화성시,화성동물보호센터,37.1994653,126.8312632
2025-04-18,개,토이 푸들,수컷,경기도 화성시,화성동물보호센터,37.1994653,126.8312632
2025-04-18,개,믹스견,암컷,경기도 화성시,화성동물보호센터,37.1994653,126.8312632
2025-04-18,개,믹스견,암컷,경기도 화성시,화성동물보호센터,37.1994653,126.8312632
2025-04-18,개,믹스견,암컷,경기도 화성시,화성동물보호센터,37.1994653,126.8312632
2025-04-18,개,믹스견,수컷,경기도 화성시,화성동물보호센터,37.1994653,126.8312632
2025-04-18,개,믹스견,암컷,경기도 화성시,화성동물보호센터,37.1994653,126.8312632
2025-04-18,개,믹스견,암컷,경기도 화성시,화성동물보호센터,37.1994653,126.8312632
2025-04-18,개,믹스견,수컷,경기도 이천시,위더스 동물보호센터,37.2808823,127.4429132
2025-04-18,개,믹스견,수컷,경기도 이천시,위더스 동물보호센터,37.2808823,127.4429132
2025-04-18,개,진도견,암컷,경기도 이천시,위더스 동물보호센터,37.2808823,127.4429132
2025-04-18,개,믹스견,수컷,경기도 의왕시,한국야생동물보호협회,37.3449082,126.9689861
2025-04-18,개,믹스견,암컷,경기도 시흥시,시흥동물누리보호센터,37.3798891,126.8032255
2025-04-18,개,믹스견,수컷,경기도 과천시,한국야생동물보호협회,37.4289037,126.9881655
2025-04-18,개,골든 리트리버,수컷,경기도 안산시,한국야생동물보호협회,37.3217152,126.8308604
2025-04-18,개,믹스견,암컷,경기도 평택시,평택시유기동물보호소,36.9924966,127.1127168
2025-04-18,개,핏불테리어,수컷,경기도 평택시,평택시유기동물보호소,36.9924966,127.1127168
2025-04-18,개,믹스견,암컷,경기도 평택시,평택시유기동물보호소,36.9924966,127.1127168
2025-04-18,개,믹스견,수컷,경기도 평택시,평택시유기동물보호소,36.9924966,127.1127168
2025-04-18,개,푸들,암컷,경기도 평택시,평택시유기동물보호소,36.9924966,127.1127168
2025-04-18,개,믹스견,수컷,경기도 평택시,평택시유기동물보호소,36.9924966,127.1127168
2025-04-18,개,믹스견,암컷,경기도 평택시,평택시유기동물보호소,36.9924966,127.1127168
2025-04-18,개,비숑 프리제,수컷,경기도 평택시,평택시유기동물보호소,36.9924966,127.1127168
2025-04-18,개,푸들,수컷,경기도 광명시,한국야생동물보호협회,37.4810539,126.8631275
2025-04-18,개,말티즈,수컷,경기도 성남시,펫앤쉘터동물병원,37.4201556,127.1262092
2025-04-18,개,믹스견,수컷,경기도 성남시,펫앤쉘터동물병원,37.4201556,127.1262092
2025-04-18,개,치와와,암컷,경기도 수원시,수원시 동물보호센터,37.2633325,127.0287472
2025-04-18,개,말티즈,수컷,대전광역시 중구,대전동물보호센터,36.29812,127.4148
2025-04-18,개,푸들,수컷,광주광역시 서구,광주동물보호센터,35.1521401,126.8900561
2025-04-18,고양이,한국 고양이,암컷,인천광역시 강화군,디디동물병원,37.746,126.488
2025-04-18,개,믹스견,암컷,인천광역시 서구,우리동물병원,37.545,126.676
2025-04-18,개,믹스견,수컷,인천광역시 서구,우리동물병원,37.545,126.676
2025-04-18,개,믹스견,암컷,인천광역시 부평구,조재진동물병원,37.5070221,126.7220068
2025-04-18,개,올드 잉글리쉬 불독,암컷,부산광역시 사하구,(사)하얀비둘기,35.1041,128.9751
2025-04-18,고양이,믹스묘,암컷,서울특별시 용산구,남산동물병원,37.5323,126.99
2025-04-18,고양이,한국 고양이,수컷,광주광역시 북구,광주동물보호센터,35.1741,126.9122
2025-04-18,고양이,한국 고양이,수컷,광주광역시 북구,광주동물보호센터,35.1741,126.9122
2025-04-18,고양이,한국 고양이,암컷,광주광역시 북구,광주동물보호센터,35.1741,126.9122
2025-04-18,개,믹스견,암컷,경기도 화성시,화성동물보호센터,37.1994653,126.8312632
2025-04-18,개,믹스견,암컷,전북특별자치도 완주군,완주군유기동물보호소,35.9039,127.1622
2025-04-17,개,믹스견,수컷,강원특별자치도 횡성군,횡성유기동물보호센터,37.4916,127.985
2025-04-17,개,믹스견,수컷,강원특별자치도 횡성군,횡성유기동물보호센터,37.4916,127.985
2025-04-17,개,믹스견,수컷,강원특별자치도 양양군,양양군유기동물보호소,38.0751,128.6191
2025-04-17,개,믹스견,수컷,경상남도 합천군,태민동물보호센터,35.5664445,128.1658334
2025-04-17,개,믹스견,암컷,경상남도 합천군,태민동물보호센터,35.5664445,128.1658334
2025-04-17,개,믹스견,암컷,경상남도 합천군,태민동물보호센터,35.5664445,128.1658334
2025-04-17,개,믹스견,암컷,경상남도 합천군,태민동물보호센터,35.5664445,128.1658334
2025-04-17,개,믹스견,수컷,경상남도 합천군,태민동물보호센터,35.5664445,128.1658334
2025-04-17,개,믹스견,암컷,경상남도 합천군,태민동물보호센터,35.5664445,128.1658334
2025-04-17,개,믹스견,수컷,경상남도 합천군,태민동물보호센터,35.5664445,128.1658334
2025-04-17,개,믹스견,수컷,경상남도 합천군,태민동물보호센터,35.5664445,128.1658334
2025-04-17,개,믹스견,수컷,경상남도 합천군,태민동물보호센터,35.5664445,128.1658334
2025-04-17,개,믹스견,암컷,경상남도 합천군,태민동물보호센터,35.5664445,128.1658334
2025-04-17,개,믹스견,암컷,경상남도 합천군,태민동물보호센터,35.5664445,128.1658334
2025-04-17,개,믹스견,수컷,경상남도 합천군,태민동물보호센터,35.5664445,128.1658334
2025-04-17,개,믹스견,암컷,경상남도 합천군,태민동물보호센터,35.5664445,128.1658334
2025-04-17,개,믹스견,암컷,경상남도 합천군,태민동물보호센터,35.5664445,128.1658334
2025-04-17,개,믹스견,암컷,경상남도 합천군,태민동물보호센터,35.5664445,128.1658334
2025-04-17,개,믹스견,암컷,경상남도 합천군,태민동물보호센터,35.5664445,128.1658334
2025-04-17,개,믹스견,암컷,경상남도 합천군,태민동물보호센터,35.5664445,128.1658334
2025-04-17,개,믹스견,수컷,경상남도 합천군,태민동물보호센터,35.5664445,128.1658334
2025-04-17,개,믹스견,암컷,경상북도 영천시,영천유기동물보호센터,35.98842,128.942
2025-04-17,개,믹스견,암컷,전라남도 곡성군,곡성군동물보호소,35.2818969,127.2914673
2025-04-17,개,믹스견,암컷,경상남도 양산시,양산시 동물보호센터,35.3349979,129.0370582
2025-04-17,개,믹스견,암컷,경상남도 양산시,양산시 동물보호센터,35.3349979,129.0370582
2025-04-17,개,믹스견,암컷,전라남도 영암군,유기동물 삼호 보호소,34.800052,126.6970381
2025-04-17,개,포메라니안,수컷,전라남도 영암군,유기동물 삼호 보호소,34.800052,126.6970381
2025-04-17,개,믹스견,수컷,전북특별자치도 익산시,익산유기동물보호소,35.9479291,126.9578025
2025-04-17,개,믹스견,수컷,전북특별자치도 익산시,익산유기동물보호소,35.9479291,126.9578025
2025-04-17,개,말티즈,암컷,부산광역시 기장군,사단법인 동부,35.2447818,129.2215462
2025-04-17,개,믹스견,암컷,제주특별자치도 제주특별자치도,제주 동물보호센터,33.4887737,126.4987083
2025-04-17,개,믹스견,암컷,제주특별자치도 제주특별자치도,제주 동물보호센터,33.4887737,126.4987083
2025-04-17,개,믹스견,수컷,제주특별자치도 제주특별자치도,제주 동물보호센터,33.4887737,126.4987083
2025-04-17,개,믹스견,수컷,제주특별자치도 제주특별자치도,제주 동물보호센터,33.4887737,126.4987083
2025-04-17,개,믹스견,암컷,경상남도 남해군,남해군동물보호센터,34.8374437,127.8925589
2025-04-17,개,말티즈,수컷,경상남도 김해시,(사)동물보호관리협회,35.2310947,128.8908228
2025-04-17,개,믹스견,수컷,전라남도 여수시,유기동물보호소,34.7546257,127.659859
2025-04-17,개,푸들,수컷,전북특별자치도 임실군,임실유기동물보호센터,35.6174,127.2893
2025-04-17,개,믹스견,수컷,충청남도 홍성군,금일동물보호센터,36.6010501,126.6611667
2025-04-17,개,믹스견,암컷,충청남도 홍성군,금일동물보호센터,36.6010501,126.6611667
2025-04-17,개,믹스견,암컷,충청남도 홍성군,금일동물보호센터,36.6010501,126.6611667
2025-04-17,개,믹스견,암컷,충청남도 홍성군,금일동물보호센터,36.6010501,126.6611667
2025-04-17,개,믹스견,암컷,충청남도 부여군,남부여동물보호소,36.2753678,126.910107
2025-04-17,개,믹스견,암컷,충청남도 논산시,논산시 동물보호센터,36.1868154,127.0987538
2025-04-17,개,믹스견,수컷,충청남도 논산시,논산시 동물보호센터,36.1868154,127.0987538
2025-04-17,개,믹스견,암컷,충청남도 아산시,아산동물복지지원센터,36.7899498,127.0026769
2025-04-17,개,믹스견,암컷,강원특별자치도 원주시,원주시동물보호센터,37.3420996,127.9197603
2025-04-17,개,믹스견,암컷,경기도 양평군,양평군유기동물보호소,37.4916,127.4875
2025-04-17,개,믹스견,암컷,경기도 안성시,안성시 동물보호센터,37.007773,127.279971
2025-04-17,개,믹스견,수컷,경기도 안성시,안성시 동물보호센터,37.007773,127.279971
2025-04-17,개,믹스견,암컷,인천광역시 강화군,디디동물병원,37.746,126.488
2025-04-17,고양이,한국 고양이,미상,부산광역시 서구,부산동물보호센터,35.0974999,129.0241
2025-04-17,고양이,한국 고양이,미상,부산광역시 서구,부산동물보호센터,35.0974999,129.0241
2025-04-17,고양이,한국 고양이,미상,부산광역시 서구,부산동물보호센터,35.0974999,129.0241
2025-04-17,개,믹스견,암컷,제주특별자치도 제주특별자치도,제주 동물보호센터,33.4887737,126.4987083
2025-04-17,개,믹스견,수컷,제주특별자치도 제주특별자치도,제주 동물보호센터,33.4887737,126.4987083
2025-04-17,개,믹스견,암컷,제주특별자치도 제주특별자치도,제주 동물보호센터,33.4887737,126.4987083
2025-04-17,개,믹스견,암컷,제주특별자치도 제주특별자치도,제주 동물보호센터,33.4887737,126.4987083
2025-04-17,개,믹스견,암컷,제주특별자치도 제주특별자치도,제주 동물보호센터,33.4887737,126.4987083
2025-04-17,고양이,한국 고양이,수컷,세종특별자치시 세종특별자치시,세종유기동물보호센터,36.4799999,127.289
2025-04-17,개,믹스견,수컷,세종특별자치시 세종특별자치시,세종유기동물보호센터,36.4799999,127.289
2025-04-17,개,믹스견,암컷,세종특별자치시 세종특별자치시,세종유기동물보호센터,36.4799999,127.289
2025-04-17,고양이,한국 고양이,수컷,세종특별자치시 세종특별자치시,세종유기동물보호센터,36.4799999,127.289
2025-04-17,고양이,한국 고양이,수컷,경상남도 창녕군,창녕 유기동물보호소,35.5443876,128.4921938
2025-04-17,개,믹스견,암컷,경상남도 양산시,양산시 동물보호센터,35.3349979,129.0370582
2025-04-17,개,믹스견,암컷,경상남도 진주시,진주시동물보호센터,35.1803459,128.1079953
2025-04-17,개,믹스견,수컷,경상북도 영덕군,영덕유기동물보호센터,36.4149,129.3659
2025-04-17,개,요크셔 테리어,수컷,경상북도 문경시,종합축산,36.5858541,128.1870612
2025-04-17,개,믹스견,수컷,경상북도 김천시,김천시 동물보호센터,36.1398035,128.1139534
2025-04-17,개,믹스견,암컷,경상북도 포항시,(사)영일동물플러스,36.0189315,129.3429384
2025-04-17,개,믹스견,암컷,전라남도 신안군,신안군유기동물보호소,34.8331095,126.3522531
2025-04-17,개,믹스견,수컷,전라남도 영광군,영광동물보호센터,35.2769282,126.5124504
2025-04-17,개,믹스견,암컷,전라남도 영광군,영광동물보호센터,35.2769282,126.5124504
2025-04-17,개,믹스견,수컷,전라남도 영광군,영광동물보호센터,35.2769282,126.5124504
2025-04-17,개,믹스견,암컷,전라남도 영광군,영광동물보호센터,35.2769282,126.5124504
2025-04-17,개,믹스견,수컷,전라남도 함평군,학교임시동물보호센터,35.0656537,126.5166414
2025-04-17,개,믹스견,암컷,전라남도 함평군,학교임시동물보호센터,35.0656537,126.5166414
2025-04-17,개,믹스견,암컷,전라남도 함평군,학교임시동물보호센터,35.0656537,126.5166414
2025-04-17,개,믹스견,수컷,전라남도 고흥군,고흥군임시보호센터,34.6044123,127.276384
2025-04-17,개,믹스견,암컷,전라남도 고흥군,고흥군임시보호센터,34.6044123,127.276384
2025-04-17,개,믹스견,암컷,전라남도 고흥군,고흥군임시보호센터,34.6044123,127.276384
2025-04-17,개,믹스견,암컷,전라남도 고흥군,고흥군임시보호센터,34.6044123,127.276384
2025-04-17,개,믹스견,암컷,전라남도 고흥군,고흥군임시보호센터,34.6044123,127.276384
2025-04-17,개,믹스견,수컷,전라남도 고흥군,고흥군임시보호센터,34.6044123,127.276384
2025-04-17,개,믹스견,암컷,전라남도 고흥군,고흥군임시보호센터,34.6044123,127.276384
2025-04-17,개,믹스견,암컷,전라남도 고흥군,고흥군임시보호센터,34.6044123,127.276384
2025-04-17,개,믹스견,수컷,전라남도 고흥군,고흥군임시보호센터,34.6044123,127.276384
2025-04-17,개,믹스견,암컷,전라남도 고흥군,고흥군임시보호센터,34.6044123,127.276384
2025-04-17,개,믹스견,암컷,전라남도 고흥군,고흥군임시보호센터,34.6044123,127.276384
2025-04-17,개,믹스견,암컷,전라남도 고흥군,고흥군임시보호센터,34.6044123,127.276384
2025-04-17,개,믹스견,수컷,전라남도 광양시,광양시 임시보호소,34.9406452,127.6959512
2025-04-17,개,믹스견,수컷,전라남도 순천시,순천시유기동물보호소,34.9505457,127.4872992
2025-04-17,개,믹스견,수컷,전라남도 목포시,목포시유기동물보호소,34.7903335,126.3847547
2025-04-17,개,믹스견,암컷,전라남도 목포시,목포시유기동물보호소,34.7903335,126.3847547
2025-04-17,고양이,믹스묘,미상,전북특별자치도 부안군,부안군 동물보호센터,35.7316783,126.7330195
2025-04-17,개,믹스견,수컷,전북특별자치도 부안군,부안군 동물보호센터,35.7316783,126.7330195
2025-04-17,개,믹스견,암컷,전북특별자치도 부안군,부안군 동물보호센터,35.7316783,126.7330195
2025-04-17,개,믹스견,암컷,전북특별자치도 부안군,부안군 동물보호센터,35.7316783,126.7330195
2025-04-17,개,믹스견,수컷,전북특별자치도 부안군,부안군 동물보호센터,35.7316783,126.7330195
2025-04-17,개,믹스견,암컷,전북특별자치도 김제시,전북말산업복합센터,35.803815,126.880557
2025-04-17,개,믹스견,수컷,전북특별자치도 김제시,전북말산업복합센터,35.803815,126.880557
2025-04-17,개,믹스견,암컷,전북특별자치도 김제시,전북말산업복합센터,35.803815,126.880557
2025-04-17,개,믹스견,암컷,전북특별자치도 김제시,전북말산업복합센터,35.803815,126.880557
2025-04-17,개,믹스견,암컷,전북특별자치도 남원시,하나동물병원,35.4163118,127.3903713
2025-04-17,개,믹스견,암컷,전북특별자치도 정읍시,정읍시 동물보호소,35.5697678,126.8559787
2025-04-17,개,믹스견,수컷,전북특별자치도 정읍시,정읍시 동물보호소,35.5697678,126.8559787
2025-04-17,개,믹스견,암컷,전북특별자치도 정읍시,정읍시 동물보호소,35.5697678,126.8559787
2025-04-17,개,믹스견,암컷,전북특별자치도 정읍시,정읍시 동물보호소,35.5697678,126.8559787
2025-04-17,개,믹스견,암컷,전북특별자치도 정읍시,정읍시 동물보호소,35.5697678,126.8559787
2025-04-17,개,믹스견,암컷,전북특별자치도 정읍시,정읍시 동물보호소,35.5697678,126.8559787
2025-04-17,개,믹스견,암컷,전북특별자치도 군산시,군산유기동물보호센터,35.9679984,126.7369036
2025-04-17,개,푸들,암컷,전북특별자치도 군산시,군산유기동물보호센터,35.9679984,126.7369036
2025-04-17,개,믹스견,수컷,충청남도 아산시,아산동물복지지원센터,36.7899498,127.0026769
2025-04-17,개,믹스견,수컷,충청북도 청주시,반려동물보호센터,36.6421169,127.4891742
2025-04-17,개,믹스견,수컷,충청북도 청주시,반려동물보호센터,36.6421169,127.4891742
2025-04-17,개,믹스견,수컷,충청북도 청주시,반려동물보호센터,36.6421169,127.4891742
2025-04-17,개,믹스견,암컷,충청북도 음성군,금왕동물병원,36.94,127.6906
2025-04-17,개,믹스견,암컷,충청북도 음성군,금왕동물병원,36.94,127.6906
2025-04-17,개,믹스견,미상,충청북도 영동군,최종주동물병원,36.1747588,127.7834432
2025-04-17,개,믹스견,암컷,충청북도 영동군,최종주동물병원,36.1747588,127.7834432
2025-04-17,개,믹스견,수컷,충청북도 영동군,최종주동물병원,36.1747588,127.7834432
2025-04-17,개,믹스견,암컷,충청북도 충주시,충주시동물보호센터,36.9907334,127.9259891
2025-04-17,고양이,믹스묘,수컷,경기도 광주시,광주TNR동물병원송정,37.4290844,127.255189
2025-04-17,고양이,믹스묘,암컷,경기도 광주시,광주TNR동물병원송정,37.4290844,127.255189
2025-04-17,개,믹스견,암컷,경기도 양평군,양평군유기동물보호소,37.4916,127.4875
2025-04-17,개,믹스견,수컷,경기도 양평군,양평군유기동물보호소,37.4916,127.4875
2025-04-17,개,믹스견,암컷,경기도 가평군,가평군유기동물보호소,37.8314,127.5098
2025-04-17,개,믹스견,암컷,경기도 가평군,가평군유기동물보호소,37.8314,127.5098
2025-04-17,개,믹스견,수컷,경기도 가평군,가평군유기동물보호소,37.8314,127.5098
2025-04-17,개,푸들,수컷,경기도 안산시,한국야생동물보호협회,37.3217152,126.8308604
2025-04-17,개,말티즈,수컷,경기도 안산시,한국야생동물보호협회,37.3217152,126.8308604
2025-04-17,개,믹스견,수컷,경기도 평택시,평택시유기동물보호소,36.9924966,127.1127168
2025-04-17,개,푸들,암컷,경기도 평택시,평택시유기동물보호소,36.9924966,127.1127168
2025-04-17,고양이,한국 고양이,수컷,경기도 평택시,평택시유기동물보호소,36.9924966,127.1127168
2025-04-17,개,믹스견,수컷,경기도 평택시,평택시유기동물보호소,36.9924966,127.1127168
2025-04-17,개,믹스견,수컷,경기도 평택시,평택시유기동물보호소,36.9924966,127.1127168
2025-04-17,개,믹스견,암컷,경기도 평택시,평택시유기동물보호소,36.9924966,127.1127168
2025-04-17,개,믹스견,수컷,경기도 수원시,수원시 동물보호센터,37.2633325,127.0287472
2025-04-17,개,믹스견,수컷,광주광역시 북구,광주동물보호센터,35.1741,126.9122
2025-04-17,개,비숑 프리제,수컷,광주광역시 남구,광주동물보호센터,35.1327,126.9025
2025-04-17,개,진도견,수컷,인천광역시 서구,우리동물병원,37.545,126.676
2025-04-17,개,믹스견,암컷,경상북도 문경시,종합축산,36.5858541,128.1870612
2025-04-17,개,믹스견,수컷,경상북도 문경시,종합축산,36.5858541,128.1870612
2025-04-17,개,믹스견,암컷,경기도 화성시,화성동물보호센터,37.1994653,126.8312632
2025-04-16,고양이,한국 고양이,암컷,전북특별자치도 익산시,익산유기동물보호소,35.9479291,126.9578025
2025-04-16,고양이,한국 고양이,암컷,전북특별자치도 익산시,익산유기동물보호소,35.9479291,126.9578025
2025-04-16,고양이,한국 고양이,수컷,전북특별자치도 익산시,익산유기동물보호소,35.9479291,126.9578025
2025-04-16,개,푸들,수컷,강원특별자치도 양양군,양양군유기동물보호소,38.0751,128.6191
2025-04-16,개,믹스견,수컷,경기도 용인시,용인시 동물보호센터,37.2405741,127.1785572
2025-04-16,개,믹스견,암컷,경기도 용인시,용인시 동물보호센터,37.2405741,127.1785572
2025-04-16,개,믹스견,수컷,경기도 용인시,용인시 동물보호센터,37.2405741,127.1785572
2025-04-16,개,믹스견,암컷,경기도 용인시,용인시 동물보호센터,37.2405741,127.1785572
2025-04-16,개,프렌치 불독,암컷,강원특별자치도 홍천군,홍천군유기동물보호소,37.6967,127.8888
2025-04-16,개,프렌치 불독,암컷,강원특별자치도 홍천군,홍천군유기동물보호소,37.6967,127.8888
2025-04-16,개,믹스견,수컷,강원특별자치도 강릉시,강릉시 동물사랑센터,37.7525313,128.8759523
2025-04-16,개,믹스견,수컷,전라남도 영암군,유기동물 삼호 보호소,34.800052,126.6970381
2025-04-16,개,믹스견,수컷,전라남도 영암군,유기동물 삼호 보호소,34.800052,126.6970381
2025-04-16,개,믹스견,암컷,전라남도 영암군,유기동물 삼호 보호소,34.800052,126.6970381
2025-04-16,개,믹스견,암컷,전라남도 영암군,유기동물 삼호 보호소,34.800052,126.6970381
2025-04-16,개,믹스견,수컷,충청남도 홍성군,금일동물보호센터,36.6010501,126.6611667
2025-04-16,개,비숑 프리제,수컷,경기도 양주시,한국동물구조관리협회,37.7849312,127.0457771
2025-04-16,고양이,한국 고양이,암컷,부산광역시 강서구,(사)하얀비둘기,35.212,128.9805
2025-04-16,고양이,한국 고양이,암컷,부산광역시 강서구,(사)하얀비둘기,35.212,128.9805
2025-04-16,개,믹스견,수컷,부산광역시 금정구,동부동물보호협회,35.2429,129.0926
2025-04-16,개,프렌치 불독,암컷,부산광역시 북구,부산동물보호센터,35.1969,128.9901999
2025-04-16,개,믹스견,암컷,부산광역시 북구,부산동물보호센터,35.1969,128.9901999
2025-04-16,개,믹스견,암컷,제주특별자치도 제주특별자치도,제주 동물보호센터,33.4887737,126.4987083
2025-04-16,개,믹스견,수컷,제주특별자치도 제주특별자치도,제주 동물보호센터,33.4887737,126.4987083
2025-04-16,개,믹스견,암컷,제주특별자치도 제주특별자치도,제주 동물보호센터,33.4887737,126.4987083
2025-04-16,개,믹스견,암컷,제주특별자치도 제주특별자치도,제주 동물보호센터,33.4887737,126.4987083
2025-04-16,개,믹스견,암컷,제주특별자치도 제주특별자치도,제주 동물보호센터,33.4887737,126.4987083
2025-04-16,개,믹스견,암컷,경상남도 양산시,양산시 동물보호센터,35.3349979,129.0370582
2025-04-16,개,믹스견,암컷,경상남도 김해시,(사)동물보호관리협회,35.2310947,128.8908228
2025-04-16,개,믹스견,암컷,경상북도 청송군,점곡동물보호센터,36.4358,129.0571
2025-04-16,개,믹스견,암컷,경상북도 청송군,점곡동물보호센터,36.4358,129.0571
2025-04-16,개,믹스견,암컷,전라남도 영광군,영광동물보호센터,35.2769282,126.5124504
2025-04-16,개,믹스견,수컷,전라남도 영광군,영광동물보호센터,35.2769282,126.5124504
2025-04-16,개,믹스견,수컷,전라남도 영광군,영광동물보호센터,35.2769282,126.5124504
2025-04-16,개,믹스견,암컷,전라남도 해남군,해남유기동물보호센터,34.55269,126.52431
2025-04-16,개,믹스견,수컷,전북특별자치도 군산시,군산유기동물보호센터,35.9679984,126.7369036
2025-04-16,개,믹스견,수컷,충청북도 괴산군,괴산증평동물보호센터,36.815,127.7866
2025-04-16,기타,오리,미상,충청북도 보은군,보은군동물보호센터,36.4890118,127.729242
2025-04-16,개,믹스견,암컷,경기도 고양시,고양시동물보호센터,37.6581862,126.8319452
2025-04-16,개,믹스견,미상,울산광역시 울주군,울산유기동물보호센터,35.5222362,129.2423693
2025-04-16,개,믹스견,암컷,울산광역시 울주군,울산유기동물보호센터,35.5222362,129.2423693
2025-04-16,개,믹스견,수컷,울산광역시 울주군,울산유기동물보호센터,35.5222362,129.2423693
2025-04-16,개,믹스견,수컷,울산광역시 울주군,울산유기동물보호센터,35.5222362,129.2423693
2025-04-16,개,믹스견,미상,울산광역시 울주군,울산유기동물보호센터,35.5222362,129.2423693
2025-04-16,개,믹스견,미상,울산광역시 울주군,울산유기동물보호센터,35.5222362,129.2423693
2025-04-16,개,믹스견,미상,울산광역시 울주군,울산유기동물보호센터,35.5222362,129.2423693
2025-04-16,개,믹스견,미상,울산광역시 울주군,울산유기동물보호센터,35.5222362,129.2423693
2025-04-16,개,믹스견,암컷,광주광역시 북구,광주동물보호센터,35.1741,126.9122
2025-04-16,개,믹스견,암컷,인천광역시 서구,우리동물병원,37.545,126.676
2025-04-16,개,믹스견,수컷,인천광역시 서구,우리동물병원,37.545,126.676
2025-04-16,개,시바,암컷,인천광역시 부평구,조재진동물병원,37.5070221,126.7220068
2025-04-16,고양이,한국 고양이,미상,부산광역시 중구,부산동물보호센터,35.106501,129.0325814
2025-04-16,고양이,한국 고양이,미상,부산광역시 중구,부산동물보호센터,35.106501,129.0325814
2025-04-16,개,골든 리트리버,암컷,부산광역시 중구,부산동물보호센터,35.106501,129.0325814
2025-04-16,개,믹스견,수컷,세종특별자치시 세종특별자치시,세종유기동물보호센터,36.4799999,127.289
2025-04-16,개,믹스견,암컷,세종특별자치시 세종특별자치시,세종유기동물보호센터,36.4799999,127.289
2025-04-16,개,믹스견,암컷,세종특별자치시 세종특별자치시,세종유기동물보호센터,36.4799999,127.289
2025-04-16,개,보스턴 테리어,수컷,경상남도 창원시,창원유기동물보호소,35.227956,128.6818586
2025-04-16,개,믹스견,암컷,경상남도 창원시,창원유기동물보호소,35.227956,128.6818586
2025-04-16,개,믹스견,암컷,경상남도 함양군,함양군위탁보호소,35.5204145,127.7252966
2025-04-16,개,믹스견,암컷,경상남도 거제시,거제시유기동물보호소,34.8804677,128.621207
2025-04-16,개,믹스견,수컷,경상남도 사천시,사천시 동물보호센터,35.003468,128.064562
2025-04-16,개,믹스견,암컷,경상북도 칠곡군,칠곡유기동물보호센터,35.995,128.4017
2025-04-16,고양이,믹스묘,수컷,경상북도 영덕군,영덕반려동물입양센터,36.4149,129.3659
2025-04-16,개,믹스견,수컷,경상북도 청송군,점곡동물보호센터,36.4358,129.0571
2025-04-16,개,믹스견,암컷,경상북도 경주시,경주동물사랑보호센터,35.8556705,129.2248811
2025-04-16,개,믹스견,암컷,전북특별자치도 김제시,전북말산업복합센터,35.803815,126.880557
2025-04-16,개,믹스견,수컷,전북특별자치도 익산시,익산유기동물보호소,35.9479291,126.9578025
2025-04-16,개,믹스견,암컷,전북특별자치도 익산시,익산유기동물보호소,35.9479291,126.9578025
2025-04-16,개,믹스견,암컷,전북특별자치도 익산시,익산유기동물보호소,35.9479291,126.9578025
2025-04-16,개,믹스견,암컷,전북특별자치도 익산시,익산유기동물보호소,35.9479291,126.9578025
2025-04-16,개,믹스견,암컷,전북특별자치도 익산시,익산유기동물보호소,35.9479291,126.9578025
2025-04-16,개,믹스견,수컷,전북특별자치도 익산시,익산유기동물보호소,35.9479291,126.9578025
2025-04-16,개,믹스견,수컷,전북특별자치도 군산시,군산유기동물보호센터,35.9679984,126.7369036
2025-04-16,개,믹스견,암컷,전북특별자치도 군산시,군산유기동물보호센터,35.9679984,126.7369036
2025-04-16,개,믹스견,수컷,충청남도 부여군,남부여동물보호소,36.2753678,126.910107
2025-04-16,개,믹스견,암컷,충청남도 서산시,서산시 동물보호센터,36.784499,126.450317
2025-04-16,개,믹스견,수컷,충청남도 아산시,아산동물복지지원센터,36.7899498,127.0026769
2025-04-16,개,믹스견,암컷,충청남도 천안시,천안시 동물보호센터,36.8150283,127.1140654
2025-04-16,개,라브라도 리트리버,암컷,충청남도 천안시,천안시 동물보호센터,36.8150283,127.1140654
2025-04-16,개,믹스견,수컷,충청남도 천안시,천안시 동물보호센터,36.8150283,127.1140654
2025-04-16,개,믹스견,암컷,충청남도 천안시,천안시 동물보호센터,36.8150283,127.1140654
2025-04-16,개,스탠다드 푸들,수컷,충청북도 음성군,금왕동물병원,36.94,127.6906
2025-04-16,개,믹스견,암컷,충청북도 음성군,금왕동물병원,36.94,127.6906
2025-04-16,개,믹스견,수컷,충청북도 음성군,금왕동물병원,36.94,127.6906
2025-04-16,개,치와와,암컷,충청북도 음성군,금왕동물병원,36.94,127.6906
2025-04-16,개,믹스견,수컷,충청북도 영동군,최종주동물병원,36.1747588,127.7834432
2025-04-16,개,믹스견,수컷,충청북도 영동군,최종주동물병원,36.1747588,127.7834432
2025-04-16,개,믹스견,수컷,충청북도 영동군,최종주동물병원,36.1747588,127.7834432
2025-04-16,개,믹스견,암컷,강원특별자치도 양구군,양구군유기동물보호소,38.1096812,127.9900596
2025-04-16,개,믹스견,암컷,강원특별자치도 양구군,양구군유기동물보호소,38.1096812,127.9900596
2025-04-16,개,말티즈,수컷,강원특별자치도 홍천군,홍천군유기동물보호소,37.6967,127.8888
2025-04-16,고양이,한국 고양이,암컷,강원특별자치도 원주시,원주시동물보호센터,37.3420996,127.9197603
2025-04-16,개,믹스견,수컷,경기도 광주시,광주TNR동물병원초월,37.4290844,127.255189
2025-04-16,개,믹스견,수컷,경기도 화성시,화성동물보호센터,37.1994653,126.8312632
2025-04-16,개,믹스견,암컷,경기도 화성시,화성동물보호센터,37.1994653,126.8312632
2025-04-16,개,믹스견,암컷,경기도 화성시,화성동물보호센터,37.1994653,126.8312632
2025-04-16,개,믹스견,수컷,경기도 화성시,화성동물보호센터,37.1994653,126.8312632
2025-04-16,개,믹스견,암컷,경기도 화성시,화성동물보호센터,37.1994653,126.8312632
2025-04-16,개,믹스견,수컷,경기도 화성시,화성동물보호센터,37.1994653,126.8312632
2025-04-16,개,라브라도 리트리버,수컷,경기도 이천시,위더스 동물보호센터,37.2808823,127.4429132
2025-04-16,개,믹스견,수컷,경기도 고양시,고양시동물보호센터,37.6581862,126.8319452
2025-04-16,개,믹스견,암컷,경기도 고양시,고양시동물보호센터,37.6581862,126.8319452
2025-04-16,개,믹스견,수컷,경기도 고양시,고양시동물보호센터,37.6581862,126.8319452
2025-04-16,고양이,페르시안,암컷,경기도 안산시,한국야생동물보호협회,37.3217152,126.8308604
2025-04-16,개,믹스견,수컷,경기도 평택시,평택시유기동물보호소,36.9924966,127.1127168
2025-04-16,개,믹스견,수컷,경기도 평택시,평택시유기동물보호소,36.9924966,127.1127168
2025-04-16,개,믹스견,암컷,경기도 평택시,평택시유기동물보호소,36.9924966,127.1127168
2025-04-16,개,믹스견,수컷,경기도 평택시,평택시유기동물보호소,36.9924966,127.1127168
2025-04-16,개,믹스견,수컷,경기도 평택시,평택시유기동물보호소,36.9924966,127.1127168
2025-04-16,개,믹스견,수컷,경기도 평택시,평택시유기동물보호소,36.9924966,127.1127168
2025-04-16,개,믹스견,암컷,경기도 평택시,평택시유기동물보호소,36.9924966,127.1127168
2025-04-16,개,믹스견,암컷,경기도 평택시,평택시유기동물보호소,36.9924966,127.1127168
2025-04-16,개,믹스견,수컷,경기도 평택시,평택시유기동물보호소,36.9924966,127.1127168
2025-04-16,개,믹스견,암컷,경기도 평택시,평택시유기동물보호소,36.9924966,127.1127168
2025-04-16,개,믹스견,수컷,경기도 평택시,평택시유기동물보호소,36.9924966,127.1127168
2025-04-16,개,믹스견,암컷,경기도 평택시,평택시유기동물보호소,36.9924966,127.1127168
2025-04-16,개,믹스견,암컷,경기도 평택시,평택시유기동물보호소,36.9924966,127.1127168
2025-04-16,개,믹스견,암컷,경기도 성남시,펫앤쉘터동물병원,37.4201556,127.1262092
2025-04-16,개,믹스견,수컷,경기도 수원시,수원시 동물보호센터,37.2633325,127.0287472
2025-04-16,개,프렌치 불독,암컷,경기도 수원시,수원시 동물보호센터,37.2633325,127.0287472
2025-04-16,개,믹스견,암컷,경기도 수원시,수원시 동물보호센터,37.2633325,127.0287472
2025-04-16,고양이,한국 고양이,수컷,울산광역시 북구,울산유기동물보호센터,35.5826,129.3604
2025-04-16,개,푸들,수컷,울산광역시 남구,강남동물병원,35.4984869,129.3459362
2025-04-16,개,믹스견,수컷,광주광역시 광산구,광주동물보호센터,35.1396428,126.7938232
2025-04-16,개,믹스견,수컷,인천광역시 서구,우리동물병원,37.545,126.676
2025-04-16,개,믹스견,수컷,전라남도 목포시,목포시유기동물보호소,34.7903335,126.3847547
2025-04-16,개,믹스견,암컷,전라남도 목포시,목포시유기동물보호소,34.7903335,126.3847547
2025-04-16,개,믹스견,암컷,전라남도 여수시,유기동물보호소,34.7546257,127.659859
2025-04-16,개,믹스견,수컷,전라남도 여수시,유기동물보호소,34.7546257,127.659859
2025-04-16,개,믹스견,암컷,전북특별자치도 완주군,완주군유기동물보호소,35.9039,127.1622
2025-04-16,개,믹스견,수컷,전라남도 여수시,유기동물보호소,34.7546257,127.659859
2025-04-16,개,믹스견,수컷,전라남도 여수시,유기동물보호소,34.7546257,127.659859
2025-04-15,개,믹스견,수컷,강원특별자치도 횡성군,횡성유기동물보호센터,37.4916,127.985
2025-04-15,개,믹스견,암컷,전라남도 장흥군,장흥군 동물보호센터,34.6811762,126.906996
2025-04-15,개,믹스견,암컷,강원특별자치도 양양군,양양군유기동물보호소,38.0751,128.6191
2025-04-15,개,믹스견,수컷,경상북도 성주군,성주유기동물보호센터,35.9190065,128.283486
2025-04-15,개,믹스견,암컷,경상북도 구미시,구미시 동물보호센터,36.1195513,128.3444692
2025-04-15,개,믹스견,수컷,경상북도 구미시,구미시 동물보호센터,36.1195513,128.3444692
2025-04-15,개,믹스견,수컷,경상북도 구미시,구미시 동물보호센터,36.1195513,128.3444692
2025-04-15,개,믹스견,암컷,경상북도 구미시,구미시 동물보호센터,36.1195513,128.3444692
2025-04-15,개,믹스견,수컷,경상북도 구미시,구미시 동물보호센터,36.1195513,128.3444692
2025-04-15,개,믹스견,암컷,경상북도 구미시,구미시 동물보호센터,36.1195513,128.3444692
2025-04-15,개,믹스견,수컷,경상북도 구미시,구미시 동물보호센터,36.1195513,128.3444692
2025-04-15,개,믹스견,암컷,경상북도 예천군,예천군유기동물보호소,36.6462999,128.4376
2025-04-15,개,믹스견,암컷,전라남도 진도군,진도군임시보호소,34.4867515,126.2629264
2025-04-15,개,믹스견,수컷,강원특별자치도 삼척시,삼척시동물보호센터,37.4498745,129.1652969
2025-04-15,개,믹스견,암컷,인천광역시 동구,경동동물병원,37.4736019,126.643227
2025-04-15,개,믹스견,암컷,인천광역시 동구,경동동물병원,37.4736019,126.643227
2025-04-15,개,믹스견,암컷,부산광역시 서구,부산동물보호센터,35.0974999,129.0241
2025-04-15,개,믹스견,암컷,부산광역시 서구,부산동물보호센터,35.0974999,129.0241
2025-04-15,개,믹스견,암컷,부산광역시 서구,부산동물보호센터,35.0974999,129.0241
2025-04-15,개,믹스견,암컷,부산광역시 서구,부산동물보호센터,35.0974999,129.0241
2025-04-15,개,믹스견,암컷,부산광역시 서구,부산동물보호센터,35.0974999,129.0241
2025-04-15,고양이,한국 고양이,암컷,전라남도 영암군,유기동물 삼호 보호소,34.800052,126.6970381
2025-04-15,고양이,한국 고양이,암컷,전라남도 영암군,유기동물 삼호 보호소,34.800052,126.6970381
2025-04-15,개,믹스견,암컷,전라남도 영암군,유기동물 삼호 보호소,34.800052,126.6970381
2025-04-15,개,믹스견,암컷,인천광역시 계양구,신영재동물병원,37.5373539,126.7379078
2025-04-15,개,믹스견,암컷,부산광역시 사하구,(사)하얀비둘기,35.1041,128.9751
2025-04-15,개,믹스견,암컷,제주특별자치도 제주특별자치도,제주 동물보호센터,33.4887737,126.4987083
2025-04-15,개,믹스견,수컷,경상남도 통영시,통영시동물보호센터,34.854254,128.433205
2025-04-15,개,믹스견,수컷,경상북도 영주시,영주시 동물보호센터,36.805685,128.624054
2025-04-15,개,믹스견,암컷,경상북도 영주시,영주시 동물보호센터,36.805685,128.624054
2025-04-15,개,믹스견,암컷,경상북도 김천시,김천시 동물보호센터,36.1398035,128.1139534
2025-04-15,개,믹스견,수컷,충청남도 논산시,논산시 동물보호센터,36.1868154,127.0987538
2025-04-15,개,믹스견,암컷,충청남도 논산시,논산시 동물보호센터,36.1868154,127.0987538
2025-04-15,개,믹스견,암컷,충청남도 공주시,공주시 동물보호센터,36.47257,127.09124
2025-04-15,개,믹스견,수컷,충청남도 공주시,공주시 동물보호센터,36.47257,127.09124
2025-04-15,개,믹스견,수컷,충청남도 공주시,공주시 동물보호센터,36.47257,127.09124
2025-04-15,개,믹스견,암컷,충청남도 공주시,공주시 동물보호센터,36.47257,127.09124
2025-04-15,개,믹스견,암컷,충청남도 공주시,공주시 동물보호센터,36.47257,127.09124
2025-04-15,개,믹스견,수컷,강원특별자치도 양구군,양구군유기동물보호소,38.1096812,127.9900596
2025-04-15,개,믹스견,암컷,강원특별자치도 양구군,양구군유기동물보호소,38.1096812,127.9900596
2025-04-15,개,믹스견,암컷,경기도 고양시,고양시동물보호센터,37.6581862,126.8319452
2025-04-15,개,믹스견,암컷,경기도 고양시,고양시동물보호센터,37.6581862,126.8319452
2025-04-15,개,믹스견,미상,울산광역시 울주군,울산유기동물보호센터,35.5222362,129.2423693
2025-04-15,개,믹스견,수컷,광주광역시 광산구,광주동물보호센터,35.1396428,126.7938232
2025-04-15,개,믹스견,암컷,광주광역시 광산구,광주동물보호센터,35.1396428,126.7938232
2025-04-15,개,믹스견,수컷,광주광역시 광산구,광주동물보호센터,35.1396428,126.7938232
2025-04-15,개,그레이 하운드,암컷,광주광역시 남구,광주동물보호센터,35.1327,126.9025
2025-04-15,개,치와와,수컷,인천광역시 남동구,인천광역시수의사회,37.446902,126.7315126
2025-04-15,개,믹스견,암컷,인천광역시 남동구,인천광역시수의사회,37.446902,126.7315126
2025-04-15,개,프렌치 불독,암컷,인천광역시 남동구,인천광역시수의사회,37.446902,126.7315126
2025-04-15,고양이,한국 고양이,암컷,부산광역시 사하구,(사)하얀비둘기,35.1041,128.9751
2025-04-15,고양이,믹스묘,암컷,부산광역시 해운대구,동부유기동물보호협회,35.1629,129.1638
2025-04-15,개,포메라니안,수컷,서울특별시 강서구,한국동물구조관리협회,37.5509,126.8497
2025-04-15,개,믹스견,수컷,경상남도 함양군,함양군위탁보호소,35.5204145,127.7252966
2025-04-15,개,푸들,암컷,경상남도 함양군,함양군위탁보호소,35.5204145,127.7252966
2025-04-15,개,믹스견,수컷,경상남도 창녕군,창녕 유기동물보호소,35.5443876,128.4921938
2025-04-15,개,믹스견,수컷,경상남도 창녕군,창녕 유기동물보호소,35.5443876,128.4921938
2025-04-15,개,믹스견,암컷,경상남도 의령군,의령군 동물보호센터,35.322003,128.2617827
2025-04-15,개,믹스견,암컷,경상남도 밀양시,밀양시 동물보호센터,35.503839,128.7466992
2025-04-15,개,믹스견,수컷,경상남도 밀양시,밀양시 동물보호센터,35.503839,128.7466992
2025-04-15,개,믹스견,암컷,경상남도 밀양시,밀양시 동물보호센터,35.503839,128.7466992
2025-04-15,개,믹스견,암컷,경상남도 밀양시,밀양시 동물보호센터,35.503839,128.7466992
2025-04-15,개,믹스견,수컷,경상남도 사천시,사천시 동물보호센터,35.003468,128.064562
2025-04-15,개,믹스견,수컷,경상남도 진주시,진주시동물보호센터,35.1803459,128.1079953
2025-04-15,개,믹스견,수컷,경상남도 진주시,진주시동물보호센터,35.1803459,128.1079953
2025-04-15,개,믹스견,암컷,경상남도 진주시,진주시동물보호센터,35.1803459,128.1079953
2025-04-15,개,믹스견,암컷,경상북도 청도군,청도군동물보호센터,35.6473012,128.7348468
2025-04-15,개,믹스견,수컷,경상북도 구미시,구미시 동물보호센터,36.1195513,128.3444692
2025-04-15,개,믹스견,암컷,경상북도 구미시,구미시 동물보호센터,36.1195513,128.3444692
2025-04-15,개,믹스견,암컷,경상북도 구미시,구미시 동물보호센터,36.1195513,128.3444692
2025-04-15,개,믹스견,수컷,전북특별자치도 부안군,부안군 동물보호센터,35.7316783,126.7330195
2025-04-15,개,믹스견,암컷,전북특별자치도 고창군,더나은동물병원,35.4355,126.7021
2025-04-15,개,믹스견,암컷,전북특별자치도 고창군,더나은동물병원,35.4355,126.7021
2025-04-15,개,믹스견,수컷,전북특별자치도 고창군,더나은동물병원,35.4355,126.7021
2025-04-15,개,믹스견,암컷,전북특별자치도 정읍시,정읍시 동물보호소,35.5697678,126.8559787
2025-04-15,개,믹스견,수컷,전북특별자치도 정읍시,정읍시 동물보호소,35.5697678,126.8559787
2025-04-15,개,믹스견,암컷,전북특별자치도 정읍시,정읍시 동물보호소,35.5697678,126.8559787
2025-04-15,고양이,터키시 앙고라,암컷,전북특별자치도 정읍시,정읍시 동물보호소,35.5697678,126.8559787
2025-04-15,고양이,한국 고양이,암컷,전북특별자치도 익산시,익산유기동물보호소,35.9479291,126.9578025
2025-04-15,고양이,한국 고양이,수컷,전북특별자치도 익산시,익산유기동물보호소,35.9479291,126.9578025
2025-04-15,고양이,한국 고양이,수컷,전북특별자치도 익산시,익산유기동물보호소,35.9479291,126.9578025
2025-04-15,고양이,한국 고양이,수컷,전북특별자치도 익산시,익산유기동물보호소,35.9479291,126.9578025
2025-04-15,개,믹스견,암컷,전북특별자치도 익산시,익산유기동물보호소,35.9479291,126.9578025
2025-04-15,개,믹스견,암컷,전북특별자치도 전주시,데이지동물병원,35.8237631,127.1472805
2025-04-15,개,믹스견,수컷,충청남도 서산시,서산시 동물보호센터,36.784499,126.450317
2025-04-15,개,믹스견,수컷,충청북도 제천시,제천시 동물보호센터,37.1326042,128.1913508
2025-04-15,개,믹스견,암컷,강원특별자치도 정선군,정선가축병원,37.380456,128.6609485
2025-04-15,개,믹스견,암컷,강원특별자치도 정선군,정선가축병원,37.380456,128.6609485
2025-04-15,기타,닭,수컷,강원특별자치도 춘천시,춘천시 동물보호센터,37.8810569,127.7297641
2025-04-15,고양이,한국 고양이,수컷,경기도 광주시,광주TNR동물병원송정,37.4290844,127.255189
2025-04-15,개,믹스견,암컷,경기도 광주시,광주TNR동물병원초월,37.4290844,127.255189
2025-04-15,개,믹스견,수컷,경기도 화성시,화성동물보호센터,37.1994653,126.8312632
2025-04-15,개,믹스견,수컷,경기도 화성시,화성동물보호센터,37.1994653,126.8312632
2025-04-15,개,믹스견,수컷,경기도 양평군,양평군유기동물보호소,37.4916,127.4875
2025-04-15,개,믹스견,암컷,경기도 하남시,하남동물보호센터,37.5392918,127.214948
2025-04-15,개,믹스견,암컷,경기도 하남시,하남동물보호센터,37.5392918,127.214948
2025-04-15,개,보더 콜리,암컷,경기도 평택시,평택시유기동물보호소,36.9924966,127.1127168
2025-04-15,개,믹스견,암컷,경기도 수원시,수원시 동물보호센터,37.2633325,127.0287472
2025-04-15,고양이,한국 고양이,암컷,울산광역시 남구,사랑동물병원,35.4984869,129.3459362
2025-04-15,고양이,한국 고양이,수컷,인천광역시 서구,우리동물병원,37.545,126.676
2025-04-15,개,믹스견,암컷,경기도 화성시,화성동물보호센터,37.1994653,126.8312632
2025-04-15,개,믹스견,암컷,전북특별자치도 익산시,익산유기동물보호소,35.9479291,126.9578025
2025-04-15,개,믹스견,암컷,전북특별자치도 익산시,익산유기동물보호소,35.9479291,126.9578025
2025-04-15,개,믹스견,수컷,전북특별자치도 익산시,익산유기동물보호소,35.9479291,126.9578025
2025-04-15,개,믹스견,암컷,전라남도 여수시,유기동물보호소,34.7546257,127.659859
2025-04-14,고양이,한국 고양이,수컷,서울특별시 금천구,한국동물구조관리협회,37.4565,126.8954
2025-04-14,고양이,한국 고양이,암컷,서울특별시 금천구,한국동물구조관리협회,37.4565,126.8954
2025-04-14,고양이,한국 고양이,암컷,서울특별시 금천구,한국동물구조관리협회,37.4565,126.8954
2025-04-14,고양이,한국 고양이,암컷,서울특별시 금천구,한국동물구조관리협회,37.4565,126.8954
2025-04-14,고양이,한국 고양이,암컷,서울특별시 금천구,한국동물구조관리협회,37.4565,126.8954
2025-04-14,고양이,한국 고양이,암컷,서울특별시 금천구,한국동물구조관리협회,37.4565,126.8954
2025-04-14,개,비숑 프리제,수컷,전라남도 영암군,유기동물 삼호 보호소,34.800052,126.6970381
2025-04-14,고양이,한국 고양이,수컷,인천광역시 계양구,신영재동물병원,37.5373539,126.7379078
2025-04-14,고양이,한국 고양이,암컷,인천광역시 계양구,신영재동물병원,37.5373539,126.7379078
2025-04-14,고양이,한국 고양이,암컷,인천광역시 계양구,신영재동물병원,37.5373539,126.7379078
2025-04-14,개,믹스견,수컷,경상북도 영천시,영천유기동물보호센터,35.98842,128.942
2025-04-14,개,믹스견,수컷,부산광역시 수영구,(사)동부동물보호협회,35.1454,129.1127
2025-04-14,개,믹스견,수컷,제주특별자치도 제주특별자치도,제주 동물보호센터,33.4887737,126.4987083
2025-04-14,개,믹스견,암컷,제주특별자치도 제주특별자치도,제주 동물보호센터,33.4887737,126.4987083
2025-04-14,개,믹스견,수컷,제주특별자치도 제주특별자치도,제주 동물보호센터,33.4887737,126.4987083
2025-04-14,개,믹스견,수컷,제주특별자치도 제주특별자치도,제주 동물보호센터,33.4887737,126.4987083
2025-04-14,개,믹스견,수컷,경상남도 통영시,통영시동물보호센터,34.854254,128.433205
2025-04-14,개,믹스견,수컷,경상남도 통영시,통영시동물보호센터,34.854254,128.433205
2025-04-14,개,믹스견,수컷,경상남도 통영시,통영시동물보호센터,34.854254,128.433205
2025-04-14,개,믹스견,수컷,경상남도 통영시,통영시동물보호센터,34.854254,128.433205
2025-04-14,개,믹스견,암컷,경상북도 예천군,예천군유기동물보호소,36.6462999,128.4376
2025-04-14,개,믹스견,암컷,전라남도 완도군,유기동물임시보호센터,34.3110373,126.7553933
2025-04-14,개,믹스견,암컷,전라남도 완도군,유기동물임시보호센터,34.3110373,126.7553933
2025-04-14,고양이,한국 고양이,암컷,전북특별자치도 익산시,익산유기동물보호소,35.9479291,126.9578025
2025-04-14,고양이,한국 고양이,암컷,전북특별자치도 익산시,익산유기동물보호소,35.9479291,126.9578025
2025-04-14,고양이,한국 고양이,수컷,전북특별자치도 익산시,익산유기동물보호소,35.9479291,126.9578025
2025-04-14,고양이,한국 고양이,수컷,전북특별자치도 익산시,익산유기동물보호소,35.9479291,126.9578025
2025-04-14,고양이,한국 고양이,수컷,전북특별자치도 익산시,익산유기동물보호소,35.9479291,126.9578025
2025-04-14,개,포메라니안,수컷,충청남도 금산군,제일동물병원,36.1087249,127.48815
2025-04-14,개,믹스견,수컷,충청남도 논산시,논산시 동물보호센터,36.1868154,127.0987538
2025-04-14,개,믹스견,암컷,충청남도 논산시,논산시 동물보호센터,36.1868154,127.0987538
2025-04-14,개,믹스견,수컷,충청남도 논산시,논산시 동물보호센터,36.1868154,127.0987538
2025-04-14,개,믹스견,수컷,충청남도 공주시,공주시 동물보호센터,36.47257,127.09124
2025-04-14,개,믹스견,수컷,경기도 고양시,고양시동물보호센터,37.6581862,126.8319452
2025-04-14,개,믹스견,암컷,경기도 고양시,고양시동물보호센터,37.6581862,126.8319452
2025-04-14,개,믹스견,수컷,울산광역시 울주군,울산유기동물보호센터,35.5222362,129.2423693
2025-04-14,개,믹스견,수컷,대전광역시 서구,대전동물보호센터,36.3551786,127.3838487
2025-04-14,고양이,믹스묘,암컷,부산광역시 금정구,동부동물보호협회,35.2429,129.0926
2025-04-14,기타,앵무새(모란앵무),미상,부산광역시 해운대구,동부유기동물보호협회,35.1629,129.1638
2025-04-14,고양이,믹스묘,수컷,부산광역시 남구,(사)동부동물보호협회,35.1361,129.0843999
2025-04-14,개,믹스견,암컷,부산광역시 남구,(사)동부동물보호협회,35.1361,129.0843999
2025-04-14,개,믹스견,암컷,경상남도 산청군,산청동물보호센터,35.4154624,127.873663
2025-04-14,개,믹스견,수컷,경상남도 의령군,의령군 동물보호센터,35.322003,128.2617827
2025-04-14,개,믹스견,수컷,경상남도 의령군,의령군 동물보호센터,35.322003,128.2617827
2025-04-14,개,믹스견,수컷,경상남도 의령군,의령군 동물보호센터,35.322003,128.2617827
2025-04-14,개,믹스견,암컷,경상남도 의령군,의령군 동물보호센터,35.322003,128.2617827
2025-04-14,개,믹스견,암컷,경상남도 밀양시,밀양시 동물보호센터,35.503839,128.7466992
2025-04-14,개,믹스견,수컷,경상남도 밀양시,밀양시 동물보호센터,35.503839,128.7466992
2025-04-14,개,믹스견,암컷,경상남도 밀양시,밀양시 동물보호센터,35.503839,128.7466992
2025-04-14,개,믹스견,암컷,경상남도 밀양시,밀양시 동물보호센터,35.503839,128.7466992
2025-04-14,개,믹스견,수컷,경상남도 밀양시,밀양시 동물보호센터,35.503839,128.7466992
2025-04-14,개,믹스견,수컷,경상남도 밀양시,밀양시 동물보호센터,35.503839,128.7466992
2025-04-14,개,믹스견,암컷,경상남도 밀양시,밀양시 동물보호센터,35.503839,128.7466992
2025-04-14,개,믹스견,암컷,경상남도 밀양시,밀양시 동물보호센터,35.503839,128.7466992
2025-04-14,개,믹스견,수컷,경상남도 밀양시,밀양시 동물보호센터,35.503839,128.7466992
2025-04-14,개,믹스견,수컷,경상남도 사천시,사천시 동물보호센터,35.003468,128.064562
2025-04-14,개,믹스견,암컷,경상남도 진주시,진주시동물보호센터,35.1803459,128.1079953
2025-04-14,개,치와와믹스인듯,암컷,경상북도 성주군,성주유기동물보호센터,35.9190065,128.283486
2025-04-14,개,꼬똥 드 툴레아 믹스인듯,암컷,경상북도 성주군,성주유기동물보호센터,35.9190065,128.283486
2025-04-14,개,믹스견,수컷,경상북도 성주군,성주유기동물보호센터,35.9190065,128.283486
2025-04-14,개,믹스견,암컷,경상북도 김천시,김천시 동물보호센터,36.1398035,128.1139534
2025-04-14,개,믹스견,수컷,경상북도 포항시,(사)영일동물플러스,36.0189315,129.3429384
2025-04-14,개,믹스견,수컷,전라남도 신안군,신안군유기동물보호소,34.8331095,126.3522531
2025-04-14,개,믹스견,암컷,전라남도 장성군,장성군동물보호센터,35.3017065,126.7844061
2025-04-14,개,믹스견,수컷,전라남도 장성군,장성군동물보호센터,35.3017065,126.7844061
2025-04-14,개,믹스견,수컷,전라남도 장성군,장성군동물보호센터,35.3017065,126.7844061
2025-04-14,개,믹스견,수컷,전라남도 장성군,장성군동물보호센터,35.3017065,126.7844061
2025-04-14,개,믹스견,수컷,전라남도 장성군,장성군동물보호센터,35.3017065,126.7844061
2025-04-14,개,믹스견,암컷,전라남도 함평군,학교임시동물보호센터,35.0656537,126.5166414
2025-04-14,개,믹스견,암컷,전라남도 함평군,학교임시동물보호센터,35.0656537,126.5166414
2025-04-14,개,믹스견,수컷,전라남도 무안군,무안군유기동물보호소,34.9905794,126.4812377
2025-04-14,개,삽살개,수컷,전라남도 무안군,무안군유기동물보호소,34.9905794,126.4812377
2025-04-14,개,믹스견,암컷,전라남도 구례군,구례군동물보호센터,35.2203329,127.473277
2025-04-14,개,믹스견,암컷,전라남도 구례군,구례군동물보호센터,35.2203329,127.473277
2025-04-14,개,믹스견,암컷,전라남도 구례군,구례군동물보호센터,35.2203329,127.473277
2025-04-14,개,믹스견,암컷,전라남도 담양군,담양군 동물보호센터,35.320878,126.9883238
2025-04-14,개,푸들,수컷,전라남도 순천시,순천시유기동물보호소,34.9505457,127.4872992
2025-04-14,개,믹스견,암컷,전라남도 여수시,유기동물보호소,34.7546257,127.659859
2025-04-14,개,믹스견,암컷,전북특별자치도 부안군,부안군 동물보호센터,35.7316783,126.7330195
2025-04-14,개,믹스견,수컷,전북특별자치도 장수군,장수군 보호소,35.647,127.5212
2025-04-14,개,믹스견,수컷,전북특별자치도 김제시,전북말산업복합센터,35.803815,126.880557
2025-04-14,개,믹스견,수컷,전북특별자치도 김제시,전북말산업복합센터,35.803815,126.880557
2025-04-14,개,믹스견,암컷,전북특별자치도 김제시,전북말산업복합센터,35.803815,126.880557
2025-04-14,개,믹스견,암컷,전북특별자치도 남원시,하나동물병원,35.4163118,127.3903713
2025-04-14,개,믹스견,수컷,전북특별자치도 군산시,군산유기동물보호센터,35.9679984,126.7369036
2025-04-14,개,믹스견,수컷,전북특별자치도 전주시,행복한동물병원,35.8237631,127.1472805
2025-04-14,개,믹스견,수컷,충청남도 태안군,태안 동물보호소,36.7454236,126.29836
2025-04-14,개,믹스견,수컷,충청남도 태안군,태안 동물보호소,36.7454236,126.29836
2025-04-14,개,믹스견,암컷,충청남도 청양군,청양보호소,36.4587024,126.8019983
2025-04-14,개,믹스견,암컷,충청남도 아산시,아산동물복지지원센터,36.7899498,127.0026769
2025-04-14,개,믹스견,수컷,충청남도 천안시,천안시 동물보호센터,36.8150283,127.1140654
2025-04-14,개,믹스견,수컷,충청북도 청주시,반려동물보호센터,36.6421169,127.4891742
2025-04-14,개,믹스견,수컷,충청북도 영동군,최종주동물병원,36.1747588,127.7834432
2025-04-14,개,믹스견,암컷,충청북도 영동군,최종주동물병원,36.1747588,127.7834432
2025-04-14,개,믹스견,암컷,강원특별자치도 고성군,유기견임시보호소,38.3808,128.4678
2025-04-14,개,믹스견,암컷,강원특별자치도 고성군,유기견임시보호소,38.3808,128.4678
2025-04-14,개,믹스견,암컷,경기도 여주시,위더스 동물보호센터,37.2982901,127.637033
2025-04-14,개,믹스견,수컷,경기도 화성시,화성동물보호센터,37.1994653,126.8312632
2025-04-14,개,믹스견,수컷,경기도 화성시,화성동물보호센터,37.1994653,126.8312632
2025-04-14,개,믹스견,암컷,경기도 화성시,화성동물보호센터,37.1994653,126.8312632
2025-04-14,개,믹스견,수컷,경기도 안성시,안성시 동물보호센터,37.007773,127.279971
2025-04-14,개,믹스견,수컷,경기도 이천시,위더스 동물보호센터,37.2808823,127.4429132
2025-04-14,개,포메라니안,수컷,경기도 안산시,한국야생동물보호협회,37.3217152,126.8308604
2025-04-14,개,말티즈,암컷,경기도 안산시,한국야생동물보호협회,37.3217152,126.8308604
2025-04-14,개,스피츠,수컷,경기도 안산시,한국야생동물보호협회,37.3217152,126.8308604
2025-04-14,개,치와와,암컷,경기도 평택시,평택시유기동물보호소,36.9924966,127.1127168
2025-04-14,개,믹스견,암컷,경기도 부천시,정샘동물병원,37.5014422,126.7660139
2025-04-14,개,믹스견,암컷,경기도 부천시,정샘동물병원,37.5014422,126.7660139
2025-04-14,개,믹스견,수컷,경기도 부천시,정샘동물병원,37.5014422,126.7660139
2025-04-14,개,믹스견,암컷,경기도 부천시,정샘동물병원,37.5014422,126.7660139
2025-04-14,개,믹스견,수컷,경기도 부천시,정샘동물병원,37.5014422,126.7660139
2025-04-14,개,킹찰스테리어,수컷,대전광역시 대덕구,대전동물보호센터,36.3465766,127.4158483
2025-04-14,고양이,샴,수컷,광주광역시 북구,광주동물보호센터,35.1741,126.9122
2025-04-14,고양이,한국 고양이,암컷,광주광역시 북구,광주동물보호센터,35.1741,126.9122
2025-04-14,고양이,한국 고양이,미상,인천광역시 부평구,삼산종합동물병원,37.5070221,126.7220068
2025-04-14,개,믹스견,암컷,전라남도 담양군,담양군 동물보호센터,35.320878,126.9883238
2025-04-14,개,믹스견,수컷,제주특별자치도 제주특별자치도,제주 동물보호센터,33.4887737,126.4987083
2025-04-14,개,믹스견,암컷,제주특별자치도 제주특별자치도,제주 동물보호센터,33.4887737,126.4987083
2025-04-14,개,믹스견,수컷,제주특별자치도 제주특별자치도,제주 동물보호센터,33.4887737,126.4987083
2025-04-13,개,믹스견,수컷,부산광역시 서구,부산동물보호센터,35.0974999,129.0241
2025-04-13,개,믹스견,암컷,부산광역시 서구,부산동물보호센터,35.0974999,129.0241
2025-04-13,개,믹스견,암컷,부산광역시 서구,부산동물보호센터,35.0974999,129.0241
2025-04-13,고양이,한국 고양이,미상,부산광역시 영도구,부산동물보호센터,35.0908,129.0678
2025-04-13,개,믹스견,수컷,경상북도 예천군,예천군유기동물보호소,36.6462999,128.4376
2025-04-13,개,믹스견,수컷,경상북도 영주시,영주시 동물보호센터,36.805685,128.624054
2025-04-13,개,진도견,암컷,전북특별자치도 익산시,익산유기동물보호소,35.9479291,126.9578025
2025-04-13,개,진도견,수컷,전북특별자치도 익산시,익산유기동물보호소,35.9479291,126.9578025
2025-04-13,개,진도견,수컷,전북특별자치도 익산시,익산유기동물보호소,35.9479291,126.9578025
2025-04-13,개,믹스견,수컷,부산광역시 강서구,(사)하얀비둘기,35.212,128.9805
2025-04-13,개,믹스견,수컷,전북특별자치도 부안군,부안군 동물보호센터,35.7316783,126.7330195
2025-04-13,개,믹스견,수컷,충청남도 홍성군,금일동물보호센터,36.6010501,126.6611667
2025-04-13,개,믹스견,수컷,충청남도 홍성군,금일동물보호센터,36.6010501,126.6611667
2025-04-13,개,믹스견,암컷,충청남도 금산군,제일동물병원,36.1087249,127.48815
2025-04-13,개,믹스견,수컷,충청남도 금산군,제일동물병원,36.1087249,127.48815
2025-04-13,개,골든두들,수컷,충청남도 아산시,아산동물복지지원센터,36.7899498,127.0026769
2025-04-13,개,시바,수컷,충청남도 아산시,아산동물복지지원센터,36.7899498,127.0026769
2025-04-13,개,믹스견,암컷,충청북도 제천시,제천시 동물보호센터,37.1326042,128.1913508
2025-04-13,개,푸들,수컷,경기도 안산시,한국야생동물보호협회,37.3217152,126.8308604
2025-04-13,개,믹스견,암컷,광주광역시 광산구,광주동물보호센터,35.1396428,126.7938232
2025-04-13,개,믹스견,암컷,광주광역시 광산구,광주동물보호센터,35.1396428,126.7938232
2025-04-13,개,믹스견,암컷,광주광역시 광산구,광주동물보호센터,35.1396428,126.7938232
2025-04-13,고양이,믹스묘,암컷,부산광역시 수영구,(사)동부동물보호협회,35.1454,129.1127
2025-04-13,고양이,믹스묘,암컷,부산광역시 수영구,(사)동부동물보호협회,35.1454,129.1127
2025-04-13,고양이,믹스묘,수컷,부산광역시 수영구,(사)동부동물보호협회,35.1454,129.1127
2025-04-13,개,믹스견,수컷,부산광역시 해운대구,동부유기동물보호협회,35.1629,129.1638
2025-04-13,개,믹스견,암컷,경상남도 창원시,창원유기동물보호소,35.227956,128.6818586
2025-04-13,개,진도견,수컷,경상북도 영덕군,영덕유기동물보호센터,36.4149,129.3659
2025-04-13,개,믹스견,암컷,전라남도 함평군,학교임시동물보호센터,35.0656537,126.5166414
2025-04-13,개,믹스견,수컷,전라남도 목포시,목포시유기동물보호소,34.7903335,126.3847547
2025-04-13,개,믹스견,수컷,전북특별자치도 군산시,군산유기동물보호센터,35.9679984,126.7369036
2025-04-13,개,믹스견,수컷,전북특별자치도 군산시,군산유기동물보호센터,35.9679984,126.7369036
2025-04-13,개,믹스견,수컷,전북특별자치도 군산시,군산유기동물보호센터,35.9679984,126.7369036
2025-04-13,개,믹스견,수컷,충청남도 부여군,남부여동물보호소,36.2753678,126.910107
2025-04-13,개,믹스견,수컷,충청남도 부여군,남부여동물보호소,36.2753678,126.910107
2025-04-13,개,믹스견,암컷,충청남도 부여군,남부여동물보호소,36.2753678,126.910107
2025-04-13,개,믹스견,암컷,충청북도 청주시,반려동물보호센터,36.6421169,127.4891742
2025-04-13,개,믹스견,암컷,강원특별자치도 인제군,인제군동물보호센터,38.0694,128.1706
2025-04-13,고양이,한국 고양이,암컷,광주광역시 광산구,광주동물보호센터,35.1396428,126.7938232
2025-04-13,개,믹스견,암컷,광주광역시 북구,광주동물보호센터,35.1741,126.9122
2025-04-13,고양이,한국 고양이,수컷,광주광역시 서구,광주동물보호센터,35.1521401,126.8900561
2025-04-13,고양이,한국 고양이,수컷,광주광역시 서구,광주동물보호센터,35.1521401,126.8900561
2025-04-13,고양이,한국 고양이,수컷,광주광역시 서구,광주동물보호센터,35.1521401,126.8900561
2025-04-13,개,믹스견,암컷,광주광역시 동구,광주동물보호센터,35.1462,126.9229
2025-04-12,고양이,믹스묘,암컷,경기도 남양주시,남양주시동물보호센터,37.6359398,127.2165051
2025-04-12,고양이,믹스묘,암컷,경기도 남양주시,남양주시동물보호센터,37.6359398,127.2165051
2025-04-12,고양이,믹스묘,수컷,경기도 남양주시,남양주시동물보호센터,37.6359398,127.2165051
2025-04-12,고양이,믹스묘,수컷,경기도 남양주시,남양주시동물보호센터,37.6359398,127.2165051
2025-04-12,개,믹스견,수컷,충청북도 괴산군,괴산증평동물보호센터,36.815,127.7866
2025-04-12,개,믹스견,수컷,경상북도 영천시,영천유기동물보호센터,35.98842,128.942
2025-04-12,개,믹스견,수컷,경상북도 울진군,울진군동물보호센터,36.993,129.4006
2025-04-12,개,믹스견,수컷,경상북도 울진군,울진군동물보호센터,36.993,129.4006
2025-04-12,개,믹스견,암컷,경상북도 예천군,예천군유기동물보호소,36.6462999,128.4376
2025-04-12,개,진도견,수컷,전북특별자치도 익산시,익산유기동물보호소,35.9479291,126.9578025
2025-04-12,개,믹스견,암컷,전북특별자치도 익산시,익산유기동물보호소,35.9479291,126.9578025
2025-04-12,개,믹스견,수컷,전북특별자치도 익산시,익산유기동물보호소,35.9479291,126.9578025
2025-04-12,개,믹스견,암컷,인천광역시 계양구,신영재동물병원,37.5373539,126.7379078
2025-04-12,개,믹스견,암컷,부산광역시 동래구,(사)동부동물보호협회,35.2052,129.0837
2025-04-12,개,믹스견,수컷,부산광역시 동래구,(사)동부동물보호협회,35.2052,129.0837
2025-04-12,개,믹스견,암컷,서울특별시 관악구,디아크 동물종합병원,37.4782,126.9518
2025-04-12,개,믹스견,수컷,경상북도 청송군,점곡동물보호센터,36.4358,129.0571
2025-04-12,개,믹스견,암컷,전북특별자치도 익산시,익산유기동물보호소,35.9479291,126.9578025
2025-04-12,개,믹스견,수컷,전북특별자치도 익산시,익산유기동물보호소,35.9479291,126.9578025
2025-04-12,고양이,한국 고양이,수컷,전북특별자치도 익산시,익산유기동물보호소,35.9479291,126.9578025
2025-04-12,개,믹스견,암컷,전북특별자치도 익산시,익산유기동물보호소,35.9479291,126.9578025
2025-04-12,개,믹스견,수컷,충청남도 홍성군,금일동물보호센터,36.6010501,126.6611667
2025-04-12,개,믹스견,암컷,충청남도 서산시,서산시 동물보호센터,36.784499,126.450317
2025-04-12,개,믹스견,암컷,경기도 파주시,한국동물구조관리협회,37.7598955,126.7801502
2025-04-12,개,믹스견,암컷,경기도 파주시,한국동물구조관리협회,37.7598955,126.7801502
2025-04-12,개,믹스견,암컷,경기도 파주시,한국동물구조관리협회,37.7598955,126.7801502
2025-04-12,개,믹스견,암컷,경기도 파주시,한국동물구조관리협회,37.7598955,126.7801502
2025-04-12,개,믹스견,암컷,경기도 파주시,한국동물구조관리협회,37.7598955,126.7801502
2025-04-12,개,믹스견,암컷,대전광역시 유성구,대전동물보호센터,36.3620732,127.3564099
2025-04-12,개,스피츠,수컷,부산광역시 북구,부산동물보호센터,35.1969,128.9901999
2025-04-12,고양이,한국 고양이,미상,부산광역시 중구,부산동물보호센터,35.106501,129.0325814
2025-04-12,개,포메라니안,암컷,서울특별시 광진구,한국동물구조관리협회,37.5384,127.0828
2025-04-12,개,믹스견,암컷,경상남도 남해군,남해군동물보호센터,34.8374437,127.8925589
2025-04-12,개,믹스견,암컷,경상북도 구미시,구미시 동물보호센터,36.1195513,128.3444692
2025-04-12,개,믹스견,암컷,전북특별자치도 군산시,군산유기동물보호센터,35.9679984,126.7369036
2025-04-12,개,믹스견,암컷,충청남도 부여군,남부여동물보호소,36.2753678,126.910107
2025-04-12,개,믹스견,암컷,세종특별자치시 세종특별자치시,세종유기동물보호센터,36.4799999,127.289
2025-04-12,개,믹스견,암컷,경상남도 창원시,창원유기동물보호소,35.227956,128.6818586
2025-04-12,개,믹스견,수컷,경상남도 밀양시,밀양시 동물보호센터,35.503839,128.7466992
2025-04-12,개,믹스견,암컷,경상남도 밀양시,밀양시 동물보호센터,35.503839,128.7466992
2025-04-12,개,믹스견,수컷,경상남도 밀양시,밀양시 동물보호센터,35.503839,128.7466992
2025-04-12,개,믹스견,암컷,경상남도 진주시,진주시동물보호센터,35.1803459,128.1079953
2025-04-12,개,믹스견,암컷,경상북도 문경시,종합축산,36.5858541,128.1870612
2025-04-12,개,믹스견,암컷,경상북도 포항시,(사)영일동물플러스,36.0189315,129.3429384
2025-04-12,개,푸들,수컷,경상북도 포항시,(사)영일동물플러스,36.0189315,129.3429384
2025-04-12,개,믹스견,수컷,전라남도 함평군,학교임시동물보호센터,35.0656537,126.5166414
2025-04-12,개,믹스견,암컷,전라남도 함평군,학교임시동물보호센터,35.0656537,126.5166414
2025-04-12,개,믹스견,암컷,전라남도 함평군,학교임시동물보호센터,35.0656537,126.5166414
2025-04-12,개,말티즈,수컷,전북특별자치도 전주시,프렌즈동물병원,35.8237631,127.1472805
2025-04-12,개,믹스견,수컷,충청북도 청주시,반려동물보호센터,36.6421169,127.4891742
2025-04-12,개,말티즈,암컷,충청북도 음성군,금왕동물병원,36.94,127.6906
2025-04-12,개,믹스견,암컷,충청북도 음성군,금왕동물병원,36.94,127.6906
2025-04-12,개,믹스견,암컷,충청북도 음성군,금왕동물병원,36.94,127.6906
2025-04-12,개,믹스견,암컷,충청북도 음성군,금왕동물병원,36.94,127.6906
2025-04-12,개,믹스견,수컷,충청북도 음성군,금왕동물병원,36.94,127.6906
2025-04-12,개,믹스견,수컷,충청북도 음성군,금왕동물병원,36.94,127.6906
2025-04-12,개,믹스견,수컷,충청북도 음성군,금왕동물병원,36.94,127.6906
2025-04-12,개,믹스견,수컷,충청북도 음성군,금왕동물병원,36.94,127.6906
2025-04-12,개,믹스견,암컷,경기도 시흥시,시흥동물누리보호센터,37.3798891,126.8032255
2025-04-12,고양이,믹스묘,암컷,경기도 평택시,평택시유기동물보호소,36.9924966,127.1127168
2025-04-11,개,믹스견,암컷,전라남도 진도군,진도군임시보호소,34.4867515,126.2629264
2025-04-11,개,믹스견,수컷,전라남도 진도군,진도군임시보호소,34.4867515,126.2629264
2025-04-11,개,믹스견,수컷,경상북도 영천시,영천유기동물보호센터,35.98842,128.942
2025-04-11,개,믹스견,암컷,강원특별자치도 홍천군,홍천군유기동물보호소,37.6967,127.8888
2025-04-11,개,믹스견,암컷,강원특별자치도 홍천군,홍천군유기동물보호소,37.6967,127.8888
2025-04-11,개,믹스견,암컷,강원특별자치도 홍천군,홍천군유기동물보호소,37.6967,127.8888
2025-04-11,고양이,한국 고양이,암컷,인천광역시 계양구,신영재동물병원,37.5373539,126.7379078
2025-04-11,고양이,한국 고양이,암컷,인천광역시 계양구,신영재동물병원,37.5373539,126.7379078
2025-04-11,고양이,한국 고양이,수컷,인천광역시 계양구,신영재동물병원,37.5373539,126.7379078
2025-04-11,고양이,한국 고양이,암컷,인천광역시 계양구,신영재동물병원,37.5373539,126.7379078
2025-04-11,고양이,한국 고양이,수컷,인천광역시 계양구,신영재동물병원,37.5373539,126.7379078
2025-04-11,개,믹스견,수컷,부산광역시 동래구,(사)동부동물보호협회,35.2052,129.0837
2025-04-11,개,말티즈,수컷,서울특별시 중랑구,한국동물구조관리협회,37.6063,127.093
2025-04-11,개,믹스견,암컷,경상남도 양산시,양산시 동물보호센터,35.3349979,129.0370582
2025-04-11,개,믹스견,수컷,경상남도 양산시,양산시 동물보호센터,35.3349979,129.0370582
2025-04-11,개,믹스견,수컷,경상북도 청송군,점곡동물보호센터,36.4358,129.0571
2025-04-11,개,믹스견,암컷,전라남도 보성군,보성유기동물보호센터,34.7711356,127.0798978
2025-04-11,개,믹스견,암컷,전북특별자치도 익산시,익산유기동물보호소,35.9479291,126.9578025
2025-04-11,개,믹스견,암컷,충청북도 괴산군,괴산증평동물보호센터,36.815,127.7866
2025-04-11,개,믹스견,수컷,충청북도 괴산군,괴산증평동물보호센터,36.815,127.7866
2025-04-11,개,믹스견,암컷,충청북도 괴산군,괴산증평동물보호센터,36.815,127.7866
2025-04-11,개,믹스견,수컷,충청북도 영동군,최종주동물병원,36.1747588,127.7834432
2025-04-11,개,믹스견,암컷,강원특별자치도 속초시,속초시유기동물보호소,38.2069574,128.5913424
2025-04-11,개,믹스견,수컷,강원특별자치도 강릉시,강릉시 동물사랑센터,37.7525313,128.8759523
2025-04-11,고양이,한국 고양이,암컷,울산광역시 남구,주동물병원,35.4984869,129.3459362
2025-04-11,개,믹스견,암컷,인천광역시 옹진군,인천수의사회유기동물,37.533,126.429
2025-04-11,개,믹스견,수컷,인천광역시 계양구,신영재동물병원,37.5373539,126.7379078
2025-04-11,개,믹스견,암컷,인천광역시 계양구,신영재동물병원,37.5373539,126.7379078
2025-04-11,개,믹스견,암컷,인천광역시 계양구,신영재동물병원,37.5373539,126.7379078
2025-04-11,개,믹스견,암컷,인천광역시 미추홀구,인천광역시수의사회,37.4636,126.6502
2025-04-11,고양이,믹스묘,암컷,부산광역시 수영구,(사)동부동물보호협회,35.1454,129.1127
2025-04-11,고양이,믹스묘,암컷,부산광역시 수영구,(사)동부동물보호협회,35.1454,129.1127
2025-04-11,고양이,믹스묘,수컷,부산광역시 수영구,(사)동부동물보호협회,35.1454,129.1127
2025-04-11,고양이,믹스묘,암컷,부산광역시 수영구,(사)동부동물보호협회,35.1454,129.1127
2025-04-11,고양이,믹스묘,수컷,부산광역시 수영구,(사)동부동물보호협회,35.1454,129.1127
2025-04-11,고양이,믹스묘,암컷,부산광역시 금정구,동부동물보호협회,35.2429,129.0926
2025-04-11,고양이,믹스묘,암컷,전북특별자치도 군산시,군산유기동물보호센터,35.9679984,126.7369036
2025-04-11,개,믹스견,암컷,전북특별자치도 군산시,군산유기동물보호센터,35.9679984,126.7369036
2025-04-11,고양이,한국 고양이,수컷,제주특별자치도 제주특별자치도,제주 동물보호센터,33.4887737,126.4987083
2025-04-11,개,믹스견,암컷,경상남도 창원시,진해유기동물보호소,35.227956,128.6818586
2025-04-11,개,믹스견,암컷,전라남도 완도군,유기동물임시보호센터,34.3110373,126.7553933
2025-04-11,개,믹스견,암컷,전라남도 완도군,유기동물임시보호센터,34.3110373,126.7553933
2025-04-11,개,믹스견,암컷,전라남도 완도군,유기동물임시보호센터,34.3110373,126.7553933
2025-04-11,개,믹스견,수컷,전라남도 완도군,유기동물임시보호센터,34.3110373,126.7553933
2025-04-11,개,믹스견,수컷,전라남도 해남군,해남유기동물보호센터,34.55269,126.52431
2025-04-11,개,믹스견,수컷,전라남도 해남군,해남유기동물보호센터,34.55269,126.52431
2025-04-11,개,믹스견,수컷,전라남도 해남군,해남유기동물보호센터,34.55269,126.52431
2025-04-11,개,믹스견,암컷,전라남도 해남군,해남유기동물보호센터,34.55269,126.52431
2025-04-11,개,믹스견,수컷,전라남도 해남군,해남유기동물보호센터,34.55269,126.52431
2025-04-11,개,믹스견,수컷,전라남도 해남군,해남유기동물보호센터,34.55269,126.52431
2025-04-11,개,믹스견,암컷,전라남도 해남군,해남유기동물보호센터,34.55269,126.52431
2025-04-11,개,믹스견,암컷,경기도 포천시,한국동물구조관리협회,37.8948267,127.2007295
2025-04-11,개,믹스견,수컷,경기도 남양주시,남양주시동물보호센터,37.6359398,127.2165051
2025-04-11,개,믹스견,암컷,경기도 고양시,고양시동물보호센터,37.6581862,126.8319452
2025-04-11,개,믹스견,미상,울산광역시 울주군,울산유기동물보호센터,35.5222362,129.2423693
2025-04-11,개,믹스견,미상,울산광역시 울주군,울산유기동물보호센터,35.5222362,129.2423693
2025-04-11,개,믹스견,암컷,울산광역시 북구,울산유기동물보호센터,35.5826,129.3604
2025-04-11,개,믹스견,수컷,울산광역시 남구,울산유기동물보호센터,35.4984869,129.3459362
2025-04-11,개,믹스견,수컷,인천광역시 서구,우리동물병원,37.545,126.676
2025-04-11,개,믹스견,수컷,인천광역시 서구,우리동물병원,37.545,126.676
2025-04-11,개,시츄,암컷,서울특별시 강서구,한국동물구조관리협회,37.5509,126.8497
2025-04-11,개,믹스견,암컷,제주특별자치도 제주특별자치도,제주 동물보호센터,33.4887737,126.4987083
2025-04-11,개,믹스견,수컷,제주특별자치도 제주특별자치도,제주 동물보호센터,33.4887737,126.4987083
2025-04-11,개,포인터,수컷,세종특별자치시 세종특별자치시,세종유기동물보호센터,36.4799999,127.289
2025-04-11,개,말티즈,수컷,세종특별자치시 세종특별자치시,세종유기동물보호센터,36.4799999,127.289
2025-04-11,개,믹스견,수컷,경상남도 창원시,창원유기동물보호소,35.227956,128.6818586
2025-04-11,개,믹스견,수컷,경상남도 창녕군,창녕 유기동물보호소,35.5443876,128.4921938
2025-04-11,개,믹스견,암컷,경상남도 밀양시,밀양시 동물보호센터,35.503839,128.7466992
2025-04-11,개,믹스견,수컷,경상남도 밀양시,밀양시 동물보호센터,35.503839,128.7466992
2025-04-11,개,믹스견,수컷,경상남도 밀양시,밀양시 동물보호센터,35.503839,128.7466992
2025-04-11,개,말티즈,수컷,경상남도 진주시,진주시동물보호센터,35.1803459,128.1079953
2025-04-11,개,믹스견,암컷,경상북도 예천군,예천군유기동물보호소,36.6462999,128.4376
2025-04-11,개,믹스견,암컷,경상북도 고령군,고령군 유기견 보호소,35.7258,128.2632
2025-04-11,개,믹스견,암컷,경상북도 고령군,고령군 유기견 보호소,35.7258,128.2632
2025-04-11,개,믹스견,암컷,경상북도 고령군,고령군 유기견 보호소,35.7258,128.2632
2025-04-11,개,믹스견,암컷,경상북도 고령군,고령군 유기견 보호소,35.7258,128.2632
2025-04-11,개,도사,수컷,경상북도 경산시,경산시유기동물보호소,35.825122,128.741329
2025-04-11,개,믹스견,수컷,경상북도 경주시,경주동물사랑보호센터,35.8556705,129.2248811
2025-04-11,개,믹스견,수컷,전라남도 함평군,학교임시동물보호센터,35.0656537,126.5166414
2025-04-11,개,믹스견,수컷,전라남도 광양시,광양시 임시보호소,34.9406452,127.6959512
2025-04-11,개,믹스견,암컷,전라남도 광양시,광양시 임시보호소,34.9406452,127.6959512
2025-04-11,개,치와와,수컷,전라남도 목포시,목포시유기동물보호소,34.7903335,126.3847547
2025-04-11,개,믹스견,수컷,전라남도 목포시,목포시유기동물보호소,34.7903335,126.3847547
2025-04-11,개,믹스견,암컷,전북특별자치도 정읍시,정읍시 동물보호소,35.5697678,126.8559787
2025-04-11,개,믹스견,수컷,전북특별자치도 전주시,프렌즈동물병원,35.8237631,127.1472805
2025-04-11,개,비숑 프리제,암컷,전북특별자치도 전주시,사랑플러스동물병원,35.8237631,127.1472805
2025-04-11,개,믹스견,암컷,전북특별자치도 전주시,링크늘푸른동물병원,35.8237631,127.1472805
2025-04-11,개,믹스견,암컷,충청남도 예산군,예산임시동물보호센터,36.6808989,126.8448742
2025-04-11,개,믹스견,암컷,충청남도 예산군,예산임시동물보호센터,36.6808989,126.8448742
2025-04-11,개,믹스견,수컷,충청남도 예산군,예산임시동물보호센터,36.6808989,126.8448742
2025-04-11,개,믹스견,수컷,충청남도 보령시,보령시유기동물보호소,36.33401,126.613165
2025-04-11,개,믹스견,수컷,충청북도 청주시,반려동물보호센터,36.6421169,127.4891742
2025-04-11,개,믹스견,수컷,충청북도 청주시,반려동물보호센터,36.6421169,127.4891742
2025-04-11,개,믹스견,수컷,충청북도 음성군,금왕동물병원,36.94,127.6906
2025-04-11,개,믹스견,수컷,충청북도 음성군,금왕동물병원,36.94,127.6906
2025-04-11,개,믹스견,수컷,충청북도 진천군,증평 가정견 훈련소,36.855461,127.4353927
2025-04-11,개,믹스견,암컷,충청북도 진천군,증평 가정견 훈련소,36.855461,127.4353927
2025-04-11,개,믹스견,암컷,충청북도 옥천군,옥천동물병원,36.3061692,127.571482
2025-04-11,개,믹스견,수컷,충청북도 옥천군,옥천동물병원,36.3061692,127.571482
2025-04-11,개,믹스견,수컷,충청북도 옥천군,옥천동물병원,36.3061692,127.571482
2025-04-11,개,믹스견,수컷,충청북도 옥천군,옥천동물병원,36.3061692,127.571482
2025-04-11,개,믹스견,암컷,강원특별자치도 화천군,화천군농업기술센터,38.1063,127.708
2025-04-11,개,믹스견,수컷,강원특별자치도 철원군,철원군,38.1468023,127.3133
2025-04-11,개,믹스견,수컷,강원특별자치도 철원군,철원군,38.1468023,127.3133
2025-04-11,개,믹스견,암컷,강원특별자치도 철원군,철원군,38.1468023,127.3133
2025-04-11,개,믹스견,암컷,경기도 화성시,화성동물보호센터,37.1994653,126.8312632
2025-04-11,개,믹스견,암컷,경기도 화성시,화성동물보호센터,37.1994653,126.8312632
2025-04-11,개,믹스견,암컷,경기도 화성시,화성동물보호센터,37.1994653,126.8312632
2025-04-11,개,믹스견,수컷,경기도 양평군,양평군유기동물보호소,37.4916,127.4875
2025-04-11,개,믹스견,수컷,경기도 양평군,양평군유기동물보호소,37.4916,127.4875
2025-04-11,개,믹스견,수컷,경기도 용인시,용인시 동물보호센터,37.2405741,127.1785572
2025-04-11,개,믹스견,암컷,경기도 고양시,고양시동물보호센터,37.6581862,126.8319452
2025-04-11,개,믹스견,수컷,광주광역시 광산구,광주동물보호센터,35.1396428,126.7938232
2025-04-11,고양이,한국 고양이,암컷,인천광역시 서구,우리동물병원,37.545,126.676
2025-04-11,개,믹스견,암컷,대구광역시 군위군,군위종합동물병원,36.2425017,128.5732027
2025-04-11,개,믹스견,수컷,대구광역시 군위군,군위종합동물병원,36.2425017,128.5732027
2025-04-11,고양이,믹스묘,미상,대구광역시 군위군,군위종합동물병원,36.2425017,128.5732027
2025-04-11,고양이,한국 고양이,수컷,대구광역시 북구,대구유기동물보호협회,35.8855,128.5828858
2025-04-11,고양이,한국 고양이,암컷,대구광역시 북구,대구유기동물보호협회,35.8855,128.5828858
2025-04-11,고양이,한국 고양이,암컷,대구광역시 북구,대구유기동물보호협회,35.8855,128.5828858
2025-04-11,고양이,한국 고양이,수컷,대구광역시 서구,대구시수의사회(평리),35.8716,128.5591
2025-04-11,고양이,한국 고양이,암컷,광주광역시 광산구,광주동물보호센터,35.1396428,126.7938232
2025-04-11,개,믹스견,암컷,경상북도 경산시,경산시유기동물보호소,35.825122,128.741329
2025-04-10,개,믹스견,암컷,전라남도 장흥군,장흥군 동물보호센터,34.6811762,126.906996
2025-04-10,개,믹스견,암컷,전라남도 장흥군,장흥군 동물보호센터,34.6811762,126.906996
2025-04-10,개,믹스견,수컷,전라남도 장흥군,장흥군 동물보호센터,34.6811762,126.906996
2025-04-10,개,믹스견,수컷,경상북도 청송군,점곡동물보호센터,36.4358,129.0571
2025-04-10,개,믹스견,수컷,경상북도 청송군,점곡동물보호센터,36.4358,129.0571
2025-04-10,개,믹스견,암컷,경상북도 청송군,점곡동물보호센터,36.4358,129.0571
2025-04-10,개,믹스견,수컷,경상북도 영천시,영천유기동물보호센터,35.98842,128.942
2025-04-10,개,믹스견,암컷,경상북도 영천시,영천유기동물보호센터,35.98842,128.942
2025-04-10,개,믹스견,수컷,강원특별자치도 태백시,태백시유기동물보호소,37.1637943,128.9857176
2025-04-10,개,믹스견,수컷,강원특별자치도 태백시,태백시유기동물보호소,37.1637943,128.9857176
2025-04-10,개,믹스견,암컷,강원특별자치도 태백시,태백시유기동물보호소,37.1637943,128.9857176
2025-04-10,개,시츄,암컷,강원특별자치도 태백시,태백시유기동물보호소,37.1637943,128.9857176
2025-04-10,개,믹스견,암컷,부산광역시 사상구,(사)하얀비둘기,35.1521,128.9911
2025-04-10,개,믹스견,수컷,부산광역시 사하구,(사)하얀비둘기,35.1041,128.9751
2025-04-10,개,믹스견,미상,울산광역시 동구,울산유기동물보호센터,35.5046663,129.4170114
2025-04-10,개,믹스견,암컷,경상남도 김해시,(사)동물보호관리협회,35.2310947,128.8908228
2025-04-10,개,믹스견,암컷,경상남도 김해시,(사)동물보호관리협회,35.2310947,128.8908228
2025-04-10,개,믹스견,암컷,경상북도 예천군,예천군유기동물보호소,36.6462999,128.4376
2025-04-10,개,믹스견,암컷,전라남도 완도군,유기동물임시보호센터,34.3110373,126.7553933
2025-04-10,개,믹스견,암컷,전북특별자치도 임실군,임실유기동물보호센터,35.6174,127.2893
2025-04-10,개,믹스견,암컷,전북특별자치도 임실군,임실유기동물보호센터,35.6174,127.2893
2025-04-10,개,믹스견,암컷,전북특별자치도 임실군,임실유기동물보호센터,35.6174,127.2893
2025-04-10,개,믹스견,암컷,전북특별자치도 임실군,임실유기동물보호센터,35.6174,127.2893
2025-04-10,개,믹스견,암컷,전북특별자치도 임실군,임실유기동물보호센터,35.6174,127.2893
2025-04-10,개,믹스견,암컷,전북특별자치도 임실군,임실유기동물보호센터,35.6174,127.2893
2025-04-10,개,믹스견,암컷,전북특별자치도 임실군,임실유기동물보호센터,35.6174,127.2893
2025-04-10,개,믹스견,수컷,전북특별자치도 임실군,임실유기동물보호센터,35.6174,127.2893
2025-04-10,개,믹스견,수컷,전북특별자치도 장수군,장수군 보호소,35.647,127.5212
2025-04-10,개,믹스견,암컷,전북특별자치도 익산시,익산유기동물보호소,35.9479291,126.9578025
2025-04-10,개,믹스견,암컷,전북특별자치도 익산시,익산유기동물보호소,35.9479291,126.9578025
2025-04-10,고양이,한국 고양이,암컷,전북특별자치도 익산시,익산유기동물보호소,35.9479291,126.9578025
2025-04-10,고양이,한국 고양이,암컷,전북특별자치도 익산시,익산유기동물보호소,35.9479291,126.9578025
2025-04-10,고양이,한국 고양이,수컷,전북특별자치도 익산시,익산유기동물보호소,35.9479291,126.9578025
2025-04-10,고양이,믹스묘,수컷,전북특별자치도 익산시,익산유기동물보호소,35.9479291,126.9578025
2025-04-10,개,믹스견,수컷,충청남도 당진시,당진시동물보호소,36.8904083,126.6461833
2025-04-10,개,믹스견,수컷,충청남도 논산시,논산시 동물보호센터,36.1868154,127.0987538
2025-04-10,개,믹스견,암컷,충청남도 논산시,논산시 동물보호센터,36.1868154,127.0987538
2025-04-10,개,믹스견,수컷,충청남도 공주시,공주시 동물보호센터,36.47257,127.09124
2025-04-10,개,말티즈,암컷,충청남도 공주시,공주시 동물보호센터,36.47257,127.09124
2025-04-10,개,믹스견,수컷,인천광역시 서구,우리동물병원,37.545,126.676
2025-04-10,개,믹스견,암컷,인천광역시 서구,우리동물병원,37.545,126.676
2025-04-10,개,믹스견,수컷,인천광역시 서구,우리동물병원,37.545,126.676
2025-04-10,고양이,한국 고양이,수컷,인천광역시 계양구,신영재동물병원,37.5373539,126.7379078
2025-04-10,고양이,한국 고양이,암컷,인천광역시 계양구,신영재동물병원,37.5373539,126.7379078
2025-04-10,개,코카 푸,수컷,인천광역시 미추홀구,인천광역시수의사회,37.4636,126.6502
2025-04-10,개,말티즈,수컷,부산광역시 북구,부산동물보호센터,35.1969,128.9901999
2025-04-10,고양이,믹스묘,암컷,부산광역시 남구,(사)동부동물보호협회,35.1361,129.0843999
2025-04-10,고양이,믹스묘,수컷,부산광역시 남구,(사)동부동물보호협회,35.1361,129.0843999
2025-04-10,고양이,믹스묘,수컷,부산광역시 남구,(사)동부동물보호협회,35.1361,129.0843999
2025-04-10,고양이,믹스묘,수컷,부산광역시 남구,(사)동부동물보호협회,35.1361,129.0843999
2025-04-10,고양이,믹스묘,암컷,부산광역시 남구,(사)동부동물보호협회,35.1361,129.0843999
2025-04-10,고양이,믹스묘,수컷,부산광역시 남구,(사)동부동물보호협회,35.1361,129.0843999
2025-04-10,고양이,믹스묘,암컷,부산광역시 동래구,(사)동부동물보호협회,35.2052,129.0837
2025-04-10,고양이,믹스묘,수컷,부산광역시 동래구,(사)동부동물보호협회,35.2052,129.0837
2025-04-10,고양이,믹스묘,수컷,부산광역시 동래구,(사)동부동물보호협회,35.2052,129.0837
2025-04-10,고양이,믹스묘,수컷,부산광역시 동래구,(사)동부동물보호협회,35.2052,129.0837
2025-04-10,개,믹스견,암컷,충청남도 아산시,아산동물복지지원센터,36.7899498,127.0026769
2025-04-10,개,믹스견,암컷,충청남도 아산시,아산동물복지지원센터,36.7899498,127.0026769
2025-04-10,개,믹스견,암컷,충청남도 아산시,아산동물복지지원센터,36.7899498,127.0026769
2025-04-10,개,믹스견,수컷,충청남도 아산시,아산동물복지지원센터,36.7899498,127.0026769
2025-04-10,개,믹스견,암컷,충청남도 아산시,아산동물복지지원센터,36.7899498,127.0026769
2025-04-10,개,믹스견,암컷,충청남도 아산시,아산동물복지지원센터,36.7899498,127.0026769
2025-04-10,개,믹스견,암컷,충청남도 아산시,아산동물복지지원센터,36.7899498,127.0026769
2025-04-10,개,믹스견,암컷,경상남도 밀양시,밀양시 동물보호센터,35.503839,128.7466992
2025-04-10,개,믹스견,암컷,경상남도 밀양시,밀양시 동물보호센터,35.503839,128.7466992
2025-04-10,개,믹스견,암컷,경상남도 밀양시,밀양시 동물보호센터,35.503839,128.7466992
2025-04-10,개,믹스견,암컷,경상남도 밀양시,밀양시 동물보호센터,35.503839,128.7466992
2025-04-10,개,믹스견,암컷,경상남도 밀양시,밀양시 동물보호센터,35.503839,128.7466992
2025-04-10,개,믹스견,암컷,경상남도 밀양시,밀양시 동물보호센터,35.503839,128.7466992
2025-04-10,개,믹스견,암컷,경상남도 밀양시,밀양시 동물보호센터,35.503839,128.7466992
2025-04-10,개,믹스견,암컷,경상남도 진주시,진주시동물보호센터,35.1803459,128.1079953
2025-04-10,개,믹스견,수컷,경상남도 진주시,진주시동물보호센터,35.1803459,128.1079953
2025-04-10,개,믹스견,암컷,경상남도 진주시,진주시동물보호센터,35.1803459,128.1079953
2025-04-10,개,믹스견,수컷,경상남도 진주시,진주시동물보호센터,35.1803459,128.1079953
2025-04-10,개,믹스견,수컷,경상남도 진주시,진주시동물보호센터,35.1803459,128.1079953
2025-04-10,개,믹스견,암컷,경상북도 청도군,청도군동물보호센터,35.6473012,128.7348468
2025-04-10,개,믹스견,암컷,경상북도 포항시,(사)영일동물플러스,36.0189315,129.3429384
2025-04-10,개,믹스견,암컷,전라남도 함평군,학교임시동물보호센터,35.0656537,126.5166414
2025-04-10,개,믹스견,암컷,전라남도 함평군,학교임시동물보호센터,35.0656537,126.5166414
2025-04-10,개,믹스견,수컷,전라남도 함평군,학교임시동물보호센터,35.0656537,126.5166414
2025-04-10,개,믹스견,암컷,전라남도 보성군,보성유기동물보호센터,34.7711356,127.0798978
2025-04-10,개,믹스견,수컷,전라남도 광양시,광양시 임시보호소,34.9406452,127.6959512
2025-04-10,개,믹스견,암컷,전라남도 순천시,순천시유기동물보호소,34.9505457,127.4872992
2025-04-10,개,믹스견,암컷,전라남도 순천시,순천시유기동물보호소,34.9505457,127.4872992
2025-04-10,개,믹스견,수컷,전라남도 목포시,목포시유기동물보호소,34.7903335,126.3847547
2025-04-10,개,믹스견,암컷,전북특별자치도 부안군,부안군 동물보호센터,35.7316783,126.7330195
2025-04-10,개,믹스견,암컷,전북특별자치도 고창군,더나은동물병원,35.4355,126.7021
2025-04-10,개,믹스견,암컷,전북특별자치도 정읍시,정읍시 동물보호소,35.5697678,126.8559787
2025-04-10,개,믹스견,수컷,전북특별자치도 정읍시,정읍시 동물보호소,35.5697678,126.8559787
2025-04-10,고양이,한국 고양이,암컷,전북특별자치도 정읍시,정읍시 동물보호소,35.5697678,126.8559787
2025-04-10,개,믹스견,암컷,전북특별자치도 정읍시,정읍시 동물보호소,35.5697678,126.8559787
2025-04-10,개,믹스견,수컷,전북특별자치도 정읍시,정읍시 동물보호소,35.5697678,126.8559787
2025-04-10,개,믹스견,암컷,전북특별자치도 정읍시,정읍시 동물보호소,35.5697678,126.8559787
2025-04-10,개,믹스견,수컷,충청남도 당진시,당진시동물보호소,36.8904083,126.6461833
2025-04-10,개,믹스견,수컷,충청남도 당진시,당진시동물보호소,36.8904083,126.6461833
2025-04-10,개,믹스견,수컷,충청남도 당진시,당진시동물보호소,36.8904083,126.6461833
2025-04-10,개,믹스견,수컷,충청남도 홍성군,금일동물보호센터,36.6010501,126.6611667
2025-04-10,개,믹스견,수컷,충청남도 홍성군,금일동물보호센터,36.6010501,126.6611667
2025-04-10,개,믹스견,수컷,충청남도 서산시,서산시 동물보호센터,36.784499,126.450317
2025-04-10,개,믹스견,수컷,충청남도 천안시,천안시 동물보호센터,36.8150283,127.1140654
2025-04-10,개,믹스견,수컷,충청북도 청주시,반려동물보호센터,36.6421169,127.4891742
2025-04-10,개,믹스견,수컷,강원특별자치도 고성군,유기견임시보호소,38.3808,128.4678
2025-04-10,개,믹스견,암컷,강원특별자치도 철원군,철원군,38.1468023,127.3133
2025-04-10,개,믹스견,암컷,강원특별자치도 강릉시,강릉시 동물사랑센터,37.7525313,128.8759523
2025-04-10,개,믹스견,암컷,강원특별자치도 춘천시,춘천시 동물보호센터,37.8810569,127.7297641
2025-04-10,개,믹스견,암컷,경기도 화성시,화성동물보호센터,37.1994653,126.8312632
2025-04-10,개,믹스견,암컷,경기도 화성시,화성동물보호센터,37.1994653,126.8312632
2025-04-10,개,믹스견,수컷,경기도 화성시,화성동물보호센터,37.1994653,126.8312632
2025-04-10,개,믹스견,수컷,경기도 화성시,화성동물보호센터,37.1994653,126.8312632
2025-04-10,개,믹스견,암컷,경기도 화성시,화성동물보호센터,37.1994653,126.8312632
2025-04-10,개,믹스견,수컷,경기도 화성시,화성동물보호센터,37.1994653,126.8312632
2025-04-10,개,사모예드,암컷,경기도 화성시,화성동물보호센터,37.1994653,126.8312632
2025-04-10,개,믹스견,수컷,경기도 군포시,한국야생동물보호협회,37.3615229,126.9349025
2025-04-10,개,믹스견,수컷,경기도 평택시,평택시유기동물보호소,36.9924966,127.1127168
2025-04-10,개,믹스견,수컷,경기도 평택시,평택시유기동물보호소,36.9924966,127.1127168
2025-04-10,개,믹스견,수컷,경기도 성남시,펫앤쉘터동물병원,37.4201556,127.1262092
2025-04-10,개,믹스견,암컷,광주광역시 남구,광주동물보호센터,35.1327,126.9025
2025-04-10,개,믹스견,암컷,광주광역시 남구,광주동물보호센터,35.1327,126.9025
2025-04-10,개,믹스견,수컷,광주광역시 남구,광주동물보호센터,35.1327,126.9025
2025-04-10,개,믹스견,암컷,광주광역시 남구,광주동물보호센터,35.1327,126.9025
2025-04-10,개,믹스견,암컷,광주광역시 남구,광주동물보호센터,35.1327,126.9025
2025-04-10,개,믹스견,암컷,광주광역시 남구,광주동물보호센터,35.1327,126.9025
2025-04-10,개,믹스견,수컷,인천광역시 서구,우리동물병원,37.545,126.676
2025-04-10,개,믹스견,암컷,인천광역시 서구,우리동물병원,37.545,126.676
2025-04-10,개,믹스견,수컷,경기도 남양주시,남양주시동물보호센터,37.6359398,127.2165051
2025-04-10,개,믹스견,암컷,경기도 남양주시,남양주시동물보호센터,37.6359398,127.2165051
2025-04-10,개,믹스견,수컷,경기도 남양주시,남양주시동물보호센터,37.6359398,127.2165051
2025-04-10,개,믹스견,암컷,경기도 남양주시,남양주시동물보호센터,37.6359398,127.2165051
2025-04-10,개,믹스견,수컷,경기도 남양주시,남양주시동물보호센터,37.6359398,127.2165051
2025-04-10,개,믹스견,수컷,경기도 남양주시,남양주시동물보호센터,37.6359398,127.2165051
2025-04-10,개,믹스견,수컷,경기도 남양주시,남양주시동물보호센터,37.6359398,127.2165051
2025-04-10,개,믹스견,암컷,경기도 남양주시,남양주시동물보호센터,37.6359398,127.2165051
2025-04-10,개,믹스견,수컷,경기도 남양주시,남양주시동물보호센터,37.6359398,127.2165051
2025-04-10,개,믹스견,수컷,경기도 남양주시,남양주시동물보호센터,37.6359398,127.2165051
2025-04-10,개,믹스견,암컷,경기도 남양주시,남양주시동물보호센터,37.6359398,127.2165051
2025-04-10,개,믹스견,수컷,경기도 남양주시,남양주시동물보호센터,37.6359398,127.2165051
2025-04-10,개,믹스견,수컷,경기도 남양주시,남양주시동물보호센터,37.6359398,127.2165051
2025-04-10,개,믹스견,수컷,경기도 남양주시,남양주시동물보호센터,37.6359398,127.2165051
2025-04-10,개,믹스견,암컷,경기도 남양주시,남양주시동물보호센터,37.6359398,127.2165051
2025-04-10,개,믹스견,암컷,경기도 남양주시,남양주시동물보호센터,37.6359398,127.2165051
2025-04-10,개,믹스견,암컷,경기도 남양주시,남양주시동물보호센터,37.6359398,127.2165051
2025-04-10,개,믹스견,수컷,경기도 남양주시,남양주시동물보호센터,37.6359398,127.2165051
2025-04-10,개,믹스견,수컷,경기도 남양주시,남양주시동물보호센터,37.6359398,127.2165051
2025-04-10,개,믹스견,수컷,경기도 남양주시,남양주시동물보호센터,37.6359398,127.2165051
2025-04-10,개,믹스견,수컷,경기도 남양주시,남양주시동물보호센터,37.6359398,127.2165051
2025-04-10,개,믹스견,암컷,경기도 남양주시,남양주시동물보호센터,37.6359398,127.2165051
2025-04-09,개,믹스견,암컷,전라남도 장흥군,장흥군 동물보호센터,34.6811762,126.906996
2025-04-09,개,믹스견,암컷,전라남도 장흥군,장흥군 동물보호센터,34.6811762,126.906996
2025-04-09,개,믹스견,수컷,전라남도 장흥군,장흥군 동물보호센터,34.6811762,126.906996
2025-04-09,개,믹스견,암컷,전라남도 장흥군,장흥군 동물보호센터,34.6811762,126.906996
2025-04-09,개,믹스견,암컷,충청남도 태안군,태안 동물보호소,36.7454236,126.29836
2025-04-09,개,믹스견,수컷,충청남도 태안군,태안 동물보호소,36.7454236,126.29836
2025-04-09,개,믹스견,암컷,충청남도 태안군,태안 동물보호소,36.7454236,126.29836
2025-04-09,개,믹스견,암컷,충청남도 태안군,태안 동물보호소,36.7454236,126.29836
2025-04-09,개,믹스견,암컷,충청남도 태안군,태안 동물보호소,36.7454236,126.29836
2025-04-09,개,믹스견,암컷,충청남도 태안군,태안 동물보호소,36.7454236,126.29836
2025-04-09,개,믹스견,수컷,충청남도 공주시,공주시 동물보호센터,36.47257,127.09124
2025-04-09,개,믹스견,수컷,충청남도 공주시,공주시 동물보호센터,36.47257,127.09124
2025-04-09,개,믹스견,수컷,충청남도 공주시,공주시 동물보호센터,36.47257,127.09124
2025-04-09,개,믹스견,암컷,충청남도 공주시,공주시 동물보호센터,36.47257,127.09124
2025-04-09,개,믹스견,수컷,충청남도 공주시,공주시 동물보호센터,36.47257,127.09124
2025-04-09,개,믹스견,암컷,충청남도 공주시,공주시 동물보호센터,36.47257,127.09124
2025-04-09,개,믹스견,암컷,충청남도 공주시,공주시 동물보호센터,36.47257,127.09124
2025-04-09,개,믹스견,수컷,충청남도 공주시,공주시 동물보호센터,36.47257,127.09124
2025-04-09,개,믹스견,수컷,충청남도 공주시,공주시 동물보호센터,36.47257,127.09124
2025-04-09,개,믹스견,암컷,충청남도 공주시,공주시 동물보호센터,36.47257,127.09124
2025-04-09,개,믹스견,암컷,충청남도 공주시,공주시 동물보호센터,36.47257,127.09124
2025-04-09,개,믹스견,암컷,충청남도 공주시,공주시 동물보호센터,36.47257,127.09124
2025-04-09,개,믹스견,수컷,경상북도 청송군,점곡동물보호센터,36.4358,129.0571
2025-04-09,개,믹스견,수컷,경상북도 청송군,점곡동물보호센터,36.4358,129.0571
2025-04-09,개,믹스견,수컷,경상북도 청송군,점곡동물보호센터,36.4358,129.0571
2025-04-09,개,믹스견,수컷,경상남도 고성군,고성군유기동물보호소,34.9732784,128.322233
2025-04-09,개,믹스견,수컷,경상남도 고성군,고성군유기동물보호소,34.9732784,128.322233
2025-04-09,개,푸들,수컷,전라남도 곡성군,곡성군동물보호소,35.2818969,127.2914673
2025-04-09,개,믹스견,암컷,전북특별자치도 임실군,임실유기동물보호센터,35.6174,127.2893
2025-04-09,개,믹스견,수컷,전북특별자치도 장수군,장수군 보호소,35.647,127.5212
2025-04-09,고양이,브리티시 쇼트헤어,수컷,전북특별자치도 익산시,익산유기동물보호소,35.9479291,126.9578025
2025-04-09,개,믹스견,암컷,충청남도 보령시,보령시유기동물보호소,36.33401,126.613165
2025-04-09,개,믹스견,암컷,충청북도 진천군,증평 가정견 훈련소,36.855461,127.4353927
2025-04-09,개,믹스견,암컷,강원특별자치도 삼척시,삼척시동물보호센터,37.4498745,129.1652969
2025-04-09,개,믹스견,수컷,강원특별자치도 삼척시,삼척시동물보호센터,37.4498745,129.1652969
2025-04-09,개,믹스견,수컷,강원특별자치도 삼척시,삼척시동물보호센터,37.4498745,129.1652969
2025-04-09,개,믹스견,수컷,강원특별자치도 삼척시,삼척시동물보호센터,37.4498745,129.1652969
2025-04-09,개,믹스견,수컷,강원특별자치도 삼척시,삼척시동물보호센터,37.4498745,129.1652969
2025-04-09,개,믹스견,암컷,강원특별자치도 삼척시,삼척시동물보호센터,37.4498745,129.1652969
2025-04-09,개,믹스견,암컷,강원특별자치도 삼척시,삼척시동물보호센터,37.4498745,129.1652969
2025-04-09,개,믹스견,암컷,강원특별자치도 삼척시,삼척시동물보호센터,37.4498745,129.1652969
2025-04-09,개,믹스견,암컷,강원특별자치도 삼척시,삼척시동물보호센터,37.4498745,129.1652969
2025-04-09,개,믹스견,수컷,강원특별자치도 태백시,태백시유기동물보호소,37.1637943,128.9857176
2025-04-09,개,믹스견,암컷,제주특별자치도 제주특별자치도,제주 동물보호센터,33.4887737,126.4987083
2025-04-09,개,믹스견,암컷,제주특별자치도 제주특별자치도,제주 동물보호센터,33.4887737,126.4987083
2025-04-09,개,믹스견,암컷,제주특별자치도 제주특별자치도,제주 동물보호센터,33.4887737,126.4987083
2025-04-09,개,믹스견,암컷,제주특별자치도 제주특별자치도,제주 동물보호센터,33.4887737,126.4987083
2025-04-09,개,믹스견,수컷,제주특별자치도 제주특별자치도,제주 동물보호센터,33.4887737,126.4987083
2025-04-09,개,믹스견,수컷,경상남도 김해시,(사)동물보호관리협회,35.2310947,128.8908228
2025-04-09,개,믹스견,수컷,경상북도 울진군,울진군동물보호센터,36.993,129.4006
2025-04-09,개,믹스견,수컷,전라남도 곡성군,곡성군동물보호소,35.2818969,127.2914673
2025-04-09,개,진도견,암컷,전북특별자치도 익산시,익산유기동물보호소,35.9479291,126.9578025
2025-04-09,개,믹스견,암컷,충청남도 부여군,남부여동물보호소,36.2753678,126.910107
2025-04-09,개,믹스견,암컷,충청남도 부여군,남부여동물보호소,36.2753678,126.910107
2025-04-09,개,믹스견,수컷,충청남도 부여군,남부여동물보호소,36.2753678,126.910107
2025-04-09,개,믹스견,암컷,충청남도 부여군,남부여동물보호소,36.2753678,126.910107
2025-04-09,개,믹스견,수컷,충청남도 논산시,논산시 동물보호센터,36.1868154,127.0987538
2025-04-09,개,믹스견,암컷,충청남도 논산시,논산시 동물보호센터,36.1868154,127.0987538
2025-04-09,개,믹스견,암컷,충청남도 논산시,논산시 동물보호센터,36.1868154,127.0987538
2025-04-09,개,믹스견,수컷,충청남도 논산시,논산시 동물보호센터,36.1868154,127.0987538
2025-04-09,개,믹스견,암컷,충청남도 논산시,논산시 동물보호센터,36.1868154,127.0987538
2025-04-09,개,요크셔 테리어,수컷,충청남도 논산시,논산시 동물보호센터,36.1868154,127.0987538
2025-04-09,개,믹스견,암컷,강원특별자치도 홍천군,홍천군유기동물보호소,37.6967,127.8888
2025-04-09,개,말티즈,암컷,경기도 고양시,고양시동물보호센터,37.6581862,126.8319452
2025-04-09,개,말티즈,수컷,경기도 고양시,고양시동물보호센터,37.6581862,126.8319452
2025-04-09,고양이,한국 고양이,미상,울산광역시 울주군,울산유기동물보호센터,35.5222362,129.2423693
2025-04-09,고양이,한국 고양이,수컷,울산광역시 북구,울산유기동물보호센터,35.5826,129.3604
2025-04-09,개,믹스견,암컷,인천광역시 서구,우리동물병원,37.545,126.676
2025-04-09,고양이,페르시안,미상,인천광역시 남동구,인천광역시수의사회,37.446902,126.7315126
2025-04-09,고양이,믹스묘,수컷,부산광역시 남구,(사)동부동물보호협회,35.1361,129.0843999
2025-04-09,고양이,믹스묘,암컷,부산광역시 남구,(사)동부동물보호협회,35.1361,129.0843999
2025-04-09,고양이,믹스묘,수컷,부산광역시 남구,(사)동부동물보호협회,35.1361,129.0843999
2025-04-09,고양이,믹스묘,수컷,부산광역시 남구,(사)동부동물보호협회,35.1361,129.0843999
2025-04-09,개,포메라니안,수컷,부산광역시 부산진구,동물보호관리협회,35.1632335,129.0529462
2025-04-09,고양이,스코티시폴드,수컷,서울특별시 강동구,둔촌동물병원,37.53,127.1237
2025-04-09,개,믹스견,암컷,경상남도 산청군,산청동물보호센터,35.4154624,127.873663
2025-04-09,개,믹스견,수컷,경상남도 산청군,산청동물보호센터,35.4154624,127.873663
2025-04-09,개,믹스견,수컷,경상남도 거제시,거제시유기동물보호소,34.8804677,128.621207
2025-04-09,개,진도견,수컷,경상남도 사천시,사천시 동물보호센터,35.003468,128.064562
2025-04-09,개,믹스견,암컷,경상남도 사천시,사천시 동물보호센터,35.003468,128.064562
2025-04-09,개,믹스견,암컷,경상남도 사천시,사천시 동물보호센터,35.003468,128.064562
2025-04-09,개,믹스견,암컷,경상남도 사천시,사천시 동물보호센터,35.003468,128.064562
2025-04-09,개,믹스견,수컷,경상북도 김천시,김천시 동물보호센터,36.1398035,128.1139534
2025-04-09,개,믹스견,암컷,경상북도 경주시,경주동물사랑보호센터,35.8556705,129.2248811
2025-04-09,개,믹스견,암컷,전라남도 광양시,광양시 임시보호소,34.9406452,127.6959512
2025-04-09,개,믹스견,수컷,전라남도 순천시,순천시유기동물보호소,34.9505457,127.4872992
2025-04-09,개,믹스견,수컷,전라남도 목포시,목포시유기동물보호소,34.7903335,126.3847547
2025-04-09,개,믹스견,암컷,전북특별자치도 임실군,임실유기동물보호센터,35.6174,127.2893
2025-04-09,개,푸들,암컷,전북특별자치도 완주군,완주군유기동물보호소,35.9039,127.1622
2025-04-09,개,믹스견,수컷,전북특별자치도 김제시,전북말산업복합센터,35.803815,126.880557
2025-04-09,개,믹스견,수컷,전북특별자치도 김제시,전북말산업복합센터,35.803815,126.880557
2025-04-09,개,비숑 프리제,암컷,충청남도 당진시,당진시동물보호소,36.8904083,126.6461833
2025-04-09,개,믹스견,수컷,충청남도 홍성군,금일동물보호센터,36.6010501,126.6611667
2025-04-09,개,믹스견,암컷,충청남도 홍성군,금일동물보호센터,36.6010501,126.6611667
2025-04-09,개,믹스견,암컷,충청남도 부여군,남부여동물보호소,36.2753678,126.910107
2025-04-09,개,믹스견,암컷,충청남도 부여군,남부여동물보호소,36.2753678,126.910107
2025-04-09,개,믹스견,암컷,충청남도 서산시,서산시 동물보호센터,36.784499,126.450317
2025-04-09,개,믹스견,암컷,충청남도 서산시,서산시 동물보호센터,36.784499,126.450317
2025-04-09,개,믹스견,수컷,충청남도 아산시,아산동물복지지원센터,36.7899498,127.0026769
2025-04-09,개,믹스견,수컷,충청남도 천안시,천안시 동물보호센터,36.8150283,127.1140654
2025-04-09,개,믹스견,암컷,충청북도 음성군,금왕동물병원,36.94,127.6906
2025-04-09,개,믹스견,수컷,충청북도 음성군,금왕동물병원,36.94,127.6906
2025-04-09,개,믹스견,수컷,충청북도 음성군,금왕동물병원,36.94,127.6906
2025-04-09,개,믹스견,수컷,충청북도 음성군,금왕동물병원,36.94,127.6906
2025-04-09,개,믹스견,수컷,충청북도 음성군,금왕동물병원,36.94,127.6906
2025-04-09,개,믹스견,암컷,충청북도 음성군,금왕동물병원,36.94,127.6906
2025-04-09,개,믹스견,수컷,강원특별자치도 원주시,원주시동물보호센터,37.3420996,127.9197603
2025-04-09,개,믹스견,수컷,강원특별자치도 원주시,원주시동물보호센터,37.3420996,127.9197603
2025-04-09,개,비글,수컷,경기도 여주시,위더스 동물보호센터,37.2982901,127.637033
2025-04-09,개,믹스견,수컷,경기도 광주시,광주TNR동물병원초월,37.4290844,127.255189
2025-04-09,개,믹스견,암컷,경기도 화성시,화성동물보호센터,37.1994653,126.8312632
2025-04-09,개,믹스견,수컷,경기도 화성시,화성동물보호센터,37.1994653,126.8312632
2025-04-09,개,믹스견,수컷,경기도 안성시,안성시 동물보호센터,37.007773,127.279971
2025-04-09,고양이,한국 고양이,수컷,경기도 이천시,위더스 동물보호센터,37.2808823,127.4429132
2025-04-09,개,믹스견,암컷,경기도 이천시,위더스 동물보호센터,37.2808823,127.4429132
2025-04-09,개,믹스견,암컷,경기도 용인시,용인시 동물보호센터,37.2405741,127.1785572
2025-04-09,개,믹스견,수컷,경기도 안산시,한국야생동물보호협회,37.3217152,126.8308604
2025-04-09,개,믹스견,암컷,경기도 안산시,한국야생동물보호협회,37.3217152,126.8308604
2025-04-09,개,믹스견,암컷,경기도 안산시,한국야생동물보호협회,37.3217152,126.8308604
2025-04-09,개,푸들,수컷,경기도 안양시,한국야생동물보호협회,37.3938528,126.9570605
2025-04-09,개,믹스견,암컷,대전광역시 유성구,대전동물보호센터,36.3620732,127.3564099
2025-04-09,개,믹스견,암컷,광주광역시 북구,광주동물보호센터,35.1741,126.9122
2025-04-09,개,믹스견,수컷,광주광역시 북구,광주동물보호센터,35.1741,126.9122
2025-04-09,고양이,한국 고양이,수컷,서울특별시 동대문구,동대문구청,37.5741982,127.0395092
2025-04-09,고양이,한국 고양이,암컷,서울특별시 동대문구,동대문구청,37.5741982,127.0395092
2025-04-08,개,믹스견,암컷,전라남도 장흥군,장흥군 동물보호센터,34.6811762,126.906996
2025-04-08,개,믹스견,암컷,경상북도 성주군,성주유기동물보호센터,35.9190065,128.283486
2025-04-08,개,믹스견,암컷,경상남도 거창군,나래동물병원,35.6872871,127.9138505
2025-04-08,개,믹스견,암컷,전라남도 완도군,유기동물임시보호센터,34.3110373,126.7553933
2025-04-08,개,믹스견,암컷,전라남도 완도군,유기동물임시보호센터,34.3110373,126.7553933
2025-04-08,개,믹스견,수컷,전라남도 완도군,유기동물임시보호센터,34.3110373,126.7553933
2025-04-08,개,믹스견,수컷,전라남도 완도군,유기동물임시보호센터,34.3110373,126.7553933
2025-04-08,개,믹스견,수컷,충청남도 논산시,논산시 동물보호센터,36.1868154,127.0987538
2025-04-08,개,믹스견,암컷,충청남도 논산시,논산시 동물보호센터,36.1868154,127.0987538
2025-04-08,개,믹스견,암컷,충청남도 논산시,논산시 동물보호센터,36.1868154,127.0987538
2025-04-08,고양이,한국 고양이,수컷,충청남도 논산시,논산시 동물보호센터,36.1868154,127.0987538
2025-04-08,개,믹스견,수컷,부산광역시 기장군,사단법인 동부,35.2447818,129.2215462
2025-04-08,고양이,믹스묘,수컷,부산광역시 동래구,(사)동부동물보호협회,35.2052,129.0837
2025-04-08,고양이,믹스묘,암컷,부산광역시 동래구,(사)동부동물보호협회,35.2052,129.0837
2025-04-08,개,믹스견,수컷,제주특별자치도 제주특별자치도,제주 동물보호센터,33.4887737,126.4987083
2025-04-08,개,믹스견,수컷,경상남도 양산시,양산시 동물보호센터,35.3349979,129.0370582
2025-04-08,개,믹스견,암컷,경상남도 밀양시,밀양시 동물보호센터,35.503839,128.7466992
2025-04-08,개,믹스견,암컷,경상남도 밀양시,밀양시 동물보호센터,35.503839,128.7466992
2025-04-08,개,믹스견,암컷,경상남도 김해시,(사)동물보호관리협회,35.2310947,128.8908228
2025-04-08,개,믹스견,암컷,경상남도 김해시,(사)동물보호관리협회,35.2310947,128.8908228
2025-04-08,개,믹스견,암컷,경상남도 김해시,(사)동물보호관리협회,35.2310947,128.8908228
2025-04-08,개,믹스견,암컷,경상북도 울진군,울진군동물보호센터,36.993,129.4006
2025-04-08,개,믹스견,수컷,전라남도 해남군,해남유기동물보호센터,34.55269,126.52431
2025-04-08,개,믹스견,수컷,전라남도 보성군,보성유기동물보호센터,34.7711356,127.0798978
2025-04-08,개,믹스견,수컷,전북특별자치도 부안군,부안군 동물보호센터,35.7316783,126.7330195
2025-04-08,개,믹스견,수컷,전북특별자치도 부안군,부안군 동물보호센터,35.7316783,126.7330195
2025-04-08,개,믹스견,수컷,전북특별자치도 부안군,부안군 동물보호센터,35.7316783,126.7330195
2025-04-08,개,믹스견,암컷,전북특별자치도 부안군,부안군 동물보호센터,35.7316783,126.7330195
2025-04-08,개,믹스견,암컷,전북특별자치도 부안군,부안군 동물보호센터,35.7316783,126.7330195
2025-04-08,개,믹스견,수컷,전북특별자치도 부안군,부안군 동물보호센터,35.7316783,126.7330195
2025-04-08,개,믹스견,암컷,전북특별자치도 부안군,부안군 동물보호센터,35.7316783,126.7330195
2025-04-08,개,믹스견,암컷,전북특별자치도 부안군,부안군 동물보호센터,35.7316783,126.7330195
2025-04-08,개,믹스견,암컷,전북특별자치도 부안군,부안군 동물보호센터,35.7316783,126.7330195
2025-04-08,개,믹스견,수컷,전북특별자치도 부안군,부안군 동물보호센터,35.7316783,126.7330195
2025-04-08,개,믹스견,수컷,전북특별자치도 부안군,부안군 동물보호센터,35.7316783,126.7330195
2025-04-08,개,믹스견,수컷,전북특별자치도 부안군,부안군 동물보호센터,35.7316783,126.7330195
2025-04-08,개,믹스견,수컷,전북특별자치도 부안군,부안군 동물보호센터,35.7316783,126.7330195
2025-04-08,개,믹스견,수컷,전북특별자치도 부안군,부안군 동물보호센터,35.7316783,126.7330195
2025-04-08,개,믹스견,암컷,전북특별자치도 임실군,임실유기동물보호센터,35.6174,127.2893
2025-04-08,개,믹스견,암컷,전북특별자치도 임실군,임실유기동물보호센터,35.6174,127.2893
2025-04-08,개,믹스견,암컷,전북특별자치도 임실군,임실유기동물보호센터,35.6174,127.2893
2025-04-08,개,믹스견,암컷,전북특별자치도 임실군,임실유기동물보호센터,35.6174,127.2893
2025-04-08,개,믹스견,암컷,전북특별자치도 임실군,임실유기동물보호센터,35.6174,127.2893
2025-04-08,개,믹스견,수컷,전북특별자치도 임실군,임실유기동물보호센터,35.6174,127.2893
2025-04-08,고양이,한국 고양이,수컷,전북특별자치도 익산시,익산유기동물보호소,35.9479291,126.9578025
2025-04-08,개,믹스견,암컷,충청남도 홍성군,금일동물보호센터,36.6010501,126.6611667
2025-04-08,개,믹스견,암컷,충청남도 홍성군,금일동물보호센터,36.6010501,126.6611667
2025-04-08,개,믹스견,미상,충청북도 괴산군,괴산증평동물보호센터,36.815,127.7866
2025-04-08,개,믹스견,수컷,충청북도 괴산군,괴산증평동물보호센터,36.815,127.7866
2025-04-08,개,믹스견,수컷,충청북도 괴산군,괴산증평동물보호센터,36.815,127.7866
2025-04-08,개,믹스견,암컷,강원특별자치도 양구군,양구군유기동물보호소,38.1096812,127.9900596
2025-04-08,개,믹스견,암컷,강원특별자치도 양구군,양구군유기동물보호소,38.1096812,127.9900596
2025-04-08,개,스피츠,수컷,강원특별자치도 영월군,영월군 동물보호센터,37.1834983,128.4619814
2025-04-08,개,요크셔 테리어,수컷,강원특별자치도 원주시,원주시동물보호센터,37.3420996,127.9197603
2025-04-08,기타,토끼,미상,경기도 고양시,고양시동물보호센터,37.6581862,126.8319452
2025-04-08,개,믹스견,암컷,경기도 안산시,한국야생동물보호협회,37.3217152,126.8308604
2025-04-08,개,믹스견,수컷,경기도 광명시,한국야생동물보호협회,37.4810539,126.8631275
2025-04-08,개,믹스견,암컷,울산광역시 울주군,울산유기동물보호센터,35.5222362,129.2423693
2025-04-08,개,믹스견,암컷,울산광역시 울주군,울산유기동물보호센터,35.5222362,129.2423693
2025-04-08,개,믹스견,암컷,울산광역시 울주군,울산유기동물보호센터,35.5222362,129.2423693
2025-04-08,고양이,한국 고양이,미상,대전광역시 서구,대전동물보호센터,36.3551786,127.3838487
2025-04-08,고양이,코숏,암컷,대전광역시 동구,대전동물보호센터,36.3120051,127.4554285
2025-04-08,개,믹스견,수컷,인천광역시 강화군,디디동물병원,37.746,126.488
2025-04-08,개,스피츠,암컷,인천광역시 남동구,인천광역시수의사회,37.446902,126.7315126
2025-04-08,고양이,한국 고양이,미상,부산광역시 서구,부산동물보호센터,35.0974999,129.0241
2025-04-08,고양이,한국 고양이,미상,부산광역시 서구,부산동물보호센터,35.0974999,129.0241
2025-04-08,고양이,한국 고양이,미상,부산광역시 서구,부산동물보호센터,35.0974999,129.0241
2025-04-08,개,믹스견,수컷,부산광역시 서구,부산동물보호센터,35.0974999,129.0241
2025-04-08,개,믹스견,수컷,서울특별시 마포구,홍익동물병원,37.566571,126.9015317
2025-04-08,개,믹스견,수컷,경상남도 창원시,창원유기동물보호소,35.227956,128.6818586
2025-04-08,개,믹스견,암컷,경상남도 창원시,창원유기동물보호소,35.227956,128.6818586
2025-04-08,개,믹스견,수컷,경상남도 창원시,창원유기동물보호소,35.227956,128.6818586
2025-04-08,개,믹스견,수컷,경상남도 창녕군,창녕 유기동물보호소,35.5443876,128.4921938
2025-04-08,개,믹스견,수컷,경상남도 의령군,의령군 동물보호센터,35.322003,128.2617827
2025-04-08,개,믹스견,수컷,경상남도 밀양시,밀양시 동물보호센터,35.503839,128.7466992
2025-04-08,개,믹스견,수컷,경상남도 밀양시,밀양시 동물보호센터,35.503839,128.7466992
2025-04-08,개,믹스견,암컷,경상남도 밀양시,밀양시 동물보호센터,35.503839,128.7466992
2025-04-08,개,믹스견,암컷,경상남도 밀양시,밀양시 동물보호센터,35.503839,128.7466992
2025-04-08,개,믹스견,수컷,경상남도 밀양시,밀양시 동물보호센터,35.503839,128.7466992
2025-04-08,개,믹스견,수컷,경상남도 밀양시,밀양시 동물보호센터,35.503839,128.7466992
2025-04-08,개,믹스견,암컷,경상북도 의성군,의성동물보호센터,36.3524,128.697
2025-04-08,개,믹스견,수컷,경상북도 의성군,의성동물보호센터,36.3524,128.697
2025-04-08,개,믹스견,암컷,경상북도 의성군,의성동물보호센터,36.3524,128.697
2025-04-08,개,믹스견,암컷,경상북도 의성군,의성동물보호센터,36.3524,128.697
2025-04-08,개,믹스견,수컷,경상북도 의성군,의성동물보호센터,36.3524,128.697
2025-04-08,개,믹스견,암컷,경상북도 경산시,경산시유기동물보호소,35.825122,128.741329
2025-04-08,개,믹스견,수컷,경상북도 경산시,경산시유기동물보호소,35.825122,128.741329
2025-04-08,개,믹스견,수컷,경상북도 경산시,경산시유기동물보호소,35.825122,128.741329
2025-04-08,개,믹스견,수컷,경상북도 상주시,상주시 동물보호센터,36.4104478,128.1590614
2025-04-08,개,믹스견,암컷,경상북도 경주시,경주동물사랑보호센터,35.8556705,129.2248811
2025-04-08,개,믹스견,암컷,경상북도 경주시,경주동물사랑보호센터,35.8556705,129.2248811
2025-04-08,개,믹스견,암컷,경상북도 경주시,경주동물사랑보호센터,35.8556705,129.2248811
2025-04-08,개,믹스견,암컷,경상북도 경주시,경주동물사랑보호센터,35.8556705,129.2248811
2025-04-08,개,믹스견,수컷,경상북도 경주시,경주동물사랑보호센터,35.8556705,129.2248811
2025-04-08,개,믹스견,암컷,전라남도 함평군,학교임시동물보호센터,35.0656537,126.5166414
2025-04-08,개,믹스견,수컷,전라남도 함평군,학교임시동물보호센터,35.0656537,126.5166414
2025-04-08,개,믹스견,미상,전라남도 함평군,학교임시동물보호센터,35.0656537,126.5166414
2025-04-08,개,믹스견,수컷,전라남도 광양시,광양시 임시보호소,34.9406452,127.6959512
2025-04-08,개,믹스견,수컷,전북특별자치도 완주군,완주군유기동물보호소,35.9039,127.1622
2025-04-08,개,믹스견,암컷,전북특별자치도 군산시,군산유기동물보호센터,35.9679984,126.7369036
2025-04-08,개,믹스견,암컷,전북특별자치도 군산시,군산유기동물보호센터,35.9679984,126.7369036
2025-04-08,개,믹스견,수컷,전북특별자치도 군산시,군산유기동물보호센터,35.9679984,126.7369036
2025-04-08,개,믹스견,암컷,전북특별자치도 군산시,군산유기동물보호센터,35.9679984,126.7369036
2025-04-08,개,믹스견,수컷,전북특별자치도 군산시,군산유기동물보호센터,35.9679984,126.7369036
2025-04-08,개,믹스견,암컷,충청남도 당진시,당진시동물보호소,36.8904083,126.6461833
2025-04-08,고양이,한국 고양이,수컷,충청남도 서산시,서산시 동물보호센터,36.784499,126.450317
2025-04-08,개,믹스견,암컷,충청남도 천안시,천안시 동물보호센터,36.8150283,127.1140654
2025-04-08,개,믹스견,수컷,충청남도 천안시,천안시 동물보호센터,36.8150283,127.1140654
2025-04-08,개,믹스견,수컷,충청남도 천안시,천안시 동물보호센터,36.8150283,127.1140654
2025-04-08,개,믹스견,암컷,충청남도 천안시,천안시 동물보호센터,36.8150283,127.1140654
2025-04-08,개,믹스견,수컷,충청북도 음성군,금왕동물병원,36.94,127.6906
2025-04-08,개,믹스견,암컷,강원특별자치도 화천군,화천군농업기술센터,38.1063,127.708
2025-04-08,고양이,한국 고양이,암컷,경기도 광주시,광주TNR동물병원송정,37.4290844,127.255189
2025-04-08,고양이,한국 고양이,수컷,경기도 광주시,광주TNR동물병원송정,37.4290844,127.255189
2025-04-08,개,믹스견,암컷,경기도 화성시,화성동물보호센터,37.1994653,126.8312632
2025-04-08,개,믹스견,암컷,경기도 화성시,화성동물보호센터,37.1994653,126.8312632
2025-04-08,개,믹스견,수컷,경기도 파주시,한국동물구조관리협회,37.7598955,126.7801502
2025-04-08,개,믹스견,암컷,경기도 파주시,한국동물구조관리협회,37.7598955,126.7801502
2025-04-08,개,믹스견,암컷,경기도 파주시,한국동물구조관리협회,37.7598955,126.7801502
2025-04-08,개,믹스견,수컷,경기도 파주시,한국동물구조관리협회,37.7598955,126.7801502
2025-04-08,개,믹스견,수컷,경기도 시흥시,시흥동물누리보호센터,37.3798891,126.8032255
2025-04-08,개,믹스견,수컷,경기도 시흥시,시흥동물누리보호센터,37.3798891,126.8032255
2025-04-08,개,믹스견,수컷,경기도 시흥시,시흥동물누리보호센터,37.3798891,126.8032255
2025-04-08,개,믹스견,수컷,경기도 시흥시,시흥동물누리보호센터,37.3798891,126.8032255
2025-04-08,개,믹스견,암컷,경기도 시흥시,시흥동물누리보호센터,37.3798891,126.8032255
2025-04-08,개,믹스견,암컷,경기도 시흥시,시흥동물누리보호센터,37.3798891,126.8032255
2025-04-08,개,믹스견,암컷,경기도 시흥시,시흥동물누리보호센터,37.3798891,126.8032255
2025-04-08,개,믹스견,수컷,경기도 시흥시,시흥동물누리보호센터,37.3798891,126.8032255
2025-04-08,개,믹스견,암컷,경기도 시흥시,시흥동물누리보호센터,37.3798891,126.8032255
2025-04-08,개,믹스견,수컷,경기도 시흥시,시흥동물누리보호센터,37.3798891,126.8032255
2025-04-08,개,믹스견,암컷,경기도 시흥시,시흥동물누리보호센터,37.3798891,126.8032255
2025-04-08,개,푸들,수컷,경기도 오산시,오산 유기동물보호소,37.1499376,127.0774625
2025-04-08,개,푸들,수컷,경기도 오산시,오산 유기동물보호소,37.1499376,127.0774625
2025-04-08,개,푸들,수컷,경기도 오산시,오산 유기동물보호소,37.1499376,127.0774625
2025-04-08,개,푸들,수컷,경기도 오산시,오산 유기동물보호소,37.1499376,127.0774625
2025-04-08,개,푸들,수컷,경기도 오산시,오산 유기동물보호소,37.1499376,127.0774625
2025-04-08,개,푸들,수컷,경기도 오산시,오산 유기동물보호소,37.1499376,127.0774625
2025-04-08,개,푸들,수컷,경기도 오산시,오산 유기동물보호소,37.1499376,127.0774625
2025-04-08,개,푸들,암컷,경기도 오산시,오산 유기동물보호소,37.1499376,127.0774625
2025-04-08,개,푸들,수컷,경기도 오산시,오산 유기동물보호소,37.1499376,127.0774625
2025-04-08,개,핏불테리어,암컷,경기도 남양주시,남양주시동물보호센터,37.6359398,127.2165051
2025-04-08,개,믹스견,암컷,경기도 평택시,평택시유기동물보호소,36.9924966,127.1127168
2025-04-08,개,믹스견,암컷,경기도 부천시,정샘동물병원,37.5014422,126.7660139
2025-04-08,개,라브라도 리트리버,수컷,인천광역시 서구,우리동물병원,37.545,126.676
2025-04-08,개,믹스견,수컷,인천광역시 서구,우리동물병원,37.545,126.676
2025-04-08,개,믹스견,수컷,대구광역시 군위군,군위종합동물병원,36.2425017,128.5732027
2025-04-08,개,믹스견,암컷,대구광역시 군위군,군위종합동물병원,36.2425017,128.5732027
2025-04-08,개,믹스견,암컷,대구광역시 군위군,군위종합동물병원,36.2425017,128.5732027
2025-04-08,고양이,한국 고양이,수컷,부산광역시 사상구,(사)하얀비둘기,35.1521,128.9911
2025-04-08,고양이,한국 고양이,암컷,부산광역시 사상구,(사)하얀비둘기,35.1521,128.9911
2025-04-08,고양이,한국 고양이,암컷,부산광역시 사상구,(사)하얀비둘기,35.1521,128.9911
2025-04-08,고양이,한국 고양이,암컷,부산광역시 사상구,(사)하얀비둘기,35.1521,128.9911
2025-04-08,고양이,한국 고양이,암컷,부산광역시 사상구,(사)하얀비둘기,35.1521,128.9911
2025-04-08,고양이,한국 고양이,암컷,부산광역시 사상구,(사)하얀비둘기,35.1521,128.9911
2025-04-08,고양이,한국 고양이,수컷,부산광역시 사상구,(사)하얀비둘기,35.1521,128.9911
2025-04-07,개,믹스견,수컷,전라남도 장흥군,장흥군 동물보호센터,34.6811762,126.906996
2025-04-07,개,믹스견,수컷,경상북도 성주군,성주유기동물보호센터,35.9190065,128.283486
2025-04-07,고양이,스코티시폴드,암컷,강원특별자치도 횡성군,횡성유기동물보호센터,37.4916,127.985
2025-04-07,개,믹스견,암컷,경상북도 영덕군,영덕반려동물입양센터,36.4149,129.3659
2025-04-07,개,믹스견,수컷,전라남도 완도군,유기동물임시보호센터,34.3110373,126.7553933
2025-04-07,고양이,한국 고양이,암컷,인천광역시 계양구,신영재동물병원,37.5373539,126.7379078
2025-04-07,개,믹스견,수컷,전북특별자치도 임실군,임실유기동물보호센터,35.6174,127.2893
2025-04-07,개,믹스견,암컷,전북특별자치도 임실군,임실유기동물보호센터,35.6174,127.2893
2025-04-07,개,믹스견,수컷,충청남도 홍성군,금일동물보호센터,36.6010501,126.6611667
2025-04-07,개,믹스견,수컷,충청남도 홍성군,금일동물보호센터,36.6010501,126.6611667
2025-04-07,개,믹스견,암컷,충청북도 음성군,금왕동물병원,36.94,127.6906
2025-04-07,개,믹스견,암컷,전라남도 나주시,나주유기동물보호센터,35.0158859,126.7108313
2025-04-07,개,믹스견,암컷,전북특별자치도 진안군,진안군유기동물보호소,35.7915,127.4252
2025-04-07,개,믹스견,수컷,전북특별자치도 익산시,익산유기동물보호소,35.9479291,126.9578025
2025-04-07,개,믹스견,암컷,전북특별자치도 익산시,익산유기동물보호소,35.9479291,126.9578025
2025-04-07,개,믹스견,수컷,전북특별자치도 익산시,익산유기동물보호소,35.9479291,126.9578025
2025-04-07,개,믹스견,수컷,전북특별자치도 익산시,익산유기동물보호소,35.9479291,126.9578025
2025-04-07,개,믹스견,수컷,전북특별자치도 익산시,익산유기동물보호소,35.9479291,126.9578025
2025-04-07,개,믹스견,암컷,전북특별자치도 익산시,익산유기동물보호소,35.9479291,126.9578025
2025-04-07,개,믹스견,수컷,충청남도 홍성군,금일동물보호센터,36.6010501,126.6611667
2025-04-07,개,믹스견,수컷,충청남도 홍성군,금일동물보호센터,36.6010501,126.6611667
2025-04-07,개,믹스견,수컷,충청남도 홍성군,금일동물보호센터,36.6010501,126.6611667
2025-04-07,개,믹스견,암컷,충청남도 홍성군,금일동물보호센터,36.6010501,126.6611667
2025-04-07,개,믹스견,수컷,충청남도 홍성군,금일동물보호센터,36.6010501,126.6611667
2025-04-07,개,믹스견,수컷,충청남도 홍성군,금일동물보호센터,36.6010501,126.6611667
2025-04-07,개,믹스견,암컷,충청남도 아산시,아산동물복지지원센터,36.7899498,127.0026769
2025-04-07,개,믹스견,암컷,강원특별자치도 태백시,태백시유기동물보호소,37.1637943,128.9857176
2025-04-07,개,믹스견,수컷,강원특별자치도 태백시,태백시유기동물보호소,37.1637943,128.9857176
2025-04-07,개,믹스견,암컷,강원특별자치도 원주시,원주시동물보호센터,37.3420996,127.9197603
2025-04-07,개,믹스견,암컷,강원특별자치도 원주시,원주시동물보호센터,37.3420996,127.9197603
2025-04-07,개,믹스견,암컷,경기도 안성시,안성시 동물보호센터,37.007773,127.279971
2025-04-07,개,믹스견,암컷,경기도 안성시,안성시 동물보호센터,37.007773,127.279971
2025-04-07,개,믹스견,암컷,경기도 남양주시,남양주시동물보호센터,37.6359398,127.2165051
2025-04-07,고양이,한국 고양이,미상,대전광역시 서구,대전동물보호센터,36.3551786,127.3838487
2025-04-07,개,치와와,수컷,인천광역시 연수구,경동동물병원,37.4098,126.6787
2025-04-07,개,믹스견,암컷,서울특별시 강남구,한국동물구조관리협회,37.5177,127.0473
2025-04-07,개,믹스견,암컷,서울특별시 서대문구,내품애센터,37.5790747,126.9367861
2025-04-07,개,믹스견,암컷,세종특별자치시 세종특별자치시,세종유기동물보호센터,36.4799999,127.289
2025-04-07,개,믹스견,암컷,세종특별자치시 세종특별자치시,세종유기동물보호센터,36.4799999,127.289
2025-04-07,개,믹스견,암컷,세종특별자치시 세종특별자치시,세종유기동물보호센터,36.4799999,127.289
2025-04-07,개,믹스견,수컷,세종특별자치시 세종특별자치시,세종유기동물보호센터,36.4799999,127.289
2025-04-07,개,믹스견,암컷,세종특별자치시 세종특별자치시,세종유기동물보호센터,36.4799999,127.289
2025-04-07,개,믹스견,암컷,세종특별자치시 세종특별자치시,세종유기동물보호센터,36.4799999,127.289
2025-04-07,개,믹스견,수컷,경상남도 함안군,함안군유기동물보호소,35.2726875,128.4065038
2025-04-07,개,말티푸들믹스,수컷,경상남도 함안군,함안군유기동물보호소,35.2726875,128.4065038
2025-04-07,개,진도견,수컷,경상남도 함안군,함안군유기동물보호소,35.2726875,128.4065038
2025-04-07,개,진도견,수컷,경상남도 함안군,함안군유기동물보호소,35.2726875,128.4065038
2025-04-07,개,진도견,수컷,경상남도 함안군,함안군유기동물보호소,35.2726875,128.4065038
2025-04-07,개,믹스견,수컷,경상남도 함안군,함안군유기동물보호소,35.2726875,128.4065038
2025-04-07,개,믹스견,암컷,경상남도 함안군,함안군유기동물보호소,35.2726875,128.4065038
2025-04-07,개,믹스견,수컷,경상남도 함안군,함안군유기동물보호소,35.2726875,128.4065038
2025-04-07,개,믹스견,수컷,경상남도 함안군,함안군유기동물보호소,35.2726875,128.4065038
2025-04-07,개,믹스견,수컷,경상남도 함안군,함안군유기동물보호소,35.2726875,128.4065038
2025-04-07,개,믹스견,수컷,경상남도 함안군,함안군유기동물보호소,35.2726875,128.4065038
2025-04-07,개,믹스견,수컷,경상남도 함안군,함안군유기동물보호소,35.2726875,128.4065038
2025-04-07,개,믹스견,암컷,경상남도 함안군,함안군유기동물보호소,35.2726875,128.4065038
2025-04-07,개,믹스견,암컷,경상남도 함안군,함안군유기동물보호소,35.2726875,128.4065038
2025-04-07,개,믹스견,암컷,경상남도 함안군,함안군유기동물보호소,35.2726875,128.4065038
2025-04-07,개,믹스견,수컷,경상남도 의령군,의령군 동물보호센터,35.322003,128.2617827
2025-04-07,개,믹스견,수컷,경상남도 거제시,거제시유기동물보호소,34.8804677,128.621207
2025-04-07,개,아메리칸불리,수컷,경상남도 밀양시,밀양시 동물보호센터,35.503839,128.7466992
2025-04-07,개,믹스견,암컷,경상남도 통영시,통영시동물보호센터,34.854254,128.433205
2025-04-07,개,믹스견,암컷,경상남도 통영시,통영시동물보호센터,34.854254,128.433205
2025-04-07,개,믹스견,암컷,경상남도 통영시,통영시동물보호센터,34.854254,128.433205
2025-04-07,개,믹스견,수컷,경상남도 통영시,통영시동물보호센터,34.854254,128.433205
2025-04-07,개,믹스견,암컷,경상북도 청도군,청도군동물보호센터,35.6473012,128.7348468
2025-04-07,개,믹스견,암컷,경상북도 청도군,청도군동물보호센터,35.6473012,128.7348468
2025-04-07,개,믹스견,수컷,경상북도 청도군,청도군동물보호센터,35.6473012,128.7348468
2025-04-07,개,믹스견,암컷,경상북도 청도군,청도군동물보호센터,35.6473012,128.7348468
2025-04-07,개,믹스견,암컷,경상북도 청도군,청도군동물보호센터,35.6473012,128.7348468
2025-04-07,개,믹스견,수컷,경상북도 경산시,경산시유기동물보호소,35.825122,128.741329
2025-04-07,개,믹스견,암컷,경상북도 경산시,경산시유기동물보호소,35.825122,128.741329
2025-04-07,개,믹스견,수컷,경상북도 김천시,김천시 동물보호센터,36.1398035,128.1139534
2025-04-07,개,믹스견,암컷,경상북도 경주시,경주동물사랑보호센터,35.8556705,129.2248811
2025-04-07,개,믹스견,암컷,전라남도 광양시,광양시 임시보호소,34.9406452,127.6959512
2025-04-07,개,믹스견,수컷,전라남도 광양시,광양시 임시보호소,34.9406452,127.6959512
2025-04-07,개,믹스견,수컷,전라남도 여수시,유기동물보호소,34.7546257,127.659859
2025-04-07,개,믹스견,수컷,전북특별자치도 부안군,부안군 동물보호센터,35.7316783,126.7330195
2025-04-07,개,믹스견,암컷,전북특별자치도 부안군,부안군 동물보호센터,35.7316783,126.7330195
2025-04-07,개,믹스견,암컷,전북특별자치도 부안군,부안군 동물보호센터,35.7316783,126.7330195
2025-04-07,개,믹스견,수컷,전북특별자치도 부안군,부안군 동물보호센터,35.7316783,126.7330195
2025-04-07,개,믹스견,수컷,전북특별자치도 부안군,부안군 동물보호센터,35.7316783,126.7330195
2025-04-07,개,믹스견,수컷,전북특별자치도 부안군,부안군 동물보호센터,35.7316783,126.7330195
2025-04-07,개,믹스견,수컷,전북특별자치도 부안군,부안군 동물보호센터,35.7316783,126.7330195
2025-04-07,개,믹스견,암컷,전북특별자치도 부안군,부안군 동물보호센터,35.7316783,126.7330195
2025-04-07,개,믹스견,암컷,전북특별자치도 부안군,부안군 동물보호센터,35.7316783,126.7330195
2025-04-07,개,믹스견,암컷,전북특별자치도 부안군,부안군 동물보호센터,35.7316783,126.7330195
2025-04-07,개,믹스견,암컷,전북특별자치도 부안군,부안군 동물보호센터,35.7316783,126.7330195
2025-04-07,개,믹스견,암컷,전북특별자치도 장수군,장수군 보호소,35.647,127.5212
2025-04-07,개,믹스견,암컷,전북특별자치도 김제시,전북말산업복합센터,35.803815,126.880557
2025-04-07,개,믹스견,암컷,전북특별자치도 김제시,전북말산업복합센터,35.803815,126.880557
2025-04-07,개,믹스견,암컷,전북특별자치도 군산시,군산유기동물보호센터,35.9679984,126.7369036
2025-04-07,개,믹스견,암컷,전북특별자치도 군산시,군산유기동물보호센터,35.9679984,126.7369036
2025-04-07,개,믹스견,수컷,충청남도 당진시,당진시동물보호소,36.8904083,126.6461833
2025-04-07,개,믹스견,암컷,충청남도 당진시,당진시동물보호소,36.8904083,126.6461833
2025-04-07,개,믹스견,수컷,충청남도 천안시,천안시 동물보호센터,36.8150283,127.1140654
2025-04-07,개,믹스견,암컷,충청남도 천안시,천안시 동물보호센터,36.8150283,127.1140654
2025-04-07,개,핏불테리어 믹스견,암컷,충청북도 청주시,반려동물보호센터,36.6421169,127.4891742
2025-04-07,개,믹스견,수컷,충청북도 음성군,금왕동물병원,36.94,127.6906
2025-04-07,개,믹스견,암컷,충청북도 음성군,금왕동물병원,36.94,127.6906
2025-04-07,개,믹스견,수컷,충청북도 충주시,충주시동물보호센터,36.9907334,127.9259891
2025-04-07,개,믹스견,수컷,충청북도 충주시,충주시동물보호센터,36.9907334,127.9259891
2025-04-07,개,믹스견,암컷,충청북도 충주시,충주시동물보호센터,36.9907334,127.9259891
2025-04-07,개,믹스견,암컷,충청북도 충주시,충주시동물보호센터,36.9907334,127.9259891
2025-04-07,개,믹스견,암컷,충청북도 충주시,충주시동물보호센터,36.9907334,127.9259891
2025-04-07,개,믹스견,암컷,충청북도 충주시,충주시동물보호센터,36.9907334,127.9259891
2025-04-07,개,믹스견,수컷,강원특별자치도 철원군,철원군,38.1468023,127.3133
2025-04-07,개,말라뮤트,수컷,경기도 광주시,광주TNR동물병원초월,37.4290844,127.255189
2025-04-07,개,말라뮤트,암컷,경기도 광주시,광주TNR동물병원초월,37.4290844,127.255189
2025-04-07,개,믹스견,수컷,경기도 광주시,광주TNR동물병원초월,37.4290844,127.255189
2025-04-07,개,믹스견,암컷,경기도 화성시,화성동물보호센터,37.1994653,126.8312632
2025-04-07,개,믹스견,수컷,경기도 화성시,화성동물보호센터,37.1994653,126.8312632
2025-04-07,개,믹스견,암컷,경기도 화성시,화성동물보호센터,37.1994653,126.8312632
2025-04-07,개,믹스견,수컷,경기도 가평군,가평군유기동물보호소,37.8314,127.5098
2025-04-07,개,믹스견,수컷,경기도 안성시,안성시 동물보호센터,37.007773,127.279971
2025-04-07,개,믹스견,암컷,경기도 안성시,안성시 동물보호센터,37.007773,127.279971
2025-04-07,개,믹스견,수컷,경기도 안성시,안성시 동물보호센터,37.007773,127.279971
2025-04-07,개,믹스견,수컷,경기도 안성시,안성시 동물보호센터,37.007773,127.279971
2025-04-07,개,믹스견,수컷,경기도 안성시,안성시 동물보호센터,37.007773,127.279971
2025-04-07,개,믹스견,암컷,경기도 안성시,안성시 동물보호센터,37.007773,127.279971
2025-04-07,개,믹스견,암컷,경기도 용인시,용인시 동물보호센터,37.2405741,127.1785572
2025-04-07,개,웰시 코기 펨브로크,수컷,경기도 시흥시,시흥동물누리보호센터,37.3798891,126.8032255
2025-04-07,개,믹스견,수컷,경기도 시흥시,시흥동물누리보호센터,37.3798891,126.8032255
2025-04-07,개,말티즈,수컷,경기도 평택시,평택시유기동물보호소,36.9924966,127.1127168
2025-04-07,개,믹스견,암컷,경기도 평택시,평택시유기동물보호소,36.9924966,127.1127168
2025-04-07,개,믹스견,수컷,경기도 평택시,평택시유기동물보호소,36.9924966,127.1127168
2025-04-07,개,믹스견,수컷,경기도 평택시,평택시유기동물보호소,36.9924966,127.1127168
2025-04-07,개,푸들,수컷,경기도 평택시,평택시유기동물보호소,36.9924966,127.1127168
2025-04-07,개,푸들,수컷,경기도 광명시,한국야생동물보호협회,37.4810539,126.8631275
2025-04-07,개,말티즈,암컷,광주광역시 북구,광주동물보호센터,35.1741,126.9122
2025-04-07,개,믹스견,수컷,인천광역시 서구,우리동물병원,37.545,126.676
2025-04-06,개,웰시 코기 카디건,암컷,부산광역시 서구,부산동물보호센터,35.0974999,129.0241
2025-04-06,개,믹스견,수컷,충청남도 논산시,논산시 동물보호센터,36.1868154,127.0987538
2025-04-06,개,셰퍼드,암컷,강원특별자치도 원주시,원주시동물보호센터,37.3420996,127.9197603
2025-04-06,기타,토끼,미상,인천광역시 중구,신공항동물병원,37.4735389,126.6214081
2025-04-06,기타,토끼,미상,인천광역시 중구,신공항동물병원,37.4735389,126.6214081
2025-04-06,기타,토끼,미상,인천광역시 중구,신공항동물병원,37.4735389,126.6214081
2025-04-06,기타,토끼,미상,인천광역시 중구,신공항동물병원,37.4735389,126.6214081
2025-04-06,기타,토끼,미상,인천광역시 중구,신공항동물병원,37.4735389,126.6214081
2025-04-06,기타,토끼,미상,인천광역시 중구,신공항동물병원,37.4735389,126.6214081
2025-04-06,기타,토끼,미상,인천광역시 중구,신공항동물병원,37.4735389,126.6214081
2025-04-06,기타,토끼,미상,인천광역시 중구,신공항동물병원,37.4735389,126.6214081
2025-04-06,개,믹스견,수컷,경상남도 김해시,(사)동물보호관리협회,35.2310947,128.8908228
2025-04-06,개,믹스견,수컷,경상북도 포항시,(사)영일동물플러스,36.0189315,129.3429384
2025-04-06,개,믹스견,수컷,전라남도 영광군,영광동물보호센터,35.2769282,126.5124504
2025-04-06,개,믹스견,수컷,전라남도 목포시,목포시유기동물보호소,34.7903335,126.3847547
2025-04-06,고양이,믹스묘,암컷,전북특별자치도 군산시,군산유기동물보호센터,35.9679984,126.7369036
2025-04-06,개,프렌치 불독,암컷,충청남도 아산시,아산동물복지지원센터,36.7899498,127.0026769
2025-04-06,개,믹스견,암컷,충청북도 영동군,최종주동물병원,36.1747588,127.7834432
2025-04-06,개,믹스견,암컷,울산광역시 울주군,울산유기동물보호센터,35.5222362,129.2423693
2025-04-06,개,믹스견,수컷,울산광역시 울주군,울산유기동물보호센터,35.5222362,129.2423693
2025-04-06,개,스탠다드 닥스훈트,수컷,서울특별시 서대문구,내품애센터,37.5790747,126.9367861
2025-04-06,개,믹스견,수컷,전라남도 함평군,학교임시동물보호센터,35.0656537,126.5166414
2025-04-06,개,믹스견,암컷,전북특별자치도 군산시,군산유기동물보호센터,35.9679984,126.7369036
2025-04-06,개,믹스견,암컷,충청남도 부여군,남부여동물보호소,36.2753678,126.910107
2025-04-06,개,믹스견,암컷,강원특별자치도 강릉시,강릉시 동물사랑센터,37.7525313,128.8759523
2025-04-06,개,믹스견,수컷,경기도 남양주시,남양주시동물보호센터,37.6359398,127.2165051
2025-04-06,개,시베리안 허스키,암컷,광주광역시 북구,광주동물보호센터,35.1741,126.9122
2025-04-05,개,믹스견,수컷,부산광역시 강서구,(사)하얀비둘기,35.212,128.9805
2025-04-05,개,믹스견,암컷,경상북도 예천군,예천군유기동물보호소,36.6462999,128.4376
2025-04-05,개,믹스견,수컷,부산광역시 사하구,(사)하얀비둘기,35.1041,128.9751
2025-04-05,개,믹스견,암컷,부산광역시 서구,부산동물보호센터,35.0974999,129.0241
2025-04-05,개,믹스견,수컷,부산광역시 서구,부산동물보호센터,35.0974999,129.0241
2025-04-05,개,믹스견,수컷,대전광역시 대덕구,대전동물보호센터,36.3465766,127.4158483
2025-04-05,개,믹스견,수컷,대전광역시 동구,대전동물보호센터,36.3120051,127.4554285
2025-04-05,개,믹스견,수컷,부산광역시 강서구,(사)하얀비둘기,35.212,128.9805
2025-04-05,고양이,한국 고양이,미상,서울특별시 강동구,GD동물병원,37.53,127.1237
2025-04-05,개,믹스견,암컷,전라남도 해남군,해남유기동물보호센터,34.55269,126.52431
2025-04-05,개,믹스견,수컷,전라남도 여수시,유기동물보호소,34.7546257,127.659859
2025-04-05,개,믹스견,암컷,전북특별자치도 부안군,부안군 동물보호센터,35.7316783,126.7330195
2025-04-05,개,진도견,암컷,전북특별자치도 익산시,익산유기동물보호소,35.9479291,126.9578025
2025-04-05,개,진도견,암컷,전북특별자치도 익산시,익산유기동물보호소,35.9479291,126.9578025
2025-04-05,개,진도견,암컷,전북특별자치도 익산시,익산유기동물보호소,35.9479291,126.9578025
2025-04-05,고양이,한국 고양이,암컷,전북특별자치도 익산시,익산유기동물보호소,35.9479291,126.9578025
2025-04-05,고양이,한국 고양이,수컷,전북특별자치도 익산시,익산유기동물보호소,35.9479291,126.9578025
2025-04-05,고양이,한국 고양이,수컷,전북특별자치도 익산시,익산유기동물보호소,35.9479291,126.9578025
2025-04-05,개,믹스견,암컷,충청북도 영동군,최종주동물병원,36.1747588,127.7834432
2025-04-05,개,믹스견,암컷,충청북도 영동군,최종주동물병원,36.1747588,127.7834432
2025-04-05,개,믹스견,수컷,충청북도 영동군,최종주동물병원,36.1747588,127.7834432
2025-04-05,개,믹스견,암컷,경기도 수원시,수원시 동물보호센터,37.2633325,127.0287472
2025-04-05,개,믹스견,수컷,울산광역시 울주군,울산유기동물보호센터,35.5222362,129.2423693
2025-04-05,개,믹스견,수컷,광주광역시 광산구,첨단우리동물병원,35.1396428,126.7938232
2025-04-05,고양이,한국 고양이,수컷,인천광역시 계양구,신영재동물병원,37.5373539,126.7379078
2025-04-05,고양이,한국 고양이,암컷,인천광역시 계양구,신영재동물병원,37.5373539,126.7379078
2025-04-05,고양이,믹스묘,수컷,부산광역시 남구,(사)동부동물보호협회,35.1361,129.0843999
2025-04-05,고양이,믹스묘,수컷,부산광역시 남구,(사)동부동물보호협회,35.1361,129.0843999
2025-04-05,고양이,믹스묘,수컷,부산광역시 남구,(사)동부동물보호협회,35.1361,129.0843999
2025-04-05,고양이,믹스묘,수컷,부산광역시 남구,(사)동부동물보호협회,35.1361,129.0843999
2025-04-05,고양이,믹스묘,수컷,부산광역시 남구,(사)동부동물보호협회,35.1361,129.0843999
2025-04-05,개,말티즈,암컷,서울특별시 강남구,한국동물구조관리협회,37.5177,127.0473
2025-04-05,개,말티즈,수컷,서울특별시 강남구,한국동물구조관리협회,37.5177,127.0473
2025-04-05,개,말티즈,수컷,서울특별시 강남구,한국동물구조관리협회,37.5177,127.0473
2025-04-05,개,믹스견,수컷,전라남도 신안군,신안군유기동물보호소,34.8331095,126.3522531
2025-04-05,개,믹스견,암컷,강원특별자치도 강릉시,강릉시 동물사랑센터,37.7525313,128.8759523
2025-04-05,고양이,한국 고양이,수컷,인천광역시 서구,우리동물병원,37.545,126.676
2025-04-05,개,믹스견,암컷,세종특별자치시 세종특별자치시,세종유기동물보호센터,36.4799999,127.289
2025-04-05,개,믹스견,수컷,세종특별자치시 세종특별자치시,세종유기동물보호센터,36.4799999,127.289
2025-04-05,고양이,한국 고양이,암컷,경상남도 창녕군,창녕 유기동물보호소,35.5443876,128.4921938
2025-04-05,개,믹스견,수컷,경상남도 창녕군,창녕 유기동물보호소,35.5443876,128.4921938
2025-04-05,개,스탠다드 푸들,수컷,경상북도 경산시,경산시유기동물보호소,35.825122,128.741329
2025-04-05,개,믹스견,암컷,경상북도 경산시,경산시유기동물보호소,35.825122,128.741329
2025-04-05,개,믹스견,암컷,경상북도 경산시,경산시유기동물보호소,35.825122,128.741329
2025-04-05,개,믹스견,암컷,경상북도 경주시,경주동물사랑보호센터,35.8556705,129.2248811
2025-04-05,개,믹스견,암컷,경상북도 경주시,경주동물사랑보호센터,35.8556705,129.2248811
2025-04-05,개,믹스견,수컷,경상북도 경주시,경주동물사랑보호센터,35.8556705,129.2248811
2025-04-05,개,믹스견,수컷,전라남도 함평군,학교임시동물보호센터,35.0656537,126.5166414
2025-04-05,개,믹스견,수컷,전라남도 함평군,학교임시동물보호센터,35.0656537,126.5166414
2025-04-05,개,믹스견,암컷,전라남도 함평군,학교임시동물보호센터,35.0656537,126.5166414
2025-04-05,개,믹스견,암컷,충청남도 부여군,남부여동물보호소,36.2753678,126.910107
2025-04-05,개,믹스견,암컷,강원특별자치도 춘천시,춘천시 동물보호센터,37.8810569,127.7297641
2025-04-05,개,믹스견,암컷,경기도 양평군,양평군유기동물보호소,37.4916,127.4875
2025-04-05,개,시츄,암컷,경기도 시흥시,시흥동물누리보호센터,37.3798891,126.8032255
2025-04-05,개,믹스견,수컷,경기도 성남시,펫앤쉘터동물병원,37.4201556,127.1262092
2025-04-05,개,믹스견,암컷,인천광역시 강화군,디디동물병원,37.746,126.488
2025-04-05,개,믹스견,수컷,서울특별시 강남구,한국동물구조관리협회,37.5177,127.0473
2025-04-04,개,믹스견,수컷,강원특별자치도 양양군,양양군유기동물보호소,38.0751,128.6191
2025-04-04,개,믹스견,수컷,강원특별자치도 양양군,양양군유기동물보호소,38.0751,128.6191
2025-04-04,개,믹스견,수컷,강원특별자치도 양양군,양양군유기동물보호소,38.0751,128.6191
2025-04-04,개,믹스견,암컷,강원특별자치도 양양군,양양군유기동물보호소,38.0751,128.6191
2025-04-04,개,믹스견,암컷,강원특별자치도 횡성군,횡성유기동물보호센터,37.4916,127.985
2025-04-04,개,믹스견,수컷,충청북도 괴산군,괴산증평동물보호센터,36.815,127.7866
2025-04-04,개,믹스견,수컷,충청북도 괴산군,괴산증평동물보호센터,36.815,127.7866
2025-04-04,개,믹스견,암컷,충청남도 논산시,논산시 동물보호센터,36.1868154,127.0987538
2025-04-04,개,믹스견,암컷,충청남도 논산시,논산시 동물보호센터,36.1868154,127.0987538
2025-04-04,개,믹스견,암컷,충청남도 논산시,논산시 동물보호센터,36.1868154,127.0987538
2025-04-04,개,믹스견,수컷,충청남도 논산시,논산시 동물보호센터,36.1868154,127.0987538
2025-04-04,개,믹스견,수컷,충청남도 논산시,논산시 동물보호센터,36.1868154,127.0987538
2025-04-04,개,믹스견,암컷,충청남도 논산시,논산시 동물보호센터,36.1868154,127.0987538
2025-04-04,개,웰시 코기 펨브로크,수컷,경상남도 양산시,양산시 동물보호센터,35.3349979,129.0370582
2025-04-04,개,믹스견,수컷,경상남도 김해시,(사)동물보호관리협회,35.2310947,128.8908228
2025-04-04,개,믹스견,수컷,경상남도 김해시,(사)동물보호관리협회,35.2310947,128.8908228
2025-04-04,개,믹스견,암컷,전북특별자치도 부안군,부안군 동물보호센터,35.7316783,126.7330195
2025-04-04,개,믹스견,수컷,전북특별자치도 장수군,장수군 보호소,35.647,127.5212
2025-04-04,개,믹스견,암컷,전북특별자치도 장수군,장수군 보호소,35.647,127.5212
2025-04-04,개,믹스견,수컷,전북특별자치도 장수군,장수군 보호소,35.647,127.5212
2025-04-04,개,믹스견,수컷,전북특별자치도 장수군,장수군 보호소,35.647,127.5212
2025-04-04,개,믹스견,암컷,전북특별자치도 장수군,장수군 보호소,35.647,127.5212
2025-04-04,개,믹스견,수컷,전북특별자치도 장수군,장수군 보호소,35.647,127.5212
2025-04-04,개,믹스견,암컷,전북특별자치도 장수군,장수군 보호소,35.647,127.5212
2025-04-04,개,믹스견,암컷,전북특별자치도 장수군,장수군 보호소,35.647,127.5212
2025-04-04,개,믹스견,암컷,전북특별자치도 장수군,장수군 보호소,35.647,127.5212
2025-04-04,개,웰시코기,암컷,전북특별자치도 장수군,장수군 보호소,35.647,127.5212
2025-04-04,개,믹스견,암컷,전북특별자치도 익산시,익산유기동물보호소,35.9479291,126.9578025
2025-04-04,개,믹스견,수컷,전북특별자치도 익산시,익산유기동물보호소,35.9479291,126.9578025
2025-04-04,개,믹스견,수컷,전북특별자치도 익산시,익산유기동물보호소,35.9479291,126.9578025
2025-04-04,개,믹스견,암컷,충청북도 영동군,최종주동물병원,36.1747588,127.7834432
2025-04-04,고양이,한국 고양이,암컷,인천광역시 계양구,신영재동물병원,37.5373539,126.7379078
2025-04-04,개,믹스견,수컷,인천광역시 계양구,신영재동물병원,37.5373539,126.7379078
2025-04-04,개,믹스견,수컷,인천광역시 계양구,신영재동물병원,37.5373539,126.7379078
2025-04-04,개,믹스견,수컷,인천광역시 계양구,신영재동물병원,37.5373539,126.7379078
2025-04-04,기타,토끼,수컷,부산광역시 사상구,(사)하얀비둘기,35.1521,128.9911
2025-04-04,개,믹스견,암컷,제주특별자치도 제주특별자치도,제주 동물보호센터,33.4887737,126.4987083
2025-04-04,개,믹스견,암컷,제주특별자치도 제주특별자치도,제주 동물보호센터,33.4887737,126.4987083
2025-04-04,개,믹스견,암컷,제주특별자치도 제주특별자치도,제주 동물보호센터,33.4887737,126.4987083
2025-04-04,개,믹스견,암컷,전라남도 해남군,해남유기동물보호센터,34.55269,126.52431
2025-04-04,개,믹스견,암컷,전라남도 해남군,해남유기동물보호센터,34.55269,126.52431
2025-04-04,개,푸들,수컷,울산광역시 북구,울산유기동물보호센터,35.5826,129.3604
2025-04-04,개,믹스견,수컷,대구광역시 달서구,대구유기동물보호협회,35.8297006,128.533094
2025-04-04,고양이,한국 고양이,암컷,세종특별자치시 세종특별자치시,세종유기동물보호센터,36.4799999,127.289
2025-04-04,개,포메라니안,암컷,세종특별자치시 세종특별자치시,세종유기동물보호센터,36.4799999,127.289
2025-04-04,개,믹스견,암컷,세종특별자치시 세종특별자치시,세종유기동물보호센터,36.4799999,127.289
2025-04-04,개,믹스견,수컷,경상남도 창녕군,창녕 유기동물보호소,35.5443876,128.4921938
2025-04-04,개,믹스견,수컷,경상남도 사천시,사천시 동물보호센터,35.003468,128.064562
2025-04-04,개,믹스견,수컷,경상북도 예천군,예천군유기동물보호소,36.6462999,128.4376
2025-04-04,개,믹스견,암컷,경상북도 칠곡군,칠곡유기동물보호센터,35.995,128.4017
2025-04-04,개,믹스견,수컷,경상북도 영양군,영양군유기동물보호소,36.6664,129.1127
2025-04-04,개,믹스견,수컷,경상북도 영양군,영양군유기동물보호소,36.6664,129.1127
2025-04-04,개,믹스견,암컷,경상북도 경주시,경주동물사랑보호센터,35.8556705,129.2248811
2025-04-04,개,차우차우,암컷,경상북도 포항시,(사)영일동물플러스,36.0189315,129.3429384
2025-04-04,개,믹스견,암컷,경상북도 포항시,(사)영일동물플러스,36.0189315,129.3429384
2025-04-04,고양이,터키시 앙고라,암컷,경상북도 포항시,(사)영일동물플러스,36.0189315,129.3429384
2025-04-04,개,믹스견,수컷,전라남도 영광군,영광동물보호센터,35.2769282,126.5124504
2025-04-04,개,믹스견,수컷,전라남도 영광군,영광동물보호센터,35.2769282,126.5124504
2025-04-04,개,믹스견,암컷,전라남도 영광군,영광동물보호센터,35.2769282,126.5124504
2025-04-04,개,믹스견,암컷,전라남도 영광군,영광동물보호센터,35.2769282,126.5124504
2025-04-04,개,믹스견,암컷,전라남도 영광군,영광동물보호센터,35.2769282,126.5124504
2025-04-04,개,믹스견,수컷,전라남도 영광군,영광동물보호센터,35.2769282,126.5124504
2025-04-04,개,믹스견,수컷,전라남도 영광군,영광동물보호센터,35.2769282,126.5124504
2025-04-04,개,믹스견,수컷,전라남도 영광군,영광동물보호센터,35.2769282,126.5124504
2025-04-04,개,믹스견,수컷,전라남도 함평군,학교임시동물보호센터,35.0656537,126.5166414
2025-04-04,개,믹스견,암컷,전라남도 함평군,학교임시동물보호센터,35.0656537,126.5166414
2025-04-04,개,믹스견,수컷,전라남도 함평군,학교임시동물보호센터,35.0656537,126.5166414
2025-04-04,개,믹스견,수컷,전라남도 함평군,학교임시동물보호센터,35.0656537,126.5166414
2025-04-04,개,믹스견,암컷,전라남도 함평군,학교임시동물보호센터,35.0656537,126.5166414
2025-04-04,개,믹스견,암컷,전라남도 강진군,강진군 유기견 보호소,34.641917,126.7669591
2025-04-04,개,믹스견,암컷,전라남도 화순군,화순군유기동물보호소,35.0643095,126.9864311
2025-04-04,개,믹스견,암컷,전라남도 화순군,화순군유기동물보호소,35.0643095,126.9864311
2025-04-04,개,믹스견,암컷,전라남도 화순군,화순군유기동물보호소,35.0643095,126.9864311
2025-04-04,개,진도견,암컷,전라남도 화순군,화순군유기동물보호소,35.0643095,126.9864311
2025-04-04,개,라브라도 리트리버,암컷,전라남도 화순군,화순군유기동물보호소,35.0643095,126.9864311
2025-04-04,개,믹스견,수컷,전라남도 화순군,화순군유기동물보호소,35.0643095,126.9864311
2025-04-04,개,믹스견,수컷,전라남도 화순군,화순군유기동물보호소,35.0643095,126.9864311
2025-04-04,개,믹스견,수컷,전라남도 화순군,화순군유기동물보호소,35.0643095,126.9864311
2025-04-04,개,믹스견,암컷,전라남도 화순군,화순군유기동물보호소,35.0643095,126.9864311
2025-04-04,개,믹스견,암컷,전라남도 화순군,화순군유기동물보호소,35.0643095,126.9864311
2025-04-04,개,믹스견,수컷,전라남도 구례군,구례군동물보호센터,35.2203329,127.473277
2025-04-04,개,비숑 프리제,암컷,전라남도 광양시,광양시 임시보호소,34.9406452,127.6959512
2025-04-04,개,믹스견,암컷,전북특별자치도 부안군,부안군 동물보호센터,35.7316783,126.7330195
2025-04-04,개,믹스견,수컷,전북특별자치도 완주군,완주군유기동물보호소,35.9039,127.1622
2025-04-04,개,믹스견,암컷,전북특별자치도 군산시,군산유기동물보호센터,35.9679984,126.7369036
2025-04-04,개,믹스견,암컷,충청북도 청주시,반려동물보호센터,36.6421169,127.4891742
2025-04-04,개,말티즈,수컷,충청북도 청주시,반려동물보호센터,36.6421169,127.4891742
2025-04-04,개,믹스견,수컷,강원특별자치도 정선군,정선가축병원,37.380456,128.6609485
2025-04-04,개,믹스견,수컷,경기도 화성시,화성동물보호센터,37.1994653,126.8312632
2025-04-04,개,믹스견,암컷,경기도 화성시,화성동물보호센터,37.1994653,126.8312632
2025-04-04,개,믹스견,암컷,경기도 화성시,화성동물보호센터,37.1994653,126.8312632
2025-04-04,개,믹스견,수컷,경기도 화성시,화성동물보호센터,37.1994653,126.8312632
2025-04-04,개,믹스견,암컷,경기도 군포시,한국야생동물보호협회,37.3615229,126.9349025
2025-04-04,기타,토끼,암컷,경기도 안산시,한국야생동물보호협회,37.3217152,126.8308604
2025-04-04,기타,토끼,암컷,경기도 안산시,한국야생동물보호협회,37.3217152,126.8308604
2025-04-04,개,믹스견,암컷,경기도 평택시,평택시유기동물보호소,36.9924966,127.1127168
2025-04-04,개,믹스견,수컷,경기도 평택시,평택시유기동물보호소,36.9924966,127.1127168
2025-04-04,개,믹스견,수컷,경기도 평택시,평택시유기동물보호소,36.9924966,127.1127168
2025-04-04,개,포메라니안,수컷,경기도 광명시,한국야생동물보호협회,37.4810539,126.8631275
2025-04-04,고양이,믹스묘,수컷,인천광역시 서구,우리동물병원,37.545,126.676
2025-04-04,개,푸들,암컷,경상남도 창원시,창원유기동물보호소,35.227956,128.6818586
2025-04-04,개,푸들,암컷,경상남도 창원시,창원유기동물보호소,35.227956,128.6818586
2025-04-04,개,말티즈,수컷,경상남도 창원시,창원유기동물보호소,35.227956,128.6818586
2025-04-04,개,시츄,수컷,경상남도 창원시,창원유기동물보호소,35.227956,128.6818586
2025-04-03,개,믹스견,수컷,전라남도 장흥군,장흥군 동물보호센터,34.6811762,126.906996
2025-04-03,개,믹스견,암컷,전라남도 장흥군,장흥군 동물보호센터,34.6811762,126.906996
2025-04-03,개,믹스견,암컷,전라남도 장흥군,장흥군 동물보호센터,34.6811762,126.906996
2025-04-03,개,믹스견,암컷,경상남도 합천군,태민동물보호센터,35.5664445,128.1658334
2025-04-03,개,믹스견,암컷,인천광역시 계양구,신영재동물병원,37.5373539,126.7379078
2025-04-03,개,포메라니안,암컷,인천광역시 계양구,신영재동물병원,37.5373539,126.7379078
2025-04-03,개,믹스견,암컷,부산광역시 서구,부산동물보호센터,35.0974999,129.0241
2025-04-03,개,믹스견,암컷,경상남도 창녕군,창녕 유기동물보호소,35.5443876,128.4921938
2025-04-03,개,믹스견,암컷,경상남도 창녕군,창녕 유기동물보호소,35.5443876,128.4921938
2025-04-03,개,믹스견,수컷,경상북도 예천군,예천군유기동물보호소,36.6462999,128.4376
2025-04-03,개,믹스견,암컷,전라남도 영암군,유기동물 삼호 보호소,34.800052,126.6970381
2025-04-03,개,요크셔 테리어,수컷,전북특별자치도 익산시,익산유기동물보호소,35.9479291,126.9578025
2025-04-03,개,믹스견,암컷,전북특별자치도 익산시,익산유기동물보호소,35.9479291,126.9578025
2025-04-03,개,믹스견,수컷,전북특별자치도 익산시,익산유기동물보호소,35.9479291,126.9578025
2025-04-03,개,믹스견,수컷,전북특별자치도 익산시,익산유기동물보호소,35.9479291,126.9578025
2025-04-03,개,믹스견,수컷,충청남도 논산시,논산시 동물보호센터,36.1868154,127.0987538
2025-04-03,개,믹스견,수컷,충청남도 논산시,논산시 동물보호센터,36.1868154,127.0987538
2025-04-03,개,믹스견,암컷,충청남도 논산시,논산시 동물보호센터,36.1868154,127.0987538
2025-04-03,개,믹스견,수컷,충청남도 아산시,아산동물복지지원센터,36.7899498,127.0026769
2025-04-03,개,믹스견,수컷,충청북도 충주시,충주시동물보호센터,36.9907334,127.9259891
2025-04-03,개,믹스견,수컷,경기도 파주시,한국동물구조관리협회,37.7598955,126.7801502
2025-04-03,개,믹스견,암컷,경기도 파주시,한국동물구조관리협회,37.7598955,126.7801502
2025-04-03,개,믹스견,암컷,경기도 파주시,한국동물구조관리협회,37.7598955,126.7801502
2025-04-03,개,믹스견,암컷,경기도 파주시,한국동물구조관리협회,37.7598955,126.7801502
2025-04-03,개,믹스견,암컷,경기도 수원시,수원시 동물보호센터,37.2633325,127.0287472
2025-04-03,고양이,한국 고양이,미상,부산광역시 영도구,부산동물보호센터,35.0908,129.0678
2025-04-03,고양이,한국 고양이,미상,부산광역시 영도구,부산동물보호센터,35.0908,129.0678
2025-04-03,개,말티즈,수컷,경상남도 창원시,창원유기동물보호소,35.227956,128.6818586
2025-04-03,개,믹스견,수컷,경상남도 창원시,창원유기동물보호소,35.227956,128.6818586
2025-04-03,개,믹스견,수컷,경상남도 남해군,남해군동물보호센터,34.8374437,127.8925589
2025-04-03,개,믹스견,수컷,경상남도 사천시,사천시 동물보호센터,35.003468,128.064562
2025-04-03,개,믹스견,암컷,경상남도 진주시,진주시동물보호센터,35.1803459,128.1079953
2025-04-03,개,믹스견,암컷,경상북도 경산시,경산시유기동물보호소,35.825122,128.741329
2025-04-03,개,말티즈,암컷,경상북도 경산시,경산시유기동물보호소,35.825122,128.741329
2025-04-03,개,믹스견,수컷,경상북도 경산시,경산시유기동물보호소,35.825122,128.741329
2025-04-03,개,믹스견,암컷,경상북도 경주시,경주동물사랑보호센터,35.8556705,129.2248811
2025-04-03,개,믹스견,암컷,경상북도 포항시,(사)영일동물플러스,36.0189315,129.3429384
2025-04-03,개,믹스견,암컷,경상북도 포항시,(사)영일동물플러스,36.0189315,129.3429384
2025-04-03,개,말티즈,암컷,전라남도 나주시,나주유기동물보호센터,35.0158859,126.7108313
2025-04-03,개,믹스견,수컷,전라남도 나주시,나주유기동물보호센터,35.0158859,126.7108313
2025-04-03,개,믹스견,수컷,전라남도 나주시,나주유기동물보호센터,35.0158859,126.7108313
2025-04-03,개,믹스견,암컷,전라남도 나주시,나주유기동물보호센터,35.0158859,126.7108313
2025-04-03,개,믹스견,암컷,전라남도 나주시,나주유기동물보호센터,35.0158859,126.7108313
2025-04-03,개,말티즈,암컷,전라남도 나주시,나주유기동물보호센터,35.0158859,126.7108313
2025-04-03,개,말티즈,암컷,전라남도 나주시,나주유기동물보호센터,35.0158859,126.7108313
2025-04-03,개,믹스견,암컷,전라남도 나주시,나주유기동물보호센터,35.0158859,126.7108313
2025-04-03,개,푸들,암컷,전라남도 나주시,나주유기동물보호센터,35.0158859,126.7108313
2025-04-03,개,말티즈,암컷,전라남도 나주시,나주유기동물보호센터,35.0158859,126.7108313
2025-04-03,개,믹스견,암컷,전라남도 순천시,순천시유기동물보호소,34.9505457,127.4872992
2025-04-03,개,믹스견,수컷,전북특별자치도 정읍시,정읍시 동물보호소,35.5697678,126.8559787
2025-04-03,개,믹스견,암컷,전북특별자치도 군산시,군산유기동물보호센터,35.9679984,126.7369036
2025-04-03,개,믹스견,암컷,전북특별자치도 군산시,군산유기동물보호센터,35.9679984,126.7369036
2025-04-03,개,믹스견,암컷,충청남도 서산시,서산시 동물보호센터,36.784499,126.450317
2025-04-03,개,믹스견,암컷,충청남도 공주시,공주시 동물보호센터,36.47257,127.09124
2025-04-03,개,믹스견,수컷,충청남도 공주시,공주시 동물보호센터,36.47257,127.09124
2025-04-03,개,믹스견,수컷,충청남도 공주시,공주시 동물보호센터,36.47257,127.09124
2025-04-03,개,믹스견,수컷,충청북도 음성군,금왕동물병원,36.94,127.6906
2025-04-03,개,믹스견,수컷,충청북도 음성군,금왕동물병원,36.94,127.6906
2025-04-03,개,믹스견,수컷,충청북도 제천시,제천시 동물보호센터,37.1326042,128.1913508
2025-04-03,개,비숑 프리제,암컷,충청북도 제천시,제천시 동물보호센터,37.1326042,128.1913508
2025-04-03,개,믹스견,수컷,강원특별자치도 인제군,인제군동물보호센터,38.0694,128.1706
2025-04-03,개,믹스견,암컷,강원특별자치도 철원군,철원군,38.1468023,127.3133
2025-04-03,개,믹스견,수컷,강원특별자치도 원주시,원주시동물보호센터,37.3420996,127.9197603
2025-04-03,개,믹스견,수컷,경기도 화성시,화성동물보호센터,37.1994653,126.8312632
2025-04-03,개,믹스견,암컷,경기도 용인시,용인시 동물보호센터,37.2405741,127.1785572
2025-04-03,개,믹스견,암컷,경기도 하남시,하남동물보호센터,37.5392918,127.214948
2025-04-03,개,믹스견,수컷,경기도 고양시,고양시동물보호센터,37.6581862,126.8319452
2025-04-03,개,믹스견,암컷,경기도 평택시,평택시유기동물보호소,36.9924966,127.1127168
2025-04-03,개,믹스견,암컷,경기도 평택시,평택시유기동물보호소,36.9924966,127.1127168
2025-04-03,개,믹스견,암컷,경기도 평택시,평택시유기동물보호소,36.9924966,127.1127168
2025-04-03,개,믹스견,암컷,경기도 평택시,평택시유기동물보호소,36.9924966,127.1127168
2025-04-03,개,믹스견,수컷,경기도 평택시,평택시유기동물보호소,36.9924966,127.1127168
2025-04-03,개,믹스견,암컷,경기도 평택시,평택시유기동물보호소,36.9924966,127.1127168
2025-04-03,개,포메라니안,수컷,경기도 성남시,펫앤쉘터동물병원,37.4201556,127.1262092
2025-04-03,개,믹스견,수컷,울산광역시 울주군,울산유기동물보호센터,35.5222362,129.2423693
2025-04-03,개,믹스견,암컷,광주광역시 북구,광주동물보호센터,35.1741,126.9122
2025-04-03,개,믹스견,수컷,광주광역시 서구,광주동물보호센터,35.1521401,126.8900561
2025-04-03,개,믹스견,암컷,인천광역시 중구,신공항동물병원,37.4735389,126.6214081
2025-04-03,고양이,한국 고양이,수컷,서울특별시 동대문구,동대문구청,37.5741982,127.0395092
2025-04-03,개,믹스견,암컷,경기도 화성시,화성동물보호센터,37.1994653,126.8312632
2025-04-03,개,믹스견,암컷,대전광역시 서구,대전동물보호센터,36.3551786,127.3838487
2025-04-02,개,믹스견,암컷,경상북도 청송군,점곡동물보호센터,36.4358,129.0571
2025-04-02,개,믹스견,암컷,강원특별자치도 정선군,다나동물병원,37.380456,128.6609485
2025-04-02,개,믹스견,수컷,강원특별자치도 정선군,다나동물병원,37.380456,128.6609485
2025-04-02,개,믹스견,암컷,경상북도 상주시,상주시 동물보호센터,36.4104478,128.1590614
2025-04-02,개,믹스견,수컷,경상남도 통영시,통영시동물보호센터,34.854254,128.433205
2025-04-02,고양이,한국 고양이,수컷,인천광역시 계양구,신영재동물병원,37.5373539,126.7379078
2025-04-02,개,믹스견,수컷,경상북도 영천시,영천유기동물보호센터,35.98842,128.942
2025-04-02,개,믹스견,암컷,경기도 용인시,용인시 동물보호센터,37.2405741,127.1785572
2025-04-02,개,믹스견,암컷,경기도 용인시,용인시 동물보호센터,37.2405741,127.1785572
2025-04-02,개,믹스견,수컷,경기도 용인시,용인시 동물보호센터,37.2405741,127.1785572
2025-04-02,개,믹스견,수컷,경상남도 양산시,양산시 동물보호센터,35.3349979,129.0370582
2025-04-02,개,믹스견,암컷,경상남도 양산시,양산시 동물보호센터,35.3349979,129.0370582
2025-04-02,개,믹스견,암컷,경상남도 김해시,(사)동물보호관리협회,35.2310947,128.8908228
2025-04-02,개,믹스견,암컷,경상남도 김해시,(사)동물보호관리협회,35.2310947,128.8908228
2025-04-02,개,믹스견,암컷,경상북도 울진군,울진군동물보호센터,36.993,129.4006
2025-04-02,개,믹스견,수컷,경상북도 김천시,김천시 동물보호센터,36.1398035,128.1139534
2025-04-02,개,푸들,암컷,전라남도 장흥군,장흥군 동물보호센터,34.6811762,126.906996
2025-04-02,개,믹스견,암컷,전라남도 담양군,담양군 동물보호센터,35.320878,126.9883238
2025-04-02,개,믹스견,수컷,전라남도 담양군,담양군 동물보호센터,35.320878,126.9883238
2025-04-02,개,믹스견,암컷,전라남도 담양군,담양군 동물보호센터,35.320878,126.9883238
2025-04-02,개,믹스견,암컷,전라남도 담양군,담양군 동물보호센터,35.320878,126.9883238
2025-04-02,개,믹스견,암컷,전라남도 담양군,담양군 동물보호센터,35.320878,126.9883238
2025-04-02,개,믹스견,수컷,전라남도 담양군,담양군 동물보호센터,35.320878,126.9883238
2025-04-02,개,믹스견,수컷,전라남도 담양군,담양군 동물보호센터,35.320878,126.9883238
2025-04-02,개,포메라니안,수컷,충청남도 아산시,아산동물복지지원센터,36.7899498,127.0026769
2025-04-02,개,믹스견,암컷,울산광역시 울주군,울산유기동물보호센터,35.5222362,129.2423693
2025-04-02,개,스피츠,수컷,인천광역시 계양구,신영재동물병원,37.5373539,126.7379078
2025-04-02,개,믹스견,암컷,인천광역시 미추홀구,인천광역시수의사회,37.4636,126.6502
2025-04-02,개,믹스견,수컷,인천광역시 미추홀구,인천광역시수의사회,37.4636,126.6502
2025-04-02,개,믹스견,수컷,인천광역시 미추홀구,인천광역시수의사회,37.4636,126.6502
2025-04-02,고양이,믹스묘,수컷,부산광역시 해운대구,동부유기동물보호협회,35.1629,129.1638
2025-04-02,고양이,믹스묘,암컷,부산광역시 남구,(사)동부동물보호협회,35.1361,129.0843999
2025-04-02,개,믹스견,암컷,부산광역시 남구,(사)동부동물보호협회,35.1361,129.0843999
2025-04-02,개,믹스견,암컷,서울특별시 강서구,한국동물구조관리협회,37.5509,126.8497
2025-04-02,개,믹스견,암컷,세종특별자치시 세종특별자치시,세종유기동물보호센터,36.4799999,127.289
2025-04-02,개,믹스견,수컷,경상남도 산청군,산청동물보호센터,35.4154624,127.873663
2025-04-02,개,믹스견,암컷,경상남도 산청군,산청동물보호센터,35.4154624,127.873663
2025-04-02,개,믹스견,암컷,경상남도 의령군,의령군 동물보호센터,35.322003,128.2617827
2025-04-02,개,믹스견,암컷,경상남도 거제시,거제시유기동물보호소,34.8804677,128.621207
2025-04-02,개,믹스견,암컷,경상남도 거제시,거제시유기동물보호소,34.8804677,128.621207
2025-04-02,개,믹스견,수컷,경상남도 진주시,진주시동물보호센터,35.1803459,128.1079953
2025-04-02,개,믹스견,수컷,경상북도 경주시,경주동물사랑보호센터,35.8556705,129.2248811
2025-04-02,개,믹스견,암컷,경상북도 경주시,경주동물사랑보호센터,35.8556705,129.2248811
2025-04-02,개,믹스견,암컷,경상북도 경주시,경주동물사랑보호센터,35.8556705,129.2248811
2025-04-02,개,믹스견,수컷,경상북도 포항시,(사)영일동물플러스,36.0189315,129.3429384
2025-04-02,개,믹스견,암컷,경상북도 포항시,(사)영일동물플러스,36.0189315,129.3429384
2025-04-02,개,믹스견,암컷,전라남도 장성군,장성군동물보호센터,35.3017065,126.7844061
2025-04-02,개,말티즈,수컷,전라남도 강진군,강진군 유기견 보호소,34.641917,126.7669591
2025-04-02,개,믹스견,수컷,전라남도 나주시,나주유기동물보호센터,35.0158859,126.7108313
2025-04-02,개,믹스견,수컷,전북특별자치도 부안군,부안군 동물보호센터,35.7316783,126.7330195
2025-04-02,개,믹스견,암컷,전북특별자치도 남원시,인월동물병원,35.4163118,127.3903713
2025-04-02,개,골든 리트리버,수컷,전북특별자치도 정읍시,정읍시 동물보호소,35.5697678,126.8559787
2025-04-02,개,믹스견,수컷,전북특별자치도 정읍시,정읍시 동물보호소,35.5697678,126.8559787
2025-04-02,개,믹스견,암컷,전북특별자치도 정읍시,정읍시 동물보호소,35.5697678,126.8559787
2025-04-02,개,믹스견,수컷,전북특별자치도 정읍시,정읍시 동물보호소,35.5697678,126.8559787
2025-04-02,개,믹스견,암컷,전북특별자치도 정읍시,정읍시 동물보호소,35.5697678,126.8559787
2025-04-02,개,믹스견,수컷,전북특별자치도 정읍시,정읍시 동물보호소,35.5697678,126.8559787
2025-04-02,개,푸들,암컷,전북특별자치도 전주시,링크늘푸른동물병원,35.8237631,127.1472805
2025-04-02,개,믹스견,암컷,충청남도 홍성군,금일동물보호센터,36.6010501,126.6611667
2025-04-02,개,믹스견,암컷,충청남도 홍성군,금일동물보호센터,36.6010501,126.6611667
2025-04-02,개,믹스견,수컷,충청남도 홍성군,금일동물보호센터,36.6010501,126.6611667
2025-04-02,개,믹스견,수컷,충청남도 홍성군,금일동물보호센터,36.6010501,126.6611667
2025-04-02,개,믹스견,암컷,충청남도 홍성군,금일동물보호센터,36.6010501,126.6611667
2025-04-02,개,믹스견,암컷,충청남도 부여군,남부여동물보호소,36.2753678,126.910107
2025-04-02,개,믹스견,암컷,충청북도 청주시,반려동물보호센터,36.6421169,127.4891742
2025-04-02,개,믹스견,수컷,강원특별자치도 고성군,유기견임시보호소,38.3808,128.4678
2025-04-02,개,말티즈 믹스 추정,암컷,강원특별자치도 철원군,철원군,38.1468023,127.3133
2025-04-02,개,말티즈,암컷,강원특별자치도 평창군,평창군유기동물보호소,37.3705,128.3903
2025-04-02,개,믹스견,수컷,강원특별자치도 평창군,평창군유기동물보호소,37.3705,128.3903
2025-04-02,개,믹스견,암컷,경기도 여주시,위더스 동물보호센터,37.2982901,127.637033
2025-04-02,개,믹스견,암컷,경기도 여주시,위더스 동물보호센터,37.2982901,127.637033
2025-04-02,개,믹스견,암컷,경기도 여주시,위더스 동물보호센터,37.2982901,127.637033
2025-04-02,개,믹스견,수컷,경기도 여주시,위더스 동물보호센터,37.2982901,127.637033
2025-04-02,개,말티즈,암컷,경기도 여주시,위더스 동물보호센터,37.2982901,127.637033
2025-04-02,개,믹스견,암컷,경기도 여주시,위더스 동물보호센터,37.2982901,127.637033
2025-04-02,개,스피츠,암컷,경기도 화성시,화성동물보호센터,37.1994653,126.8312632
2025-04-02,개,믹스견,암컷,경기도 화성시,화성동물보호센터,37.1994653,126.8312632
2025-04-02,개,믹스견,수컷,경기도 시흥시,시흥동물누리보호센터,37.3798891,126.8032255
2025-04-02,개,믹스견,암컷,경기도 시흥시,시흥동물누리보호센터,37.3798891,126.8032255
2025-04-02,개,믹스견,암컷,경기도 오산시,오산 유기동물보호소,37.1499376,127.0774625
2025-04-02,개,믹스견,수컷,경기도 남양주시,남양주시동물보호센터,37.6359398,127.2165051
2025-04-02,개,믹스견,수컷,경기도 평택시,평택시유기동물보호소,36.9924966,127.1127168
2025-04-02,기타,닭,암컷,경기도 평택시,평택시유기동물보호소,36.9924966,127.1127168
2025-04-02,기타,토끼,수컷,경기도 부천시,가나동물병원,37.5014422,126.7660139
2025-04-02,고양이,한국 고양이,암컷,인천광역시 서구,우리동물병원,37.545,126.676
2025-04-02,고양이,한국 고양이,수컷,대구광역시 수성구,세인트동물병원,35.8584,128.6305
2025-04-02,개,포메라니안,수컷,서울특별시 동대문구,동대문구청,37.5741982,127.0395092
2025-04-02,개,스피츠,수컷,서울특별시 동대문구,동대문구청,37.5741982,127.0395092
2025-04-01,개,믹스견,수컷,전라남도 장흥군,장흥군 동물보호센터,34.6811762,126.906996
2025-04-01,개,믹스견,미상,인천광역시 강화군,디디동물병원,37.746,126.488
2025-04-01,개,삽살개,수컷,강원특별자치도 횡성군,횡성유기동물보호센터,37.4916,127.985
2025-04-01,개,믹스견,수컷,경상남도 하동군,하동군유기동물보호소,35.0670735,127.7516778
2025-04-01,개,말티즈,수컷,대전광역시 동구,대전동물보호센터,36.3120051,127.4554285
2025-04-01,개,믹스견,미상,전라남도 곡성군,곡성군동물보호소,35.2818969,127.2914673
2025-04-01,개,믹스견,수컷,전북특별자치도 익산시,익산유기동물보호소,35.9479291,126.9578025
2025-04-01,개,믹스견,암컷,충청남도 논산시,논산시 동물보호센터,36.1868154,127.0987538
2025-04-01,개,믹스견,수컷,인천광역시 계양구,신영재동물병원,37.5373539,126.7379078
2025-04-01,개,믹스견,암컷,경상북도 문경시,종합축산,36.5858541,128.1870612
2025-04-01,개,믹스견,수컷,경상북도 영주시,영주시 동물보호센터,36.805685,128.624054
2025-04-01,개,믹스견,수컷,경상북도 구미시,구미시 동물보호센터,36.1195513,128.3444692
2025-04-01,개,믹스견,암컷,전라남도 영광군,영광동물보호센터,35.2769282,126.5124504
2025-04-01,고양이,믹스묘,암컷,전라남도 영광군,영광동물보호센터,35.2769282,126.5124504
2025-04-01,고양이,한국 고양이,수컷,전라남도 영광군,영광동물보호센터,35.2769282,126.5124504
2025-04-01,개,믹스견,수컷,전라남도 해남군,해남유기동물보호센터,34.55269,126.52431
2025-04-01,개,시바,암컷,전라남도 보성군,보성유기동물보호센터,34.7711356,127.0798978
2025-04-01,개,믹스견,수컷,전북특별자치도 군산시,군산유기동물보호센터,35.9679984,126.7369036
2025-04-01,고양이,믹스묘,암컷,전북특별자치도 군산시,군산유기동물보호센터,35.9679984,126.7369036
2025-04-01,개,믹스견,암컷,전북특별자치도 군산시,군산유기동물보호센터,35.9679984,126.7369036
2025-04-01,개,믹스견,수컷,전북특별자치도 군산시,군산유기동물보호센터,35.9679984,126.7369036
2025-04-01,개,포메라니안,수컷,충청남도 공주시,공주시 동물보호센터,36.47257,127.09124
2025-04-01,개,믹스견,수컷,충청북도 충주시,충주시동물보호센터,36.9907334,127.9259891
2025-04-01,개,믹스견,암컷,충청북도 충주시,충주시동물보호센터,36.9907334,127.9259891
2025-04-01,개,보더 콜리,수컷,충청북도 충주시,충주시동물보호센터,36.9907334,127.9259891
2025-04-01,개,믹스견,수컷,경기도 안성시,안성시 동물보호센터,37.007773,127.279971
2025-04-01,개,시츄,수컷,경기도 고양시,고양시동물보호센터,37.6581862,126.8319452
2025-04-01,개,치와와,암컷,울산광역시 울주군,울산유기동물보호센터,35.5222362,129.2423693
2025-04-01,개,믹스견,암컷,인천광역시 강화군,디디동물병원,37.746,126.488
2025-04-01,개,믹스견,수컷,인천광역시 강화군,디디동물병원,37.746,126.488
2025-04-01,고양이,한국 고양이,미상,인천광역시 강화군,디디동물병원,37.746,126.488
2025-04-01,개,포메라니안,수컷,인천광역시 미추홀구,인천광역시수의사회,37.4636,126.6502
2025-04-01,개,믹스견,수컷,대구광역시 군위군,군위종합동물병원,36.2425017,128.5732027
2025-04-01,개,포메라니안,수컷,부산광역시 북구,부산동물보호센터,35.1969,128.9901999
2025-04-01,개,말티즈,수컷,부산광역시 부산진구,동물보호관리협회,35.1632335,129.0529462
2025-04-01,개,믹스견,암컷,경상남도 거창군,나래동물병원,35.6872871,127.9138505
2025-04-01,개,믹스견,암컷,경상남도 거제시,거제시유기동물보호소,34.8804677,128.621207
2025-04-01,개,믹스견,수컷,경상남도 밀양시,밀양시 동물보호센터,35.503839,128.7466992
2025-04-01,개,믹스견,암컷,경상남도 사천시,사천시 동물보호센터,35.003468,128.064562
2025-04-01,개,믹스견,수컷,경상남도 사천시,사천시 동물보호센터,35.003468,128.064562
2025-04-01,개,믹스견,암컷,경상남도 사천시,사천시 동물보호센터,35.003468,128.064562
2025-04-01,개,믹스견,암컷,경상북도 청도군,청도군동물보호센터,35.6473012,128.7348468
2025-04-01,개,믹스견,수컷,경상북도 청도군,청도군동물보호센터,35.6473012,128.7348468
2025-04-01,개,라이카,수컷,경상북도 영덕군,영덕유기동물보호센터,36.4149,129.3659
2025-04-01,개,믹스견,암컷,경상북도 김천시,김천시 동물보호센터,36.1398035,128.1139534
2025-04-01,개,믹스견,암컷,경상북도 김천시,김천시 동물보호센터,36.1398035,128.1139534
2025-04-01,개,믹스견,암컷,경상북도 김천시,김천시 동물보호센터,36.1398035,128.1139534
2025-04-01,개,믹스견,암컷,경상북도 김천시,김천시 동물보호센터,36.1398035,128.1139534
2025-04-01,개,믹스견,암컷,경상북도 김천시,김천시 동물보호센터,36.1398035,128.1139534
2025-04-01,개,믹스견,수컷,경상북도 김천시,김천시 동물보호센터,36.1398035,128.1139534
2025-04-01,개,믹스견,수컷,경상북도 김천시,김천시 동물보호센터,36.1398035,128.1139534
2025-04-01,개,믹스견,수컷,경상북도 김천시,김천시 동물보호센터,36.1398035,128.1139534
2025-04-01,개,믹스견,수컷,전북특별자치도 부안군,부안군 동물보호센터,35.7316783,126.7330195
2025-04-01,개,믹스견,수컷,전북특별자치도 고창군,더나은동물병원,35.4355,126.7021
2025-04-01,개,믹스견,수컷,전북특별자치도 고창군,더나은동물병원,35.4355,126.7021
2025-04-01,개,믹스견,수컷,전북특별자치도 김제시,전북말산업복합센터,35.803815,126.880557
2025-04-01,개,믹스견,수컷,전북특별자치도 김제시,전북말산업복합센터,35.803815,126.880557
2025-04-01,개,믹스견,수컷,전북특별자치도 정읍시,정읍시 동물보호소,35.5697678,126.8559787
2025-04-01,개,믹스견,암컷,전북특별자치도 익산시,익산유기동물보호소,35.9479291,126.9578025
2025-04-01,개,푸들,암컷,전북특별자치도 전주시,효자동물병원,35.8237631,127.1472805
2025-04-01,개,믹스견,수컷,충청남도 홍성군,금일동물보호센터,36.6010501,126.6611667
2025-04-01,개,믹스견,암컷,충청남도 부여군,남부여동물보호소,36.2753678,126.910107
2025-04-01,개,믹스견,수컷,충청남도 부여군,남부여동물보호소,36.2753678,126.910107
2025-04-01,개,믹스견,수컷,충청북도 청주시,반려동물보호센터,36.6421169,127.4891742
2025-04-01,개,믹스견,암컷,충청북도 청주시,반려동물보호센터,36.6421169,127.4891742
2025-04-01,개,믹스견,암컷,충청북도 청주시,반려동물보호센터,36.6421169,127.4891742
2025-04-01,개,믹스견,암컷,충청북도 청주시,반려동물보호센터,36.6421169,127.4891742
2025-04-01,개,믹스견,수컷,충청북도 음성군,금왕동물병원,36.94,127.6906
2025-04-01,고양이,믹스묘,암컷,충청북도 음성군,금왕동물병원,36.94,127.6906
2025-04-01,고양이,스코티시폴드믹스,암컷,충청북도 제천시,제천시 동물보호센터,37.1326042,128.1913508
2025-04-01,개,라브라도 리트리버,수컷,경기도 광주시,광주TNR동물병원초월,37.4290844,127.255189
2025-04-01,개,믹스견,수컷,경기도 파주시,한국동물구조관리협회,37.7598955,126.7801502
2025-04-01,개,믹스견,수컷,경기도 용인시,용인시 동물보호센터,37.2405741,127.1785572
2025-04-01,개,믹스견,암컷,경기도 용인시,용인시 동물보호센터,37.2405741,127.1785572
2025-04-01,개,믹스견,수컷,경기도 용인시,용인시 동물보호센터,37.2405741,127.1785572
2025-04-01,개,믹스견,암컷,경기도 용인시,용인시 동물보호센터,37.2405741,127.1785572
2025-04-01,개,믹스견,수컷,경기도 군포시,한국야생동물보호협회,37.3615229,126.9349025
2025-04-01,기타,토끼,미상,경기도 시흥시,시흥동물누리보호센터,37.3798891,126.8032255
2025-04-01,개,믹스견,암컷,경기도 남양주시,남양주시동물보호센터,37.6359398,127.2165051
2025-04-01,개,믹스견,수컷,경기도 남양주시,남양주시동물보호센터,37.6359398,127.2165051
2025-04-01,개,믹스견,암컷,경기도 고양시,고양시동물보호센터,37.6581862,126.8319452
2025-04-01,개,푸들,수컷,경기도 평택시,평택시유기동물보호소,36.9924966,127.1127168
2025-04-01,개,믹스견,암컷,경기도 평택시,평택시유기동물보호소,36.9924966,127.1127168
2025-04-01,개,말티즈,수컷,경기도 부천시,정샘동물병원,37.5014422,126.7660139
2025-04-01,개,믹스견,수컷,경기도 안양시,한국야생동물보호협회,37.3938528,126.9570605
2025-04-01,개,믹스견,암컷,대전광역시 서구,대전동물보호센터,36.3551786,127.3838487
2025-04-01,고양이,한국 고양이,암컷,대구광역시 수성구,세인트동물병원,35.8584,128.6305
2025-04-01,개,믹스견,암컷,강원특별자치도 동해시,동해시동물보호센터,37.5245142,129.1146302
2025-03-31,개,믹스견,암컷,경상남도 합천군,태민동물보호센터,35.5664445,128.1658334
2025-03-31,개,믹스견,암컷,경상남도 합천군,태민동물보호센터,35.5664445,128.1658334
2025-03-31,개,삽살개,수컷,강원특별자치도 홍천군,홍천군유기동물보호소,37.6967,127.8888
2025-03-31,개,믹스견,수컷,경상북도 영천시,영천유기동물보호센터,35.98842,128.942
2025-03-31,개,믹스견,수컷,경상북도 영천시,영천유기동물보호센터,35.98842,128.942
2025-03-31,고양이,한국 고양이,수컷,부산광역시 영도구,부산동물보호센터,35.0908,129.0678
2025-03-31,개,믹스견,암컷,전라남도 완도군,유기동물임시보호센터,34.3110373,126.7553933
2025-03-31,개,믹스견,수컷,전북특별자치도 군산시,군산유기동물보호센터,35.9679984,126.7369036
2025-03-31,개,믹스견,암컷,전북특별자치도 군산시,군산유기동물보호센터,35.9679984,126.7369036
2025-03-31,개,믹스견,암컷,전북특별자치도 군산시,군산유기동물보호센터,35.9679984,126.7369036
2025-03-31,개,믹스견,수컷,인천광역시 계양구,신영재동물병원,37.5373539,126.7379078
2025-03-31,개,믹스견,수컷,인천광역시 계양구,신영재동물병원,37.5373539,126.7379078
2025-03-31,개,믹스견,암컷,인천광역시 계양구,신영재동물병원,37.5373539,126.7379078
2025-03-31,개,믹스견,암컷,인천광역시 계양구,신영재동물병원,37.5373539,126.7379078
2025-03-31,개,믹스견,수컷,인천광역시 계양구,신영재동물병원,37.5373539,126.7379078
2025-03-31,고양이,믹스묘,수컷,부산광역시 수영구,(사)동부동물보호협회,35.1454,129.1127
2025-03-31,고양이,믹스묘,수컷,부산광역시 수영구,(사)동부동물보호협회,35.1454,129.1127
2025-03-31,고양이,한국 고양이,미상,부산광역시 북구,부산동물보호센터,35.1969,128.9901999
2025-03-31,개,믹스견,수컷,제주특별자치도 제주특별자치도,제주 동물보호센터,33.4887737,126.4987083
2025-03-31,개,믹스견,수컷,경상남도 하동군,하동군유기동물보호소,35.0670735,127.7516778
2025-03-31,개,핏불테리어,미상,경상남도 고성군,고성군유기동물보호소,34.9732784,128.322233
2025-03-31,개,믹스견,암컷,경상남도 양산시,양산시 동물보호센터,35.3349979,129.0370582
2025-03-31,고양이,한국 고양이,암컷,경상남도 김해시,(사)동물보호관리협회,35.2310947,128.8908228
2025-03-31,개,믹스견,암컷,경상남도 김해시,(사)동물보호관리협회,35.2310947,128.8908228
2025-03-31,개,믹스견,암컷,경상남도 김해시,(사)동물보호관리협회,35.2310947,128.8908228
2025-03-31,개,믹스견,암컷,충청남도 논산시,논산시 동물보호센터,36.1868154,127.0987538
2025-03-31,개,믹스견,수컷,경기도 화성시,화성동물보호센터,37.1994653,126.8312632
2025-03-31,개,믹스견,암컷,경기도 고양시,고양시동물보호센터,37.6581862,126.8319452
2025-03-31,개,믹스견,암컷,울산광역시 울주군,울산유기동물보호센터,35.5222362,129.2423693
2025-03-31,개,웰시 코기 펨브로크,암컷,대전광역시 서구,대전동물보호센터,36.3551786,127.3838487
2025-03-31,개,라브라도 리트리버,수컷,인천광역시 남동구,인천광역시수의사회,37.446902,126.7315126
2025-03-31,고양이,한국 고양이,미상,부산광역시 중구,부산동물보호센터,35.106501,129.0325814
2025-03-31,개,믹스견,수컷,세종특별자치시 세종특별자치시,세종유기동물보호센터,36.4799999,127.289
2025-03-31,개,믹스견,수컷,경상남도 창원시,창원유기동물보호소,35.227956,128.6818586
2025-03-31,개,믹스견,암컷,경상남도 산청군,산청동물보호센터,35.4154624,127.873663
2025-03-31,개,푸들,암컷,경상남도 거제시,거제시유기동물보호소,34.8804677,128.621207
2025-03-31,개,믹스견,암컷,경상남도 진주시,진주시동물보호센터,35.1803459,128.1079953
2025-03-31,개,믹스견,암컷,경상북도 고령군,고령군 유기견 보호소,35.7258,128.2632
2025-03-31,개,믹스견,수컷,경상북도 고령군,고령군 유기견 보호소,35.7258,128.2632
2025-03-31,개,믹스견,암컷,경상북도 의성군,의성동물보호센터,36.3524,128.697
2025-03-31,개,믹스견,수컷,경상북도 의성군,의성동물보호센터,36.3524,128.697
2025-03-31,개,믹스견,암컷,경상북도 의성군,의성동물보호센터,36.3524,128.697
2025-03-31,개,믹스견,수컷,경상북도 의성군,의성동물보호센터,36.3524,128.697
2025-03-31,개,믹스견,수컷,경상북도 의성군,의성동물보호센터,36.3524,128.697
2025-03-31,개,믹스견,암컷,경상북도 의성군,의성동물보호센터,36.3524,128.697
2025-03-31,개,믹스견,수컷,경상북도 의성군,의성동물보호센터,36.3524,128.697
2025-03-31,개,믹스견,암컷,경상북도 의성군,의성동물보호센터,36.3524,128.697
2025-03-31,개,믹스견,수컷,경상북도 의성군,의성동물보호센터,36.3524,128.697
2025-03-31,개,믹스견,수컷,경상북도 의성군,의성동물보호센터,36.3524,128.697
2025-03-31,개,믹스견,암컷,경상북도 의성군,의성동물보호센터,36.3524,128.697
2025-03-31,개,믹스견,암컷,경상북도 경산시,경산시유기동물보호소,35.825122,128.741329
2025-03-31,개,포메라니안,암컷,경상북도 포항시,(사)영일동물플러스,36.0189315,129.3429384
2025-03-31,개,믹스견,수컷,전라남도 장성군,장성군동물보호센터,35.3017065,126.7844061
2025-03-31,개,믹스견,암컷,전라남도 광양시,광양시 임시보호소,34.9406452,127.6959512
2025-03-31,개,믹스견,수컷,전라남도 순천시,순천시유기동물보호소,34.9505457,127.4872992
2025-03-31,개,믹스견,암컷,전라남도 순천시,순천시유기동물보호소,34.9505457,127.4872992
2025-03-31,개,믹스견,암컷,전북특별자치도 김제시,전북말산업복합센터,35.803815,126.880557
2025-03-31,개,믹스견,수컷,전북특별자치도 김제시,전북말산업복합센터,35.803815,126.880557
2025-03-31,개,믹스견,수컷,전북특별자치도 전주시,프렌즈동물병원,35.8237631,127.1472805
2025-03-31,개,믹스견,암컷,전북특별자치도 전주시,효자동물병원,35.8237631,127.1472805
2025-03-31,개,믹스견,수컷,전북특별자치도 전주시,링크늘푸른동물병원,35.8237631,127.1472805
2025-03-31,개,푸들,수컷,충청남도 홍성군,금일동물보호센터,36.6010501,126.6611667
2025-03-31,개,푸들,암컷,충청남도 홍성군,금일동물보호센터,36.6010501,126.6611667
2025-03-31,개,믹스견,암컷,충청남도 논산시,논산시 동물보호센터,36.1868154,127.0987538
2025-03-31,개,푸들,수컷,충청북도 청주시,반려동물보호센터,36.6421169,127.4891742
2025-03-31,개,믹스견,수컷,충청북도 청주시,반려동물보호센터,36.6421169,127.4891742
2025-03-31,개,믹스견,수컷,충청북도 청주시,반려동물보호센터,36.6421169,127.4891742
2025-03-31,개,믹스견,암컷,충청북도 청주시,반려동물보호센터,36.6421169,127.4891742
2025-03-31,개,믹스견,수컷,충청북도 음성군,금왕동물병원,36.94,127.6906
2025-03-31,개,믹스견,암컷,충청북도 음성군,금왕동물병원,36.94,127.6906
2025-03-31,개,믹스견,암컷,충청북도 음성군,금왕동물병원,36.94,127.6906
2025-03-31,개,믹스견,암컷,충청북도 음성군,금왕동물병원,36.94,127.6906
2025-03-31,개,믹스견,수컷,충청북도 음성군,금왕동물병원,36.94,127.6906
2025-03-31,개,믹스견,수컷,충청북도 음성군,금왕동물병원,36.94,127.6906
2025-03-31,개,믹스견,수컷,충청북도 음성군,금왕동물병원,36.94,127.6906
2025-03-31,개,믹스견,수컷,충청북도 음성군,금왕동물병원,36.94,127.6906
2025-03-31,개,믹스견,수컷,경기도 화성시,화성동물보호센터,37.1994653,126.8312632
2025-03-31,개,믹스견,수컷,경기도 화성시,화성동물보호센터,37.1994653,126.8312632
2025-03-31,개,믹스견,암컷,경기도 화성시,화성동물보호센터,37.1994653,126.8312632
2025-03-31,개,믹스견,수컷,경기도 양평군,양평군유기동물보호소,37.4916,127.4875
2025-03-31,개,믹스견,수컷,경기도 시흥시,시흥동물누리보호센터,37.3798891,126.8032255
2025-03-31,개,믹스견,수컷,경기도 안산시,한국야생동물보호협회,37.3217152,126.8308604
2025-03-31,개,믹스견,암컷,경기도 평택시,평택시유기동물보호소,36.9924966,127.1127168
2025-03-31,개,믹스견,수컷,경기도 평택시,평택시유기동물보호소,36.9924966,127.1127168
2025-03-31,개,믹스견,수컷,경기도 평택시,평택시유기동물보호소,36.9924966,127.1127168
2025-03-31,개,믹스견,수컷,경기도 평택시,평택시유기동물보호소,36.9924966,127.1127168
2025-03-31,개,믹스견,수컷,광주광역시 광산구,광주동물보호센터,35.1396428,126.7938232
2025-03-31,개,믹스견,수컷,대구광역시 군위군,군위종합동물병원,36.2425017,128.5732027
2025-03-30,고양이,한국 고양이,암컷,부산광역시 영도구,부산동물보호센터,35.0908,129.0678
2025-03-30,개,믹스견,수컷,인천광역시 계양구,신영재동물병원,37.5373539,126.7379078
2025-03-30,개,믹스견,수컷,인천광역시 계양구,신영재동물병원,37.5373539,126.7379078
2025-03-30,개,믹스견,암컷,전북특별자치도 익산시,익산유기동물보호소,35.9479291,126.9578025
2025-03-30,개,믹스견,암컷,전북특별자치도 익산시,익산유기동물보호소,35.9479291,126.9578025
2025-03-30,개,믹스견,수컷,전북특별자치도 익산시,익산유기동물보호소,35.9479291,126.9578025
2025-03-30,개,믹스견,암컷,전북특별자치도 익산시,익산유기동물보호소,35.9479291,126.9578025
2025-03-30,개,믹스견,암컷,전북특별자치도 익산시,익산유기동물보호소,35.9479291,126.9578025
2025-03-30,개,믹스견,암컷,충청남도 보령시,보령시유기동물보호소,36.33401,126.613165
2025-03-30,고양이,한국 고양이,미상,부산광역시 북구,부산동물보호센터,35.1969,128.9901999
2025-03-30,고양이,한국 고양이,미상,부산광역시 북구,부산동물보호센터,35.1969,128.9901999
2025-03-30,개,믹스견,수컷,경상북도 안동시,유기동물보호센터,36.5634886,128.7260798
2025-03-30,개,믹스견,암컷,경상북도 안동시,유기동물보호센터,36.5634886,128.7260798
2025-03-30,개,푸들,암컷,전라남도 나주시,나주유기동물보호센터,35.0158859,126.7108313
2025-03-30,개,믹스견,암컷,전북특별자치도 부안군,부안군 동물보호센터,35.7316783,126.7330195
2025-03-30,개,믹스견,암컷,전북특별자치도 부안군,부안군 동물보호센터,35.7316783,126.7330195
2025-03-30,개,믹스견,암컷,전북특별자치도 부안군,부안군 동물보호센터,35.7316783,126.7330195
2025-03-30,개,믹스견,암컷,전북특별자치도 부안군,부안군 동물보호센터,35.7316783,126.7330195
2025-03-30,개,믹스견,암컷,전북특별자치도 부안군,부안군 동물보호센터,35.7316783,126.7330195
2025-03-30,개,믹스견,암컷,전북특별자치도 부안군,부안군 동물보호센터,35.7316783,126.7330195
2025-03-30,개,믹스견,수컷,인천광역시 미추홀구,인천광역시수의사회,37.4636,126.6502
2025-03-30,개,믹스견,암컷,부산광역시 사하구,(사)하얀비둘기,35.1041,128.9751
2025-03-30,고양이,한국 고양이,암컷,부산광역시 중구,부산동물보호센터,35.106501,129.0325814
2025-03-30,고양이,믹스묘,암컷,전북특별자치도 군산시,군산유기동물보호센터,35.9679984,126.7369036
2025-03-30,개,믹스견,수컷,충청북도 음성군,금왕동물병원,36.94,127.6906
2025-03-30,개,불독,수컷,충청북도 제천시,제천시 동물보호센터,37.1326042,128.1913508
2025-03-30,개,진도견,수컷,경기도 이천시,위더스 동물보호센터,37.2808823,127.4429132
2025-03-30,고양이,한국 고양이,수컷,경기도 이천시,위더스 동물보호센터,37.2808823,127.4429132
2025-03-30,고양이,한국 고양이,암컷,경기도 이천시,위더스 동물보호센터,37.2808823,127.4429132
2025-03-30,개,믹스견,암컷,경기도 이천시,위더스 동물보호센터,37.2808823,127.4429132
2025-03-30,개,믹스견,암컷,경기도 이천시,위더스 동물보호센터,37.2808823,127.4429132
2025-03-30,개,믹스견,수컷,경기도 남양주시,남양주시동물보호센터,37.6359398,127.2165051
2025-03-30,개,치와와,수컷,경기도 부천시,24시아이동물메디컬,37.5014422,126.7660139
2025-03-30,고양이,한국 고양이,수컷,경기도 성남시,펫앤쉘터동물병원,37.4201556,127.1262092
2025-03-29,개,믹스견,수컷,부산광역시 기장군,사단법인 동부,35.2447818,129.2215462
2025-03-29,개,믹스견,수컷,경상남도 양산시,양산시 동물보호센터,35.3349979,129.0370582
2025-03-29,개,믹스견,암컷,경상남도 김해시,(사)동물보호관리협회,35.2310947,128.8908228
2025-03-29,개,믹스견,암컷,충청남도 논산시,논산시 동물보호센터,36.1868154,127.0987538
2025-03-29,개,믹스견,수컷,충청남도 논산시,논산시 동물보호센터,36.1868154,127.0987538
2025-03-29,개,믹스견,수컷,충청남도 논산시,논산시 동물보호센터,36.1868154,127.0987538
2025-03-29,개,믹스견,수컷,인천광역시 서구,우리동물병원,37.545,126.676
2025-03-29,개,믹스견,암컷,경상남도 창녕군,창녕 유기동물보호소,35.5443876,128.4921938
2025-03-29,개,믹스견,암컷,경상남도 거제시,거제시유기동물보호소,34.8804677,128.621207
2025-03-29,개,믹스견,수컷,경상북도 영덕군,영덕유기동물보호센터,36.4149,129.3659
2025-03-29,개,믹스견,수컷,경상북도 포항시,(사)영일동물플러스,36.0189315,129.3429384
2025-03-29,개,믹스견,수컷,경상북도 포항시,(사)영일동물플러스,36.0189315,129.3429384
2025-03-29,개,믹스견,수컷,강원특별자치도 춘천시,춘천시 동물보호센터,37.8810569,127.7297641
2025-03-29,개,믹스견,수컷,경기도 양평군,양평군유기동물보호소,37.4916,127.4875
2025-03-29,고양이,아비시니안,수컷,경기도 부천시,정샘동물병원,37.5014422,126.7660139
2025-03-29,개,믹스견,수컷,경기도 부천시,가나동물병원,37.5014422,126.7660139
2025-03-28,개,믹스견,암컷,강원특별자치도 영월군,영월군 동물보호센터,37.1834983,128.4619814
2025-03-28,개,믹스견,암컷,강원특별자치도 횡성군,횡성유기동물보호센터,37.4916,127.985
2025-03-28,개,믹스견,암컷,부산광역시 북구,부산동물보호센터,35.1969,128.9901999
2025-03-28,개,믹스견,암컷,경상남도 김해시,(사)동물보호관리협회,35.2310947,128.8908228
2025-03-28,개,믹스견,암컷,전북특별자치도 임실군,임실유기동물보호센터,35.6174,127.2893
2025-03-28,개,믹스견,수컷,충청남도 공주시,공주시 동물보호센터,36.47257,127.09124
2025-03-28,개,치와와,수컷,인천광역시 미추홀구,인천광역시수의사회,37.4636,126.6502
2025-03-28,고양이,한국 고양이,암컷,부산광역시 중구,부산동물보호센터,35.106501,129.0325814
2025-03-28,고양이,한국 고양이,미상,부산광역시 중구,부산동물보호센터,35.106501,129.0325814
2025-03-28,개,믹스견,수컷,제주특별자치도 제주특별자치도,제주 동물보호센터,33.4887737,126.4987083
2025-03-28,개,믹스견,수컷,전라남도 해남군,해남유기동물보호센터,34.55269,126.52431
2025-03-28,개,믹스견,암컷,전북특별자치도 익산시,익산유기동물보호소,35.9479291,126.9578025
2025-03-28,개,믹스견,수컷,전북특별자치도 익산시,익산유기동물보호소,35.9479291,126.9578025
2025-03-28,개,믹스견,수컷,충청북도 충주시,충주시동물보호센터,36.9907334,127.9259891
2025-03-28,개,말티즈,수컷,울산광역시 동구,울산유기동물보호센터,35.5046663,129.4170114
2025-03-28,개,믹스견,수컷,대구광역시 군위군,군위종합동물병원,36.2425017,128.5732027
2025-03-28,개,믹스견,수컷,경상남도 창원시,창원유기동물보호소,35.227956,128.6818586
2025-03-28,개,믹스견,수컷,경상남도 양산시,양산시 동물보호센터,35.3349979,129.0370582
2025-03-28,개,믹스견,수컷,경상남도 사천시,사천시 동물보호센터,35.003468,128.064562
2025-03-28,개,믹스견,수컷,경상북도 봉화군,봉화군유기동물보호소,36.8925,128.7324
2025-03-28,개,믹스견,수컷,경상북도 봉화군,봉화군유기동물보호소,36.8925,128.7324
2025-03-28,개,포메라니안믹스견,암컷,경상북도 성주군,성주유기동물보호센터,35.9190065,128.283486
2025-03-28,개,믹스견,암컷,경상북도 청도군,청도군동물보호센터,35.6473012,128.7348468
2025-03-28,개,믹스견,암컷,경상북도 청도군,청도군동물보호센터,35.6473012,128.7348468
2025-03-28,개,믹스견,수컷,경상북도 청도군,청도군동물보호센터,35.6473012,128.7348468
2025-03-28,개,믹스견,수컷,경상북도 청도군,청도군동물보호센터,35.6473012,128.7348468
2025-03-28,개,풍산견,수컷,경상북도 영덕군,영덕유기동물보호센터,36.4149,129.3659
2025-03-28,개,믹스견,암컷,경상북도 영덕군,영덕유기동물보호센터,36.4149,129.3659
2025-03-28,개,믹스견,암컷,경상북도 영덕군,영덕유기동물보호센터,36.4149,129.3659
2025-03-28,개,믹스견,수컷,경상북도 영덕군,영덕유기동물보호센터,36.4149,129.3659
2025-03-28,개,믹스견,암컷,경상북도 영덕군,영덕유기동물보호센터,36.4149,129.3659
2025-03-28,개,믹스견,수컷,경상북도 김천시,김천시 동물보호센터,36.1398035,128.1139534
2025-03-28,개,믹스견,암컷,경상북도 포항시,(사)영일동물플러스,36.0189315,129.3429384
2025-03-28,개,치와와,수컷,경상북도 포항시,(사)영일동물플러스,36.0189315,129.3429384
2025-03-28,개,믹스견,암컷,전라남도 신안군,신안군유기동물보호소,34.8331095,126.3522531
2025-03-28,개,믹스견,암컷,전라남도 신안군,신안군유기동물보호소,34.8331095,126.3522531
2025-03-28,개,포인터,수컷,전라남도 함평군,학교임시동물보호센터,35.0656537,126.5166414
2025-03-28,개,믹스견,암컷,전라남도 광양시,광양시 임시보호소,34.9406452,127.6959512
2025-03-28,개,믹스견,암컷,전라남도 순천시,순천시유기동물보호소,34.9505457,127.4872992
2025-03-28,개,믹스견,암컷,전라남도 순천시,순천시유기동물보호소,34.9505457,127.4872992
2025-03-28,개,믹스견,암컷,전라남도 순천시,순천시유기동물보호소,34.9505457,127.4872992
2025-03-28,개,믹스견,암컷,전라남도 순천시,순천시유기동물보호소,34.9505457,127.4872992
2025-03-28,고양이,믹스묘,수컷,전북특별자치도 군산시,군산유기동물보호센터,35.9679984,126.7369036
2025-03-28,개,믹스견,암컷,전북특별자치도 전주시,21세기동물병원,35.8237631,127.1472805
2025-03-28,개,믹스견,암컷,충청남도 당진시,당진시동물보호소,36.8904083,126.6461833
2025-03-28,개,믹스견,수컷,충청남도 당진시,당진시동물보호소,36.8904083,126.6461833
2025-03-28,개,믹스견,수컷,충청남도 부여군,남부여동물보호소,36.2753678,126.910107
2025-03-28,개,푸들,수컷,충청남도 서산시,서산시 동물보호센터,36.784499,126.450317
2025-03-28,개,포메라니안,수컷,충청남도 아산시,아산동물복지지원센터,36.7899498,127.0026769
2025-03-28,고양이,한국 고양이,수컷,충청남도 보령시,보령길고양이보호협회,36.33401,126.613165
2025-03-28,고양이,믹스묘,수컷,충청북도 음성군,금왕동물병원,36.94,127.6906
2025-03-28,고양이,믹스묘,암컷,충청북도 음성군,금왕동물병원,36.94,127.6906
2025-03-28,고양이,믹스묘,암컷,충청북도 음성군,금왕동물병원,36.94,127.6906
2025-03-28,고양이,믹스묘,수컷,충청북도 음성군,금왕동물병원,36.94,127.6906
2025-03-28,고양이,믹스묘,암컷,충청북도 음성군,금왕동물병원,36.94,127.6906
2025-03-28,개,믹스견,암컷,강원특별자치도 철원군,철원군,38.1468023,127.3133
2025-03-28,개,믹스견,수컷,경기도 군포시,한국야생동물보호협회,37.3615229,126.9349025
2025-03-28,개,믹스견,암컷,경기도 평택시,평택시유기동물보호소,36.9924966,127.1127168
2025-03-28,개,믹스견,수컷,경기도 평택시,평택시유기동물보호소,36.9924966,127.1127168
2025-03-28,개,믹스견,암컷,경기도 평택시,평택시유기동물보호소,36.9924966,127.1127168
2025-03-28,개,믹스견,수컷,인천광역시 강화군,디디동물병원,37.746,126.488
2025-03-28,개,믹스견,수컷,대구광역시 군위군,군위종합동물병원,36.2425017,128.5732027
2025-03-28,개,믹스견,수컷,대구광역시 군위군,군위종합동물병원,36.2425017,128.5732027
2025-03-28,개,믹스견,수컷,대구광역시 군위군,군위종합동물병원,36.2425017,128.5732027
2025-03-28,개,믹스견,수컷,대구광역시 군위군,군위종합동물병원,36.2425017,128.5732027
2025-03-28,개,믹스견,수컷,대구광역시 군위군,군위종합동물병원,36.2425017,128.5732027
2025-03-28,개,믹스견,암컷,대구광역시 군위군,군위종합동물병원,36.2425017,128.5732027
2025-03-27,개,진도견,수컷,경상남도 거창군,나래동물병원,35.6872871,127.9138505
2025-03-27,개,말라뮤트,수컷,경상북도 안동시,유기동물보호센터,36.5634886,128.7260798
2025-03-27,개,말라뮤트,수컷,경상북도 안동시,유기동물보호센터,36.5634886,128.7260798
2025-03-27,개,믹스견,미상,경상북도 안동시,유기동물보호센터,36.5634886,128.7260798
2025-03-27,개,믹스견,수컷,경상북도 안동시,유기동물보호센터,36.5634886,128.7260798
2025-03-27,개,믹스견,암컷,부산광역시 해운대구,동부유기동물보호협회,35.1629,129.1638
2025-03-27,개,믹스견,수컷,부산광역시 해운대구,동부유기동물보호협회,35.1629,129.1638
2025-03-27,개,믹스견,수컷,부산광역시 해운대구,동부유기동물보호협회,35.1629,129.1638
2025-03-27,개,믹스견,암컷,경기도 광주시,광주TNR동물병원초월,37.4290844,127.255189
2025-03-27,개,믹스견,수컷,전라남도 해남군,해남유기동물보호센터,34.55269,126.52431
2025-03-27,개,믹스견,암컷,전라남도 해남군,해남유기동물보호센터,34.55269,126.52431
2025-03-27,개,믹스견,수컷,전라남도 해남군,해남유기동물보호센터,34.55269,126.52431
2025-03-27,개,믹스견,암컷,전라남도 해남군,해남유기동물보호센터,34.55269,126.52431
2025-03-27,개,믹스견,암컷,전라남도 강진군,강진군 유기견 보호소,34.641917,126.7669591
2025-03-27,고양이,믹스묘,수컷,충청남도 아산시,아산동물복지지원센터,36.7899498,127.0026769
2025-03-27,개,믹스견,수컷,충청남도 공주시,공주시 동물보호센터,36.47257,127.09124
2025-03-27,개,믹스견,수컷,충청남도 공주시,공주시 동물보호센터,36.47257,127.09124
2025-03-27,개,믹스견,암컷,강원특별자치도 강릉시,강릉시 동물사랑센터,37.7525313,128.8759523
2025-03-27,고양이,한국 고양이,수컷,서울특별시 강동구,둔촌동물병원,37.53,127.1237
2025-03-27,개,스피츠,수컷,서울특별시 동작구,디아크동물종합병원,37.5120999,126.9395
2025-03-27,기타,돼지,수컷,세종특별자치시 세종특별자치시,세종유기동물보호센터,36.4799999,127.289
2025-03-27,개,믹스견,암컷,경상남도 창원시,창원유기동물보호소,35.227956,128.6818586
2025-03-27,개,믹스견,수컷,경상남도 창원시,창원유기동물보호소,35.227956,128.6818586
2025-03-27,개,믹스견,암컷,경상남도 합천군,태민동물보호센터,35.5664445,128.1658334
2025-03-27,개,믹스견,암컷,경상남도 합천군,태민동물보호센터,35.5664445,128.1658334
2025-03-27,개,믹스견,수컷,경상남도 합천군,태민동물보호센터,35.5664445,128.1658334
2025-03-27,개,믹스견,수컷,경상남도 합천군,태민동물보호센터,35.5664445,128.1658334
2025-03-27,개,믹스견,암컷,경상남도 합천군,태민동물보호센터,35.5664445,128.1658334
2025-03-27,개,믹스견,암컷,경상남도 남해군,남해군동물보호센터,34.8374437,127.8925589
2025-03-27,개,믹스견,암컷,경상남도 창녕군,창녕 유기동물보호소,35.5443876,128.4921938
2025-03-27,개,믹스견,암컷,경상남도 창녕군,창녕 유기동물보호소,35.5443876,128.4921938
2025-03-27,개,믹스견,암컷,경상남도 창녕군,창녕 유기동물보호소,35.5443876,128.4921938
2025-03-27,개,믹스견,수컷,경상남도 사천시,사천시 동물보호센터,35.003468,128.064562
2025-03-27,개,믹스견,암컷,경상남도 진주시,진주시동물보호센터,35.1803459,128.1079953
2025-03-27,개,믹스견,암컷,경상북도 김천시,김천시 동물보호센터,36.1398035,128.1139534
2025-03-27,개,믹스견,수컷,경상북도 김천시,김천시 동물보호센터,36.1398035,128.1139534
2025-03-27,개,믹스견,수컷,경상북도 김천시,김천시 동물보호센터,36.1398035,128.1139534
2025-03-27,개,믹스견,암컷,경상북도 포항시,(사)영일동물플러스,36.0189315,129.3429384
2025-03-27,개,믹스견,암컷,경상북도 포항시,(사)영일동물플러스,36.0189315,129.3429384
2025-03-27,개,믹스견,암컷,전라남도 고흥군,고흥군임시보호센터,34.6044123,127.276384
2025-03-27,개,믹스견,암컷,전라남도 고흥군,고흥군임시보호센터,34.6044123,127.276384
2025-03-27,개,믹스견,수컷,전라남도 고흥군,고흥군임시보호센터,34.6044123,127.276384
2025-03-27,개,믹스견,암컷,전라남도 고흥군,고흥군임시보호센터,34.6044123,127.276384
2025-03-27,개,믹스견,암컷,전라남도 고흥군,고흥군임시보호센터,34.6044123,127.276384
2025-03-27,개,믹스견,수컷,전라남도 고흥군,고흥군임시보호센터,34.6044123,127.276384
2025-03-27,개,믹스견,암컷,전라남도 고흥군,고흥군임시보호센터,34.6044123,127.276384
2025-03-27,개,믹스견,수컷,전라남도 고흥군,고흥군임시보호센터,34.6044123,127.276384
2025-03-27,개,믹스견,암컷,전라남도 고흥군,고흥군임시보호센터,34.6044123,127.276384
2025-03-27,개,믹스견,암컷,전라남도 고흥군,고흥군임시보호센터,34.6044123,127.276384
2025-03-27,개,믹스견,암컷,전라남도 고흥군,고흥군임시보호센터,34.6044123,127.276384
2025-03-27,개,믹스견,암컷,전라남도 고흥군,고흥군임시보호센터,34.6044123,127.276384
2025-03-27,개,믹스견,수컷,전라남도 고흥군,고흥군임시보호센터,34.6044123,127.276384
2025-03-27,개,믹스견,암컷,전라남도 고흥군,고흥군임시보호센터,34.6044123,127.276384
2025-03-27,개,믹스견,암컷,전라남도 고흥군,고흥군임시보호센터,34.6044123,127.276384
2025-03-27,개,믹스견,암컷,전라남도 고흥군,고흥군임시보호센터,34.6044123,127.276384
2025-03-27,개,믹스견,수컷,전라남도 고흥군,고흥군임시보호센터,34.6044123,127.276384
2025-03-27,개,믹스견,암컷,전라남도 고흥군,고흥군임시보호센터,34.6044123,127.276384
2025-03-27,개,믹스견,암컷,충청남도 홍성군,금일동물보호센터,36.6010501,126.6611667
2025-03-27,개,믹스견,수컷,충청남도 홍성군,금일동물보호센터,36.6010501,126.6611667
2025-03-27,개,믹스견,암컷,충청남도 홍성군,금일동물보호센터,36.6010501,126.6611667
2025-03-27,개,믹스견,암컷,충청북도 음성군,금왕동물병원,36.94,127.6906
2025-03-27,개,믹스견,암컷,충청북도 음성군,금왕동물병원,36.94,127.6906
2025-03-27,개,믹스견,수컷,충청북도 음성군,금왕동물병원,36.94,127.6906
2025-03-27,개,믹스견,수컷,충청북도 음성군,금왕동물병원,36.94,127.6906
2025-03-27,개,믹스견,암컷,경기도 화성시,화성동물보호센터,37.1994653,126.8312632
2025-03-27,개,믹스견,암컷,경기도 화성시,화성동물보호센터,37.1994653,126.8312632
2025-03-27,개,믹스견,수컷,경기도 화성시,화성동물보호센터,37.1994653,126.8312632
2025-03-27,개,믹스견,암컷,경기도 화성시,화성동물보호센터,37.1994653,126.8312632
2025-03-27,개,믹스견,수컷,경기도 화성시,화성동물보호센터,37.1994653,126.8312632
2025-03-27,개,푸들,수컷,경기도 시흥시,시흥동물누리보호센터,37.3798891,126.8032255
2025-03-27,개,말티즈,수컷,경기도 시흥시,시흥동물누리보호센터,37.3798891,126.8032255
2025-03-27,개,비숑 프리제,수컷,경기도 시흥시,시흥동물누리보호센터,37.3798891,126.8032255
2025-03-27,개,포메라니안,암컷,경기도 안산시,한국야생동물보호협회,37.3217152,126.8308604
2025-03-27,개,믹스견,암컷,경기도 평택시,평택시유기동물보호소,36.9924966,127.1127168
2025-03-27,개,믹스견,수컷,경기도 평택시,평택시유기동물보호소,36.9924966,127.1127168
2025-03-27,개,믹스견,수컷,경기도 평택시,평택시유기동물보호소,36.9924966,127.1127168
2025-03-27,개,믹스견,암컷,경기도 평택시,평택시유기동물보호소,36.9924966,127.1127168
2025-03-27,개,믹스견,수컷,울산광역시 북구,울산유기동물보호센터,35.5826,129.3604
2025-03-27,개,미니어쳐 핀셔,수컷,울산광역시 남구,울산유기동물보호센터,35.4984869,129.3459362
2025-03-27,개,진도견,암컷,인천광역시 서구,가정동물병원,37.545,126.676
2025-03-27,기타,토끼,미상,서울특별시 동대문구,동대문구청,37.5741982,127.0395092
2025-03-27,기타,토끼,미상,서울특별시 동대문구,동대문구청,37.5741982,127.0395092
2025-03-27,기타,토끼,미상,서울특별시 동대문구,동대문구청,37.5741982,127.0395092
2025-03-27,기타,토끼,미상,서울특별시 동대문구,동대문구청,37.5741982,127.0395092
2025-03-27,기타,토끼,미상,서울특별시 동대문구,동대문구청,37.5741982,127.0395092
2025-03-27,기타,토끼,미상,서울특별시 동대문구,동대문구청,37.5741982,127.0395092
2025-03-27,고양이,한국 고양이,암컷,서울특별시 동대문구,동대문구청,37.5741982,127.0395092
2025-03-27,고양이,한국 고양이,암컷,서울특별시 동대문구,동대문구청,37.5741982,127.0395092
2025-03-26,개,믹스견,수컷,전라남도 담양군,담양군 동물보호센터,35.320878,126.9883238
2025-03-26,개,믹스견,암컷,전라남도 곡성군,곡성군동물보호소,35.2818969,127.2914673
2025-03-26,개,믹스견,수컷,대전광역시 중구,대전동물보호센터,36.29812,127.4148
2025-03-26,개,믹스견,수컷,경상북도 경산시,경산시유기동물보호소,35.825122,128.741329
2025-03-26,개,믹스견,암컷,경상남도 합천군,태민동물보호센터,35.5664445,128.1658334
2025-03-26,개,믹스견,암컷,경상남도 합천군,태민동물보호센터,35.5664445,128.1658334
2025-03-26,개,믹스견,수컷,경상남도 합천군,태민동물보호센터,35.5664445,128.1658334
2025-03-26,개,믹스견,암컷,경상남도 합천군,태민동물보호센터,35.5664445,128.1658334
2025-03-26,개,믹스견,수컷,경상남도 합천군,태민동물보호센터,35.5664445,128.1658334
2025-03-26,개,믹스견,암컷,경상남도 합천군,태민동물보호센터,35.5664445,128.1658334
2025-03-26,개,믹스견,수컷,경상남도 양산시,양산시 동물보호센터,35.3349979,129.0370582
2025-03-26,개,믹스견,수컷,경상남도 양산시,양산시 동물보호센터,35.3349979,129.0370582
2025-03-26,개,믹스견,수컷,경상남도 김해시,(사)동물보호관리협회,35.2310947,128.8908228
2025-03-26,개,믹스견,암컷,경상남도 김해시,(사)동물보호관리협회,35.2310947,128.8908228
2025-03-26,개,믹스견,수컷,경상북도 울진군,울진군동물보호센터,36.993,129.4006
2025-03-26,개,믹스견,수컷,전라남도 해남군,해남유기동물보호센터,34.55269,126.52431
2025-03-26,개,믹스견,암컷,전라남도 해남군,해남유기동물보호센터,34.55269,126.52431
2025-03-26,개,믹스견,암컷,전라남도 해남군,해남유기동물보호센터,34.55269,126.52431
2025-03-26,개,믹스견,수컷,전라남도 해남군,해남유기동물보호센터,34.55269,126.52431
2025-03-26,개,믹스견,암컷,전라남도 해남군,해남유기동물보호센터,34.55269,126.52431
2025-03-26,개,믹스견,암컷,전북특별자치도 익산시,익산유기동물보호소,35.9479291,126.9578025
2025-03-26,개,캐벌리어 킹 찰스 스파니엘,수컷,충청남도 아산시,아산동물복지지원센터,36.7899498,127.0026769
2025-03-26,개,믹스견,수컷,경기도 안성시,안성시 동물보호센터,37.007773,127.279971
2025-03-26,개,믹스견,수컷,경기도 안성시,안성시 동물보호센터,37.007773,127.279971
2025-03-26,개,믹스견,암컷,경기도 파주시,한국동물구조관리협회,37.7598955,126.7801502
2025-03-26,개,믹스견,수컷,경기도 용인시,용인시 동물보호센터,37.2405741,127.1785572
2025-03-26,고양이,한국 고양이,수컷,경기도 수원시,수원시 동물보호센터,37.2633325,127.0287472
2025-03-26,개,믹스견,수컷,인천광역시 미추홀구,인천광역시수의사회,37.4636,126.6502
2025-03-26,개,믹스견,암컷,인천광역시 미추홀구,인천광역시수의사회,37.4636,126.6502
2025-03-26,개,믹스견,암컷,부산광역시 중구,부산동물보호센터,35.106501,129.0325814
2025-03-26,개,푸들,암컷,강원특별자치도 춘천시,춘천시 동물보호센터,37.8810569,127.7297641
2025-03-26,개,믹스견,암컷,경상남도 창원시,창원유기동물보호소,35.227956,128.6818586
2025-03-26,개,믹스견,암컷,경상남도 창녕군,창녕 유기동물보호소,35.5443876,128.4921938
2025-03-26,개,믹스견,수컷,경상남도 창녕군,창녕 유기동물보호소,35.5443876,128.4921938
2025-03-26,개,믹스견,암컷,경상남도 거제시,거제시유기동물보호소,34.8804677,128.621207
2025-03-26,개,믹스견,암컷,경상남도 거제시,거제시유기동물보호소,34.8804677,128.621207
2025-03-26,개,믹스견,암컷,경상남도 사천시,사천시 동물보호센터,35.003468,128.064562
2025-03-26,고양이,한국 고양이,수컷,경상북도 경산시,경산시유기동물보호소,35.825122,128.741329
2025-03-26,개,믹스견,암컷,경상북도 경산시,경산시유기동물보호소,35.825122,128.741329
2025-03-26,개,믹스견,암컷,경상북도 경산시,경산시유기동물보호소,35.825122,128.741329
2025-03-26,개,믹스견,수컷,경상북도 경산시,경산시유기동물보호소,35.825122,128.741329
2025-03-26,개,믹스견,수컷,경상북도 김천시,김천시 동물보호센터,36.1398035,128.1139534
2025-03-26,개,믹스견,암컷,경상북도 포항시,(사)영일동물플러스,36.0189315,129.3429384
2025-03-26,개,믹스견,암컷,경상북도 포항시,(사)영일동물플러스,36.0189315,129.3429384
2025-03-26,개,믹스견,암컷,경상북도 포항시,(사)영일동물플러스,36.0189315,129.3429384
2025-03-26,개,믹스견,암컷,경상북도 포항시,(사)영일동물플러스,36.0189315,129.3429384
2025-03-26,개,믹스견,수컷,경상북도 포항시,(사)영일동물플러스,36.0189315,129.3429384
2025-03-26,개,믹스견,암컷,전라남도 장성군,장성군동물보호센터,35.3017065,126.7844061
2025-03-26,개,믹스견,수컷,전라남도 장성군,장성군동물보호센터,35.3017065,126.7844061
2025-03-26,개,믹스견,암컷,전라남도 장성군,장성군동물보호센터,35.3017065,126.7844061
2025-03-26,개,푸들,암컷,전라남도 화순군,화순군유기동물보호소,35.0643095,126.9864311
2025-03-26,개,포메라니안,암컷,전라남도 목포시,목포시유기동물보호소,34.7903335,126.3847547
2025-03-26,개,믹스견,수컷,전라남도 목포시,목포시유기동물보호소,34.7903335,126.3847547
2025-03-26,개,믹스견,암컷,전라남도 목포시,목포시유기동물보호소,34.7903335,126.3847547
2025-03-26,개,믹스견,수컷,전북특별자치도 부안군,부안군 동물보호센터,35.7316783,126.7330195
2025-03-26,개,믹스견,암컷,전북특별자치도 김제시,전북말산업복합센터,35.803815,126.880557
2025-03-26,개,믹스견,암컷,강원특별자치도 고성군,유기견임시보호소,38.3808,128.4678
2025-03-26,개,믹스견,암컷,강원특별자치도 속초시,속초시유기동물보호소,38.2069574,128.5913424
2025-03-26,개,믹스견,수컷,경기도 화성시,화성동물보호센터,37.1994653,126.8312632
2025-03-26,개,믹스견,암컷,경기도 화성시,화성동물보호센터,37.1994653,126.8312632
2025-03-26,개,스탠다드 푸들,수컷,경기도 양평군,양평군유기동물보호소,37.4916,127.4875
2025-03-26,개,믹스견,암컷,경기도 고양시,고양시동물보호센터,37.6581862,126.8319452
2025-03-26,고양이,한국 고양이,수컷,경기도 평택시,평택시유기동물보호소,36.9924966,127.1127168
2025-03-26,개,믹스견,암컷,경기도 평택시,평택시유기동물보호소,36.9924966,127.1127168
2025-03-26,개,믹스견,암컷,경기도 평택시,평택시유기동물보호소,36.9924966,127.1127168
2025-03-26,개,믹스견,수컷,경기도 평택시,평택시유기동물보호소,36.9924966,127.1127168
2025-03-26,개,말티즈,수컷,경기도 평택시,평택시유기동물보호소,36.9924966,127.1127168
2025-03-25,기타,말,수컷,제주특별자치도 제주시,제주에니멀119(주),33.4998289,126.5313902
2025-03-25,개,믹스견,암컷,경상북도 울진군,울진군동물보호센터,36.993,129.4006
2025-03-25,개,믹스견,수컷,경상북도 울진군,울진군동물보호센터,36.993,129.4006
2025-03-25,개,믹스견,암컷,전북특별자치도 익산시,익산유기동물보호소,35.9479291,126.9578025
2025-03-25,개,푸들,수컷,강원특별자치도 원주시,원주시동물보호센터,37.3420996,127.9197603
2025-03-25,고양이,믹스묘,암컷,부산광역시 해운대구,동부유기동물보호협회,35.1629,129.1638
2025-03-25,개,믹스견,수컷,경상북도 포항시,(사)영일동물플러스,36.0189315,129.3429384
2025-03-25,개,믹스견,수컷,전라남도 해남군,해남유기동물보호센터,34.55269,126.52431
2025-03-25,개,믹스견,수컷,전라남도 해남군,해남유기동물보호센터,34.55269,126.52431
2025-03-25,개,믹스견,암컷,충청남도 홍성군,금일동물보호센터,36.6010501,126.6611667
2025-03-25,개,믹스견,수컷,충청남도 홍성군,금일동물보호센터,36.6010501,126.6611667
2025-03-25,개,믹스견,수컷,충청남도 홍성군,금일동물보호센터,36.6010501,126.6611667
2025-03-25,개,믹스견,수컷,충청남도 홍성군,금일동물보호센터,36.6010501,126.6611667
2025-03-25,개,믹스견,수컷,충청남도 홍성군,금일동물보호센터,36.6010501,126.6611667
2025-03-25,개,믹스견,수컷,충청남도 홍성군,금일동물보호센터,36.6010501,126.6611667
2025-03-25,개,믹스견,암컷,충청남도 홍성군,금일동물보호센터,36.6010501,126.6611667
2025-03-25,개,믹스견,암컷,충청남도 홍성군,금일동물보호센터,36.6010501,126.6611667
2025-03-25,개,믹스견,암컷,충청남도 홍성군,금일동물보호센터,36.6010501,126.6611667
2025-03-25,개,믹스견,암컷,충청남도 논산시,논산시 동물보호센터,36.1868154,127.0987538
2025-03-25,개,믹스견,수컷,강원특별자치도 삼척시,삼척시동물보호센터,37.4498745,129.1652969
2025-03-25,개,믹스견,수컷,경기도 고양시,고양시동물보호센터,37.6581862,126.8319452
2025-03-25,개,믹스견,암컷,경기도 고양시,고양시동물보호센터,37.6581862,126.8319452
2025-03-25,개,믹스견,수컷,경기도 고양시,고양시동물보호센터,37.6581862,126.8319452
2025-03-25,개,믹스견,수컷,경기도 고양시,고양시동물보호센터,37.6581862,126.8319452
2025-03-25,개,믹스견,암컷,경기도 고양시,고양시동물보호센터,37.6581862,126.8319452
2025-03-25,개,믹스견,수컷,경기도 안산시,한국야생동물보호협회,37.3217152,126.8308604
2025-03-25,고양이,한국 고양이,수컷,경기도 안산시,한국야생동물보호협회,37.3217152,126.8308604
2025-03-25,개,믹스견,암컷,울산광역시 울주군,울산유기동물보호센터,35.5222362,129.2423693
2025-03-25,개,믹스견,수컷,인천광역시 옹진군,인천수의사회유기동물,37.533,126.429
2025-03-25,고양이,믹스묘,암컷,부산광역시 금정구,동부동물보호협회,35.2429,129.0926
2025-03-25,고양이,믹스묘,수컷,부산광역시 금정구,동부동물보호협회,35.2429,129.0926
2025-03-25,기타,말,수컷,제주특별자치도 제주시,제주에니멀119(주),33.4998289,126.5313902
2025-03-25,개,믹스견,수컷,경상남도 의령군,의령군 동물보호센터,35.322003,128.2617827
2025-03-25,개,믹스견,암컷,경상남도 의령군,의령군 동물보호센터,35.322003,128.2617827
2025-03-25,개,믹스견,수컷,경상남도 사천시,사천시 동물보호센터,35.003468,128.064562
2025-03-25,개,믹스견,암컷,경상남도 사천시,사천시 동물보호센터,35.003468,128.064562
2025-03-25,개,믹스견,암컷,경상남도 사천시,사천시 동물보호센터,35.003468,128.064562
2025-03-25,개,믹스견,암컷,경상남도 진주시,진주시동물보호센터,35.1803459,128.1079953
2025-03-25,개,풍산견,수컷,경상남도 진주시,진주시동물보호센터,35.1803459,128.1079953
2025-03-25,개,믹스견,암컷,경상남도 진주시,진주시동물보호센터,35.1803459,128.1079953
2025-03-25,개,믹스견,수컷,경상북도 성주군,성주유기동물보호센터,35.9190065,128.283486
2025-03-25,개,믹스견,암컷,경상북도 성주군,성주유기동물보호센터,35.9190065,128.283486
2025-03-25,개,믹스견,수컷,경상북도 포항시,(사)영일동물플러스,36.0189315,129.3429384
2025-03-25,개,믹스견,암컷,경상북도 포항시,(사)영일동물플러스,36.0189315,129.3429384
2025-03-25,개,믹스견,암컷,전라남도 광양시,광양시 임시보호소,34.9406452,127.6959512
2025-03-25,개,믹스견,수컷,전라남도 순천시,순천시유기동물보호소,34.9505457,127.4872992
2025-03-25,개,비숑 프리제,암컷,전라남도 목포시,목포시유기동물보호소,34.7903335,126.3847547
2025-03-25,개,믹스견,암컷,전북특별자치도 완주군,완주군유기동물보호소,35.9039,127.1622
2025-03-25,개,믹스견,암컷,전북특별자치도 남원시,하나동물병원,35.4163118,127.3903713
2025-03-25,개,믹스견,수컷,전북특별자치도 정읍시,정읍시 동물보호소,35.5697678,126.8559787
2025-03-25,개,믹스견,수컷,전북특별자치도 정읍시,정읍시 동물보호소,35.5697678,126.8559787
2025-03-25,개,믹스견,암컷,전북특별자치도 정읍시,정읍시 동물보호소,35.5697678,126.8559787
2025-03-25,개,믹스견,수컷,전북특별자치도 전주시,박영재동물병원,35.8237631,127.1472805
2025-03-25,고양이,페르시안,암컷,충청북도 청주시,반려동물보호센터,36.6421169,127.4891742
2025-03-25,개,믹스견,암컷,충청북도 음성군,금왕동물병원,36.94,127.6906
2025-03-25,개,믹스견,암컷,충청북도 음성군,금왕동물병원,36.94,127.6906
2025-03-25,개,믹스견,암컷,충청북도 제천시,제천시 동물보호센터,37.1326042,128.1913508
2025-03-25,개,믹스견,수컷,충청북도 제천시,제천시 동물보호센터,37.1326042,128.1913508
2025-03-25,개,믹스견,수컷,강원특별자치도 동해시,동해시동물보호센터,37.5245142,129.1146302
2025-03-25,개,믹스견,암컷,경기도 광주시,광주TNR동물병원초월,37.4290844,127.255189
2025-03-25,개,믹스견,암컷,경기도 광주시,광주TNR동물병원초월,37.4290844,127.255189
2025-03-25,개,포메라니안,수컷,경기도 화성시,화성동물보호센터,37.1994653,126.8312632
2025-03-25,개,비글,암컷,경기도 화성시,화성동물보호센터,37.1994653,126.8312632
2025-03-25,개,믹스견,암컷,경기도 양평군,양평군유기동물보호소,37.4916,127.4875
2025-03-25,개,믹스견,암컷,경기도 양평군,양평군유기동물보호소,37.4916,127.4875
2025-03-25,개,믹스견,암컷,경기도 양평군,양평군유기동물보호소,37.4916,127.4875
2025-03-25,개,믹스견,암컷,경기도 양평군,양평군유기동물보호소,37.4916,127.4875
2025-03-25,개,믹스견,암컷,경기도 양평군,양평군유기동물보호소,37.4916,127.4875
2025-03-25,개,믹스견,암컷,경기도 양평군,양평군유기동물보호소,37.4916,127.4875
2025-03-25,개,믹스견,암컷,경기도 양평군,양평군유기동물보호소,37.4916,127.4875
2025-03-25,개,믹스견,암컷,경기도 양평군,양평군유기동물보호소,37.4916,127.4875
2025-03-25,개,믹스견,수컷,경기도 시흥시,시흥동물누리보호센터,37.3798891,126.8032255
2025-03-25,개,믹스견,수컷,경기도 시흥시,시흥동물누리보호센터,37.3798891,126.8032255
2025-03-25,개,믹스견,수컷,경기도 시흥시,시흥동물누리보호센터,37.3798891,126.8032255
2025-03-25,개,믹스견,암컷,경기도 시흥시,시흥동물누리보호센터,37.3798891,126.8032255
2025-03-25,개,믹스견,수컷,경기도 시흥시,시흥동물누리보호센터,37.3798891,126.8032255
2025-03-25,개,믹스견,암컷,경기도 시흥시,시흥동물누리보호센터,37.3798891,126.8032255
2025-03-25,개,믹스견,암컷,경기도 고양시,고양시동물보호센터,37.6581862,126.8319452
2025-03-25,개,믹스견,수컷,경기도 평택시,평택시유기동물보호소,36.9924966,127.1127168
2025-03-25,개,믹스견,암컷,경기도 평택시,평택시유기동물보호소,36.9924966,127.1127168
2025-03-25,개,믹스견,수컷,경기도 평택시,평택시유기동물보호소,36.9924966,127.1127168
2025-03-25,개,믹스견,암컷,경기도 평택시,평택시유기동물보호소,36.9924966,127.1127168
2025-03-25,개,믹스견,암컷,경기도 평택시,평택시유기동물보호소,36.9924966,127.1127168
2025-03-25,개,요크셔 테리어,암컷,경기도 평택시,평택시유기동물보호소,36.9924966,127.1127168
2025-03-25,개,믹스견,암컷,광주광역시 광산구,광주동물보호센터,35.1396428,126.7938232
2025-03-25,개,믹스견,수컷,광주광역시 광산구,광주동물보호센터,35.1396428,126.7938232
2025-03-25,개,믹스견,미상,인천광역시 강화군,디디동물병원,37.746,126.488
2025-03-25,고양이,한국 고양이,암컷,인천광역시 서구,우리동물병원,37.545,126.676
2025-03-24,개,진도견,암컷,충청북도 괴산군,괴산증평동물보호센터,36.815,127.7866
2025-03-24,개,믹스견,수컷,전북특별자치도 진안군,진안군유기동물보호소,35.7915,127.4252
2025-03-24,개,믹스견,암컷,경상북도 영천시,영천유기동물보호센터,35.98842,128.942
2025-03-24,개,믹스견,암컷,경상남도 양산시,양산시 동물보호센터,35.3349979,129.0370582
2025-03-24,개,믹스견,암컷,경상북도 울진군,울진군동물보호센터,36.993,129.4006
2025-03-24,개,믹스견,암컷,경상북도 울진군,울진군동물보호센터,36.993,129.4006
2025-03-24,개,믹스견,암컷,경상북도 울진군,울진군동물보호센터,36.993,129.4006
2025-03-24,개,믹스견,암컷,경상북도 울진군,울진군동물보호센터,36.993,129.4006
2025-03-24,개,믹스견,수컷,전라남도 해남군,해남유기동물보호센터,34.55269,126.52431
2025-03-24,개,믹스견,수컷,전라남도 여수시,유기동물보호소,34.7546257,127.659859
2025-03-24,개,진도견,수컷,전북특별자치도 익산시,익산유기동물보호소,35.9479291,126.9578025
2025-03-24,개,믹스견,암컷,전북특별자치도 군산시,군산유기동물보호센터,35.9679984,126.7369036
2025-03-24,개,믹스견,수컷,충청남도 홍성군,금일동물보호센터,36.6010501,126.6611667
2025-03-24,개,믹스견,암컷,충청남도 논산시,논산시 동물보호센터,36.1868154,127.0987538
2025-03-24,개,믹스견,수컷,충청남도 보령시,보령시유기동물보호소,36.33401,126.613165
2025-03-24,개,믹스견,수컷,충청남도 보령시,보령시유기동물보호소,36.33401,126.613165
2025-03-24,개,말티즈,수컷,충청북도 제천시,제천시 동물보호센터,37.1326042,128.1913508
2025-03-24,개,믹스견,암컷,경기도 고양시,고양시동물보호센터,37.6581862,126.8319452
2025-03-24,개,믹스견,암컷,울산광역시 남구,울산유기동물보호센터,35.4984869,129.3459362
2025-03-24,개,믹스견,수컷,대전광역시 대덕구,대전동물보호센터,36.3465766,127.4158483
2025-03-24,개,믹스견,수컷,인천광역시 남동구,인천광역시수의사회,37.446902,126.7315126
2025-03-24,개,믹스견,수컷,경상남도 사천시,사천시 동물보호센터,35.003468,128.064562
2025-03-24,개,믹스견,암컷,경상남도 사천시,사천시 동물보호센터,35.003468,128.064562
2025-03-24,개,믹스견,수컷,경상남도 진주시,진주시동물보호센터,35.1803459,128.1079953
2025-03-24,개,믹스견,암컷,경상남도 진주시,진주시동물보호센터,35.1803459,128.1079953
2025-03-24,개,믹스견,수컷,경상남도 진주시,진주시동물보호센터,35.1803459,128.1079953
2025-03-24,개,믹스견,수컷,경상남도 진주시,진주시동물보호센터,35.1803459,128.1079953
2025-03-24,개,믹스견,수컷,경상남도 진주시,진주시동물보호센터,35.1803459,128.1079953
2025-03-24,개,믹스견,암컷,경상남도 진주시,진주시동물보호센터,35.1803459,128.1079953
2025-03-24,개,믹스견,수컷,경상남도 진주시,진주시동물보호센터,35.1803459,128.1079953
2025-03-24,개,믹스견,수컷,경상남도 진주시,진주시동물보호센터,35.1803459,128.1079953
2025-03-24,개,믹스견,수컷,경상북도 봉화군,봉화군유기동물보호소,36.8925,128.7324
2025-03-24,개,믹스견,수컷,경상북도 고령군,고령군 유기견 보호소,35.7258,128.2632
2025-03-24,개,믹스견,수컷,경상북도 고령군,고령군 유기견 보호소,35.7258,128.2632
2025-03-24,개,믹스견,암컷,경상북도 고령군,고령군 유기견 보호소,35.7258,128.2632
2025-03-24,개,믹스견,수컷,경상북도 김천시,김천시 동물보호센터,36.1398035,128.1139534
2025-03-24,개,믹스견,암컷,전라남도 함평군,학교임시동물보호센터,35.0656537,126.5166414
2025-03-24,개,믹스견,수컷,전라남도 구례군,구례군동물보호센터,35.2203329,127.473277
2025-03-24,개,믹스견,수컷,전라남도 목포시,목포시유기동물보호소,34.7903335,126.3847547
2025-03-24,개,믹스견,암컷,전북특별자치도 부안군,부안군 동물보호센터,35.7316783,126.7330195
2025-03-24,개,믹스견,수컷,전북특별자치도 부안군,부안군 동물보호센터,35.7316783,126.7330195
2025-03-24,개,믹스견,수컷,전북특별자치도 군산시,군산유기동물보호센터,35.9679984,126.7369036
2025-03-24,개,믹스견,암컷,전북특별자치도 군산시,군산유기동물보호센터,35.9679984,126.7369036
2025-03-24,고양이,믹스묘,수컷,전북특별자치도 군산시,군산유기동물보호센터,35.9679984,126.7369036
2025-03-24,개,믹스견,암컷,충청남도 당진시,당진시동물보호소,36.8904083,126.6461833
2025-03-24,개,믹스견,수컷,충청남도 부여군,남부여동물보호소,36.2753678,126.910107
2025-03-24,개,믹스견,암컷,충청남도 서산시,서산시 동물보호센터,36.784499,126.450317
2025-03-24,개,믹스견,수컷,충청남도 아산시,아산동물복지지원센터,36.7899498,127.0026769
2025-03-24,개,시베리안 허스키,암컷,충청남도 천안시,천안시 동물보호센터,36.8150283,127.1140654
2025-03-24,개,믹스견,수컷,충청남도 천안시,천안시 동물보호센터,36.8150283,127.1140654
2025-03-24,개,푸들,수컷,충청남도 천안시,천안시 동물보호센터,36.8150283,127.1140654
2025-03-24,개,믹스견,암컷,충청북도 청주시,반려동물보호센터,36.6421169,127.4891742
2025-03-24,개,믹스견,암컷,충청북도 청주시,반려동물보호센터,36.6421169,127.4891742
2025-03-24,개,믹스견,수컷,충청북도 음성군,금왕동물병원,36.94,127.6906
2025-03-24,개,믹스견,암컷,충청북도 음성군,금왕동물병원,36.94,127.6906
2025-03-24,고양이,믹스묘,암컷,충청북도 음성군,금왕동물병원,36.94,127.6906
2025-03-24,개,믹스견,암컷,충청북도 음성군,금왕동물병원,36.94,127.6906
2025-03-24,개,믹스견,수컷,충청북도 음성군,금왕동물병원,36.94,127.6906
2025-03-24,개,믹스견,암컷,충청북도 음성군,금왕동물병원,36.94,127.6906
2025-03-24,개,푸들,수컷,강원특별자치도 강릉시,강릉시 동물사랑센터,37.7525313,128.8759523
2025-03-24,개,믹스견,수컷,강원특별자치도 춘천시,춘천시 동물보호센터,37.8810569,127.7297641
2025-03-24,개,스피츠,암컷,경기도 화성시,화성동물보호센터,37.1994653,126.8312632
2025-03-24,개,믹스견,암컷,경기도 화성시,화성동물보호센터,37.1994653,126.8312632
2025-03-24,개,믹스견,수컷,경기도 군포시,한국야생동물보호협회,37.3615229,126.9349025
2025-03-24,개,포메라니안,암컷,경기도 시흥시,시흥동물누리보호센터,37.3798891,126.8032255
2025-03-24,개,믹스견,수컷,경기도 오산시,오산 유기동물보호소,37.1499376,127.0774625
2025-03-24,고양이,한국 고양이,미상,경기도 안산시,한국야생동물보호협회,37.3217152,126.8308604
2025-03-24,개,치와와,수컷,경기도 광명시,한국야생동물보호협회,37.4810539,126.8631275
2025-03-24,개,치와와,암컷,경기도 부천시,정샘동물병원,37.5014422,126.7660139
2025-03-24,개,믹스견,암컷,경기도 성남시,펫앤쉘터동물병원,37.4201556,127.1262092
2025-03-24,개,믹스견,수컷,광주광역시 광산구,광주동물보호센터,35.1396428,126.7938232
2025-03-24,개,믹스견,암컷,서울특별시 동대문구,동대문구청,37.5741982,127.0395092
2025-03-24,고양이,한국 고양이,암컷,서울특별시 동대문구,동대문구청,37.5741982,127.0395092
2025-03-24,개,믹스견,암컷,전북특별자치도 정읍시,정읍시 동물보호소,35.5697678,126.8559787
2025-03-24,개,믹스견,암컷,전북특별자치도 정읍시,정읍시 동물보호소,35.5697678,126.8559787
2025-03-23,개,믹스견,암컷,충청남도 홍성군,금일동물보호센터,36.6010501,126.6611667
2025-03-23,개,믹스견,암컷,충청남도 홍성군,금일동물보호센터,36.6010501,126.6611667
2025-03-23,개,믹스견,암컷,경상남도 양산시,양산시 동물보호센터,35.3349979,129.0370582
2025-03-23,개,믹스견,암컷,경상북도 구미시,구미시 동물보호센터,36.1195513,128.3444692
2025-03-23,개,믹스견,암컷,전라남도 해남군,해남유기동물보호센터,34.55269,126.52431
2025-03-23,개,믹스견,암컷,전북특별자치도 임실군,임실유기동물보호센터,35.6174,127.2893
2025-03-23,개,믹스견,암컷,강원특별자치도 태백시,태백시유기동물보호소,37.1637943,128.9857176
2025-03-23,개,믹스견,암컷,강원특별자치도 태백시,태백시유기동물보호소,37.1637943,128.9857176
2025-03-23,개,믹스견,수컷,경기도 남양주시,남양주시동물보호센터,37.6359398,127.2165051
2025-03-23,개,믹스견,수컷,경기도 수원시,수원시 동물보호센터,37.2633325,127.0287472
2025-03-23,개,믹스견,암컷,광주광역시 광산구,광주동물보호센터,35.1396428,126.7938232
2025-03-23,개,믹스견,수컷,광주광역시 남구,광주동물보호센터,35.1327,126.9025
2025-03-23,개,믹스견,암컷,광주광역시 남구,광주동물보호센터,35.1327,126.9025
2025-03-23,고양이,한국 고양이,암컷,인천광역시 서구,우리동물병원,37.545,126.676
2025-03-23,개,말티즈,수컷,인천광역시 부평구,조재진동물병원,37.5070221,126.7220068
2025-03-23,개,믹스견,수컷,인천광역시 중구,경동동물병원,37.4735389,126.6214081
2025-03-23,개,믹스견,암컷,경상북도 경산시,경산시유기동물보호소,35.825122,128.741329
2025-03-23,개,믹스견,수컷,강원특별자치도 강릉시,강릉시 동물사랑센터,37.7525313,128.8759523
2025-03-23,개,믹스견,수컷,강원특별자치도 원주시,원주시동물보호센터,37.3420996,127.9197603
2025-03-23,개,믹스견,암컷,경기도 여주시,위더스 동물보호센터,37.2982901,127.637033
2025-03-23,고양이,한국 고양이,수컷,경기도 이천시,위더스 동물보호센터,37.2808823,127.4429132
2025-03-23,개,미니어쳐 핀셔,암컷,경기도 부천시,24시아이동물메디컬,37.5014422,126.7660139
2025-03-23,고양이,한국 고양이,수컷,광주광역시 북구,광주동물보호센터,35.1741,126.9122
2025-03-23,고양이,한국 고양이,수컷,광주광역시 북구,광주동물보호센터,35.1741,126.9122
2025-03-23,고양이,한국 고양이,수컷,광주광역시 북구,광주동물보호센터,35.1741,126.9122
2025-03-23,고양이,한국 고양이,암컷,경상북도 경산시,경산시유기동물보호소,35.825122,128.741329
2025-03-23,고양이,한국 고양이,암컷,경상북도 경산시,경산시유기동물보호소,35.825122,128.741329
2025-03-23,고양이,한국 고양이,수컷,경상북도 경산시,경산시유기동물보호소,35.825122,128.741329
2025-03-22,개,믹스견,암컷,부산광역시 사하구,(사)하얀비둘기,35.1041,128.9751
2025-03-22,개,믹스견,수컷,충청북도 괴산군,괴산증평동물보호센터,36.815,127.7866
2025-03-22,개,진도견,미상,충청북도 괴산군,괴산증평동물보호센터,36.815,127.7866
2025-03-22,개,믹스견,암컷,경상북도 예천군,예천군유기동물보호소,36.6462999,128.4376
2025-03-22,개,푸들,수컷,전라남도 여수시,유기동물보호소,34.7546257,127.659859
2025-03-22,개,믹스견,암컷,전북특별자치도 부안군,부안군 동물보호센터,35.7316783,126.7330195
2025-03-22,개,믹스견,수컷,전북특별자치도 부안군,부안군 동물보호센터,35.7316783,126.7330195
2025-03-22,개,믹스견,수컷,전북특별자치도 부안군,부안군 동물보호센터,35.7316783,126.7330195
2025-03-22,개,진도견,수컷,전북특별자치도 익산시,익산유기동물보호소,35.9479291,126.9578025
2025-03-22,개,믹스견,암컷,전북특별자치도 익산시,익산유기동물보호소,35.9479291,126.9578025
2025-03-22,개,믹스견,암컷,전북특별자치도 익산시,익산유기동물보호소,35.9479291,126.9578025
2025-03-22,개,믹스견,암컷,전북특별자치도 익산시,익산유기동물보호소,35.9479291,126.9578025
2025-03-22,개,믹스견,수컷,전북특별자치도 익산시,익산유기동물보호소,35.9479291,126.9578025
2025-03-22,개,믹스견,수컷,전북특별자치도 익산시,익산유기동물보호소,35.9479291,126.9578025
2025-03-22,개,믹스견,수컷,전북특별자치도 익산시,익산유기동물보호소,35.9479291,126.9578025
2025-03-22,개,믹스견,암컷,전북특별자치도 군산시,군산유기동물보호센터,35.9679984,126.7369036
2025-03-22,개,믹스견,암컷,충청남도 보령시,보령시유기동물보호소,36.33401,126.613165
2025-03-22,개,믹스견,암컷,충청남도 보령시,보령시유기동물보호소,36.33401,126.613165
2025-03-22,개,믹스견,수컷,인천광역시 부평구,조재진동물병원,37.5070221,126.7220068
2025-03-22,개,믹스견,수컷,경상북도 영덕군,영덕유기동물보호센터,36.4149,129.3659
2025-03-22,개,미니어쳐 핀셔,암컷,세종특별자치시 세종특별자치시,세종유기동물보호센터,36.4799999,127.289
2025-03-22,개,믹스견,암컷,경상북도 영덕군,영덕유기동물보호센터,36.4149,129.3659
2025-03-22,개,믹스견,암컷,경상북도 상주시,상주시 동물보호센터,36.4104478,128.1590614
2025-03-22,개,믹스견,암컷,경상북도 상주시,상주시 동물보호센터,36.4104478,128.1590614
2025-03-22,개,믹스견,수컷,경상북도 포항시,(사)영일동물플러스,36.0189315,129.3429384
2025-03-22,개,믹스견,수컷,경상북도 포항시,(사)영일동물플러스,36.0189315,129.3429384
2025-03-22,개,믹스견,암컷,경상북도 포항시,(사)영일동물플러스,36.0189315,129.3429384
2025-03-22,개,믹스견,암컷,경상북도 포항시,(사)영일동물플러스,36.0189315,129.3429384
2025-03-22,개,믹스견,암컷,경상북도 포항시,(사)영일동물플러스,36.0189315,129.3429384
2025-03-22,개,믹스견,암컷,전라남도 함평군,학교임시동물보호센터,35.0656537,126.5166414
2025-03-22,개,말티즈,수컷,충청북도 청주시,반려동물보호센터,36.6421169,127.4891742
2025-03-22,개,믹스견,암컷,강원특별자치도 강릉시,강릉시 동물사랑센터,37.7525313,128.8759523
2025-03-22,개,푸들,암컷,경기도 고양시,고양시동물보호센터,37.6581862,126.8319452
2025-03-22,개,믹스견,암컷,경기도 평택시,평택시유기동물보호소,36.9924966,127.1127168
2025-03-22,개,믹스견,수컷,경기도 부천시,24시아이동물메디컬,37.5014422,126.7660139
2025-03-21,개,믹스견,암컷,경상남도 하동군,하동군유기동물보호소,35.0670735,127.7516778
2025-03-21,개,믹스견,수컷,경상북도 영주시,영주시 동물보호센터,36.805685,128.624054
2025-03-21,개,믹스견,암컷,경상남도 합천군,태민동물보호센터,35.5664445,128.1658334
2025-03-21,개,믹스견,암컷,경상남도 합천군,태민동물보호센터,35.5664445,128.1658334
2025-03-21,개,믹스견,암컷,경상남도 합천군,태민동물보호센터,35.5664445,128.1658334
2025-03-21,개,믹스견,암컷,경상남도 합천군,태민동물보호센터,35.5664445,128.1658334
2025-03-21,개,믹스견,암컷,경상남도 합천군,태민동물보호센터,35.5664445,128.1658334
2025-03-21,개,믹스견,암컷,경상남도 합천군,태민동물보호센터,35.5664445,128.1658334
2025-03-21,개,믹스견,암컷,경상남도 합천군,태민동물보호센터,35.5664445,128.1658334
2025-03-21,개,믹스견,수컷,경상남도 합천군,태민동물보호센터,35.5664445,128.1658334
2025-03-21,개,믹스견,암컷,경상남도 합천군,태민동물보호센터,35.5664445,128.1658334
2025-03-21,개,믹스견,암컷,경상남도 합천군,태민동물보호센터,35.5664445,128.1658334
2025-03-21,개,믹스견,수컷,경상남도 통영시,통영시동물보호센터,34.854254,128.433205
2025-03-21,개,믹스견,수컷,경상남도 통영시,통영시동물보호센터,34.854254,128.433205
2025-03-21,개,믹스견,암컷,경상북도 울진군,울진군동물보호센터,36.993,129.4006
2025-03-21,개,믹스견,수컷,경상북도 울진군,울진군동물보호센터,36.993,129.4006
2025-03-21,개,믹스견,수컷,경상북도 청송군,점곡동물보호센터,36.4358,129.0571
2025-03-21,개,믹스견,수컷,전라남도 무안군,무안군유기동물보호소,34.9905794,126.4812377
2025-03-21,개,믹스견,수컷,경기도 안성시,안성시 동물보호센터,37.007773,127.279971
2025-03-21,개,믹스견,수컷,울산광역시 울주군,울산유기동물보호센터,35.5222362,129.2423693
2025-03-21,개,믹스견,수컷,울산광역시 울주군,울산유기동물보호센터,35.5222362,129.2423693
2025-03-21,개,믹스견,수컷,인천광역시 계양구,신영재동물병원,37.5373539,126.7379078
2025-03-21,개,믹스견,암컷,부산광역시 강서구,(사)하얀비둘기,35.212,128.9805
2025-03-21,개,믹스견,수컷,부산광역시 강서구,(사)하얀비둘기,35.212,128.9805
2025-03-21,개,믹스견,암컷,제주특별자치도 제주특별자치도,제주 동물보호센터,33.4887737,126.4987083
2025-03-21,개,믹스견,암컷,제주특별자치도 제주특별자치도,제주 동물보호센터,33.4887737,126.4987083
2025-03-21,개,믹스견,암컷,제주특별자치도 제주특별자치도,제주 동물보호센터,33.4887737,126.4987083
2025-03-21,개,믹스견,수컷,제주특별자치도 제주특별자치도,제주 동물보호센터,33.4887737,126.4987083
2025-03-21,개,믹스견,수컷,경상남도 창원시,진해유기동물보호소,35.227956,128.6818586
2025-03-21,개,믹스견,암컷,경상북도 포항시,(사)영일동물플러스,36.0189315,129.3429384
2025-03-21,개,믹스견,암컷,경상북도 포항시,(사)영일동물플러스,36.0189315,129.3429384
2025-03-21,개,믹스견,수컷,전라남도 목포시,목포시유기동물보호소,34.7903335,126.3847547
2025-03-21,개,믹스견,수컷,전라남도 목포시,목포시유기동물보호소,34.7903335,126.3847547
2025-03-21,개,믹스견,암컷,충청남도 홍성군,금일동물보호센터,36.6010501,126.6611667
2025-03-21,개,믹스견,수컷,충청남도 홍성군,금일동물보호센터,36.6010501,126.6611667
2025-03-21,개,믹스견,암컷,충청남도 홍성군,금일동물보호센터,36.6010501,126.6611667
2025-03-21,개,믹스견,암컷,경기도 고양시,고양시동물보호센터,37.6581862,126.8319452
2025-03-21,개,믹스견,암컷,경기도 고양시,고양시동물보호센터,37.6581862,126.8319452
2025-03-21,개,믹스견,수컷,울산광역시 울주군,울산유기동물보호센터,35.5222362,129.2423693
2025-03-21,개,믹스견,암컷,세종특별자치시 세종특별자치시,세종유기동물보호센터,36.4799999,127.289
2025-03-21,개,믹스견,수컷,경상북도 고령군,고령군 유기견 보호소,35.7258,128.2632
2025-03-21,개,믹스견,암컷,경상북도 고령군,고령군 유기견 보호소,35.7258,128.2632
2025-03-21,개,믹스견,암컷,경상북도 고령군,고령군 유기견 보호소,35.7258,128.2632
2025-03-21,개,믹스견,암컷,경상북도 문경시,종합축산,36.5858541,128.1870612
2025-03-21,개,믹스견,수컷,전라남도 강진군,강진군 유기견 보호소,34.641917,126.7669591
2025-03-21,개,믹스견,암컷,전라남도 강진군,강진군 유기견 보호소,34.641917,126.7669591
2025-03-21,개,믹스견,암컷,전라남도 고흥군,고흥군임시보호센터,34.6044123,127.276384
2025-03-21,개,믹스견,수컷,전라남도 고흥군,고흥군임시보호센터,34.6044123,127.276384
2025-03-21,개,믹스견,수컷,전라남도 고흥군,고흥군임시보호센터,34.6044123,127.276384
2025-03-21,개,믹스견,수컷,전라남도 고흥군,고흥군임시보호센터,34.6044123,127.276384
2025-03-21,개,믹스견,암컷,전라남도 고흥군,고흥군임시보호센터,34.6044123,127.276384
2025-03-21,개,믹스견,수컷,전라남도 고흥군,고흥군임시보호센터,34.6044123,127.276384
2025-03-21,개,믹스견,수컷,전라남도 고흥군,고흥군임시보호센터,34.6044123,127.276384
2025-03-21,개,믹스견,수컷,전라남도 고흥군,고흥군임시보호센터,34.6044123,127.276384
2025-03-21,개,믹스견,암컷,전라남도 고흥군,고흥군임시보호센터,34.6044123,127.276384
2025-03-21,개,믹스견,암컷,전라남도 고흥군,고흥군임시보호센터,34.6044123,127.276384
2025-03-21,개,믹스견,수컷,전라남도 구례군,구례군동물보호센터,35.2203329,127.473277
2025-03-21,개,믹스견,수컷,전라남도 구례군,구례군동물보호센터,35.2203329,127.473277
2025-03-21,개,믹스견,수컷,전라남도 구례군,구례군동물보호센터,35.2203329,127.473277
2025-03-21,개,믹스견,암컷,전라남도 구례군,구례군동물보호센터,35.2203329,127.473277
2025-03-21,개,믹스견,암컷,전라남도 구례군,구례군동물보호센터,35.2203329,127.473277
2025-03-21,개,믹스견,수컷,전라남도 순천시,순천시유기동물보호소,34.9505457,127.4872992
2025-03-21,개,믹스견,수컷,전북특별자치도 부안군,부안군 동물보호센터,35.7316783,126.7330195
2025-03-21,개,믹스견,암컷,전북특별자치도 임실군,임실유기동물보호센터,35.6174,127.2893
2025-03-21,개,믹스견,암컷,전북특별자치도 남원시,하나동물병원,35.4163118,127.3903713
2025-03-21,개,믹스견,암컷,전북특별자치도 정읍시,정읍시 동물보호소,35.5697678,126.8559787
2025-03-21,개,믹스견,암컷,전북특별자치도 정읍시,정읍시 동물보호소,35.5697678,126.8559787
2025-03-21,개,믹스견,암컷,충청남도 아산시,아산동물복지지원센터,36.7899498,127.0026769
2025-03-21,개,믹스견,수컷,충청남도 아산시,아산동물복지지원센터,36.7899498,127.0026769
2025-03-21,고양이,믹스묘,수컷,충청남도 아산시,아산동물복지지원센터,36.7899498,127.0026769
2025-03-21,개,믹스견,수컷,충청남도 천안시,천안시 동물보호센터,36.8150283,127.1140654
2025-03-21,개,믹스견,수컷,충청남도 천안시,천안시 동물보호센터,36.8150283,127.1140654
2025-03-21,개,믹스견,암컷,충청북도 청주시,반려동물보호센터,36.6421169,127.4891742
2025-03-21,개,믹스견,암컷,충청북도 청주시,반려동물보호센터,36.6421169,127.4891742
2025-03-21,개,믹스견,암컷,충청북도 청주시,반려동물보호센터,36.6421169,127.4891742
2025-03-21,개,믹스견,수컷,충청북도 청주시,반려동물보호센터,36.6421169,127.4891742
2025-03-21,개,믹스견,수컷,충청북도 음성군,금왕동물병원,36.94,127.6906
2025-03-21,개,믹스견,수컷,충청북도 음성군,금왕동물병원,36.94,127.6906
2025-03-21,개,믹스견,수컷,강원특별자치도 철원군,철원군,38.1468023,127.3133
2025-03-21,개,믹스견,수컷,경기도 용인시,용인시 동물보호센터,37.2405741,127.1785572
2025-03-21,개,푸들,암컷,경기도 시흥시,시흥동물누리보호센터,37.3798891,126.8032255
2025-03-21,개,믹스견,수컷,대전광역시 대덕구,대전동물보호센터,36.3465766,127.4158483
2025-03-21,개,믹스견,수컷,광주광역시 서구,광주동물보호센터,35.1521401,126.8900561
2025-03-21,개,믹스견,암컷,광주광역시 서구,광주동물보호센터,35.1521401,126.8900561
2025-03-21,개,믹스견,암컷,광주광역시 서구,광주동물보호센터,35.1521401,126.8900561
2025-03-21,고양이,한국 고양이,암컷,인천광역시 서구,우리동물병원,37.545,126.676
2025-03-21,고양이,한국 고양이,수컷,인천광역시 서구,우리동물병원,37.545,126.676
2025-03-20,개,믹스견,암컷,강원특별자치도 홍천군,홍천군유기동물보호소,37.6967,127.8888
2025-03-20,개,믹스견,암컷,강원특별자치도 홍천군,홍천군유기동물보호소,37.6967,127.8888
2025-03-20,개,믹스견,암컷,강원특별자치도 홍천군,홍천군유기동물보호소,37.6967,127.8888
2025-03-20,개,믹스견,암컷,강원특별자치도 홍천군,홍천군유기동물보호소,37.6967,127.8888
2025-03-20,개,믹스견,수컷,경기도 화성시,화성동물보호센터,37.1994653,126.8312632
2025-03-20,개,믹스견,수컷,전라남도 완도군,유기동물임시보호센터,34.3110373,126.7553933
2025-03-20,개,믹스견,수컷,전라남도 순천시,순천시유기동물보호소,34.9505457,127.4872992
2025-03-20,개,믹스견,수컷,충청북도 괴산군,괴산증평동물보호센터,36.815,127.7866
2025-03-20,개,믹스견,암컷,경상북도 청송군,점곡동물보호센터,36.4358,129.0571
2025-03-20,개,믹스견,수컷,경상북도 청송군,점곡동물보호센터,36.4358,129.0571
2025-03-20,개,믹스견,암컷,경상북도 청송군,점곡동물보호센터,36.4358,129.0571
2025-03-20,개,믹스견,암컷,전라남도 무안군,무안군유기동물보호소,34.9905794,126.4812377
2025-03-20,개,믹스견,암컷,전라남도 목포시,목포시유기동물보호소,34.7903335,126.3847547
2025-03-20,개,믹스견,수컷,충청남도 홍성군,금일동물보호센터,36.6010501,126.6611667
2025-03-20,개,믹스견,암컷,전라남도 해남군,해남유기동물보호센터,34.55269,126.52431
2025-03-20,개,믹스견,암컷,전라남도 고흥군,고흥군임시보호센터,34.6044123,127.276384
2025-03-20,개,믹스견,암컷,전라남도 고흥군,고흥군임시보호센터,34.6044123,127.276384
2025-03-20,개,믹스견,수컷,충청남도 청양군,청양보호소,36.4587024,126.8019983
2025-03-20,개,진도견,수컷,충청남도 서산시,서산시 동물보호센터,36.784499,126.450317
2025-03-20,개,믹스견,수컷,충청남도 아산시,아산동물복지지원센터,36.7899498,127.0026769
2025-03-20,개,믹스견,암컷,충청남도 아산시,아산동물복지지원센터,36.7899498,127.0026769
2025-03-20,개,믹스견,암컷,충청남도 아산시,아산동물복지지원센터,36.7899498,127.0026769
2025-03-20,기타,토끼,수컷,경기도 수원시,수원시 동물보호센터,37.2633325,127.0287472
2025-03-20,고양이,한국 고양이,수컷,인천광역시 계양구,신영재동물병원,37.5373539,126.7379078
2025-03-20,개,푸들,암컷,세종특별자치시 세종특별자치시,세종유기동물보호센터,36.4799999,127.289
2025-03-20,개,믹스견,암컷,경상남도 창원시,창원유기동물보호소,35.227956,128.6818586
2025-03-20,개,믹스견,암컷,경상남도 거창군,나래동물병원,35.6872871,127.9138505
2025-03-20,개,믹스견,수컷,경상남도 창녕군,창녕 유기동물보호소,35.5443876,128.4921938
2025-03-20,개,믹스견,수컷,경상남도 사천시,사천시 동물보호센터,35.003468,128.064562
2025-03-20,개,믹스견,수컷,경상남도 사천시,사천시 동물보호센터,35.003468,128.064562
2025-03-20,개,믹스견,암컷,경상남도 사천시,사천시 동물보호센터,35.003468,128.064562
2025-03-20,개,믹스견,암컷,경상남도 진주시,진주시동물보호센터,35.1803459,128.1079953
2025-03-20,개,믹스견,수컷,경상북도 칠곡군,칠곡유기동물보호센터,35.995,128.4017
2025-03-20,개,믹스견,암컷,경상북도 포항시,(사)영일동물플러스,36.0189315,129.3429384
2025-03-20,개,믹스견,암컷,전라남도 장성군,장성군동물보호센터,35.3017065,126.7844061
2025-03-20,개,믹스견,암컷,전라남도 장성군,장성군동물보호센터,35.3017065,126.7844061
2025-03-20,개,믹스견,수컷,전라남도 장성군,장성군동물보호센터,35.3017065,126.7844061
2025-03-20,개,믹스견,암컷,전라남도 장성군,장성군동물보호센터,35.3017065,126.7844061
2025-03-20,개,믹스견,수컷,전라남도 강진군,강진군 유기견 보호소,34.641917,126.7669591
2025-03-20,개,믹스견,암컷,전라남도 고흥군,고흥군임시보호센터,34.6044123,127.276384
2025-03-20,개,믹스견,수컷,전라남도 고흥군,고흥군임시보호센터,34.6044123,127.276384
2025-03-20,개,믹스견,암컷,전라남도 고흥군,고흥군임시보호센터,34.6044123,127.276384
2025-03-20,개,믹스견,수컷,전라남도 고흥군,고흥군임시보호센터,34.6044123,127.276384
2025-03-20,개,믹스견,암컷,전라남도 고흥군,고흥군임시보호센터,34.6044123,127.276384
2025-03-20,개,믹스견,수컷,전라남도 고흥군,고흥군임시보호센터,34.6044123,127.276384
2025-03-20,개,믹스견,수컷,전라남도 고흥군,고흥군임시보호센터,34.6044123,127.276384
2025-03-20,개,믹스견,암컷,전라남도 고흥군,고흥군임시보호센터,34.6044123,127.276384
2025-03-20,개,믹스견,암컷,전라남도 광양시,광양시 임시보호소,34.9406452,127.6959512
2025-03-20,개,믹스견,수컷,전라남도 순천시,순천시유기동물보호소,34.9505457,127.4872992
2025-03-20,개,믹스견,암컷,전라남도 순천시,순천시유기동물보호소,34.9505457,127.4872992
2025-03-20,개,믹스견,암컷,전라남도 순천시,순천시유기동물보호소,34.9505457,127.4872992
2025-03-20,개,믹스견,암컷,전라남도 순천시,순천시유기동물보호소,34.9505457,127.4872992
2025-03-20,고양이,샴,수컷,전라남도 순천시,대한동물사랑협회,34.9505457,127.4872992
2025-03-20,개,믹스견,암컷,전라남도 여수시,유기동물보호소,34.7546257,127.659859
2025-03-20,개,믹스견,수컷,전북특별자치도 부안군,부안군 동물보호센터,35.7316783,126.7330195
2025-03-20,개,믹스견,암컷,전북특별자치도 부안군,부안군 동물보호센터,35.7316783,126.7330195
2025-03-20,개,믹스견,수컷,전북특별자치도 부안군,부안군 동물보호센터,35.7316783,126.7330195
2025-03-20,개,믹스견,암컷,전북특별자치도 부안군,부안군 동물보호센터,35.7316783,126.7330195
2025-03-20,개,믹스견,수컷,전북특별자치도 장수군,장수군 보호소,35.647,127.5212
2025-03-20,개,믹스견,암컷,전북특별자치도 장수군,장수군 보호소,35.647,127.5212
2025-03-20,개,믹스견,수컷,전북특별자치도 김제시,전북말산업복합센터,35.803815,126.880557
2025-03-20,개,믹스견,암컷,전북특별자치도 김제시,전북말산업복합센터,35.803815,126.880557
2025-03-20,개,믹스견,수컷,전북특별자치도 정읍시,정읍시 동물보호소,35.5697678,126.8559787
2025-03-20,개,믹스견,수컷,전북특별자치도 정읍시,정읍시 동물보호소,35.5697678,126.8559787
2025-03-20,개,믹스견,암컷,전북특별자치도 정읍시,정읍시 동물보호소,35.5697678,126.8559787
2025-03-20,개,믹스견,암컷,전북특별자치도 정읍시,정읍시 동물보호소,35.5697678,126.8559787
2025-03-20,개,믹스견,수컷,전북특별자치도 정읍시,정읍시 동물보호소,35.5697678,126.8559787
2025-03-20,개,믹스견,암컷,전북특별자치도 정읍시,정읍시 동물보호소,35.5697678,126.8559787
2025-03-20,개,믹스견,암컷,전북특별자치도 정읍시,정읍시 동물보호소,35.5697678,126.8559787
2025-03-20,개,믹스견,암컷,전북특별자치도 정읍시,정읍시 동물보호소,35.5697678,126.8559787
2025-03-20,개,믹스견,수컷,전북특별자치도 군산시,군산유기동물보호센터,35.9679984,126.7369036
2025-03-20,개,믹스견,수컷,전북특별자치도 전주시,행복한동물병원,35.8237631,127.1472805
2025-03-20,개,믹스견,암컷,전북특별자치도 전주시,행복한동물병원,35.8237631,127.1472805
2025-03-20,개,믹스견,암컷,충청남도 홍성군,금일동물보호센터,36.6010501,126.6611667
2025-03-20,개,믹스견,수컷,충청남도 홍성군,금일동물보호센터,36.6010501,126.6611667
2025-03-20,개,믹스견,암컷,충청북도 음성군,금왕동물병원,36.94,127.6906
2025-03-20,개,믹스견,암컷,충청북도 음성군,금왕동물병원,36.94,127.6906
2025-03-20,개,믹스견,수컷,충청북도 음성군,금왕동물병원,36.94,127.6906
2025-03-20,개,믹스견,수컷,충청북도 음성군,금왕동물병원,36.94,127.6906
2025-03-20,개,믹스견,수컷,충청북도 음성군,금왕동물병원,36.94,127.6906
2025-03-20,개,믹스견,수컷,충청북도 음성군,금왕동물병원,36.94,127.6906
2025-03-20,개,믹스견,암컷,충청북도 음성군,금왕동물병원,36.94,127.6906
2025-03-20,개,믹스견,암컷,충청북도 음성군,금왕동물병원,36.94,127.6906
2025-03-20,개,믹스견,암컷,충청북도 음성군,금왕동물병원,36.94,127.6906
2025-03-20,개,믹스견,수컷,충청북도 음성군,금왕동물병원,36.94,127.6906
2025-03-20,개,믹스견,암컷,충청북도 충주시,충주시동물보호센터,36.9907334,127.9259891
2025-03-20,개,믹스견,암컷,강원특별자치도 철원군,철원군,38.1468023,127.3133
2025-03-20,개,믹스견,수컷,강원특별자치도 철원군,철원군,38.1468023,127.3133
2025-03-20,개,믹스견,암컷,강원특별자치도 속초시,속초시유기동물보호소,38.2069574,128.5913424
2025-03-20,개,믹스견,암컷,강원특별자치도 춘천시,춘천시 동물보호센터,37.8810569,127.7297641
2025-03-20,개,믹스견,수컷,경기도 평택시,평택시유기동물보호소,36.9924966,127.1127168
2025-03-20,개,믹스견,수컷,경기도 평택시,평택시유기동물보호소,36.9924966,127.1127168
2025-03-20,개,진도견,암컷,대전광역시 대덕구,대전동물보호센터,36.3465766,127.4158483
2025-03-20,개,진도견,암컷,대전광역시 서구,대전동물보호센터,36.3551786,127.3838487
2025-03-20,개,믹스견,암컷,광주광역시 광산구,광주동물보호센터,35.1396428,126.7938232
2025-03-20,개,믹스견,암컷,광주광역시 남구,광주동물보호센터,35.1327,126.9025
2025-03-20,개,말티즈,암컷,부산광역시 동구,동구종합동물병원,35.129,129.0455
2025-03-20,고양이,한국 고양이,수컷,서울특별시 강동구,둔촌동물병원,37.53,127.1237
2025-03-20,고양이,한국 고양이,암컷,서울특별시 동대문구,동대문구청,37.5741982,127.0395092
2025-03-19,개,믹스견,암컷,전라남도 장흥군,장흥군 동물보호센터,34.6811762,126.906996
2025-03-19,개,믹스견,암컷,인천광역시 강화군,디디동물병원,37.746,126.488
2025-03-19,개,믹스견,수컷,인천광역시 강화군,디디동물병원,37.746,126.488
2025-03-19,개,믹스견,암컷,인천광역시 강화군,디디동물병원,37.746,126.488
2025-03-19,개,믹스견,암컷,전라남도 담양군,담양군 동물보호센터,35.320878,126.9883238
2025-03-19,개,믹스견,암컷,전라남도 담양군,담양군 동물보호센터,35.320878,126.9883238
2025-03-19,개,믹스견,수컷,강원특별자치도 원주시,원주시동물보호센터,37.3420996,127.9197603
2025-03-19,개,믹스견,수컷,경상남도 하동군,하동군유기동물보호소,35.0670735,127.7516778
2025-03-19,개,믹스견,암컷,경상북도 예천군,예천군유기동물보호소,36.6462999,128.4376
2025-03-19,개,믹스견,암컷,경상북도 상주시,상주시 동물보호센터,36.4104478,128.1590614
2025-03-19,개,믹스견,암컷,강원특별자치도 태백시,태백시유기동물보호소,37.1637943,128.9857176
2025-03-19,개,믹스견,암컷,경기도 남양주시,남양주시동물보호센터,37.6359398,127.2165051
2025-03-19,개,푸들,수컷,경상남도 창원시,진해유기동물보호소,35.227956,128.6818586
2025-03-19,개,믹스견,암컷,전라남도 완도군,유기동물임시보호센터,34.3110373,126.7553933
2025-03-19,개,믹스견,암컷,전라남도 강진군,강진군 유기견 보호소,34.641917,126.7669591
2025-03-19,개,진도견,암컷,전북특별자치도 익산시,익산유기동물보호소,35.9479291,126.9578025
2025-03-19,개,믹스견,암컷,충청북도 제천시,제천시 동물보호센터,37.1326042,128.1913508
2025-03-19,개,믹스견,암컷,충청북도 제천시,제천시 동물보호센터,37.1326042,128.1913508
2025-03-19,개,믹스견,암컷,충청북도 제천시,제천시 동물보호센터,37.1326042,128.1913508
2025-03-19,개,믹스견,수컷,경기도 고양시,고양시동물보호센터,37.6581862,126.8319452
2025-03-19,개,진도견,수컷,대전광역시 동구,대전동물보호센터,36.3120051,127.4554285
2025-03-19,개,믹스견,수컷,인천광역시 계양구,신영재동물병원,37.5373539,126.7379078
2025-03-19,개,믹스견,암컷,대구광역시 남구,대구유기동물보호협회,35.845728,128.5977207
2025-03-19,개,믹스견,수컷,세종특별자치시 세종특별자치시,세종유기동물보호센터,36.4799999,127.289
2025-03-19,개,시베리안 허스키,암컷,경상남도 함안군,함안군유기동물보호소,35.2726875,128.4065038
2025-03-19,개,믹스견,암컷,경상남도 함안군,함안군유기동물보호소,35.2726875,128.4065038
2025-03-19,개,믹스견,수컷,경상남도 함안군,함안군유기동물보호소,35.2726875,128.4065038
2025-03-19,개,믹스견,암컷,경상남도 함안군,함안군유기동물보호소,35.2726875,128.4065038
2025-03-19,개,믹스견,암컷,경상남도 함안군,함안군유기동물보호소,35.2726875,128.4065038
2025-03-19,개,믹스견,수컷,경상남도 함안군,함안군유기동물보호소,35.2726875,128.4065038
2025-03-19,개,진도견,암컷,경상남도 함안군,함안군유기동물보호소,35.2726875,128.4065038
2025-03-19,개,믹스견,수컷,경상남도 함안군,함안군유기동물보호소,35.2726875,128.4065038
2025-03-19,개,믹스견,암컷,경상남도 함안군,함안군유기동물보호소,35.2726875,128.4065038
2025-03-19,개,믹스견,암컷,경상남도 함안군,함안군유기동물보호소,35.2726875,128.4065038
2025-03-19,개,믹스견,수컷,경상남도 함안군,함안군유기동물보호소,35.2726875,128.4065038
2025-03-19,개,믹스견,수컷,경상남도 함안군,함안군유기동물보호소,35.2726875,128.4065038
2025-03-19,개,믹스견,수컷,경상남도 함안군,함안군유기동물보호소,35.2726875,128.4065038
2025-03-19,개,믹스견,수컷,경상남도 통영시,통영시동물보호센터,34.854254,128.433205
2025-03-19,개,믹스견,암컷,경상남도 통영시,통영시동물보호센터,34.854254,128.433205
2025-03-19,고양이,믹스묘,암컷,경상북도 성주군,성주유기동물보호센터,35.9190065,128.283486
2025-03-19,개,믹스견,암컷,경상북도 영양군,영양군유기동물보호소,36.6664,129.1127
2025-03-19,개,믹스견,수컷,경상북도 경산시,경산시유기동물보호소,35.825122,128.741329
2025-03-19,개,믹스견,수컷,경상북도 경산시,경산시유기동물보호소,35.825122,128.741329
2025-03-19,개,믹스견,수컷,경상북도 경산시,경산시유기동물보호소,35.825122,128.741329
2025-03-19,개,믹스견,수컷,경상북도 경산시,경산시유기동물보호소,35.825122,128.741329
2025-03-19,개,믹스견,암컷,경상북도 김천시,김천시 동물보호센터,36.1398035,128.1139534
2025-03-19,개,믹스견,수컷,전라남도 담양군,담양군 동물보호센터,35.320878,126.9883238
2025-03-19,개,믹스견,암컷,전라남도 여수시,유기동물보호소,34.7546257,127.659859
2025-03-19,개,믹스견,수컷,전북특별자치도 부안군,부안군 동물보호센터,35.7316783,126.7330195
2025-03-19,개,믹스견,수컷,전북특별자치도 부안군,부안군 동물보호센터,35.7316783,126.7330195
2025-03-19,개,믹스견,수컷,전북특별자치도 부안군,부안군 동물보호센터,35.7316783,126.7330195
2025-03-19,개,믹스견,암컷,전북특별자치도 정읍시,정읍시 동물보호소,35.5697678,126.8559787
2025-03-19,개,말티즈,수컷,전북특별자치도 전주시,링크늘푸른동물병원,35.8237631,127.1472805
2025-03-19,개,라브라도 리트리버,암컷,충청남도 홍성군,금일동물보호센터,36.6010501,126.6611667
2025-03-19,개,믹스견,수컷,충청남도 청양군,청양보호소,36.4587024,126.8019983
2025-03-19,개,믹스견,수컷,충청북도 청주시,반려동물보호센터,36.6421169,127.4891742
2025-03-19,개,믹스견,암컷,충청북도 음성군,금왕동물병원,36.94,127.6906
2025-03-19,개,믹스견,수컷,강원특별자치도 동해시,동해시동물보호센터,37.5245142,129.1146302
2025-03-19,개,믹스견,암컷,강원특별자치도 원주시,원주시동물보호센터,37.3420996,127.9197603
2025-03-19,개,믹스견,암컷,강원특별자치도 원주시,원주시동물보호센터,37.3420996,127.9197603
2025-03-19,개,믹스견,수컷,강원특별자치도 춘천시,춘천시 동물보호센터,37.8810569,127.7297641
2025-03-19,개,믹스견,수컷,경기도 화성시,화성동물보호센터,37.1994653,126.8312632
2025-03-19,개,믹스견,수컷,경기도 양평군,양평군유기동물보호소,37.4916,127.4875
2025-03-19,개,믹스견,암컷,경기도 양평군,양평군유기동물보호소,37.4916,127.4875
2025-03-19,개,믹스견,수컷,경기도 용인시,용인시 동물보호센터,37.2405741,127.1785572
2025-03-19,개,믹스견,수컷,경기도 용인시,용인시 동물보호센터,37.2405741,127.1785572
2025-03-19,개,푸들,암컷,경기도 군포시,한국야생동물보호협회,37.3615229,126.9349025
2025-03-19,개,믹스견,수컷,경기도 시흥시,시흥동물누리보호센터,37.3798891,126.8032255
2025-03-19,개,믹스견,암컷,경기도 남양주시,남양주시동물보호센터,37.6359398,127.2165051
2025-03-19,개,믹스견,암컷,경기도 안산시,한국야생동물보호협회,37.3217152,126.8308604
2025-03-19,개,믹스견,암컷,경기도 안산시,한국야생동물보호협회,37.3217152,126.8308604
2025-03-19,개,믹스견,암컷,경기도 평택시,평택시유기동물보호소,36.9924966,127.1127168
2025-03-19,개,믹스견,수컷,경기도 평택시,평택시유기동물보호소,36.9924966,127.1127168
2025-03-19,개,믹스견,수컷,경기도 평택시,평택시유기동물보호소,36.9924966,127.1127168
2025-03-19,개,믹스견,수컷,경기도 부천시,24시아이동물메디컬,37.5014422,126.7660139
2025-03-19,개,믹스견,암컷,울산광역시 울주군,울산유기동물보호센터,35.5222362,129.2423693
2025-03-19,개,믹스견,암컷,울산광역시 울주군,울산유기동물보호센터,35.5222362,129.2423693
2025-03-19,개,진도견,암컷,대전광역시 대덕구,대전동물보호센터,36.3465766,127.4158483
2025-03-19,개,믹스견,수컷,대구광역시 군위군,군위종합동물병원,36.2425017,128.5732027
2025-03-19,개,믹스견,암컷,대구광역시 군위군,군위종합동물병원,36.2425017,128.5732027
2025-03-19,개,믹스견,수컷,대구광역시 군위군,군위종합동물병원,36.2425017,128.5732027
2025-03-19,개,믹스견,수컷,서울특별시 서대문구,내품애센터,37.5790747,126.9367861
2025-03-18,개,믹스견,암컷,전라남도 진도군,진도군임시보호소,34.4867515,126.2629264
2025-03-18,고양이,한국 고양이,미상,울산광역시 울주군,울산유기동물보호센터,35.5222362,129.2423693
2025-03-18,개,믹스견,수컷,전라남도 완도군,유기동물임시보호센터,34.3110373,126.7553933
2025-03-18,개,믹스견,암컷,전북특별자치도 익산시,익산유기동물보호소,35.9479291,126.9578025
2025-03-18,개,치와와,암컷,대전광역시 중구,대전동물보호센터,36.29812,127.4148
2025-03-18,개,믹스견,암컷,제주특별자치도 제주특별자치도,제주 동물보호센터,33.4887737,126.4987083
2025-03-18,개,믹스견,수컷,경상북도 울진군,울진군동물보호센터,36.993,129.4006
2025-03-18,개,믹스견,암컷,충청남도 홍성군,금일동물보호센터,36.6010501,126.6611667
2025-03-18,개,믹스견,수컷,충청남도 홍성군,금일동물보호센터,36.6010501,126.6611667
2025-03-18,개,믹스견,수컷,충청남도 논산시,논산시 동물보호센터,36.1868154,127.0987538
2025-03-18,개,믹스견,암컷,충청남도 서산시,서산시 동물보호센터,36.784499,126.450317
2025-03-18,개,믹스견,암컷,강원특별자치도 홍천군,홍천군유기동물보호소,37.6967,127.8888
2025-03-18,개,믹스견,암컷,강원특별자치도 홍천군,홍천군유기동물보호소,37.6967,127.8888
2025-03-18,개,믹스견,수컷,강원특별자치도 홍천군,홍천군유기동물보호소,37.6967,127.8888
2025-03-18,고양이,한국 고양이,암컷,인천광역시 서구,우리동물병원,37.545,126.676
2025-03-18,고양이,한국 고양이,미상,부산광역시 서구,부산동물보호센터,35.0974999,129.0241
2025-03-18,개,믹스견,수컷,세종특별자치시 세종특별자치시,세종유기동물보호센터,36.4799999,127.289
2025-03-18,개,믹스견,암컷,경상남도 산청군,산청동물보호센터,35.4154624,127.873663
2025-03-18,개,믹스견,수컷,경상남도 산청군,산청동물보호센터,35.4154624,127.873663
2025-03-18,개,믹스견,암컷,경상북도 청도군,청도군동물보호센터,35.6473012,128.7348468
2025-03-18,개,믹스견,암컷,경상북도 포항시,(사)영일동물플러스,36.0189315,129.3429384
2025-03-18,개,믹스견,암컷,경상북도 포항시,(사)영일동물플러스,36.0189315,129.3429384
2025-03-18,개,믹스견,암컷,경상북도 포항시,(사)영일동물플러스,36.0189315,129.3429384
2025-03-18,개,믹스견,암컷,전라남도 영광군,영광동물보호센터,35.2769282,126.5124504
2025-03-18,개,믹스견,암컷,전라남도 영광군,영광동물보호센터,35.2769282,126.5124504
2025-03-18,개,믹스견,수컷,전라남도 영광군,영광동물보호센터,35.2769282,126.5124504
2025-03-18,개,믹스견,암컷,전라남도 영광군,영광동물보호센터,35.2769282,126.5124504
2025-03-18,개,믹스견,수컷,전라남도 영광군,영광동물보호센터,35.2769282,126.5124504
2025-03-18,개,믹스견,수컷,전라남도 영광군,영광동물보호센터,35.2769282,126.5124504
2025-03-18,개,믹스견,암컷,전라남도 목포시,목포시유기동물보호소,34.7903335,126.3847547
2025-03-18,개,믹스견,암컷,전북특별자치도 부안군,부안군 동물보호센터,35.7316783,126.7330195
2025-03-18,개,믹스견,수컷,전북특별자치도 부안군,부안군 동물보호센터,35.7316783,126.7330195
2025-03-18,개,믹스견,암컷,전북특별자치도 부안군,부안군 동물보호센터,35.7316783,126.7330195
2025-03-18,개,믹스견,암컷,전북특별자치도 부안군,부안군 동물보호센터,35.7316783,126.7330195
2025-03-18,개,믹스견,암컷,전북특별자치도 부안군,부안군 동물보호센터,35.7316783,126.7330195
2025-03-18,개,믹스견,암컷,전북특별자치도 부안군,부안군 동물보호센터,35.7316783,126.7330195
2025-03-18,개,믹스견,암컷,전북특별자치도 김제시,전북말산업복합센터,35.803815,126.880557
2025-03-18,개,믹스견,암컷,전북특별자치도 김제시,전북말산업복합센터,35.803815,126.880557
2025-03-18,개,믹스견,암컷,전북특별자치도 정읍시,정읍시 동물보호소,35.5697678,126.8559787
2025-03-18,개,믹스견,수컷,전북특별자치도 정읍시,정읍시 동물보호소,35.5697678,126.8559787
2025-03-18,개,믹스견,암컷,충청북도 청주시,반려동물보호센터,36.6421169,127.4891742
2025-03-18,개,믹스견,암컷,충청북도 음성군,금왕동물병원,36.94,127.6906
2025-03-18,개,믹스견,암컷,충청북도 음성군,금왕동물병원,36.94,127.6906
2025-03-18,개,믹스견,암컷,충청북도 음성군,금왕동물병원,36.94,127.6906
2025-03-18,개,믹스견,암컷,충청북도 음성군,금왕동물병원,36.94,127.6906
2025-03-18,개,믹스견,수컷,충청북도 음성군,금왕동물병원,36.94,127.6906
2025-03-18,개,믹스견,수컷,충청북도 음성군,금왕동물병원,36.94,127.6906
2025-03-18,개,믹스견,수컷,충청북도 음성군,금왕동물병원,36.94,127.6906
2025-03-18,개,믹스견,수컷,충청북도 음성군,금왕동물병원,36.94,127.6906
2025-03-18,개,믹스견,수컷,충청북도 음성군,금왕동물병원,36.94,127.6906
2025-03-18,개,믹스견,암컷,충청북도 영동군,최종주동물병원,36.1747588,127.7834432
2025-03-18,개,믹스견,수컷,충청북도 제천시,제천시 동물보호센터,37.1326042,128.1913508
2025-03-18,개,믹스견,암컷,충청북도 충주시,충주시동물보호센터,36.9907334,127.9259891
2025-03-18,개,믹스견,암컷,충청북도 충주시,충주시동물보호센터,36.9907334,127.9259891
2025-03-18,개,믹스견,암컷,충청북도 충주시,충주시동물보호센터,36.9907334,127.9259891
2025-03-18,개,믹스견,암컷,충청북도 충주시,충주시동물보호센터,36.9907334,127.9259891
2025-03-18,개,믹스견,암컷,충청북도 충주시,충주시동물보호센터,36.9907334,127.9259891
2025-03-18,개,믹스견,암컷,충청북도 충주시,충주시동물보호센터,36.9907334,127.9259891
2025-03-18,개,믹스견,수컷,충청북도 충주시,충주시동물보호센터,36.9907334,127.9259891
2025-03-18,개,믹스견,수컷,충청북도 충주시,충주시동물보호센터,36.9907334,127.9259891
2025-03-18,개,스피츠,암컷,강원특별자치도 평창군,평창군유기동물보호소,37.3705,128.3903
2025-03-18,개,믹스견,암컷,강원특별자치도 강릉시,강릉시 동물사랑센터,37.7525313,128.8759523
2025-03-18,개,믹스견,수컷,강원특별자치도 원주시,원주시동물보호센터,37.3420996,127.9197603
2025-03-18,개,믹스견,수컷,강원특별자치도 춘천시,춘천시 동물보호센터,37.8810569,127.7297641
2025-03-18,개,믹스견,수컷,강원특별자치도 춘천시,춘천시 동물보호센터,37.8810569,127.7297641
2025-03-18,개,믹스견,암컷,경기도 여주시,위더스 동물보호센터,37.2982901,127.637033
2025-03-18,개,믹스견,암컷,경기도 여주시,위더스 동물보호센터,37.2982901,127.637033
2025-03-18,개,믹스견,암컷,경기도 평택시,평택시유기동물보호소,36.9924966,127.1127168
2025-03-18,개,믹스견,암컷,경기도 평택시,평택시유기동물보호소,36.9924966,127.1127168
2025-03-18,개,믹스견,암컷,경기도 평택시,평택시유기동물보호소,36.9924966,127.1127168
2025-03-18,개,믹스견,암컷,경기도 평택시,평택시유기동물보호소,36.9924966,127.1127168
2025-03-18,개,믹스견,암컷,경기도 평택시,평택시유기동물보호소,36.9924966,127.1127168
2025-03-18,개,믹스견,수컷,경기도 평택시,평택시유기동물보호소,36.9924966,127.1127168
2025-03-18,개,믹스견,암컷,경기도 평택시,평택시유기동물보호소,36.9924966,127.1127168
2025-03-18,고양이,한국 고양이,수컷,광주광역시 북구,광주동물보호센터,35.1741,126.9122
2025-03-17,개,믹스견,암컷,전라남도 장흥군,장흥군 동물보호센터,34.6811762,126.906996
2025-03-17,개,믹스견,수컷,전라남도 장흥군,장흥군 동물보호센터,34.6811762,126.906996
2025-03-17,개,믹스견,수컷,전북특별자치도 순창군,순창유기동물보호소,35.3741,127.1374
2025-03-17,개,믹스견,미상,전라남도 무안군,무안군유기동물보호소,34.9905794,126.4812377
2025-03-17,개,믹스견,암컷,대전광역시 동구,대전동물보호센터,36.3120051,127.4554285
2025-03-17,개,믹스견,수컷,전라남도 진도군,진도군임시보호소,34.4867515,126.2629264
2025-03-17,개,믹스견,암컷,전라남도 담양군,담양군 동물보호센터,35.320878,126.9883238
2025-03-17,개,믹스견,암컷,전라남도 담양군,담양군 동물보호센터,35.320878,126.9883238
2025-03-17,개,믹스견,암컷,전라남도 담양군,담양군 동물보호센터,35.320878,126.9883238
2025-03-17,개,믹스견,암컷,전라남도 담양군,담양군 동물보호센터,35.320878,126.9883238
2025-03-17,개,믹스견,수컷,부산광역시 서구,부산동물보호센터,35.0974999,129.0241
2025-03-17,개,믹스견,수컷,부산광역시 서구,부산동물보호센터,35.0974999,129.0241
2025-03-17,개,믹스견,암컷,부산광역시 서구,부산동물보호센터,35.0974999,129.0241
2025-03-17,개,믹스견,수컷,부산광역시 서구,부산동물보호센터,35.0974999,129.0241
2025-03-17,개,믹스견,수컷,부산광역시 서구,부산동물보호센터,35.0974999,129.0241
2025-03-17,개,믹스견,수컷,세종특별자치시 세종특별자치시,세종유기동물보호센터,36.4799999,127.289
2025-03-17,개,믹스견,수컷,경상북도 영천시,영천유기동물보호센터,35.98842,128.942
2025-03-17,개,믹스견,수컷,경상북도 구미시,구미시 동물보호센터,36.1195513,128.3444692
2025-03-17,개,믹스견,암컷,전라남도 해남군,해남유기동물보호센터,34.55269,126.52431
2025-03-17,개,믹스견,암컷,전북특별자치도 익산시,익산유기동물보호소,35.9479291,126.9578025
2025-03-17,개,믹스견,암컷,충청남도 아산시,아산동물복지지원센터,36.7899498,127.0026769
2025-03-17,개,믹스견,수컷,충청남도 아산시,아산동물복지지원센터,36.7899498,127.0026769
2025-03-17,개,믹스견,수컷,충청북도 괴산군,괴산증평동물보호센터,36.815,127.7866
2025-03-17,개,믹스견,수컷,충청북도 괴산군,괴산증평동물보호센터,36.815,127.7866
2025-03-17,개,믹스견,암컷,충청북도 괴산군,괴산증평동물보호센터,36.815,127.7866
2025-03-17,개,토이 푸들,암컷,강원특별자치도 삼척시,삼척시동물보호센터,37.4498745,129.1652969
2025-03-17,고양이,한국 고양이,암컷,인천광역시 강화군,디디동물병원,37.746,126.488
2025-03-17,개,믹스견,암컷,인천광역시 강화군,디디동물병원,37.746,126.488
2025-03-17,개,믹스견,암컷,세종특별자치시 세종특별자치시,세종유기동물보호센터,36.4799999,127.289
2025-03-17,개,믹스견,수컷,세종특별자치시 세종특별자치시,세종유기동물보호센터,36.4799999,127.289
2025-03-17,개,믹스견,수컷,경상남도 창원시,창원유기동물보호소,35.227956,128.6818586
2025-03-17,개,믹스견,수컷,경상남도 통영시,통영시동물보호센터,34.854254,128.433205
2025-03-17,개,믹스견,암컷,경상남도 통영시,통영시동물보호센터,34.854254,128.433205
2025-03-17,개,믹스견,암컷,전라남도 장성군,장성군동물보호센터,35.3017065,126.7844061
2025-03-17,개,믹스견,수컷,전라남도 영광군,영광동물보호센터,35.2769282,126.5124504
2025-03-17,개,믹스견,수컷,전라남도 영광군,영광동물보호센터,35.2769282,126.5124504
2025-03-17,개,믹스견,수컷,전라남도 영광군,영광동물보호센터,35.2769282,126.5124504
2025-03-17,개,믹스견,암컷,전라남도 영광군,영광동물보호센터,35.2769282,126.5124504
2025-03-17,개,믹스견,암컷,전라남도 영광군,영광동물보호센터,35.2769282,126.5124504
2025-03-17,개,믹스견,암컷,전라남도 함평군,학교임시동물보호센터,35.0656537,126.5166414
2025-03-17,개,믹스견,암컷,전라남도 고흥군,고흥군임시보호센터,34.6044123,127.276384
2025-03-17,개,믹스견,암컷,전라남도 고흥군,고흥군임시보호센터,34.6044123,127.276384
2025-03-17,개,믹스견,암컷,전라남도 고흥군,고흥군임시보호센터,34.6044123,127.276384
2025-03-17,개,믹스견,암컷,전라남도 고흥군,고흥군임시보호센터,34.6044123,127.276384
2025-03-17,개,믹스견,수컷,전라남도 고흥군,고흥군임시보호센터,34.6044123,127.276384
2025-03-17,개,믹스견,수컷,전라남도 고흥군,고흥군임시보호센터,34.6044123,127.276384
2025-03-17,개,믹스견,암컷,전라남도 고흥군,고흥군임시보호센터,34.6044123,127.276384
2025-03-17,개,믹스견,수컷,전라남도 여수시,유기동물보호소,34.7546257,127.659859
2025-03-17,개,믹스견,수컷,전라남도 여수시,유기동물보호소,34.7546257,127.659859
2025-03-17,개,믹스견,수컷,전북특별자치도 부안군,부안군 동물보호센터,35.7316783,126.7330195
2025-03-17,개,믹스견,암컷,전북특별자치도 김제시,전북말산업복합센터,35.803815,126.880557
2025-03-17,개,믹스견,수컷,전북특별자치도 김제시,전북말산업복합센터,35.803815,126.880557
2025-03-17,개,믹스견,수컷,전북특별자치도 남원시,하나동물병원,35.4163118,127.3903713
2025-03-17,개,믹스견,암컷,충청남도 청양군,청양보호소,36.4587024,126.8019983
2025-03-17,개,믹스견,수컷,충청남도 공주시,공주시 동물보호센터,36.47257,127.09124
2025-03-17,개,요크셔 테리어,수컷,충청남도 천안시,천안시 동물보호센터,36.8150283,127.1140654
2025-03-17,개,믹스견,수컷,충청북도 음성군,금왕동물병원,36.94,127.6906
2025-03-17,개,믹스견,암컷,충청북도 음성군,금왕동물병원,36.94,127.6906
2025-03-17,개,믹스견,암컷,충청북도 음성군,금왕동물병원,36.94,127.6906
2025-03-17,개,믹스견,암컷,충청북도 제천시,제천시 동물보호센터,37.1326042,128.1913508
2025-03-17,개,믹스견,수컷,강원특별자치도 강릉시,강릉시 동물사랑센터,37.7525313,128.8759523
2025-03-17,개,믹스견,암컷,강원특별자치도 강릉시,강릉시 동물사랑센터,37.7525313,128.8759523
2025-03-17,개,믹스견,수컷,강원특별자치도 춘천시,춘천시 동물보호센터,37.8810569,127.7297641
2025-03-17,개,믹스견,암컷,강원특별자치도 춘천시,춘천시 동물보호센터,37.8810569,127.7297641
2025-03-17,개,믹스견,암컷,경기도 이천시,위더스 동물보호센터,37.2808823,127.4429132
2025-03-17,고양이,한국 고양이,암컷,경기도 이천시,위더스 동물보호센터,37.2808823,127.4429132
2025-03-17,개,진도견,수컷,경기도 이천시,위더스 동물보호센터,37.2808823,127.4429132
2025-03-17,개,믹스견,암컷,경기도 이천시,위더스 동물보호센터,37.2808823,127.4429132
2025-03-17,개,믹스견,암컷,경기도 이천시,위더스 동물보호센터,37.2808823,127.4429132
2025-03-17,개,믹스견,암컷,경기도 이천시,위더스 동물보호센터,37.2808823,127.4429132
2025-03-17,개,믹스견,수컷,경기도 오산시,오산 유기동물보호소,37.1499376,127.0774625
2025-03-17,개,믹스견,암컷,경기도 평택시,평택시유기동물보호소,36.9924966,127.1127168
2025-03-17,개,믹스견,암컷,경기도 평택시,평택시유기동물보호소,36.9924966,127.1127168
2025-03-17,개,믹스견,수컷,경기도 평택시,평택시유기동물보호소,36.9924966,127.1127168
2025-03-17,개,믹스견,암컷,대전광역시 대덕구,대전동물보호센터,36.3465766,127.4158483
2025-03-17,고양이,한국 고양이,암컷,광주광역시 광산구,광주동물보호센터,35.1396428,126.7938232
2025-03-17,개,믹스견,수컷,광주광역시 광산구,광주동물보호센터,35.1396428,126.7938232
2025-03-17,개,믹스견,수컷,인천광역시 서구,우리동물병원,37.545,126.676
2025-03-17,고양이,한국 고양이,수컷,서울특별시 동대문구,동대문구청,37.5741982,127.0395092
2025-03-16,개,믹스견,수컷,전북특별자치도 군산시,군산유기동물보호센터,35.9679984,126.7369036
2025-03-16,개,믹스견,암컷,전북특별자치도 군산시,군산유기동물보호센터,35.9679984,126.7369036
2025-03-16,개,믹스견,수컷,경상북도 구미시,구미시 동물보호센터,36.1195513,128.3444692
2025-03-16,개,믹스견,암컷,경기도 고양시,고양시동물보호센터,37.6581862,126.8319452
2025-03-16,고양이,한국 고양이,암컷,부산광역시 사하구,(사)하얀비둘기,35.1041,128.9751
2025-03-16,개,믹스견,수컷,전라남도 완도군,유기동물임시보호센터,34.3110373,126.7553933
2025-03-16,개,믹스견,암컷,전라남도 완도군,유기동물임시보호센터,34.3110373,126.7553933
2025-03-16,개,믹스견,암컷,전라남도 영광군,영광동물보호센터,35.2769282,126.5124504
2025-03-16,개,믹스견,수컷,전라남도 영광군,영광동물보호센터,35.2769282,126.5124504
2025-03-16,개,믹스견,수컷,전라남도 영광군,영광동물보호센터,35.2769282,126.5124504
2025-03-16,개,믹스견,수컷,전라남도 영광군,영광동물보호센터,35.2769282,126.5124504
2025-03-16,개,믹스견,수컷,전라남도 영광군,영광동물보호센터,35.2769282,126.5124504
2025-03-16,개,믹스견,암컷,전라남도 영광군,영광동물보호센터,35.2769282,126.5124504
2025-03-16,개,믹스견,암컷,전라남도 영광군,영광동물보호센터,35.2769282,126.5124504
2025-03-16,개,믹스견,수컷,충청남도 홍성군,금일동물보호센터,36.6010501,126.6611667
2025-03-16,개,믹스견,수컷,경기도 남양주시,남양주시동물보호센터,37.6359398,127.2165051
2025-03-16,고양이,한국 고양이,미상,부산광역시 북구,부산동물보호센터,35.1969,128.9901999
2025-03-16,개,믹스견,수컷,경상남도 창녕군,창녕 유기동물보호소,35.5443876,128.4921938
2025-03-16,개,믹스견,수컷,경상북도 포항시,(사)영일동물플러스,36.0189315,129.3429384
2025-03-16,개,믹스견,암컷,경상북도 포항시,(사)영일동물플러스,36.0189315,129.3429384
2025-03-16,개,믹스견,암컷,충청남도 당진시,당진시동물보호소,36.8904083,126.6461833
2025-03-16,개,믹스견,암컷,충청남도 당진시,당진시동물보호소,36.8904083,126.6461833
2025-03-16,개,믹스견,암컷,충청남도 당진시,당진시동물보호소,36.8904083,126.6461833
2025-03-16,개,믹스견,암컷,충청남도 당진시,당진시동물보호소,36.8904083,126.6461833
2025-03-16,개,믹스견,암컷,충청남도 당진시,당진시동물보호소,36.8904083,126.6461833
2025-03-16,개,믹스견,암컷,경기도 평택시,평택시유기동물보호소,36.9924966,127.1127168
2025-03-16,개,믹스견,암컷,경기도 평택시,평택시유기동물보호소,36.9924966,127.1127168
2025-03-16,개,믹스견,수컷,경기도 평택시,평택시유기동물보호소,36.9924966,127.1127168
2025-03-16,개,믹스견,암컷,경기도 평택시,평택시유기동물보호소,36.9924966,127.1127168
2025-03-16,개,믹스견,수컷,경기도 평택시,평택시유기동물보호소,36.9924966,127.1127168
2025-03-15,개,믹스견,암컷,경상남도 김해시,(사)동물보호관리협회,35.2310947,128.8908228
2025-03-15,개,믹스견,수컷,전북특별자치도 임실군,임실유기동물보호센터,35.6174,127.2893
2025-03-15,개,믹스견,암컷,전북특별자치도 임실군,임실유기동물보호센터,35.6174,127.2893
2025-03-15,개,믹스견,암컷,전북특별자치도 임실군,임실유기동물보호센터,35.6174,127.2893
2025-03-15,개,믹스견,수컷,전북특별자치도 임실군,임실유기동물보호센터,35.6174,127.2893
2025-03-15,개,진도견,암컷,전북특별자치도 익산시,익산유기동물보호소,35.9479291,126.9578025
2025-03-15,개,믹스견,수컷,충청남도 홍성군,금일동물보호센터,36.6010501,126.6611667
2025-03-15,개,믹스견,수컷,충청남도 아산시,아산동물복지지원센터,36.7899498,127.0026769
2025-03-15,개,말티즈,수컷,경기도 수원시,수원시 동물보호센터,37.2633325,127.0287472
2025-03-15,개,믹스견,암컷,전라남도 신안군,신안군유기동물보호소,34.8331095,126.3522531
2025-03-15,개,진도견,암컷,충청북도 청주시,반려동물보호센터,36.6421169,127.4891742
2025-03-15,개,믹스견,수컷,경기도 여주시,위더스 동물보호센터,37.2982901,127.637033
2025-03-15,개,믹스견,암컷,경기도 여주시,위더스 동물보호센터,37.2982901,127.637033
2025-03-15,개,믹스견,수컷,경기도 광주시,광주TNR동물병원초월,37.4290844,127.255189
2025-03-15,개,믹스견,수컷,경기도 이천시,위더스 동물보호센터,37.2808823,127.4429132
2025-03-15,개,믹스견,수컷,경기도 이천시,위더스 동물보호센터,37.2808823,127.4429132
2025-03-15,개,포인터,암컷,경기도 이천시,위더스 동물보호센터,37.2808823,127.4429132
2025-03-15,개,믹스견,암컷,경기도 이천시,위더스 동물보호센터,37.2808823,127.4429132
2025-03-15,개,믹스견,암컷,경기도 시흥시,시흥동물누리보호센터,37.3798891,126.8032255
2025-03-15,개,포메라니안,암컷,경기도 광명시,한국야생동물보호협회,37.4810539,126.8631275
2025-03-14,개,믹스견,암컷,강원특별자치도 양양군,양양군유기동물보호소,38.0751,128.6191
2025-03-14,개,믹스견,암컷,전라남도 곡성군,곡성군동물보호소,35.2818969,127.2914673
2025-03-14,개,말티즈,암컷,강원특별자치도 삼척시,삼척시동물보호센터,37.4498745,129.1652969
2025-03-14,개,믹스견,암컷,강원특별자치도 삼척시,삼척시동물보호센터,37.4498745,129.1652969
2025-03-14,개,믹스견,미상,부산광역시 사상구,(사)하얀비둘기,35.1521,128.9911
2025-03-14,개,믹스견,암컷,경상남도 통영시,통영시동물보호센터,34.854254,128.433205
2025-03-14,개,믹스견,수컷,전북특별자치도 임실군,임실유기동물보호센터,35.6174,127.2893
2025-03-14,개,믹스견,수컷,전북특별자치도 임실군,임실유기동물보호센터,35.6174,127.2893
2025-03-14,개,믹스견,수컷,전북특별자치도 임실군,임실유기동물보호센터,35.6174,127.2893
2025-03-14,개,믹스견,수컷,전북특별자치도 임실군,임실유기동물보호센터,35.6174,127.2893
2025-03-14,개,믹스견,수컷,전북특별자치도 익산시,익산유기동물보호소,35.9479291,126.9578025
2025-03-14,개,비숑 프리제,수컷,충청남도 홍성군,금일동물보호센터,36.6010501,126.6611667
2025-03-14,개,믹스견,암컷,충청남도 논산시,논산시 동물보호센터,36.1868154,127.0987538
2025-03-14,개,장모치와와,암컷,충청남도 아산시,아산동물복지지원센터,36.7899498,127.0026769
2025-03-14,개,믹스견,수컷,충청남도 아산시,아산동물복지지원센터,36.7899498,127.0026769
2025-03-14,개,믹스견,암컷,충청북도 증평군,가정견훈련소,36.785213,127.5818159
2025-03-14,개,믹스견,암컷,충청북도 증평군,가정견훈련소,36.785213,127.5818159
2025-03-14,개,믹스견,암컷,충청북도 증평군,가정견훈련소,36.785213,127.5818159
2025-03-14,개,믹스견,수컷,충청북도 증평군,가정견훈련소,36.785213,127.5818159
2025-03-14,개,믹스견,수컷,충청북도 증평군,가정견훈련소,36.785213,127.5818159
2025-03-14,개,믹스견,암컷,인천광역시 남동구,인천광역시수의사회,37.446902,126.7315126
2025-03-14,개,믹스견,수컷,대구광역시 남구,대구유기동물보호협회,35.845728,128.5977207
2025-03-14,개,믹스견,암컷,경상남도 창녕군,창녕 유기동물보호소,35.5443876,128.4921938
2025-03-14,개,믹스견,미상,경상북도 칠곡군,칠곡유기동물보호센터,35.995,128.4017
2025-03-14,개,믹스견,암컷,경상북도 칠곡군,칠곡유기동물보호센터,35.995,128.4017
2025-03-14,개,믹스견,암컷,경상북도 경산시,경산시유기동물보호소,35.825122,128.741329
2025-03-14,개,믹스견,암컷,경상북도 경산시,경산시유기동물보호소,35.825122,128.741329
2025-03-14,개,믹스견,수컷,경상북도 경산시,경산시유기동물보호소,35.825122,128.741329
2025-03-14,개,믹스견,수컷,경상북도 경산시,경산시유기동물보호소,35.825122,128.741329
2025-03-14,개,믹스견,암컷,경상북도 영주시,영주시 동물보호센터,36.805685,128.624054
2025-03-14,개,믹스견,암컷,경상북도 영주시,영주시 동물보호센터,36.805685,128.624054
2025-03-14,개,믹스견,수컷,경상북도 영주시,영주시 동물보호센터,36.805685,128.624054
2025-03-14,개,믹스견,수컷,전라남도 장성군,장성군동물보호센터,35.3017065,126.7844061
2025-03-14,개,믹스견,암컷,전라남도 장성군,장성군동물보호센터,35.3017065,126.7844061
2025-03-14,개,믹스견,암컷,전라남도 장성군,장성군동물보호센터,35.3017065,126.7844061
2025-03-14,개,믹스견,수컷,전라남도 보성군,보성유기동물보호센터,34.7711356,127.0798978
2025-03-14,개,믹스견,수컷,전라남도 보성군,보성유기동물보호센터,34.7711356,127.0798978
2025-03-14,개,믹스견,수컷,전라남도 보성군,보성유기동물보호센터,34.7711356,127.0798978
2025-03-14,개,믹스견,암컷,전라남도 순천시,순천시유기동물보호소,34.9505457,127.4872992
2025-03-14,개,믹스견,암컷,전라남도 순천시,순천시유기동물보호소,34.9505457,127.4872992
2025-03-14,개,믹스견,암컷,전라남도 순천시,순천시유기동물보호소,34.9505457,127.4872992
2025-03-14,개,믹스견,암컷,전라남도 순천시,순천시유기동물보호소,34.9505457,127.4872992
2025-03-14,개,믹스견,암컷,전라남도 순천시,순천시유기동물보호소,34.9505457,127.4872992
2025-03-14,개,믹스견,암컷,전라남도 순천시,순천시유기동물보호소,34.9505457,127.4872992
2025-03-14,개,믹스견,수컷,전라남도 순천시,순천시유기동물보호소,34.9505457,127.4872992
2025-03-14,개,믹스견,수컷,전라남도 순천시,순천시유기동물보호소,34.9505457,127.4872992
2025-03-14,개,믹스견,암컷,전라남도 순천시,순천시유기동물보호소,34.9505457,127.4872992
2025-03-14,개,믹스견,수컷,전라남도 순천시,순천시유기동물보호소,34.9505457,127.4872992
2025-03-14,개,믹스견,암컷,전라남도 순천시,순천시유기동물보호소,34.9505457,127.4872992
2025-03-14,개,믹스견,암컷,전라남도 순천시,순천시유기동물보호소,34.9505457,127.4872992
2025-03-14,개,믹스견,암컷,전라남도 여수시,유기동물보호소,34.7546257,127.659859
2025-03-14,개,믹스견,암컷,전라남도 여수시,유기동물보호소,34.7546257,127.659859
2025-03-14,개,믹스견,암컷,전라남도 목포시,목포시유기동물보호소,34.7903335,126.3847547
2025-03-14,개,믹스견,수컷,충청북도 청주시,반려동물보호센터,36.6421169,127.4891742
2025-03-14,개,믹스견,암컷,충청북도 음성군,금왕동물병원,36.94,127.6906
2025-03-14,개,믹스견,암컷,충청북도 음성군,금왕동물병원,36.94,127.6906
2025-03-14,개,믹스견,수컷,충청북도 음성군,금왕동물병원,36.94,127.6906
2025-03-14,개,믹스견,수컷,충청북도 음성군,금왕동물병원,36.94,127.6906
2025-03-14,개,믹스견,수컷,충청북도 음성군,금왕동물병원,36.94,127.6906
2025-03-14,개,믹스견,수컷,충청북도 음성군,금왕동물병원,36.94,127.6906
2025-03-14,개,믹스견,암컷,강원특별자치도 춘천시,춘천시 동물보호센터,37.8810569,127.7297641
2025-03-14,개,믹스견,암컷,강원특별자치도 춘천시,춘천시 동물보호센터,37.8810569,127.7297641
2025-03-14,개,믹스견,암컷,강원특별자치도 춘천시,춘천시 동물보호센터,37.8810569,127.7297641
2025-03-14,개,믹스견,수컷,경기도 여주시,위더스 동물보호센터,37.2982901,127.637033
2025-03-14,개,믹스견,암컷,경기도 여주시,위더스 동물보호센터,37.2982901,127.637033
2025-03-14,개,믹스견,암컷,경기도 여주시,위더스 동물보호센터,37.2982901,127.637033
2025-03-14,개,믹스견,암컷,경기도 오산시,오산 유기동물보호소,37.1499376,127.0774625
2025-03-14,개,믹스견,암컷,경기도 오산시,오산 유기동물보호소,37.1499376,127.0774625
2025-03-14,개,믹스견,암컷,경기도 오산시,오산 유기동물보호소,37.1499376,127.0774625
2025-03-14,개,믹스견,수컷,경기도 고양시,고양시동물보호센터,37.6581862,126.8319452
2025-03-14,개,믹스견,수컷,경기도 안산시,한국야생동물보호협회,37.3217152,126.8308604
2025-03-14,개,믹스견,수컷,경기도 안산시,한국야생동물보호협회,37.3217152,126.8308604
2025-03-14,개,믹스견,수컷,경기도 안산시,한국야생동물보호협회,37.3217152,126.8308604
2025-03-14,개,믹스견,수컷,경기도 평택시,평택시유기동물보호소,36.9924966,127.1127168
2025-03-14,개,믹스견,수컷,경기도 평택시,평택시유기동물보호소,36.9924966,127.1127168
2025-03-14,개,믹스견,암컷,경기도 안양시,한국야생동물보호협회,37.3938528,126.9570605
2025-03-14,개,믹스견,암컷,울산광역시 울주군,울산유기동물보호센터,35.5222362,129.2423693
2025-03-14,고양이,한국 고양이,미상,대전광역시 서구,대전동물보호센터,36.3551786,127.3838487
2025-03-14,고양이,러시안 블루,암컷,인천광역시 서구,우리동물병원,37.545,126.676
2025-03-14,개,믹스견,암컷,대구광역시 군위군,군위종합동물병원,36.2425017,128.5732027
2025-03-14,개,믹스견,수컷,대구광역시 군위군,군위종합동물병원,36.2425017,128.5732027
2025-03-14,개,믹스견,수컷,대구광역시 군위군,군위종합동물병원,36.2425017,128.5732027
2025-03-14,개,믹스견,수컷,대구광역시 군위군,군위종합동물병원,36.2425017,128.5732027
2025-03-14,개,믹스견,수컷,대구광역시 군위군,군위종합동물병원,36.2425017,128.5732027
2025-03-14,개,믹스견,암컷,대구광역시 군위군,군위종합동물병원,36.2425017,128.5732027
2025-03-14,개,믹스견,수컷,대구광역시 군위군,군위종합동물병원,36.2425017,128.5732027
2025-03-14,개,믹스견,암컷,대구광역시 군위군,군위종합동물병원,36.2425017,128.5732027
2025-03-14,개,믹스견,암컷,대구광역시 군위군,군위종합동물병원,36.2425017,128.5732027
2025-03-14,개,믹스견,수컷,대구광역시 군위군,군위종합동물병원,36.2425017,128.5732027
2025-03-13,개,믹스견,암컷,충청북도 괴산군,괴산증평동물보호센터,36.815,127.7866
2025-03-13,개,치와와,암컷,부산광역시 영도구,부산동물보호센터,35.0908,129.0678
2025-03-13,개,믹스견,암컷,충청북도 진천군,증평 가정견 훈련소,36.855461,127.4353927
2025-03-13,개,치와와,암컷,경기도 양주시,한국동물구조관리협회,37.7849312,127.0457771
2025-03-13,개,믹스견,수컷,경상남도 밀양시,밀양시 동물보호센터,35.503839,128.7466992
2025-03-13,개,믹스견,수컷,경상남도 밀양시,밀양시 동물보호센터,35.503839,128.7466992
2025-03-13,개,믹스견,수컷,경상남도 밀양시,밀양시 동물보호센터,35.503839,128.7466992
2025-03-13,개,믹스견,암컷,경상남도 밀양시,밀양시 동물보호센터,35.503839,128.7466992
2025-03-13,고양이,믹스묘,암컷,전북특별자치도 군산시,군산유기동물보호센터,35.9679984,126.7369036
2025-03-13,개,믹스견,수컷,부산광역시 동래구,(사)동부동물보호협회,35.2052,129.0837
2025-03-13,개,믹스견,암컷,부산광역시 동래구,(사)동부동물보호협회,35.2052,129.0837
2025-03-13,개,믹스견,암컷,전라남도 완도군,유기동물임시보호센터,34.3110373,126.7553933
2025-03-13,개,믹스견,암컷,경상남도 합천군,태민동물보호센터,35.5664445,128.1658334
2025-03-13,개,믹스견,암컷,경상남도 합천군,태민동물보호센터,35.5664445,128.1658334
2025-03-13,개,믹스견,수컷,전북특별자치도 정읍시,정읍시 동물보호소,35.5697678,126.8559787
2025-03-13,개,믹스견,암컷,전북특별자치도 익산시,익산유기동물보호소,35.9479291,126.9578025
2025-03-13,개,믹스견,수컷,전북특별자치도 전주시,패밀리동물병원,35.8237631,127.1472805
2025-03-13,개,믹스견,수컷,충청남도 서산시,서산시 동물보호센터,36.784499,126.450317
2025-03-13,개,믹스견,수컷,충청남도 아산시,아산동물복지지원센터,36.7899498,127.0026769
2025-03-13,개,포메라니안,수컷,충청남도 아산시,아산동물복지지원센터,36.7899498,127.0026769
2025-03-13,개,말티즈,수컷,강원특별자치도 강릉시,강릉시 동물사랑센터,37.7525313,128.8759523
2025-03-13,개,믹스견,암컷,경기도 수원시,수원시 동물보호센터,37.2633325,127.0287472
2025-03-13,개,믹스견,암컷,경기도 수원시,수원시 동물보호센터,37.2633325,127.0287472
2025-03-13,개,푸들,암컷,울산광역시 울주군,울산유기동물보호센터,35.5222362,129.2423693
2025-03-13,고양이,터키시 앙고라,암컷,대전광역시 서구,대전동물보호센터,36.3551786,127.3838487
2025-03-13,개,믹스견,수컷,대전광역시 동구,대전동물보호센터,36.3120051,127.4554285
2025-03-13,개,믹스견,암컷,대전광역시 동구,대전동물보호센터,36.3120051,127.4554285
2025-03-13,개,믹스견,암컷,인천광역시 강화군,디디동물병원,37.746,126.488
2025-03-13,고양이,한국 고양이,수컷,인천광역시 서구,가정동물병원,37.545,126.676
2025-03-13,개,믹스견,암컷,부산광역시 금정구,동부동물보호협회,35.2429,129.0926
2025-03-13,개,믹스견,수컷,부산광역시 북구,부산동물보호센터,35.1969,128.9901999
2025-03-13,개,믹스견,암컷,경상남도 함안군,함안군유기동물보호소,35.2726875,128.4065038
2025-03-13,개,믹스견,수컷,경상남도 함안군,함안군유기동물보호소,35.2726875,128.4065038
2025-03-13,개,믹스견,암컷,경상남도 함안군,함안군유기동물보호소,35.2726875,128.4065038
2025-03-13,개,믹스견,수컷,경상남도 함안군,함안군유기동물보호소,35.2726875,128.4065038
2025-03-13,개,믹스견,수컷,경상남도 함안군,함안군유기동물보호소,35.2726875,128.4065038
2025-03-13,개,믹스견,암컷,경상남도 함안군,함안군유기동물보호소,35.2726875,128.4065038
2025-03-13,개,믹스견,암컷,경상남도 함안군,함안군유기동물보호소,35.2726875,128.4065038
2025-03-13,개,믹스견,암컷,경상남도 함안군,함안군유기동물보호소,35.2726875,128.4065038
2025-03-13,개,믹스견,수컷,경상남도 함안군,함안군유기동물보호소,35.2726875,128.4065038
2025-03-13,개,믹스견,암컷,경상남도 함안군,함안군유기동물보호소,35.2726875,128.4065038
2025-03-13,개,믹스견,수컷,경상남도 함안군,함안군유기동물보호소,35.2726875,128.4065038
2025-03-13,개,믹스견,수컷,경상남도 함안군,함안군유기동물보호소,35.2726875,128.4065038
2025-03-13,개,믹스견,암컷,경상남도 함안군,함안군유기동물보호소,35.2726875,128.4065038
2025-03-13,개,진도견,암컷,경상남도 함안군,함안군유기동물보호소,35.2726875,128.4065038
2025-03-13,개,진도견,암컷,경상남도 함안군,함안군유기동물보호소,35.2726875,128.4065038
2025-03-13,개,진도견,암컷,경상남도 함안군,함안군유기동물보호소,35.2726875,128.4065038
2025-03-13,개,믹스견,암컷,경상남도 함안군,함안군유기동물보호소,35.2726875,128.4065038
2025-03-13,개,믹스견,수컷,경상남도 함안군,함안군유기동물보호소,35.2726875,128.4065038
2025-03-13,개,믹스견,암컷,경상남도 함안군,함안군유기동물보호소,35.2726875,128.4065038
2025-03-13,개,믹스견,암컷,경상남도 함안군,함안군유기동물보호소,35.2726875,128.4065038
2025-03-13,개,믹스견,암컷,경상남도 밀양시,밀양시 동물보호센터,35.503839,128.7466992
2025-03-13,개,믹스견,암컷,경상남도 밀양시,밀양시 동물보호센터,35.503839,128.7466992
2025-03-13,개,믹스견,암컷,경상남도 밀양시,밀양시 동물보호센터,35.503839,128.7466992
2025-03-13,개,믹스견,수컷,경상남도 밀양시,밀양시 동물보호센터,35.503839,128.7466992
2025-03-13,개,믹스견,암컷,경상남도 밀양시,밀양시 동물보호센터,35.503839,128.7466992
2025-03-13,개,믹스견,암컷,경상남도 밀양시,밀양시 동물보호센터,35.503839,128.7466992
2025-03-13,개,믹스견,암컷,경상남도 밀양시,밀양시 동물보호센터,35.503839,128.7466992
2025-03-13,개,믹스견,암컷,경상남도 밀양시,밀양시 동물보호센터,35.503839,128.7466992
2025-03-13,개,믹스견,수컷,경상북도 고령군,고령군 유기견 보호소,35.7258,128.2632
2025-03-13,개,믹스견,암컷,경상북도 고령군,고령군 유기견 보호소,35.7258,128.2632
2025-03-13,개,믹스견,수컷,경상북도 경산시,경산시유기동물보호소,35.825122,128.741329
2025-03-13,개,믹스견,암컷,경상북도 포항시,(사)영일동물플러스,36.0189315,129.3429384
2025-03-13,개,믹스견,수컷,전라남도 담양군,담양군 동물보호센터,35.320878,126.9883238
2025-03-13,개,믹스견,수컷,전라남도 담양군,담양군 동물보호센터,35.320878,126.9883238
2025-03-13,개,믹스견,암컷,전라남도 담양군,담양군 동물보호센터,35.320878,126.9883238
2025-03-13,개,믹스견,수컷,전라남도 여수시,유기동물보호소,34.7546257,127.659859
2025-03-13,개,믹스견,수컷,전북특별자치도 남원시,하나동물병원,35.4163118,127.3903713
2025-03-13,개,믹스견,수컷,전북특별자치도 정읍시,정읍시 동물보호소,35.5697678,126.8559787
2025-03-13,개,믹스견,암컷,전북특별자치도 정읍시,정읍시 동물보호소,35.5697678,126.8559787
2025-03-13,개,믹스견,수컷,전북특별자치도 정읍시,정읍시 동물보호소,35.5697678,126.8559787
2025-03-13,개,믹스견,암컷,전북특별자치도 전주시,패밀리동물병원,35.8237631,127.1472805
2025-03-13,개,믹스견,수컷,충청남도 당진시,당진시동물보호소,36.8904083,126.6461833
2025-03-13,개,믹스견,암컷,충청남도 아산시,아산동물복지지원센터,36.7899498,127.0026769
2025-03-13,개,믹스견,암컷,충청남도 아산시,아산동물복지지원센터,36.7899498,127.0026769
2025-03-13,개,믹스견,암컷,충청남도 보령시,보령시유기동물보호소,36.33401,126.613165
2025-03-13,개,믹스견,수컷,강원특별자치도 고성군,유기견임시보호소,38.3808,128.4678
2025-03-13,개,사모예드,암컷,강원특별자치도 원주시,원주시동물보호센터,37.3420996,127.9197603
2025-03-13,개,믹스견,수컷,경기도 고양시,고양시동물보호센터,37.6581862,126.8319452
2025-03-13,개,믹스견,암컷,경기도 평택시,평택시유기동물보호소,36.9924966,127.1127168
2025-03-13,개,믹스견,암컷,경기도 평택시,평택시유기동물보호소,36.9924966,127.1127168
2025-03-13,개,믹스견,수컷,경기도 광명시,한국야생동물보호협회,37.4810539,126.8631275
2025-03-12,개,믹스견,수컷,강원특별자치도 양양군,양양군유기동물보호소,38.0751,128.6191
2025-03-12,개,믹스견,수컷,강원특별자치도 횡성군,횡성유기동물보호센터,37.4916,127.985
2025-03-12,개,믹스견,수컷,경상북도 영천시,영천유기동물보호센터,35.98842,128.942
2025-03-12,개,믹스견,수컷,경상북도 영천시,영천유기동물보호센터,35.98842,128.942
2025-03-12,개,믹스견,수컷,경상남도 하동군,하동군유기동물보호소,35.0670735,127.7516778
2025-03-12,개,믹스견,수컷,경상남도 하동군,하동군유기동물보호소,35.0670735,127.7516778
2025-03-12,개,믹스견,암컷,전라남도 무안군,무안군유기동물보호소,34.9905794,126.4812377
2025-03-12,개,믹스견,수컷,전라남도 무안군,무안군유기동물보호소,34.9905794,126.4812377
2025-03-12,개,믹스견,수컷,전라남도 무안군,무안군유기동물보호소,34.9905794,126.4812377
2025-03-12,개,믹스견,수컷,경상남도 합천군,태민동물보호센터,35.5664445,128.1658334
2025-03-12,개,믹스견,암컷,경상남도 합천군,태민동물보호센터,35.5664445,128.1658334
2025-03-12,개,믹스견,암컷,경상남도 합천군,태민동물보호센터,35.5664445,128.1658334
2025-03-12,개,믹스견,암컷,경상남도 합천군,태민동물보호센터,35.5664445,128.1658334
2025-03-12,개,믹스견,수컷,경상남도 합천군,태민동물보호센터,35.5664445,128.1658334
2025-03-12,개,믹스견,암컷,경상남도 합천군,태민동물보호센터,35.5664445,128.1658334
2025-03-12,개,믹스견,암컷,경상남도 합천군,태민동물보호센터,35.5664445,128.1658334
2025-03-12,개,웰시 코기 펨브로크,수컷,부산광역시 중구,부산동물보호센터,35.106501,129.0325814
2025-03-12,개,믹스견,암컷,제주특별자치도 제주특별자치도,제주 동물보호센터,33.4887737,126.4987083
2025-03-12,개,믹스견,수컷,경상남도 밀양시,밀양시 동물보호센터,35.503839,128.7466992
2025-03-12,개,믹스견,암컷,경상남도 밀양시,밀양시 동물보호센터,35.503839,128.7466992
2025-03-12,개,믹스견,암컷,경상남도 밀양시,밀양시 동물보호센터,35.503839,128.7466992
2025-03-12,개,믹스견,암컷,경상남도 밀양시,밀양시 동물보호센터,35.503839,128.7466992
2025-03-12,개,믹스견,암컷,경상남도 밀양시,밀양시 동물보호센터,35.503839,128.7466992
2025-03-12,개,믹스견,수컷,경상남도 밀양시,밀양시 동물보호센터,35.503839,128.7466992
2025-03-12,개,믹스견,암컷,경상남도 밀양시,밀양시 동물보호센터,35.503839,128.7466992
2025-03-12,개,믹스견,암컷,전라남도 목포시,목포시유기동물보호소,34.7903335,126.3847547
2025-03-12,개,믹스견,암컷,충청남도 홍성군,금일동물보호센터,36.6010501,126.6611667
2025-03-12,개,믹스견,수컷,충청남도 홍성군,금일동물보호센터,36.6010501,126.6611667
2025-03-12,개,믹스견,수컷,충청남도 홍성군,금일동물보호센터,36.6010501,126.6611667
2025-03-12,개,믹스견,수컷,경기도 수원시,수원시 동물보호센터,37.2633325,127.0287472
2025-03-12,개,믹스견,수컷,세종특별자치시 세종특별자치시,세종유기동물보호센터,36.4799999,127.289
2025-03-12,개,믹스견,암컷,세종특별자치시 세종특별자치시,세종유기동물보호센터,36.4799999,127.289
2025-03-12,개,믹스견,수컷,경상남도 창녕군,창녕 유기동물보호소,35.5443876,128.4921938
2025-03-12,개,믹스견,수컷,경상남도 창녕군,창녕 유기동물보호소,35.5443876,128.4921938
2025-03-12,개,믹스견,암컷,경상남도 거제시,거제시유기동물보호소,34.8804677,128.621207
2025-03-12,개,믹스견,수컷,경상남도 거제시,거제시유기동물보호소,34.8804677,128.621207
2025-03-12,개,믹스견,수컷,경상남도 거제시,거제시유기동물보호소,34.8804677,128.621207
2025-03-12,개,푸들,수컷,경상남도 진주시,진주시동물보호센터,35.1803459,128.1079953
2025-03-12,개,믹스견,수컷,경상북도 고령군,고령군 유기견 보호소,35.7258,128.2632
2025-03-12,개,믹스견,암컷,경상북도 청도군,청도군동물보호센터,35.6473012,128.7348468
2025-03-12,개,믹스견,수컷,전라남도 함평군,학교임시동물보호센터,35.0656537,126.5166414
2025-03-12,개,믹스견,암컷,전라남도 순천시,순천시유기동물보호소,34.9505457,127.4872992
2025-03-12,개,믹스견,암컷,전라남도 순천시,순천시유기동물보호소,34.9505457,127.4872992
2025-03-12,개,믹스견,암컷,전라남도 여수시,유기동물보호소,34.7546257,127.659859
2025-03-12,개,믹스견,암컷,전북특별자치도 김제시,전북말산업복합센터,35.803815,126.880557
2025-03-12,개,믹스견,암컷,전북특별자치도 김제시,전북말산업복합센터,35.803815,126.880557
2025-03-12,개,믹스견,암컷,전북특별자치도 김제시,전북말산업복합센터,35.803815,126.880557
2025-03-12,개,믹스견,암컷,전북특별자치도 김제시,전북말산업복합센터,35.803815,126.880557
2025-03-12,개,포메라니안,수컷,전북특별자치도 남원시,하나동물병원,35.4163118,127.3903713
2025-03-12,개,믹스견,암컷,전북특별자치도 남원시,하나동물병원,35.4163118,127.3903713
2025-03-12,개,믹스견,수컷,전북특별자치도 남원시,하나동물병원,35.4163118,127.3903713
2025-03-12,개,믹스견,암컷,전북특별자치도 남원시,하나동물병원,35.4163118,127.3903713
2025-03-12,개,믹스견,수컷,전북특별자치도 남원시,하나동물병원,35.4163118,127.3903713
2025-03-12,개,포메라니안,수컷,전북특별자치도 남원시,하나동물병원,35.4163118,127.3903713
2025-03-12,개,믹스견,수컷,전북특별자치도 군산시,군산유기동물보호센터,35.9679984,126.7369036
2025-03-12,개,믹스견,수컷,전북특별자치도 군산시,군산유기동물보호센터,35.9679984,126.7369036
2025-03-12,개,믹스견,수컷,전북특별자치도 군산시,군산유기동물보호센터,35.9679984,126.7369036
2025-03-12,고양이,믹스묘,암컷,충청남도 아산시,아산동물복지지원센터,36.7899498,127.0026769
2025-03-12,개,믹스견,암컷,경기도 양평군,양평군유기동물보호소,37.4916,127.4875
2025-03-12,개,믹스견,암컷,경기도 파주시,한국동물구조관리협회,37.7598955,126.7801502
2025-03-12,개,믹스견,암컷,경기도 파주시,한국동물구조관리협회,37.7598955,126.7801502
2025-03-12,개,믹스견,암컷,경기도 파주시,한국동물구조관리협회,37.7598955,126.7801502
2025-03-12,개,믹스견,미상,경기도 파주시,한국동물구조관리협회,37.7598955,126.7801502
2025-03-12,개,믹스견,미상,경기도 파주시,한국동물구조관리협회,37.7598955,126.7801502
2025-03-12,개,믹스견,미상,경기도 파주시,한국동물구조관리협회,37.7598955,126.7801502
2025-03-12,개,믹스견,미상,경기도 파주시,한국동물구조관리협회,37.7598955,126.7801502
2025-03-12,개,믹스견,미상,경기도 파주시,한국동물구조관리협회,37.7598955,126.7801502
2025-03-12,개,믹스견,암컷,경기도 파주시,한국동물구조관리협회,37.7598955,126.7801502
2025-03-12,개,믹스견,암컷,경기도 파주시,한국동물구조관리협회,37.7598955,126.7801502
2025-03-12,고양이,한국 고양이,수컷,경기도 용인시,용인시 동물보호센터,37.2405741,127.1785572
2025-03-12,개,믹스견,암컷,경기도 고양시,고양시동물보호센터,37.6581862,126.8319452
2025-03-12,개,믹스견,암컷,경기도 평택시,평택시유기동물보호소,36.9924966,127.1127168
2025-03-12,개,믹스견,암컷,경기도 평택시,평택시유기동물보호소,36.9924966,127.1127168
2025-03-12,개,믹스견,암컷,경기도 평택시,평택시유기동물보호소,36.9924966,127.1127168
2025-03-12,개,믹스견,수컷,경기도 평택시,평택시유기동물보호소,36.9924966,127.1127168
2025-03-12,개,믹스견,수컷,경기도 평택시,평택시유기동물보호소,36.9924966,127.1127168
2025-03-12,개,믹스견,암컷,경기도 평택시,평택시유기동물보호소,36.9924966,127.1127168
2025-03-12,개,믹스견,암컷,경기도 평택시,평택시유기동물보호소,36.9924966,127.1127168
2025-03-12,개,믹스견,암컷,울산광역시 울주군,울산유기동물보호센터,35.5222362,129.2423693
2025-03-11,개,믹스견,암컷,전라남도 장흥군,장흥군 동물보호센터,34.6811762,126.906996
2025-03-11,개,믹스견,수컷,전라남도 무안군,무안군유기동물보호소,34.9905794,126.4812377
2025-03-11,개,믹스견,암컷,경상남도 산청군,산청동물보호센터,35.4154624,127.873663
2025-03-11,개,믹스견,수컷,경상남도 김해시,(사)동물보호관리협회,35.2310947,128.8908228
2025-03-11,개,믹스견,암컷,충청남도 금산군,제일동물병원,36.1087249,127.48815
2025-03-11,개,믹스견,수컷,충청남도 논산시,논산시 동물보호센터,36.1868154,127.0987538
2025-03-11,고양이,한국 고양이,암컷,제주특별자치도 제주특별자치도,제주 동물보호센터,33.4887737,126.4987083
2025-03-11,개,믹스견,암컷,경상북도 울진군,울진군동물보호센터,36.993,129.4006
2025-03-11,개,믹스견,암컷,전라남도 해남군,해남유기동물보호센터,34.55269,126.52431
2025-03-11,개,믹스견,암컷,전라남도 해남군,해남유기동물보호센터,34.55269,126.52431
2025-03-11,개,믹스견,수컷,전라남도 해남군,해남유기동물보호센터,34.55269,126.52431
2025-03-11,개,믹스견,암컷,전라남도 구례군,구례군동물보호센터,35.2203329,127.473277
2025-03-11,개,믹스견,수컷,전북특별자치도 익산시,익산유기동물보호소,35.9479291,126.9578025
2025-03-11,개,믹스견,수컷,충청북도 괴산군,괴산증평동물보호센터,36.815,127.7866
2025-03-11,개,믹스견,수컷,강원특별자치도 원주시,원주시동물보호센터,37.3420996,127.9197603
2025-03-11,고양이,한국 고양이,수컷,경기도 수원시,수원시 동물보호센터,37.2633325,127.0287472
2025-03-11,개,믹스견,미상,울산광역시 울주군,울산유기동물보호센터,35.5222362,129.2423693
2025-03-11,개,믹스견,암컷,울산광역시 북구,울산유기동물보호센터,35.5826,129.3604
2025-03-11,개,믹스견,암컷,울산광역시 북구,울산유기동물보호센터,35.5826,129.3604
2025-03-11,개,믹스견,수컷,울산광역시 북구,울산유기동물보호센터,35.5826,129.3604
2025-03-11,개,믹스견,암컷,울산광역시 북구,울산유기동물보호센터,35.5826,129.3604
2025-03-11,개,포메라니안,수컷,인천광역시 미추홀구,인천광역시수의사회,37.4636,126.6502
2025-03-11,개,믹스견,수컷,부산광역시 남구,(사)동부동물보호협회,35.1361,129.0843999
2025-03-11,고양이,한국 고양이,암컷,부산광역시 중구,부산동물보호센터,35.106501,129.0325814
2025-03-11,개,믹스견,암컷,세종특별자치시 세종특별자치시,세종유기동물보호센터,36.4799999,127.289
2025-03-11,개,믹스견,수컷,경상남도 창녕군,창녕 유기동물보호소,35.5443876,128.4921938
2025-03-11,개,믹스견,암컷,경상남도 밀양시,밀양시 동물보호센터,35.503839,128.7466992
2025-03-11,개,믹스견,암컷,경상남도 밀양시,밀양시 동물보호센터,35.503839,128.7466992
2025-03-11,개,믹스견,암컷,경상남도 밀양시,밀양시 동물보호센터,35.503839,128.7466992
2025-03-11,개,믹스견,암컷,경상남도 진주시,진주시동물보호센터,35.1803459,128.1079953
2025-03-11,개,믹스견,암컷,경상남도 진주시,진주시동물보호센터,35.1803459,128.1079953
2025-03-11,개,믹스견,암컷,경상남도 진주시,진주시동물보호센터,35.1803459,128.1079953
2025-03-11,개,믹스견,수컷,경상남도 진주시,진주시동물보호센터,35.1803459,128.1079953
2025-03-11,개,웰시코기믹스,암컷,경상북도 성주군,성주유기동물보호센터,35.9190065,128.283486
2025-03-11,개,믹스견,암컷,경상북도 경산시,경산시유기동물보호소,35.825122,128.741329
2025-03-11,개,믹스견,암컷,경상북도 경산시,경산시유기동물보호소,35.825122,128.741329
2025-03-11,개,믹스견,수컷,경상북도 영주시,영주시 동물보호센터,36.805685,128.624054
2025-03-11,개,믹스견,수컷,경상북도 김천시,김천시 동물보호센터,36.1398035,128.1139534
2025-03-11,개,믹스견,수컷,경상북도 포항시,(사)영일동물플러스,36.0189315,129.3429384
2025-03-11,개,믹스견,수컷,전라남도 곡성군,곡성군동물보호소,35.2818969,127.2914673
2025-03-11,개,말티즈,수컷,전라남도 담양군,담양군 동물보호센터,35.320878,126.9883238
2025-03-11,개,믹스견,암컷,전라남도 순천시,순천시유기동물보호소,34.9505457,127.4872992
2025-03-11,개,믹스견,암컷,전북특별자치도 부안군,부안군 동물보호센터,35.7316783,126.7330195
2025-03-11,개,믹스견,암컷,전북특별자치도 군산시,군산유기동물보호센터,35.9679984,126.7369036
2025-03-11,개,진도견,수컷,충청남도 서산시,서산시 동물보호센터,36.784499,126.450317
2025-03-11,개,믹스견,수컷,충청남도 천안시,천안시 동물보호센터,36.8150283,127.1140654
2025-03-11,개,믹스견,수컷,강원특별자치도 인제군,인제군동물보호센터,38.0694,128.1706
2025-03-11,개,믹스견,수컷,경기도 화성시,화성동물보호센터,37.1994653,126.8312632
2025-03-11,개,믹스견,암컷,경기도 양평군,양평군유기동물보호소,37.4916,127.4875
2025-03-11,개,믹스견,수컷,경기도 양평군,양평군유기동물보호소,37.4916,127.4875
2025-03-11,고양이,한국 고양이,암컷,경기도 이천시,위더스 동물보호센터,37.2808823,127.4429132
2025-03-11,개,믹스견,수컷,경기도 의왕시,한국야생동물보호협회,37.3449082,126.9689861
2025-03-11,개,믹스견,암컷,경기도 의왕시,한국야생동물보호협회,37.3449082,126.9689861
2025-03-11,개,믹스견,수컷,경기도 군포시,한국야생동물보호협회,37.3615229,126.9349025
2025-03-11,개,잉글리쉬 세터,수컷,경기도 시흥시,시흥동물누리보호센터,37.3798891,126.8032255
2025-03-11,개,믹스견,암컷,경기도 시흥시,시흥동물누리보호센터,37.3798891,126.8032255
2025-03-11,개,믹스견,암컷,경기도 고양시,고양시동물보호센터,37.6581862,126.8319452
2025-03-11,개,믹스견,수컷,경기도 고양시,고양시동물보호센터,37.6581862,126.8319452
2025-03-11,개,믹스견,암컷,경기도 평택시,평택시유기동물보호소,36.9924966,127.1127168
2025-03-11,개,믹스견,암컷,대전광역시 동구,대전동물보호센터,36.3120051,127.4554285
2025-03-11,개,믹스견,암컷,광주광역시 광산구,광주동물보호센터,35.1396428,126.7938232
2025-03-11,개,믹스견,암컷,인천광역시 서구,가정동물병원,37.545,126.676
2025-03-11,개,믹스견,암컷,인천광역시 부평구,늘푸른동물병원,37.5070221,126.7220068
2025-03-11,개,믹스견,암컷,대구광역시 군위군,군위종합동물병원,36.2425017,128.5732027
2025-03-11,개,믹스견,암컷,대구광역시 군위군,군위종합동물병원,36.2425017,128.5732027
2025-03-11,개,믹스견,암컷,대구광역시 군위군,군위종합동물병원,36.2425017,128.5732027
2025-03-11,개,시바,수컷,대구광역시 군위군,군위종합동물병원,36.2425017,128.5732027
2025-03-11,개,믹스견,암컷,대구광역시 군위군,군위종합동물병원,36.2425017,128.5732027
2025-03-11,개,믹스견,암컷,대구광역시 군위군,군위종합동물병원,36.2425017,128.5732027
2025-03-11,개,믹스견,암컷,대구광역시 군위군,군위종합동물병원,36.2425017,128.5732027
2025-03-11,고양이,한국 고양이,수컷,서울특별시 동대문구,동대문구청,37.5741982,127.0395092
2025-03-11,개,믹스견,암컷,대전광역시 서구,대전동물보호센터,36.3551786,127.3838487
2025-03-10,개,믹스견,암컷,전라남도 장흥군,장흥군 동물보호센터,34.6811762,126.906996
2025-03-10,개,믹스견,수컷,경상남도 하동군,하동군유기동물보호소,35.0670735,127.7516778
2025-03-10,개,믹스견,수컷,경상남도 하동군,하동군유기동물보호소,35.0670735,127.7516778
2025-03-10,개,믹스견,암컷,강원특별자치도 횡성군,횡성유기동물보호센터,37.4916,127.985
2025-03-10,개,믹스견,암컷,경상북도 영천시,영천유기동물보호센터,35.98842,128.942
2025-03-10,개,믹스견,수컷,경상남도 양산시,양산시 동물보호센터,35.3349979,129.0370582
2025-03-10,개,믹스견,수컷,경상남도 밀양시,밀양시 동물보호센터,35.503839,128.7466992
2025-03-10,개,믹스견,암컷,경상남도 밀양시,밀양시 동물보호센터,35.503839,128.7466992
2025-03-10,개,믹스견,암컷,경상남도 통영시,통영시동물보호센터,34.854254,128.433205
2025-03-10,개,믹스견,암컷,경상남도 통영시,통영시동물보호센터,34.854254,128.433205
2025-03-10,개,믹스견,수컷,경상남도 통영시,통영시동물보호센터,34.854254,128.433205
2025-03-10,개,믹스견,수컷,경상남도 통영시,통영시동물보호센터,34.854254,128.433205
2025-03-10,개,믹스견,암컷,경상남도 통영시,통영시동물보호센터,34.854254,128.433205
2025-03-10,개,믹스견,수컷,경상남도 통영시,통영시동물보호센터,34.854254,128.433205
2025-03-10,개,믹스견,수컷,경상북도 울진군,울진군동물보호센터,36.993,129.4006
2025-03-10,개,믹스견,암컷,경상북도 울진군,울진군동물보호센터,36.993,129.4006
2025-03-10,개,믹스견,암컷,전라남도 무안군,무안군유기동물보호소,34.9905794,126.4812377
2025-03-10,개,믹스견,암컷,전라남도 무안군,무안군유기동물보호소,34.9905794,126.4812377
2025-03-10,개,믹스견,수컷,전라남도 해남군,해남유기동물보호센터,34.55269,126.52431
2025-03-10,개,믹스견,수컷,전라남도 해남군,해남유기동물보호센터,34.55269,126.52431
2025-03-10,개,믹스견,수컷,충청남도 예산군,예산임시동물보호센터,36.6808989,126.8448742
2025-03-10,개,믹스견,암컷,충청남도 예산군,예산임시동물보호센터,36.6808989,126.8448742
2025-03-10,개,믹스견,수컷,충청남도 홍성군,금일동물보호센터,36.6010501,126.6611667
2025-03-10,개,믹스견,수컷,충청남도 공주시,공주시 동물보호센터,36.47257,127.09124
2025-03-10,개,믹스견,수컷,충청남도 공주시,공주시 동물보호센터,36.47257,127.09124
2025-03-10,개,믹스견,수컷,충청남도 공주시,공주시 동물보호센터,36.47257,127.09124
2025-03-10,개,믹스견,수컷,충청남도 공주시,공주시 동물보호센터,36.47257,127.09124
2025-03-10,개,푸들,암컷,강원특별자치도 태백시,태백시유기동물보호소,37.1637943,128.9857176
2025-03-10,개,믹스견,암컷,인천광역시 강화군,디디동물병원,37.746,126.488
2025-03-10,고양이,믹스묘,암컷,부산광역시 수영구,(사)동부동물보호협회,35.1454,129.1127
2025-03-10,개,믹스견,암컷,부산광역시 서구,부산동물보호센터,35.0974999,129.0241
2025-03-10,개,믹스견,암컷,부산광역시 서구,부산동물보호센터,35.0974999,129.0241
2025-03-10,개,믹스견,수컷,부산광역시 서구,부산동물보호센터,35.0974999,129.0241
2025-03-10,개,믹스견,수컷,부산광역시 서구,부산동물보호센터,35.0974999,129.0241
2025-03-10,개,진도견,암컷,세종특별자치시 세종특별자치시,세종유기동물보호센터,36.4799999,127.289
2025-03-10,개,진도견,암컷,세종특별자치시 세종특별자치시,세종유기동물보호센터,36.4799999,127.289
2025-03-10,개,믹스견,암컷,경상남도 창원시,창원유기동물보호소,35.227956,128.6818586
2025-03-10,개,믹스견,암컷,경상남도 창원시,창원유기동물보호소,35.227956,128.6818586
2025-03-10,개,믹스견,암컷,경상남도 창녕군,창녕 유기동물보호소,35.5443876,128.4921938
2025-03-10,개,믹스견,암컷,경상남도 사천시,사천시 동물보호센터,35.003468,128.064562
2025-03-10,개,믹스견,수컷,경상남도 사천시,사천시 동물보호센터,35.003468,128.064562
2025-03-10,개,믹스견,수컷,경상북도 고령군,고령군 유기견 보호소,35.7258,128.2632
2025-03-10,개,믹스견,암컷,경상북도 구미시,구미시 동물보호센터,36.1195513,128.3444692
2025-03-10,개,믹스견,암컷,경상북도 구미시,구미시 동물보호센터,36.1195513,128.3444692
2025-03-10,개,믹스견,암컷,전라남도 장성군,장성군동물보호센터,35.3017065,126.7844061
2025-03-10,개,믹스견,암컷,전라남도 장성군,장성군동물보호센터,35.3017065,126.7844061
2025-03-10,개,믹스견,암컷,전라남도 강진군,강진군 유기견 보호소,34.641917,126.7669591
2025-03-10,개,믹스견,수컷,전북특별자치도 부안군,부안군 동물보호센터,35.7316783,126.7330195
2025-03-10,개,진도견,수컷,전북특별자치도 완주군,완주군유기동물보호소,35.9039,127.1622
2025-03-10,개,믹스견,암컷,전북특별자치도 김제시,전북말산업복합센터,35.803815,126.880557
2025-03-10,개,믹스견,수컷,전북특별자치도 김제시,전북말산업복합센터,35.803815,126.880557
2025-03-10,개,믹스견,수컷,충청남도 청양군,청양보호소,36.4587024,126.8019983
2025-03-10,개,믹스견,암컷,충청남도 천안시,천안시 동물보호센터,36.8150283,127.1140654
2025-03-10,개,믹스견,암컷,충청북도 음성군,금왕동물병원,36.94,127.6906
2025-03-10,개,믹스견,수컷,충청북도 음성군,금왕동물병원,36.94,127.6906
2025-03-10,고양이,믹스묘,수컷,충청북도 음성군,금왕동물병원,36.94,127.6906
2025-03-10,고양이,한국 고양이,암컷,경기도 광주시,광주TNR동물병원송정,37.4290844,127.255189
2025-03-10,개,믹스견,수컷,경기도 용인시,용인시 동물보호센터,37.2405741,127.1785572
2025-03-10,개,믹스견,수컷,경기도 용인시,용인시 동물보호센터,37.2405741,127.1785572
2025-03-10,개,믹스견,수컷,경기도 군포시,한국야생동물보호협회,37.3615229,126.9349025
2025-03-10,개,믹스견,암컷,경기도 시흥시,시흥동물누리보호센터,37.3798891,126.8032255
2025-03-10,고양이,스코티시폴드,암컷,경기도 시흥시,시흥동물누리보호센터,37.3798891,126.8032255
2025-03-10,개,프렌치 불독,수컷,경기도 시흥시,시흥동물누리보호센터,37.3798891,126.8032255
2025-03-10,개,믹스견,수컷,경기도 평택시,평택시유기동물보호소,36.9924966,127.1127168
2025-03-10,개,믹스견,암컷,경기도 평택시,평택시유기동물보호소,36.9924966,127.1127168
2025-03-10,개,믹스견,암컷,경기도 평택시,평택시유기동물보호소,36.9924966,127.1127168
2025-03-10,개,믹스견,수컷,경기도 평택시,평택시유기동물보호소,36.9924966,127.1127168
2025-03-10,개,믹스견,암컷,경기도 평택시,평택시유기동물보호소,36.9924966,127.1127168
2025-03-10,기타,닭,수컷,경기도 평택시,평택시유기동물보호소,36.9924966,127.1127168
2025-03-10,개,믹스견,암컷,대전광역시 유성구,대전동물보호센터,36.3620732,127.3564099
2025-03-10,고양이,한국 고양이,암컷,서울특별시 강동구,둔촌동물병원,37.53,127.1237
2025-03-10,고양이,페르시안,암컷,서울특별시 동대문구,동대문구청,37.5741982,127.0395092
2025-03-10,고양이,한국 고양이,수컷,광주광역시 광산구,광주동물보호센터,35.1396428,126.7938232
2025-03-10,개,믹스견,암컷,전북특별자치도 완주군,완주군유기동물보호소,35.9039,127.1622
2025-03-10,개,믹스견,수컷,전북특별자치도 완주군,완주군유기동물보호소,35.9039,127.1622
2025-03-09,개,믹스견,암컷,경기도 양평군,양평군유기동물보호소,37.4916,127.4875
2025-03-09,개,믹스견,암컷,경기도 양평군,양평군유기동물보호소,37.4916,127.4875
2025-03-09,개,믹스견,암컷,경기도 양평군,양평군유기동물보호소,37.4916,127.4875
2025-03-09,개,믹스견,암컷,경기도 양평군,양평군유기동물보호소,37.4916,127.4875
2025-03-09,개,믹스견,암컷,경기도 양평군,양평군유기동물보호소,37.4916,127.4875
2025-03-09,개,믹스견,수컷,경기도 양평군,양평군유기동물보호소,37.4916,127.4875
2025-03-09,개,믹스견,암컷,강원특별자치도 원주시,원주시동물보호센터,37.3420996,127.9197603
2025-03-09,개,믹스견,암컷,강원특별자치도 원주시,원주시동물보호센터,37.3420996,127.9197603
2025-03-09,개,믹스견,암컷,전라남도 완도군,유기동물임시보호센터,34.3110373,126.7553933
2025-03-09,개,믹스견,수컷,전북특별자치도 군산시,군산유기동물보호센터,35.9679984,126.7369036
2025-03-09,개,믹스견,암컷,전북특별자치도 군산시,군산유기동물보호센터,35.9679984,126.7369036
2025-03-09,개,믹스견,암컷,전라남도 해남군,해남유기동물보호센터,34.55269,126.52431
2025-03-09,개,믹스견,암컷,전라남도 해남군,해남유기동물보호센터,34.55269,126.52431
2025-03-09,개,믹스견,암컷,전라남도 해남군,해남유기동물보호센터,34.55269,126.52431
2025-03-09,개,믹스견,암컷,전라남도 보성군,보성유기동물보호센터,34.7711356,127.0798978
2025-03-09,개,믹스견,수컷,전라남도 곡성군,곡성군동물보호소,35.2818969,127.2914673
2025-03-09,개,믹스견,암컷,전북특별자치도 부안군,부안군 동물보호센터,35.7316783,126.7330195
2025-03-09,개,믹스견,암컷,전북특별자치도 부안군,부안군 동물보호센터,35.7316783,126.7330195
2025-03-09,개,믹스견,암컷,충청남도 홍성군,금일동물보호센터,36.6010501,126.6611667
2025-03-09,개,믹스견,암컷,대전광역시 유성구,대전동물보호센터,36.3620732,127.3564099
2025-03-09,개,프렌치 불독,수컷,대전광역시 서구,대전동물보호센터,36.3551786,127.3838487
2025-03-09,개,진도견,수컷,경상남도 창원시,진해유기동물보호소,35.227956,128.6818586
2025-03-09,개,믹스견,암컷,경상북도 청도군,청도군동물보호센터,35.6473012,128.7348468
2025-03-09,개,믹스견,암컷,경상북도 청도군,청도군동물보호센터,35.6473012,128.7348468
2025-03-09,개,믹스견,수컷,경상북도 청도군,청도군동물보호센터,35.6473012,128.7348468
2025-03-09,개,믹스견,암컷,전북특별자치도 남원시,하나동물병원,35.4163118,127.3903713
2025-03-09,개,믹스견,수컷,충청남도 당진시,당진시동물보호소,36.8904083,126.6461833
2025-03-09,개,믹스견,수컷,충청북도 청주시,반려동물보호센터,36.6421169,127.4891742
2025-03-09,개,믹스견,암컷,광주광역시 남구,광주동물보호센터,35.1327,126.9025
2025-03-08,개,믹스견,수컷,경상북도 영천시,영천유기동물보호센터,35.98842,128.942
2025-03-08,개,믹스견,수컷,강원특별자치도 원주시,원주시동물보호센터,37.3420996,127.9197603
2025-03-08,개,믹스견,수컷,강원특별자치도 원주시,원주시동물보호센터,37.3420996,127.9197603
2025-03-08,개,믹스견,암컷,충청남도 금산군,제일동물병원,36.1087249,127.48815
2025-03-08,개,믹스견,암컷,충청남도 아산시,아산동물복지지원센터,36.7899498,127.0026769
2025-03-08,개,믹스견,수컷,전라남도 보성군,보성유기동물보호센터,34.7711356,127.0798978
2025-03-08,개,믹스견,암컷,전북특별자치도 익산시,익산유기동물보호소,35.9479291,126.9578025
2025-03-08,개,믹스견,암컷,전북특별자치도 익산시,익산유기동물보호소,35.9479291,126.9578025
2025-03-08,개,믹스견,암컷,전북특별자치도 익산시,익산유기동물보호소,35.9479291,126.9578025
2025-03-08,개,진도견,암컷,충청남도 예산군,예산임시동물보호센터,36.6808989,126.8448742
2025-03-08,개,믹스견,수컷,충청남도 예산군,예산임시동물보호센터,36.6808989,126.8448742
2025-03-08,개,믹스견,암컷,충청남도 홍성군,금일동물보호센터,36.6010501,126.6611667
2025-03-08,고양이,한국 고양이,암컷,인천광역시 서구,우리동물병원,37.545,126.676
2025-03-08,고양이,한국 고양이,암컷,인천광역시 서구,우리동물병원,37.545,126.676
2025-03-08,고양이,한국 고양이,수컷,인천광역시 서구,우리동물병원,37.545,126.676
2025-03-08,개,말티즈,수컷,충청북도 제천시,제천시 동물보호센터,37.1326042,128.1913508
2025-03-08,개,포메라니안,수컷,강원특별자치도 춘천시,춘천시 동물보호센터,37.8810569,127.7297641
2025-03-08,개,믹스견,수컷,울산광역시 울주군,울산유기동물보호센터,35.5222362,129.2423693
2025-03-08,개,믹스견,암컷,울산광역시 울주군,울산유기동물보호센터,35.5222362,129.2423693
2025-03-08,개,믹스견,암컷,울산광역시 울주군,울산유기동물보호센터,35.5222362,129.2423693
2025-03-08,개,믹스견,수컷,울산광역시 울주군,울산유기동물보호센터,35.5222362,129.2423693
2025-03-08,개,믹스견,수컷,울산광역시 울주군,울산유기동물보호센터,35.5222362,129.2423693
2025-03-08,개,믹스견,암컷,경상남도 창녕군,창녕 유기동물보호소,35.5443876,128.4921938
2025-03-08,개,믹스견,수컷,경상남도 창녕군,창녕 유기동물보호소,35.5443876,128.4921938
2025-03-08,개,믹스견,암컷,경상남도 창녕군,창녕 유기동물보호소,35.5443876,128.4921938
2025-03-08,개,믹스견,암컷,경상남도 거제시,거제시유기동물보호소,34.8804677,128.621207
2025-03-08,개,믹스견,암컷,경상북도 영덕군,영덕유기동물보호센터,36.4149,129.3659
2025-03-08,개,진도견,수컷,경상북도 구미시,구미시 동물보호센터,36.1195513,128.3444692
2025-03-08,개,믹스견,암컷,전라남도 순천시,순천시유기동물보호소,34.9505457,127.4872992
2025-03-08,개,믹스견,암컷,전라남도 순천시,순천시유기동물보호소,34.9505457,127.4872992
2025-03-08,기타,토끼,암컷,충청북도 청주시,반려동물보호센터,36.6421169,127.4891742
2025-03-08,고양이,한국 고양이,암컷,경기도 부천시,24시아이동물메디컬,37.5014422,126.7660139
2025-03-07,개,믹스견,암컷,강원특별자치도 횡성군,횡성유기동물보호센터,37.4916,127.985
2025-03-07,개,믹스견,암컷,전라남도 담양군,담양군 동물보호센터,35.320878,126.9883238
2025-03-07,개,믹스견,암컷,충청남도 논산시,논산시 동물보호센터,36.1868154,127.0987538
2025-03-07,개,믹스견,암컷,충청남도 논산시,논산시 동물보호센터,36.1868154,127.0987538
2025-03-07,개,말티푸,암컷,충청남도 논산시,논산시 동물보호센터,36.1868154,127.0987538
2025-03-07,개,믹스견,암컷,전북특별자치도 익산시,익산유기동물보호소,35.9479291,126.9578025
2025-03-07,개,믹스견,암컷,충청남도 홍성군,금일동물보호센터,36.6010501,126.6611667
2025-03-07,개,믹스견,암컷,강원특별자치도 홍천군,홍천군유기동물보호소,37.6967,127.8888
2025-03-07,개,믹스견,수컷,인천광역시 남동구,인천광역시수의사회,37.446902,126.7315126
2025-03-07,개,웰시 코기 펨브로크,암컷,인천광역시 미추홀구,인천광역시수의사회,37.4636,126.6502
2025-03-07,개,믹스견,수컷,울산광역시 울주군,울산유기동물보호센터,35.5222362,129.2423693
2025-03-07,개,믹스견,미상,울산광역시 울주군,울산유기동물보호센터,35.5222362,129.2423693
2025-03-07,개,믹스견,암컷,울산광역시 울주군,울산유기동물보호센터,35.5222362,129.2423693
2025-03-07,개,믹스견,암컷,울산광역시 울주군,울산유기동물보호센터,35.5222362,129.2423693
2025-03-07,개,믹스견,수컷,울산광역시 울주군,울산유기동물보호센터,35.5222362,129.2423693
2025-03-07,개,믹스견,암컷,울산광역시 동구,울산유기동물보호센터,35.5046663,129.4170114
2025-03-07,개,푸들,암컷,울산광역시 남구,울산유기동물보호센터,35.4984869,129.3459362
2025-03-07,개,믹스견,수컷,울산광역시 남구,울산유기동물보호센터,35.4984869,129.3459362
2025-03-07,개,믹스견,수컷,울산광역시 남구,울산유기동물보호센터,35.4984869,129.3459362
2025-03-07,개,믹스견,수컷,경상남도 밀양시,밀양시 동물보호센터,35.503839,128.7466992
2025-03-07,개,믹스견,암컷,전라남도 해남군,해남유기동물보호센터,34.55269,126.52431
2025-03-07,개,믹스견,수컷,전북특별자치도 군산시,군산유기동물보호센터,35.9679984,126.7369036
2025-03-07,개,치와와,암컷,경기도 양평군,양평군유기동물보호소,37.4916,127.4875
2025-03-07,개,치와와,수컷,경기도 양평군,양평군유기동물보호소,37.4916,127.4875
2025-03-07,개,믹스견,수컷,경상남도 창원시,창원유기동물보호소,35.227956,128.6818586
2025-03-07,개,믹스견,수컷,경상남도 창녕군,창녕 유기동물보호소,35.5443876,128.4921938
2025-03-07,개,믹스견,수컷,경상남도 창녕군,창녕 유기동물보호소,35.5443876,128.4921938
2025-03-07,개,믹스견,암컷,경상남도 거제시,거제시유기동물보호소,34.8804677,128.621207
2025-03-07,개,믹스견,수컷,경상남도 거제시,거제시유기동물보호소,34.8804677,128.621207
2025-03-07,개,진도견,암컷,경상남도 사천시,사천시 동물보호센터,35.003468,128.064562
2025-03-07,개,믹스견,암컷,경상북도 봉화군,봉화군유기동물보호소,36.8925,128.7324
2025-03-07,개,믹스견,암컷,경상북도 고령군,고령군 유기견 보호소,35.7258,128.2632
2025-03-07,개,믹스견,수컷,경상북도 고령군,고령군 유기견 보호소,35.7258,128.2632
2025-03-07,개,믹스견,암컷,경상북도 고령군,고령군 유기견 보호소,35.7258,128.2632
2025-03-07,개,믹스견,암컷,경상북도 고령군,고령군 유기견 보호소,35.7258,128.2632
2025-03-07,개,믹스견,암컷,경상북도 상주시,상주시 동물보호센터,36.4104478,128.1590614
2025-03-07,개,믹스견,수컷,경상북도 상주시,상주시 동물보호센터,36.4104478,128.1590614
2025-03-07,개,믹스견,수컷,경상북도 포항시,(사)영일동물플러스,36.0189315,129.3429384
2025-03-07,개,동경견,수컷,경상북도 포항시,(사)영일동물플러스,36.0189315,129.3429384
2025-03-07,개,믹스견,암컷,경상북도 포항시,(사)영일동물플러스,36.0189315,129.3429384
2025-03-07,개,믹스견,암컷,경상북도 포항시,(사)영일동물플러스,36.0189315,129.3429384
2025-03-07,개,믹스견,암컷,경상북도 포항시,(사)영일동물플러스,36.0189315,129.3429384
2025-03-07,개,믹스견,암컷,전라남도 영광군,영광동물보호센터,35.2769282,126.5124504
2025-03-07,개,믹스견,암컷,전라남도 여수시,유기동물보호소,34.7546257,127.659859
2025-03-07,개,믹스견,수컷,전북특별자치도 부안군,부안군 동물보호센터,35.7316783,126.7330195
2025-03-07,개,믹스견,암컷,전북특별자치도 부안군,부안군 동물보호센터,35.7316783,126.7330195
2025-03-07,개,푸들,수컷,전북특별자치도 부안군,부안군 동물보호센터,35.7316783,126.7330195
2025-03-07,개,믹스견,수컷,전북특별자치도 김제시,전북말산업복합센터,35.803815,126.880557
2025-03-07,개,믹스견,암컷,전북특별자치도 김제시,전북말산업복합센터,35.803815,126.880557
2025-03-07,개,믹스견,암컷,전북특별자치도 김제시,전북말산업복합센터,35.803815,126.880557
2025-03-07,개,믹스견,암컷,전북특별자치도 김제시,전북말산업복합센터,35.803815,126.880557
2025-03-07,개,믹스견,수컷,전북특별자치도 김제시,전북말산업복합센터,35.803815,126.880557
2025-03-07,개,믹스견,수컷,전북특별자치도 남원시,하나동물병원,35.4163118,127.3903713
2025-03-07,개,믹스견,수컷,전북특별자치도 남원시,하나동물병원,35.4163118,127.3903713
2025-03-07,개,시베리안 허스키,수컷,전북특별자치도 정읍시,정읍시 동물보호소,35.5697678,126.8559787
2025-03-07,개,허스키믹스,암컷,충청남도 당진시,당진시동물보호소,36.8904083,126.6461833
2025-03-07,개,믹스견,암컷,충청남도 천안시,천안시 동물보호센터,36.8150283,127.1140654
2025-03-07,개,믹스견,암컷,충청북도 청주시,반려동물보호센터,36.6421169,127.4891742
2025-03-07,개,믹스견,암컷,충청북도 음성군,금왕동물병원,36.94,127.6906
2025-03-07,개,믹스견,암컷,충청북도 음성군,금왕동물병원,36.94,127.6906
2025-03-07,개,믹스견,암컷,충청북도 음성군,금왕동물병원,36.94,127.6906
2025-03-07,개,믹스견,수컷,충청북도 음성군,금왕동물병원,36.94,127.6906
2025-03-07,개,믹스견,수컷,충청북도 음성군,금왕동물병원,36.94,127.6906
2025-03-07,개,믹스견,수컷,충청북도 음성군,금왕동물병원,36.94,127.6906
2025-03-07,개,믹스견,수컷,충청북도 음성군,금왕동물병원,36.94,127.6906
2025-03-07,개,골든 리트리버,수컷,충청북도 음성군,금왕동물병원,36.94,127.6906
2025-03-07,개,믹스견,수컷,경기도 광주시,광주TNR동물병원초월,37.4290844,127.255189
2025-03-07,개,믹스견,수컷,경기도 광주시,광주TNR동물병원초월,37.4290844,127.255189
2025-03-07,개,믹스견,암컷,경기도 용인시,용인시 동물보호센터,37.2405741,127.1785572
2025-03-07,개,믹스견,암컷,경기도 용인시,용인시 동물보호센터,37.2405741,127.1785572
2025-03-07,개,믹스견,수컷,경기도 시흥시,시흥동물누리보호센터,37.3798891,126.8032255
2025-03-07,개,믹스견,암컷,경기도 시흥시,시흥동물누리보호센터,37.3798891,126.8032255
2025-03-07,개,믹스견,암컷,경기도 시흥시,시흥동물누리보호센터,37.3798891,126.8032255
2025-03-07,개,믹스견,수컷,경기도 시흥시,시흥동물누리보호센터,37.3798891,126.8032255
2025-03-07,개,삽살개,암컷,경기도 고양시,고양시동물보호센터,37.6581862,126.8319452
2025-03-07,개,믹스견,수컷,경기도 안산시,한국야생동물보호협회,37.3217152,126.8308604
2025-03-07,개,믹스견,수컷,경기도 평택시,평택시유기동물보호소,36.9924966,127.1127168
2025-03-07,개,믹스견,수컷,경기도 평택시,평택시유기동물보호소,36.9924966,127.1127168
2025-03-07,개,믹스견,수컷,경기도 평택시,평택시유기동물보호소,36.9924966,127.1127168
2025-03-07,개,믹스견,수컷,경기도 평택시,평택시유기동물보호소,36.9924966,127.1127168
2025-03-07,개,믹스견,암컷,경기도 평택시,평택시유기동물보호소,36.9924966,127.1127168
2025-03-07,고양이,한국 고양이,수컷,광주광역시 광산구,광주동물보호센터,35.1396428,126.7938232
2025-03-07,개,믹스견,암컷,대전광역시 서구,대전동물보호센터,36.3551786,127.3838487
2025-03-07,고양이,한국 고양이,수컷,광주광역시 광산구,광주동물보호센터,35.1396428,126.7938232
2025-03-07,개,믹스견,암컷,강원특별자치도 인제군,인제군동물보호센터,38.0694,128.1706
2025-03-06,개,믹스견,암컷,강원특별자치도 양양군,양양군유기동물보호소,38.0751,128.6191
2025-03-06,개,믹스견,암컷,강원특별자치도 양양군,양양군유기동물보호소,38.0751,128.6191
2025-03-06,개,믹스견,수컷,강원특별자치도 양양군,양양군유기동물보호소,38.0751,128.6191
2025-03-06,개,믹스견,수컷,경상북도 영천시,영천유기동물보호센터,35.98842,128.942
2025-03-06,개,믹스견,수컷,경상북도 영천시,영천유기동물보호센터,35.98842,128.942
2025-03-06,개,믹스견,암컷,대전광역시 동구,대전동물보호센터,36.3120051,127.4554285
2025-03-06,개,진도견,수컷,대전광역시 동구,대전동물보호센터,36.3120051,127.4554285
2025-03-06,개,믹스견,암컷,전라남도 영암군,유기동물 삼호 보호소,34.800052,126.6970381
2025-03-06,개,믹스견,수컷,충청남도 홍성군,금일동물보호센터,36.6010501,126.6611667
2025-03-06,개,믹스견,수컷,경상북도 울진군,울진군동물보호센터,36.993,129.4006
2025-03-06,개,믹스견,수컷,전라남도 영광군,영광동물보호센터,35.2769282,126.5124504
2025-03-06,개,믹스견,암컷,전라남도 영광군,영광동물보호센터,35.2769282,126.5124504
2025-03-06,개,믹스견,암컷,전북특별자치도 정읍시,정읍시 동물보호소,35.5697678,126.8559787
2025-03-06,개,믹스견,수컷,전북특별자치도 익산시,익산유기동물보호소,35.9479291,126.9578025
2025-03-06,개,믹스견,암컷,전북특별자치도 군산시,군산유기동물보호센터,35.9679984,126.7369036
2025-03-06,개,믹스견,암컷,전북특별자치도 군산시,군산유기동물보호센터,35.9679984,126.7369036
2025-03-06,개,믹스견,수컷,전북특별자치도 군산시,군산유기동물보호센터,35.9679984,126.7369036
2025-03-06,개,믹스견,암컷,충청남도 홍성군,금일동물보호센터,36.6010501,126.6611667
2025-03-06,개,스피츠,암컷,충청남도 금산군,제일동물병원,36.1087249,127.48815
2025-03-06,개,웰시 코기 펨브로크,암컷,부산광역시 해운대구,동부유기동물보호협회,35.1629,129.1638
2025-03-06,개,믹스견,수컷,부산광역시 해운대구,동부유기동물보호협회,35.1629,129.1638
2025-03-06,개,믹스견,암컷,부산광역시 해운대구,동부유기동물보호협회,35.1629,129.1638
2025-03-06,개,믹스견,암컷,경상남도 창녕군,창녕 유기동물보호소,35.5443876,128.4921938
2025-03-06,개,믹스견,암컷,경상남도 의령군,의령군 동물보호센터,35.322003,128.2617827
2025-03-06,개,믹스견,암컷,경상북도 영덕군,영덕유기동물보호센터,36.4149,129.3659
2025-03-06,개,믹스견,수컷,전북특별자치도 부안군,부안군 동물보호센터,35.7316783,126.7330195
2025-03-06,개,믹스견,암컷,전북특별자치도 김제시,전북말산업복합센터,35.803815,126.880557
2025-03-06,개,믹스견,수컷,전북특별자치도 정읍시,정읍시 동물보호소,35.5697678,126.8559787
2025-03-06,개,믹스견,수컷,전북특별자치도 정읍시,정읍시 동물보호소,35.5697678,126.8559787
2025-03-06,개,믹스견,암컷,충청남도 당진시,당진시동물보호소,36.8904083,126.6461833
2025-03-06,개,믹스견,수컷,충청남도 청양군,청양보호소,36.4587024,126.8019983
2025-03-06,개,믹스견,암컷,충청남도 청양군,청양보호소,36.4587024,126.8019983
2025-03-06,개,믹스견,암컷,충청북도 청주시,반려동물보호센터,36.6421169,127.4891742
2025-03-06,개,믹스견,수컷,강원특별자치도 양구군,양구군유기동물보호소,38.1096812,127.9900596
2025-03-06,개,믹스견,암컷,강원특별자치도 양구군,양구군유기동물보호소,38.1096812,127.9900596
2025-03-06,고양이,한국 고양이,미상,강원특별자치도 동해시,동해시동물보호센터,37.5245142,129.1146302
2025-03-06,개,믹스견,수컷,강원특별자치도 춘천시,춘천시 동물보호센터,37.8810569,127.7297641
2025-03-06,개,믹스견,암컷,강원특별자치도 춘천시,춘천시 동물보호센터,37.8810569,127.7297641
2025-03-06,개,믹스견,수컷,강원특별자치도 춘천시,춘천시 동물보호센터,37.8810569,127.7297641
2025-03-06,개,믹스견,암컷,경기도 여주시,위더스 동물보호센터,37.2982901,127.637033
2025-03-06,고양이,한국 고양이,수컷,경기도 여주시,위더스 동물보호센터,37.2982901,127.637033
2025-03-06,개,믹스견,수컷,경기도 광주시,광주TNR동물병원초월,37.4290844,127.255189
2025-03-06,개,믹스견,암컷,경기도 용인시,용인시 동물보호센터,37.2405741,127.1785572
2025-03-06,개,프렌치 불독,수컷,경기도 시흥시,시흥동물누리보호센터,37.3798891,126.8032255
2025-03-06,고양이,믹스묘,수컷,경기도 안산시,한국야생동물보호협회,37.3217152,126.8308604
2025-03-06,개,믹스견,암컷,경기도 평택시,평택시유기동물보호소,36.9924966,127.1127168
2025-03-06,개,믹스견,암컷,경기도 평택시,평택시유기동물보호소,36.9924966,127.1127168
2025-03-06,개,믹스견,수컷,경기도 평택시,평택시유기동물보호소,36.9924966,127.1127168
2025-03-06,개,믹스견,수컷,경기도 평택시,평택시유기동물보호소,36.9924966,127.1127168
2025-03-06,개,믹스견,암컷,경기도 평택시,평택시유기동물보호소,36.9924966,127.1127168
2025-03-06,개,믹스견,암컷,경기도 평택시,평택시유기동물보호소,36.9924966,127.1127168
2025-03-06,개,믹스견,수컷,경기도 평택시,평택시유기동물보호소,36.9924966,127.1127168
2025-03-06,개,믹스견,수컷,대전광역시 유성구,대전동물보호센터,36.3620732,127.3564099
2025-03-06,고양이,한국 고양이,미상,인천광역시 중구,신공항동물병원,37.4735389,126.6214081
2025-03-06,개,믹스견,수컷,대구광역시 서구,대구시수의사회(삼성),35.8716,128.5591
2025-03-06,개,믹스견,수컷,대전광역시 서구,대전동물보호센터,36.3551786,127.3838487
2025-03-06,개,믹스견,암컷,대전광역시 서구,대전동물보호센터,36.3551786,127.3838487
2025-03-06,개,푸들,수컷,강원특별자치도 원주시,원주시동물보호센터,37.3420996,127.9197603
2025-03-06,개,푸들,암컷,강원특별자치도 원주시,원주시동물보호센터,37.3420996,127.9197603
2025-03-05,개,믹스견,암컷,경상북도 성주군,성주유기동물보호센터,35.9190065,128.283486
2025-03-05,개,믹스견,암컷,전북특별자치도 익산시,익산유기동물보호소,35.9479291,126.9578025
2025-03-05,개,믹스견,암컷,전북특별자치도 익산시,익산유기동물보호소,35.9479291,126.9578025
2025-03-05,개,믹스견,수컷,전북특별자치도 익산시,익산유기동물보호소,35.9479291,126.9578025
2025-03-05,개,믹스견,수컷,전북특별자치도 익산시,익산유기동물보호소,35.9479291,126.9578025
2025-03-05,개,믹스견,암컷,충청남도 홍성군,금일동물보호센터,36.6010501,126.6611667
2025-03-05,개,믹스견,암컷,충청남도 홍성군,금일동물보호센터,36.6010501,126.6611667
2025-03-05,개,믹스견,수컷,충청남도 홍성군,금일동물보호센터,36.6010501,126.6611667
2025-03-05,개,믹스견,수컷,충청남도 홍성군,금일동물보호센터,36.6010501,126.6611667
2025-03-05,개,믹스견,수컷,충청남도 홍성군,금일동물보호센터,36.6010501,126.6611667
2025-03-05,개,믹스견,암컷,충청남도 홍성군,금일동물보호센터,36.6010501,126.6611667
2025-03-05,개,믹스견,암컷,광주광역시 남구,광주동물보호센터,35.1327,126.9025
2025-03-05,개,믹스견,수컷,광주광역시 남구,광주동물보호센터,35.1327,126.9025
2025-03-05,개,믹스견,암컷,광주광역시 남구,광주동물보호센터,35.1327,126.9025
2025-03-05,개,믹스견,수컷,광주광역시 남구,광주동물보호센터,35.1327,126.9025
2025-03-05,개,믹스견,수컷,부산광역시 해운대구,동부유기동물보호협회,35.1629,129.1638
2025-03-05,개,믹스견,암컷,제주특별자치도 제주특별자치도,제주 동물보호센터,33.4887737,126.4987083
2025-03-05,개,믹스견,암컷,제주특별자치도 제주특별자치도,제주 동물보호센터,33.4887737,126.4987083
2025-03-05,개,믹스견,수컷,제주특별자치도 제주특별자치도,제주 동물보호센터,33.4887737,126.4987083
2025-03-05,개,믹스견,수컷,경상남도 창녕군,창녕 유기동물보호소,35.5443876,128.4921938
2025-03-05,개,믹스견,수컷,전라남도 여수시,유기동물보호소,34.7546257,127.659859
2025-03-05,개,믹스견,암컷,충청남도 공주시,공주시 동물보호센터,36.47257,127.09124
2025-03-05,개,믹스견,암컷,충청남도 공주시,공주시 동물보호센터,36.47257,127.09124
2025-03-05,개,믹스견,수컷,충청남도 공주시,공주시 동물보호센터,36.47257,127.09124
2025-03-05,개,믹스견,암컷,충청남도 공주시,공주시 동물보호센터,36.47257,127.09124
2025-03-05,고양이,한국 고양이,수컷,강원특별자치도 원주시,원주시동물보호센터,37.3420996,127.9197603
2025-03-05,개,믹스견,암컷,강원특별자치도 춘천시,춘천시 동물보호센터,37.8810569,127.7297641
2025-03-05,고양이,한국 고양이,암컷,인천광역시 서구,우리동물병원,37.545,126.676
2025-03-05,개,믹스견,수컷,인천광역시 계양구,신영재동물병원,37.5373539,126.7379078
2025-03-05,개,믹스견,암컷,경상남도 창녕군,창녕 유기동물보호소,35.5443876,128.4921938
2025-03-05,개,믹스견,수컷,경상북도 경산시,경산시유기동물보호소,35.825122,128.741329
2025-03-05,개,믹스견,수컷,전북특별자치도 부안군,부안군 동물보호센터,35.7316783,126.7330195
2025-03-05,개,믹스견,수컷,전북특별자치도 완주군,완주군유기동물보호소,35.9039,127.1622
2025-03-05,개,믹스견,암컷,전북특별자치도 김제시,전북말산업복합센터,35.803815,126.880557
2025-03-05,개,믹스견,수컷,전북특별자치도 남원시,하나동물병원,35.4163118,127.3903713
2025-03-05,개,믹스견,암컷,전북특별자치도 정읍시,정읍시 동물보호소,35.5697678,126.8559787
2025-03-05,개,믹스견,수컷,전북특별자치도 정읍시,정읍시 동물보호소,35.5697678,126.8559787
2025-03-05,개,진도견,수컷,전북특별자치도 정읍시,정읍시 동물보호소,35.5697678,126.8559787
2025-03-05,개,믹스견,암컷,충청남도 천안시,천안시 동물보호센터,36.8150283,127.1140654
2025-03-05,개,믹스견,암컷,충청남도 천안시,천안시 동물보호센터,36.8150283,127.1140654
2025-03-05,개,믹스견,암컷,충청남도 천안시,천안시 동물보호센터,36.8150283,127.1140654
2025-03-05,개,믹스견,수컷,충청남도 천안시,천안시 동물보호센터,36.8150283,127.1140654
2025-03-05,개,믹스견,암컷,충청남도 천안시,천안시 동물보호센터,36.8150283,127.1140654
2025-03-05,개,믹스견,수컷,충청남도 천안시,천안시 동물보호센터,36.8150283,127.1140654
2025-03-05,개,믹스견,수컷,충청남도 천안시,천안시 동물보호센터,36.8150283,127.1140654
2025-03-05,개,믹스견,수컷,충청남도 천안시,천안시 동물보호센터,36.8150283,127.1140654
2025-03-05,개,믹스견,암컷,충청남도 천안시,천안시 동물보호센터,36.8150283,127.1140654
2025-03-05,개,믹스견,수컷,충청남도 천안시,천안시 동물보호센터,36.8150283,127.1140654
2025-03-05,개,믹스견,암컷,충청북도 청주시,반려동물보호센터,36.6421169,127.4891742
2025-03-05,고양이,터키시 앙고라,암컷,강원특별자치도 속초시,속초시유기동물보호소,38.2069574,128.5913424
2025-03-05,고양이,터키시 앙고라,암컷,강원특별자치도 속초시,속초시유기동물보호소,38.2069574,128.5913424
2025-03-05,개,믹스견,수컷,강원특별자치도 강릉시,강릉시 동물사랑센터,37.7525313,128.8759523
2025-03-05,개,믹스견,수컷,강원특별자치도 춘천시,춘천시 동물보호센터,37.8810569,127.7297641
2025-03-05,개,믹스견,수컷,경기도 양평군,양평군유기동물보호소,37.4916,127.4875
2025-03-05,개,라브라도 리트리버,암컷,경기도 양평군,양평군유기동물보호소,37.4916,127.4875
2025-03-05,개,믹스견,암컷,경기도 군포시,한국야생동물보호협회,37.3615229,126.9349025
2025-03-05,개,믹스견,암컷,경기도 남양주시,남양주시동물보호센터,37.6359398,127.2165051
2025-03-05,개,믹스견,수컷,경기도 고양시,고양시동물보호센터,37.6581862,126.8319452
2025-03-05,개,믹스견,수컷,경기도 평택시,평택시유기동물보호소,36.9924966,127.1127168
2025-03-05,개,믹스견,암컷,경기도 부천시,가나동물병원,37.5014422,126.7660139
2025-03-05,개,믹스견,수컷,대전광역시 중구,대전동물보호센터,36.29812,127.4148
2025-03-05,개,믹스견,수컷,광주광역시 서구,광주동물보호센터,35.1521401,126.8900561
2025-03-05,개,믹스견,암컷,광주광역시 서구,광주동물보호센터,35.1521401,126.8900561
2025-03-05,개,믹스견,암컷,인천광역시 부평구,늘푸른동물병원,37.5070221,126.7220068
2025-03-05,개,믹스견,암컷,대전광역시 서구,대전동물보호센터,36.3551786,127.3838487
2025-03-04,개,믹스견,암컷,전북특별자치도 군산시,군산유기동물보호센터,35.9679984,126.7369036
2025-03-04,개,믹스견,미상,전라남도 무안군,무안군유기동물보호소,34.9905794,126.4812377
2025-03-04,개,믹스견,수컷,전북특별자치도 익산시,익산유기동물보호소,35.9479291,126.9578025
2025-03-04,개,진도견,수컷,전북특별자치도 익산시,익산유기동물보호소,35.9479291,126.9578025
2025-03-04,개,믹스견,암컷,전북특별자치도 익산시,익산유기동물보호소,35.9479291,126.9578025
2025-03-04,개,믹스견,암컷,전북특별자치도 익산시,익산유기동물보호소,35.9479291,126.9578025
2025-03-04,개,믹스견,수컷,전북특별자치도 익산시,익산유기동물보호소,35.9479291,126.9578025
2025-03-04,개,믹스견,수컷,전북특별자치도 군산시,군산유기동물보호센터,35.9679984,126.7369036
2025-03-04,개,믹스견,수컷,경상북도 영천시,영천유기동물보호센터,35.98842,128.942
2025-03-04,개,믹스견,수컷,경상북도 영천시,영천유기동물보호센터,35.98842,128.942
2025-03-04,개,믹스견,수컷,전라남도 완도군,유기동물임시보호센터,34.3110373,126.7553933
2025-03-04,개,믹스견,수컷,충청남도 논산시,논산시 동물보호센터,36.1868154,127.0987538
2025-03-04,개,믹스견,암컷,충청남도 논산시,논산시 동물보호센터,36.1868154,127.0987538
2025-03-04,개,믹스견,암컷,충청남도 논산시,논산시 동물보호센터,36.1868154,127.0987538
2025-03-04,개,믹스견,수컷,충청남도 논산시,논산시 동물보호센터,36.1868154,127.0987538
2025-03-04,개,믹스견,수컷,충청남도 논산시,논산시 동물보호센터,36.1868154,127.0987538
2025-03-04,개,믹스견,암컷,충청남도 논산시,논산시 동물보호센터,36.1868154,127.0987538
2025-03-04,개,믹스견,암컷,충청남도 논산시,논산시 동물보호센터,36.1868154,127.0987538
2025-03-04,개,믹스견,수컷,충청남도 논산시,논산시 동물보호센터,36.1868154,127.0987538
2025-03-04,개,믹스견,수컷,충청남도 논산시,논산시 동물보호센터,36.1868154,127.0987538
2025-03-04,개,믹스견,수컷,강원특별자치도 횡성군,횡성유기동물보호센터,37.4916,127.985
2025-03-04,개,믹스견,암컷,경상남도 창녕군,창녕 유기동물보호소,35.5443876,128.4921938
2025-03-04,개,믹스견,수컷,경상남도 양산시,양산시 동물보호센터,35.3349979,129.0370582
2025-03-04,개,믹스견,암컷,전라남도 목포시,목포시유기동물보호소,34.7903335,126.3847547
2025-03-04,개,믹스견,수컷,전북특별자치도 부안군,부안군 동물보호센터,35.7316783,126.7330195
2025-03-04,개,믹스견,암컷,전북특별자치도 부안군,부안군 동물보호센터,35.7316783,126.7330195
2025-03-04,개,믹스견,암컷,전북특별자치도 부안군,부안군 동물보호센터,35.7316783,126.7330195
2025-03-04,개,믹스견,암컷,전북특별자치도 부안군,부안군 동물보호센터,35.7316783,126.7330195
2025-03-04,개,믹스견,수컷,전북특별자치도 군산시,군산유기동물보호센터,35.9679984,126.7369036
2025-03-04,개,보스턴 테리어,암컷,충청북도 제천시,제천시 동물보호센터,37.1326042,128.1913508
2025-03-04,개,믹스견,수컷,강원특별자치도 원주시,원주시동물보호센터,37.3420996,127.9197603
2025-03-04,개,믹스견,암컷,강원특별자치도 원주시,원주시동물보호센터,37.3420996,127.9197603
2025-03-04,개,믹스견,암컷,강원특별자치도 원주시,원주시동물보호센터,37.3420996,127.9197603
2025-03-04,고양이,한국 고양이,수컷,강원특별자치도 원주시,원주시동물보호센터,37.3420996,127.9197603
2025-03-04,개,믹스견,수컷,경기도 파주시,한국동물구조관리협회,37.7598955,126.7801502
2025-03-04,개,푸들,수컷,광주광역시 광산구,광주동물보호센터,35.1396428,126.7938232
2025-03-04,개,믹스견,암컷,대전광역시 서구,대전동물보호센터,36.3551786,127.3838487
2025-03-04,개,믹스견,암컷,경상남도 밀양시,밀양시 동물보호센터,35.503839,128.7466992
2025-03-04,개,믹스견,수컷,전라남도 담양군,담양군 동물보호센터,35.320878,126.9883238
2025-03-04,개,믹스견,수컷,전북특별자치도 김제시,전북말산업복합센터,35.803815,126.880557
2025-03-04,개,믹스견,암컷,충청남도 태안군,태안 동물보호소,36.7454236,126.29836
2025-03-04,개,믹스견,수컷,충청남도 청양군,청양보호소,36.4587024,126.8019983
2025-03-04,고양이,한국 고양이,수컷,충청남도 천안시,천안시 동물보호센터,36.8150283,127.1140654
2025-03-04,개,믹스견,암컷,충청남도 천안시,천안시 동물보호센터,36.8150283,127.1140654
2025-03-04,개,믹스견,암컷,충청남도 천안시,천안시 동물보호센터,36.8150283,127.1140654
2025-03-04,개,믹스견,수컷,충청남도 천안시,천안시 동물보호센터,36.8150283,127.1140654
2025-03-04,개,믹스견,암컷,강원특별자치도 동해시,동해시동물보호센터,37.5245142,129.1146302
2025-03-04,개,믹스견,수컷,강원특별자치도 동해시,동해시동물보호센터,37.5245142,129.1146302
2025-03-04,개,믹스견,수컷,경기도 여주시,위더스 동물보호센터,37.2982901,127.637033
2025-03-04,개,믹스견,암컷,경기도 여주시,위더스 동물보호센터,37.2982901,127.637033
2025-03-04,개,믹스견,수컷,경기도 여주시,위더스 동물보호센터,37.2982901,127.637033
2025-03-04,고양이,한국 고양이,암컷,경기도 여주시,위더스 동물보호센터,37.2982901,127.637033
2025-03-04,개,잉글리쉬 포인터,암컷,경기도 화성시,화성동물보호센터,37.1994653,126.8312632
2025-03-04,개,믹스견,암컷,경기도 이천시,위더스 동물보호센터,37.2808823,127.4429132
2025-03-04,개,믹스견,암컷,경기도 이천시,위더스 동물보호센터,37.2808823,127.4429132
2025-03-04,개,믹스견,암컷,경기도 이천시,위더스 동물보호센터,37.2808823,127.4429132
2025-03-04,개,믹스견,수컷,경기도 군포시,한국야생동물보호협회,37.3615229,126.9349025
2025-03-04,개,믹스견,수컷,경기도 시흥시,시흥동물누리보호센터,37.3798891,126.8032255
2025-03-04,개,믹스견,암컷,경기도 시흥시,시흥동물누리보호센터,37.3798891,126.8032255
2025-03-04,개,믹스견,수컷,경기도 시흥시,시흥동물누리보호센터,37.3798891,126.8032255
2025-03-04,개,믹스견,수컷,경기도 시흥시,시흥동물누리보호센터,37.3798891,126.8032255
2025-03-04,개,믹스견,암컷,경기도 평택시,평택시유기동물보호소,36.9924966,127.1127168
2025-03-04,기타,토끼,수컷,경기도 수원시,수원시 동물보호센터,37.2633325,127.0287472
2025-03-04,고양이,한국 고양이,암컷,광주광역시 광산구,광주동물보호센터,35.1396428,126.7938232
2025-03-04,개,믹스견,수컷,강원특별자치도 화천군,화천군농업기술센터,38.1063,127.708
2025-03-03,개,믹스견,수컷,경상북도 안동시,유기동물보호센터,36.5634886,128.7260798
2025-03-03,개,믹스견,수컷,경상북도 안동시,유기동물보호센터,36.5634886,128.7260798
2025-03-03,개,믹스견,수컷,경상남도 양산시,양산시 동물보호센터,35.3349979,129.0370582
2025-03-03,개,믹스견,수컷,인천광역시 서구,우리동물병원,37.545,126.676
2025-03-03,개,믹스견,암컷,경상남도 밀양시,밀양시 동물보호센터,35.503839,128.7466992
2025-03-03,개,믹스견,수컷,전북특별자치도 익산시,익산유기동물보호소,35.9479291,126.9578025
2025-03-03,개,믹스견,수컷,전북특별자치도 익산시,익산유기동물보호소,35.9479291,126.9578025
2025-03-03,개,믹스견,수컷,전북특별자치도 익산시,익산유기동물보호소,35.9479291,126.9578025
2025-03-03,개,믹스견,암컷,충청남도 금산군,제일동물병원,36.1087249,127.48815
2025-03-03,개,진도견,암컷,경기도 광주시,광주TNR동물병원초월,37.4290844,127.255189
2025-03-03,개,믹스견,암컷,경기도 남양주시,남양주시동물보호센터,37.6359398,127.2165051
2025-03-03,개,믹스견,암컷,부산광역시 강서구,(사)하얀비둘기,35.212,128.9805
2025-03-03,개,믹스견,수컷,경상북도 경산시,경산시유기동물보호소,35.825122,128.741329
2025-03-03,개,믹스견,수컷,경상북도 포항시,(사)영일동물플러스,36.0189315,129.3429384
2025-03-03,고양이,한국 고양이,수컷,대구광역시 서구,대구시수의사회(삼성),35.8716,128.5591
2025-03-03,개,믹스견,암컷,서울특별시 서대문구,내품애센터,37.5790747,126.9367861
2025-03-03,개,믹스견,수컷,광주광역시 북구,광주동물보호센터,35.1741,126.9122
2025-03-03,개,믹스견,암컷,경상남도 창원시,창원유기동물보호소,35.227956,128.6818586
2025-03-03,개,믹스견,암컷,경상남도 창원시,창원유기동물보호소,35.227956,128.6818586
2025-03-02,개,믹스견,암컷,경기도 양평군,양평군유기동물보호소,37.4916,127.4875
2025-03-02,개,믹스견,암컷,경기도 양평군,양평군유기동물보호소,37.4916,127.4875
2025-03-02,개,믹스견,수컷,전라남도 무안군,무안군유기동물보호소,34.9905794,126.4812377
2025-03-02,개,믹스견,미상,전라남도 무안군,무안군유기동물보호소,34.9905794,126.4812377
2025-03-02,개,믹스견,미상,전라남도 무안군,무안군유기동물보호소,34.9905794,126.4812377
2025-03-02,개,푸들,수컷,강원특별자치도 원주시,원주시동물보호센터,37.3420996,127.9197603
2025-03-02,개,믹스견,암컷,경상북도 구미시,구미시 동물보호센터,36.1195513,128.3444692
2025-03-02,개,푸들,수컷,경기도 수원시,수원시 동물보호센터,37.2633325,127.0287472
2025-03-02,개,믹스견,암컷,부산광역시 사상구,(사)하얀비둘기,35.1521,128.9911
2025-03-02,개,믹스견,수컷,광주광역시 남구,광주동물보호센터,35.1327,126.9025
2025-03-02,개,믹스견,암컷,충청북도 청주시,반려동물보호센터,36.6421169,127.4891742
2025-03-01,개,믹스견,수컷,전북특별자치도 익산시,익산유기동물보호소,35.9479291,126.9578025
2025-03-01,고양이,믹스묘,암컷,충청남도 아산시,아산동물복지지원센터,36.7899498,127.0026769
2025-03-01,고양이,한국 고양이,암컷,경기도 수원시,수원시 동물보호센터,37.2633325,127.0287472
2025-03-01,개,믹스견,미상,울산광역시 울주군,울산유기동물보호센터,35.5222362,129.2423693
2025-03-01,개,믹스견,암컷,울산광역시 울주군,울산유기동물보호센터,35.5222362,129.2423693
2025-03-01,개,믹스견,암컷,대전광역시 유성구,대전동물보호센터,36.3620732,127.3564099
2025-03-01,개,믹스견,수컷,경상남도 합천군,태민동물보호센터,35.5664445,128.1658334
2025-03-01,개,믹스견,수컷,경상남도 합천군,태민동물보호센터,35.5664445,128.1658334
2025-03-01,개,믹스견,암컷,충청남도 홍성군,금일동물보호센터,36.6010501,126.6611667
2025-03-01,개,믹스견,수컷,충청남도 홍성군,금일동물보호센터,36.6010501,126.6611667
2025-03-01,개,믹스견,수컷,충청남도 홍성군,금일동물보호센터,36.6010501,126.6611667
2025-03-01,개,믹스견,암컷,경상남도 진주시,진주시동물보호센터,35.1803459,128.1079953
2025-03-01,개,믹스견,수컷,경상북도 경산시,경산시유기동물보호소,35.825122,128.741329
2025-03-01,개,믹스견,수컷,경상북도 경산시,경산시유기동물보호소,35.825122,128.741329
2025-03-01,개,믹스견,암컷,경상북도 경산시,경산시유기동물보호소,35.825122,128.741329
2025-03-01,개,삽살개,암컷,경기도 여주시,위더스 동물보호센터,37.2982901,127.637033
2025-03-01,개,믹스견,수컷,경기도 화성시,화성동물보호센터,37.1994653,126.8312632
2025-03-01,고양이,한국 고양이,암컷,경기도 이천시,위더스 동물보호센터,37.2808823,127.4429132
2025-03-01,개,저먼 포인터,암컷,경기도 이천시,위더스 동물보호센터,37.2808823,127.4429132
2025-03-01,개,믹스견,수컷,경기도 남양주시,남양주시동물보호센터,37.6359398,127.2165051
2025-03-01,개,푸들,수컷,광주광역시 북구,광주동물보호센터,35.1741,126.9122
2025-02-28,개,믹스견,수컷,전북특별자치도 정읍시,정읍시 동물보호소,35.5697678,126.8559787
2025-02-28,개,믹스견,수컷,전북특별자치도 정읍시,정읍시 동물보호소,35.5697678,126.8559787
2025-02-28,개,믹스견,수컷,전북특별자치도 정읍시,정읍시 동물보호소,35.5697678,126.8559787
2025-02-28,개,믹스견,암컷,전북특별자치도 부안군,부안군 동물보호센터,35.7316783,126.7330195
2025-02-28,개,믹스견,수컷,경상남도 고성군,고성군유기동물보호소,34.9732784,128.322233
2025-02-28,개,믹스견,암컷,경상남도 고성군,고성군유기동물보호소,34.9732784,128.322233
2025-02-28,개,믹스견,수컷,전라남도 담양군,담양군 동물보호센터,35.320878,126.9883238
2025-02-28,개,믹스견,암컷,전북특별자치도 진안군,진안군유기동물보호소,35.7915,127.4252
2025-02-28,개,포메라니안,수컷,충청남도 금산군,제일동물병원,36.1087249,127.48815
2025-02-28,개,믹스견,수컷,울산광역시 울주군,울산유기동물보호센터,35.5222362,129.2423693
2025-02-28,고양이,한국 고양이,암컷,부산광역시 사상구,(사)하얀비둘기,35.1521,128.9911
2025-02-28,개,믹스견,수컷,부산광역시 북구,부산동물보호센터,35.1969,128.9901999
2025-02-28,개,믹스견,수컷,부산광역시 북구,부산동물보호센터,35.1969,128.9901999
2025-02-28,개,믹스견,암컷,부산광역시 북구,부산동물보호센터,35.1969,128.9901999
2025-02-28,개,믹스견,수컷,부산광역시 북구,부산동물보호센터,35.1969,128.9901999
2025-02-28,개,믹스견,암컷,부산광역시 북구,부산동물보호센터,35.1969,128.9901999
2025-02-28,개,믹스견,수컷,경기도 광주시,광주TNR동물병원초월,37.4290844,127.255189
2025-02-28,개,믹스견,암컷,전라남도 해남군,해남유기동물보호센터,34.55269,126.52431
2025-02-28,개,믹스견,수컷,강원특별자치도 원주시,원주시동물보호센터,37.3420996,127.9197603
2025-02-28,개,믹스견,수컷,강원특별자치도 원주시,원주시동물보호센터,37.3420996,127.9197603
2025-02-28,개,믹스견,수컷,경상남도 창녕군,창녕 유기동물보호소,35.5443876,128.4921938
2025-02-28,개,믹스견,수컷,경상남도 거제시,거제시유기동물보호소,34.8804677,128.621207
2025-02-28,개,믹스견,암컷,경상남도 거제시,거제시유기동물보호소,34.8804677,128.621207
2025-02-28,개,엄마는 치와와,암컷,경상북도 성주군,성주유기동물보호센터,35.9190065,128.283486
2025-02-28,개,엄마는 치와와,암컷,경상북도 성주군,성주유기동물보호센터,35.9190065,128.283486
2025-02-28,개,믹스견,암컷,전라남도 장성군,장성군동물보호센터,35.3017065,126.7844061
2025-02-28,개,믹스견,암컷,전라남도 장성군,장성군동물보호센터,35.3017065,126.7844061
2025-02-28,개,믹스견,암컷,전라남도 장성군,장성군동물보호센터,35.3017065,126.7844061
2025-02-28,개,믹스견,수컷,전라남도 장성군,장성군동물보호센터,35.3017065,126.7844061
2025-02-28,개,믹스견,암컷,전라남도 장성군,장성군동물보호센터,35.3017065,126.7844061
2025-02-28,개,믹스견,수컷,전라남도 담양군,담양군 동물보호센터,35.320878,126.9883238
2025-02-28,개,믹스견,암컷,전라남도 담양군,담양군 동물보호센터,35.320878,126.9883238
2025-02-28,개,믹스견,암컷,전라남도 담양군,담양군 동물보호센터,35.320878,126.9883238
2025-02-28,개,믹스견,수컷,전북특별자치도 남원시,하나동물병원,35.4163118,127.3903713
2025-02-28,개,믹스견,암컷,전북특별자치도 남원시,하나동물병원,35.4163118,127.3903713
2025-02-28,개,믹스견,암컷,전북특별자치도 남원시,하나동물병원,35.4163118,127.3903713
2025-02-28,개,믹스견,수컷,전북특별자치도 남원시,하나동물병원,35.4163118,127.3903713
2025-02-28,개,믹스견,암컷,전북특별자치도 남원시,하나동물병원,35.4163118,127.3903713
2025-02-28,개,믹스견,수컷,전북특별자치도 남원시,하나동물병원,35.4163118,127.3903713
2025-02-28,개,믹스견,수컷,전북특별자치도 남원시,하나동물병원,35.4163118,127.3903713
2025-02-28,개,믹스견,암컷,전북특별자치도 남원시,하나동물병원,35.4163118,127.3903713
2025-02-28,개,믹스견,수컷,전북특별자치도 남원시,하나동물병원,35.4163118,127.3903713
2025-02-28,개,믹스견,수컷,전북특별자치도 남원시,하나동물병원,35.4163118,127.3903713
2025-02-28,개,믹스견,수컷,전북특별자치도 남원시,하나동물병원,35.4163118,127.3903713
2025-02-28,개,믹스견,암컷,전북특별자치도 남원시,하나동물병원,35.4163118,127.3903713
2025-02-28,개,믹스견,암컷,전북특별자치도 정읍시,정읍시 동물보호소,35.5697678,126.8559787
2025-02-28,개,믹스견,암컷,전북특별자치도 정읍시,정읍시 동물보호소,35.5697678,126.8559787
2025-02-28,개,믹스견,암컷,충청남도 당진시,당진시동물보호소,36.8904083,126.6461833
2025-02-28,개,믹스견,암컷,충청남도 당진시,당진시동물보호소,36.8904083,126.6461833
2025-02-28,개,믹스견,수컷,충청남도 홍성군,금일동물보호센터,36.6010501,126.6611667
2025-02-28,개,믹스견,수컷,충청남도 아산시,아산동물복지지원센터,36.7899498,127.0026769
2025-02-28,개,믹스견,암컷,충청남도 아산시,아산동물복지지원센터,36.7899498,127.0026769
2025-02-28,개,믹스견,수컷,충청남도 아산시,아산동물복지지원센터,36.7899498,127.0026769
2025-02-28,기타,사랑앵무,미상,충청북도 청주시,반려동물보호센터,36.6421169,127.4891742
2025-02-28,고양이,한국 고양이,암컷,충청북도 보은군,보은군동물보호센터,36.4890118,127.729242
2025-02-28,개,포인터,수컷,강원특별자치도 횡성군,횡성유기동물보호센터,37.4916,127.985
2025-02-28,개,사모예드,수컷,경기도 양평군,양평군유기동물보호소,37.4916,127.4875
2025-02-28,고양이,한국 고양이,미상,경기도 고양시,고양시동물보호센터,37.6581862,126.8319452
2025-02-28,개,믹스견,암컷,경기도 부천시,정샘동물병원,37.5014422,126.7660139
2025-02-28,개,믹스견,암컷,울산광역시 울주군,울산유기동물보호센터,35.5222362,129.2423693
2025-02-28,개,믹스견,수컷,울산광역시 울주군,울산유기동물보호센터,35.5222362,129.2423693
2025-02-28,개,믹스견,수컷,대전광역시 서구,대전동물보호센터,36.3551786,127.3838487
2025-02-28,개,믹스견,암컷,광주광역시 광산구,광주동물보호센터,35.1396428,126.7938232
2025-02-28,개,믹스견,암컷,대구광역시 군위군,군위종합동물병원,36.2425017,128.5732027
2025-02-28,개,그레이 하운드,수컷,대구광역시 군위군,군위종합동물병원,36.2425017,128.5732027
2025-02-28,개,믹스견,수컷,대구광역시 군위군,군위종합동물병원,36.2425017,128.5732027
2025-02-28,개,믹스견,암컷,대구광역시 군위군,군위종합동물병원,36.2425017,128.5732027
2025-02-28,개,믹스견,암컷,대구광역시 군위군,군위종합동물병원,36.2425017,128.5732027
2025-02-28,고양이,믹스묘,수컷,대구광역시 군위군,군위종합동물병원,36.2425017,128.5732027
2025-02-28,개,믹스견,암컷,대구광역시 군위군,군위종합동물병원,36.2425017,128.5732027
2025-02-28,개,믹스견,암컷,대구광역시 군위군,군위종합동물병원,36.2425017,128.5732027
2025-02-28,개,믹스견,수컷,대구광역시 군위군,군위종합동물병원,36.2425017,128.5732027
2025-02-28,개,믹스견,수컷,대구광역시 군위군,군위종합동물병원,36.2425017,128.5732027
2025-02-28,개,믹스견,수컷,대구광역시 군위군,군위종합동물병원,36.2425017,128.5732027
2025-02-28,개,믹스견,암컷,대구광역시 군위군,군위종합동물병원,36.2425017,128.5732027
2025-02-28,개,믹스견,수컷,대구광역시 군위군,군위종합동물병원,36.2425017,128.5732027
2025-02-28,고양이,한국 고양이,암컷,대구광역시 수성구,멘토동물병원,35.8584,128.6305
2025-02-28,개,믹스견,암컷,대구광역시 북구,대구유기동물보호협회,35.8855,128.5828858
2025-02-27,개,믹스견,암컷,경상북도 영천시,영천유기동물보호센터,35.98842,128.942
2025-02-27,개,믹스견,수컷,전북특별자치도 부안군,부안군 동물보호센터,35.7316783,126.7330195
2025-02-27,개,믹스견,암컷,경상남도 양산시,양산시 동물보호센터,35.3349979,129.0370582
2025-02-27,개,믹스견,수컷,경상남도 김해시,(사)동물보호관리협회,35.2310947,128.8908228
2025-02-27,개,믹스견,암컷,전라남도 완도군,유기동물임시보호센터,34.3110373,126.7553933
2025-02-27,개,믹스견,수컷,전라남도 완도군,유기동물임시보호센터,34.3110373,126.7553933
2025-02-27,개,믹스견,수컷,전라남도 여수시,유기동물보호소,34.7546257,127.659859
2025-02-27,개,믹스견,암컷,전북특별자치도 익산시,익산유기동물보호소,35.9479291,126.9578025
2025-02-27,개,믹스견,암컷,충청남도 금산군,제일동물병원,36.1087249,127.48815
2025-02-27,개,믹스견,암컷,충청남도 논산시,논산시 동물보호센터,36.1868154,127.0987538
2025-02-27,개,믹스견,수컷,충청남도 아산시,아산동물복지지원센터,36.7899498,127.0026769
2025-02-27,개,믹스견,수컷,충청남도 아산시,아산동물복지지원센터,36.7899498,127.0026769
2025-02-27,개,믹스견,수컷,강원특별자치도 원주시,원주시동물보호센터,37.3420996,127.9197603
2025-02-27,고양이,한국 고양이,미상,경기도 고양시,고양시동물보호센터,37.6581862,126.8319452
2025-02-27,개,포메라니안,수컷,경기도 안산시,한국야생동물보호협회,37.3217152,126.8308604
2025-02-27,개,믹스견,수컷,부산광역시 해운대구,동부유기동물보호협회,35.1629,129.1638
2025-02-27,개,믹스견,암컷,경상남도 산청군,산청동물보호센터,35.4154624,127.873663
2025-02-27,개,믹스견,암컷,경상남도 의령군,의령군 동물보호센터,35.322003,128.2617827
2025-02-27,개,믹스견,암컷,경상북도 고령군,고령군 유기견 보호소,35.7258,128.2632
2025-02-27,개,믹스견,수컷,경상북도 고령군,고령군 유기견 보호소,35.7258,128.2632
2025-02-27,개,믹스견,수컷,경상북도 김천시,김천시 동물보호센터,36.1398035,128.1139534
2025-02-27,개,믹스견,수컷,경상북도 김천시,김천시 동물보호센터,36.1398035,128.1139534
2025-02-27,개,믹스견,암컷,경상북도 김천시,김천시 동물보호센터,36.1398035,128.1139534
2025-02-27,개,믹스견,수컷,전북특별자치도 진안군,진안군유기동물보호소,35.7915,127.4252
2025-02-27,개,믹스견,암컷,전북특별자치도 진안군,진안군유기동물보호소,35.7915,127.4252
2025-02-27,개,믹스견,암컷,전북특별자치도 군산시,군산유기동물보호센터,35.9679984,126.7369036
2025-02-27,개,말티즈,수컷,충청남도 부여군,남부여동물보호소,36.2753678,126.910107
2025-02-27,고양이,한국 고양이,수컷,충청남도 보령시,보령길고양이보호협회,36.33401,126.613165
2025-02-27,개,믹스견,수컷,충청남도 천안시,천안시 동물보호센터,36.8150283,127.1140654
2025-02-27,개,푸들,수컷,충청북도 청주시,반려동물보호센터,36.6421169,127.4891742
2025-02-27,개,믹스견,수컷,강원특별자치도 인제군,인제군동물보호센터,38.0694,128.1706
2025-02-27,개,믹스견,암컷,강원특별자치도 속초시,속초시유기동물보호소,38.2069574,128.5913424
2025-02-27,개,믹스견,수컷,경기도 여주시,위더스 동물보호센터,37.2982901,127.637033
2025-02-27,개,진도견,암컷,경기도 이천시,위더스 동물보호센터,37.2808823,127.4429132
2025-02-27,개,믹스견,수컷,경기도 이천시,위더스 동물보호센터,37.2808823,127.4429132
2025-02-27,개,진도견,암컷,경기도 이천시,위더스 동물보호센터,37.2808823,127.4429132
2025-02-27,개,믹스견,암컷,경기도 이천시,위더스 동물보호센터,37.2808823,127.4429132
2025-02-27,개,웰시 코기 펨브로크,암컷,경기도 남양주시,남양주시동물보호센터,37.6359398,127.2165051
2025-02-27,개,믹스견,암컷,경기도 고양시,고양시동물보호센터,37.6581862,126.8319452
2025-02-27,개,믹스견,수컷,경기도 부천시,부천시수의사회,37.5014422,126.7660139
2025-02-27,개,믹스견,암컷,경기도 수원시,수원시 동물보호센터,37.2633325,127.0287472
2025-02-27,개,말티즈,암컷,대전광역시 대덕구,대전동물보호센터,36.3465766,127.4158483
2025-02-26,개,믹스견,암컷,경상북도 예천군,예천군유기동물보호소,36.6462999,128.4376
2025-02-26,개,믹스견,암컷,전북특별자치도 임실군,임실유기동물보호센터,35.6174,127.2893
2025-02-26,개,믹스견,암컷,전북특별자치도 임실군,임실유기동물보호센터,35.6174,127.2893
2025-02-26,개,믹스견,암컷,전북특별자치도 임실군,임실유기동물보호센터,35.6174,127.2893
2025-02-26,개,믹스견,암컷,전북특별자치도 임실군,임실유기동물보호센터,35.6174,127.2893
2025-02-26,개,믹스견,수컷,전북특별자치도 임실군,임실유기동물보호센터,35.6174,127.2893
2025-02-26,개,믹스견,암컷,경상남도 합천군,태민동물보호센터,35.5664445,128.1658334
2025-02-26,개,믹스견,암컷,경상남도 합천군,태민동물보호센터,35.5664445,128.1658334
2025-02-26,개,믹스견,암컷,경상남도 합천군,태민동물보호센터,35.5664445,128.1658334
2025-02-26,개,믹스견,암컷,경상남도 합천군,태민동물보호센터,35.5664445,128.1658334
2025-02-26,개,믹스견,암컷,경상남도 합천군,태민동물보호센터,35.5664445,128.1658334
2025-02-26,개,믹스견,암컷,경상남도 합천군,태민동물보호센터,35.5664445,128.1658334
2025-02-26,개,믹스견,암컷,경상남도 합천군,태민동물보호센터,35.5664445,128.1658334
2025-02-26,개,믹스견,수컷,경상남도 합천군,태민동물보호센터,35.5664445,128.1658334
2025-02-26,개,믹스견,수컷,경상남도 합천군,태민동물보호센터,35.5664445,128.1658334
2025-02-26,개,믹스견,암컷,전라남도 곡성군,곡성군동물보호소,35.2818969,127.2914673
2025-02-26,개,믹스견,암컷,충청남도 금산군,제일동물병원,36.1087249,127.48815
2025-02-26,고양이,한국 고양이,암컷,강원특별자치도 원주시,원주시동물보호센터,37.3420996,127.9197603
2025-02-26,개,믹스견,암컷,부산광역시 기장군,사단법인 동부,35.2447818,129.2215462
2025-02-26,개,믹스견,수컷,경상남도 함양군,함양군위탁보호소,35.5204145,127.7252966
2025-02-26,개,믹스견,수컷,경상남도 함양군,함양군위탁보호소,35.5204145,127.7252966
2025-02-26,개,믹스견,암컷,경상남도 의령군,의령군 동물보호센터,35.322003,128.2617827
2025-02-26,개,믹스견,수컷,경상남도 양산시,양산시 동물보호센터,35.3349979,129.0370582
2025-02-26,개,믹스견,암컷,경상북도 울진군,울진군동물보호센터,36.993,129.4006
2025-02-26,개,믹스견,암컷,경상북도 울진군,울진군동물보호센터,36.993,129.4006
2025-02-26,개,믹스견,수컷,경상북도 구미시,구미시 동물보호센터,36.1195513,128.3444692
2025-02-26,개,믹스견,수컷,전라남도 진도군,진도군임시보호소,34.4867515,126.2629264
2025-02-26,개,믹스견,수컷,전라남도 해남군,해남유기동물보호센터,34.55269,126.52431
2025-02-26,개,믹스견,암컷,충청북도 청주시,반려동물보호센터,36.6421169,127.4891742
2025-02-26,고양이,한국 고양이,미상,울산광역시 울주군,울산유기동물보호센터,35.5222362,129.2423693
2025-02-26,개,믹스견,수컷,경상남도 창원시,창원유기동물보호소,35.227956,128.6818586
2025-02-26,개,믹스견,수컷,경상남도 창원시,창원유기동물보호소,35.227956,128.6818586
2025-02-26,개,믹스견,수컷,경상남도 창녕군,창녕 유기동물보호소,35.5443876,128.4921938
2025-02-26,개,믹스견,암컷,경상남도 의령군,의령군 동물보호센터,35.322003,128.2617827
2025-02-26,개,믹스견,암컷,경상남도 거제시,거제시유기동물보호소,34.8804677,128.621207
2025-02-26,개,믹스견,암컷,경상남도 거제시,거제시유기동물보호소,34.8804677,128.621207
2025-02-26,개,믹스견,수컷,경상남도 거제시,거제시유기동물보호소,34.8804677,128.621207
2025-02-26,개,믹스견,수컷,경상남도 밀양시,밀양시 동물보호센터,35.503839,128.7466992
2025-02-26,개,믹스견,암컷,경상남도 밀양시,밀양시 동물보호센터,35.503839,128.7466992
2025-02-26,개,믹스견,암컷,경상남도 사천시,사천시 동물보호센터,35.003468,128.064562
2025-02-26,개,믹스견,암컷,경상남도 사천시,사천시 동물보호센터,35.003468,128.064562
2025-02-26,개,믹스견,암컷,경상남도 사천시,사천시 동물보호센터,35.003468,128.064562
2025-02-26,개,믹스견,수컷,경상남도 사천시,사천시 동물보호센터,35.003468,128.064562
2025-02-26,개,믹스견,수컷,경상남도 사천시,사천시 동물보호센터,35.003468,128.064562
2025-02-26,개,믹스견,암컷,경상남도 진주시,진주시동물보호센터,35.1803459,128.1079953
2025-02-26,개,믹스견,수컷,경상북도 경산시,경산시유기동물보호소,35.825122,128.741329
2025-02-26,개,믹스견,암컷,경상북도 경산시,경산시유기동물보호소,35.825122,128.741329
2025-02-26,개,믹스견,암컷,경상북도 경산시,경산시유기동물보호소,35.825122,128.741329
2025-02-26,개,믹스견,암컷,경상북도 포항시,(사)영일동물플러스,36.0189315,129.3429384
2025-02-26,개,믹스견,수컷,전라남도 함평군,학교임시동물보호센터,35.0656537,126.5166414
2025-02-26,개,믹스견,수컷,전라남도 보성군,보성유기동물보호센터,34.7711356,127.0798978
2025-02-26,개,믹스견,수컷,전라남도 나주시,나주유기동물보호센터,35.0158859,126.7108313
2025-02-26,개,믹스견,암컷,전라남도 순천시,순천시유기동물보호소,34.9505457,127.4872992
2025-02-26,개,믹스견,암컷,전라남도 순천시,순천시유기동물보호소,34.9505457,127.4872992
2025-02-26,개,믹스견,암컷,전라남도 목포시,목포시유기동물보호소,34.7903335,126.3847547
2025-02-26,개,믹스견,암컷,전북특별자치도 부안군,부안군 동물보호센터,35.7316783,126.7330195
2025-02-26,개,믹스견,암컷,전북특별자치도 부안군,부안군 동물보호센터,35.7316783,126.7330195
2025-02-26,개,믹스견,암컷,전북특별자치도 부안군,부안군 동물보호센터,35.7316783,126.7330195
2025-02-26,개,믹스견,수컷,전북특별자치도 부안군,부안군 동물보호센터,35.7316783,126.7330195
2025-02-26,개,믹스견,암컷,충청남도 당진시,당진시동물보호소,36.8904083,126.6461833
2025-02-26,개,믹스견,암컷,충청남도 당진시,당진시동물보호소,36.8904083,126.6461833
2025-02-26,개,믹스견,수컷,충청남도 당진시,당진시동물보호소,36.8904083,126.6461833
2025-02-26,개,믹스견,암컷,충청남도 서산시,서산시 동물보호센터,36.784499,126.450317
2025-02-26,개,믹스견,수컷,충청남도 천안시,천안시 동물보호센터,36.8150283,127.1140654
2025-02-26,개,믹스견,암컷,충청남도 천안시,천안시 동물보호센터,36.8150283,127.1140654
2025-02-26,개,믹스견,수컷,충청북도 청주시,반려동물보호센터,36.6421169,127.4891742
2025-02-26,개,믹스견,수컷,충청북도 청주시,반려동물보호센터,36.6421169,127.4891742
2025-02-26,개,믹스견,암컷,강원특별자치도 철원군,철원군,38.1468023,127.3133
2025-02-26,개,풍산견,수컷,경기도 여주시,위더스 동물보호센터,37.2982901,127.637033
2025-02-26,개,믹스견,수컷,경기도 여주시,위더스 동물보호센터,37.2982901,127.637033
2025-02-26,개,믹스견,수컷,경기도 이천시,위더스 동물보호센터,37.2808823,127.4429132
2025-02-26,개,믹스견,수컷,경기도 용인시,용인시 동물보호센터,37.2405741,127.1785572
2025-02-26,개,믹스견,수컷,경기도 고양시,고양시동물보호센터,37.6581862,126.8319452
2025-02-26,개,푸들,수컷,대전광역시 대덕구,대전동물보호센터,36.3465766,127.4158483
2025-02-26,개,믹스견,수컷,인천광역시 서구,우리동물병원,37.545,126.676
2025-02-26,개,믹스견,수컷,인천광역시 서구,우리동물병원,37.545,126.676
2025-02-26,개,그레이 하운드,수컷,대구광역시 군위군,군위종합동물병원,36.2425017,128.5732027
2025-02-25,개,믹스견,암컷,전북특별자치도 군산시,군산유기동물보호센터,35.9679984,126.7369036
2025-02-25,개,믹스견,암컷,전라남도 무안군,무안군유기동물보호소,34.9905794,126.4812377
2025-02-25,개,믹스견,수컷,전라남도 무안군,무안군유기동물보호소,34.9905794,126.4812377
2025-02-25,개,코카 스파니엘,암컷,경상남도 밀양시,밀양시 동물보호센터,35.503839,128.7466992
2025-02-25,개,믹스견,암컷,충청남도 홍성군,금일동물보호센터,36.6010501,126.6611667
2025-02-25,개,믹스견,암컷,강원특별자치도 삼척시,삼척시동물보호센터,37.4498745,129.1652969
2025-02-25,개,믹스견,암컷,강원특별자치도 삼척시,삼척시동물보호센터,37.4498745,129.1652969
2025-02-25,개,믹스견,암컷,강원특별자치도 삼척시,삼척시동물보호센터,37.4498745,129.1652969
2025-02-25,개,믹스견,암컷,강원특별자치도 삼척시,삼척시동물보호센터,37.4498745,129.1652969
2025-02-25,개,믹스견,수컷,강원특별자치도 삼척시,삼척시동물보호센터,37.4498745,129.1652969
2025-02-25,개,믹스견,암컷,강원특별자치도 삼척시,삼척시동물보호센터,37.4498745,129.1652969
2025-02-25,개,믹스견,암컷,강원특별자치도 삼척시,삼척시동물보호센터,37.4498745,129.1652969
2025-02-25,개,믹스견,암컷,강원특별자치도 삼척시,삼척시동물보호센터,37.4498745,129.1652969
2025-02-25,개,믹스견,수컷,강원특별자치도 삼척시,삼척시동물보호센터,37.4498745,129.1652969
2025-02-25,개,믹스견,암컷,강원특별자치도 삼척시,삼척시동물보호센터,37.4498745,129.1652969
2025-02-25,개,믹스견,미상,부산광역시 기장군,사단법인 동부,35.2447818,129.2215462
2025-02-25,개,믹스견,암컷,부산광역시 기장군,사단법인 동부,35.2447818,129.2215462
2025-02-25,개,시베리안 허스키,수컷,경상남도 창녕군,창녕 유기동물보호소,35.5443876,128.4921938
2025-02-25,개,믹스견,암컷,경상북도 영천시,영천유기동물보호센터,35.98842,128.942
2025-02-25,개,믹스견,수컷,전라남도 진도군,진도군임시보호소,34.4867515,126.2629264
2025-02-25,개,믹스견,암컷,전북특별자치도 임실군,임실유기동물보호센터,35.6174,127.2893
2025-02-25,개,믹스견,암컷,전북특별자치도 임실군,임실유기동물보호센터,35.6174,127.2893
2025-02-25,개,믹스견,수컷,전북특별자치도 임실군,임실유기동물보호센터,35.6174,127.2893
2025-02-25,개,믹스견,암컷,전북특별자치도 익산시,익산유기동물보호소,35.9479291,126.9578025
2025-02-25,개,믹스견,수컷,전북특별자치도 익산시,익산유기동물보호소,35.9479291,126.9578025
2025-02-25,개,진도견,암컷,전북특별자치도 익산시,익산유기동물보호소,35.9479291,126.9578025
2025-02-25,개,진도견,수컷,전북특별자치도 익산시,익산유기동물보호소,35.9479291,126.9578025
2025-02-25,개,믹스견,암컷,인천광역시 서구,가정동물병원,37.545,126.676
2025-02-25,고양이,한국 고양이,암컷,인천광역시 계양구,신영재동물병원,37.5373539,126.7379078
2025-02-25,개,믹스견,암컷,인천광역시 미추홀구,인천광역시수의사회,37.4636,126.6502
2025-02-25,개,믹스견,암컷,경상남도 창녕군,창녕 유기동물보호소,35.5443876,128.4921938
2025-02-25,개,믹스견,수컷,경상남도 거제시,거제시유기동물보호소,34.8804677,128.621207
2025-02-25,개,믹스견,암컷,경상남도 밀양시,밀양시 동물보호센터,35.503839,128.7466992
2025-02-25,개,믹스견,암컷,경상남도 통영시,통영시동물보호센터,34.854254,128.433205
2025-02-25,개,믹스견,암컷,경상북도 청송군,점곡동물보호센터,36.4358,129.0571
2025-02-25,개,믹스견,암컷,전북특별자치도 진안군,진안군유기동물보호소,35.7915,127.4252
2025-02-25,개,믹스견,수컷,전북특별자치도 김제시,전북말산업복합센터,35.803815,126.880557
2025-02-25,개,믹스견,수컷,전북특별자치도 군산시,군산유기동물보호센터,35.9679984,126.7369036
2025-02-25,개,믹스견,암컷,전북특별자치도 군산시,군산유기동물보호센터,35.9679984,126.7369036
2025-02-25,개,믹스견,수컷,충청남도 당진시,당진시동물보호소,36.8904083,126.6461833
2025-02-25,개,푸들,암컷,충청남도 부여군,남부여동물보호소,36.2753678,126.910107
2025-02-25,개,믹스견,암컷,강원특별자치도 철원군,철원군,38.1468023,127.3133
2025-02-25,개,믹스견,수컷,강원특별자치도 철원군,철원군,38.1468023,127.3133
2025-02-25,개,믹스견,암컷,강원특별자치도 동해시,동해시동물보호센터,37.5245142,129.1146302
2025-02-25,개,믹스견,수컷,강원특별자치도 춘천시,춘천시 동물보호센터,37.8810569,127.7297641
2025-02-25,개,믹스견,암컷,경기도 양평군,양평군유기동물보호소,37.4916,127.4875
2025-02-25,개,믹스견,암컷,경기도 고양시,고양시동물보호센터,37.6581862,126.8319452
2025-02-25,개,믹스견,암컷,경기도 고양시,고양시동물보호센터,37.6581862,126.8319452
2025-02-25,개,믹스견,암컷,경기도 고양시,고양시동물보호센터,37.6581862,126.8319452
2025-02-25,개,믹스견,암컷,경기도 고양시,고양시동물보호센터,37.6581862,126.8319452
2025-02-25,개,믹스견,수컷,경기도 고양시,고양시동물보호센터,37.6581862,126.8319452
2025-02-25,개,믹스견,수컷,경기도 고양시,고양시동물보호센터,37.6581862,126.8319452
2025-02-25,개,믹스견,수컷,경기도 고양시,고양시동물보호센터,37.6581862,126.8319452
2025-02-25,개,믹스견,암컷,경기도 고양시,고양시동물보호센터,37.6581862,126.8319452
2025-02-25,개,믹스견,암컷,경기도 고양시,고양시동물보호센터,37.6581862,126.8319452
2025-02-25,개,믹스견,암컷,경기도 부천시,정샘동물병원,37.5014422,126.7660139
2025-02-25,개,말티즈,수컷,인천광역시 서구,우리동물병원,37.545,126.676
2025-02-25,개,믹스견,암컷,충청남도 아산시,아산동물복지지원센터,36.7899498,127.0026769
2025-02-25,개,믹스견,암컷,충청남도 아산시,아산동물복지지원센터,36.7899498,127.0026769
2025-02-25,개,믹스견,수컷,충청남도 아산시,아산동물복지지원센터,36.7899498,127.0026769
2025-02-25,개,믹스견,수컷,충청남도 아산시,아산동물복지지원센터,36.7899498,127.0026769
2025-02-25,개,믹스견,암컷,부산광역시 서구,부산동물보호센터,35.0974999,129.0241
2025-02-25,개,믹스견,암컷,부산광역시 서구,부산동물보호센터,35.0974999,129.0241
2025-02-25,개,믹스견,암컷,부산광역시 서구,부산동물보호센터,35.0974999,129.0241
2025-02-25,개,믹스견,수컷,부산광역시 서구,부산동물보호센터,35.0974999,129.0241
2025-02-25,개,믹스견,암컷,부산광역시 서구,부산동물보호센터,35.0974999,129.0241
2025-02-25,개,믹스견,암컷,부산광역시 서구,부산동물보호센터,35.0974999,129.0241
2025-02-25,개,믹스견,암컷,부산광역시 서구,부산동물보호센터,35.0974999,129.0241
2025-02-24,개,믹스견,암컷,부산광역시 북구,부산동물보호센터,35.1969,128.9901999
2025-02-24,개,진도견,수컷,경상북도 안동시,유기동물보호센터,36.5634886,128.7260798
2025-02-24,개,진도견,수컷,경상북도 안동시,유기동물보호센터,36.5634886,128.7260798
2025-02-24,개,진도견,암컷,경상북도 안동시,유기동물보호센터,36.5634886,128.7260798
2025-02-24,개,진도견,암컷,경상북도 안동시,유기동물보호센터,36.5634886,128.7260798
2025-02-24,개,진도견,암컷,경상북도 안동시,유기동물보호센터,36.5634886,128.7260798
2025-02-24,개,믹스견,수컷,경상남도 함양군,함양군위탁보호소,35.5204145,127.7252966
2025-02-24,개,믹스견,암컷,경상북도 구미시,구미시 동물보호센터,36.1195513,128.3444692
2025-02-24,개,진도견,수컷,전북특별자치도 익산시,익산유기동물보호소,35.9479291,126.9578025
2025-02-24,개,믹스견,암컷,전북특별자치도 익산시,익산유기동물보호소,35.9479291,126.9578025
2025-02-24,개,믹스견,수컷,경상남도 양산시,양산시 동물보호센터,35.3349979,129.0370582
2025-02-24,개,믹스견,수컷,경상북도 구미시,구미시 동물보호센터,36.1195513,128.3444692
2025-02-24,개,믹스견,암컷,전라남도 해남군,해남유기동물보호센터,34.55269,126.52431
2025-02-24,개,믹스견,암컷,전라남도 해남군,해남유기동물보호센터,34.55269,126.52431
2025-02-24,개,믹스견,암컷,전라남도 해남군,해남유기동물보호센터,34.55269,126.52431
2025-02-24,개,믹스견,수컷,충청남도 금산군,제일동물병원,36.1087249,127.48815
2025-02-24,고양이,한국 고양이,암컷,충청남도 논산시,논산시 동물보호센터,36.1868154,127.0987538
2025-02-24,개,믹스견,수컷,충청남도 공주시,공주시 동물보호센터,36.47257,127.09124
2025-02-24,개,믹스견,암컷,충청남도 공주시,공주시 동물보호센터,36.47257,127.09124
2025-02-24,개,믹스견,수컷,충청남도 공주시,공주시 동물보호센터,36.47257,127.09124
2025-02-24,개,믹스견,수컷,대전광역시 중구,대전동물보호센터,36.29812,127.4148
2025-02-24,개,믹스견,암컷,세종특별자치시 세종특별자치시,세종유기동물보호센터,36.4799999,127.289
2025-02-24,개,믹스견,수컷,경상남도 창녕군,창녕 유기동물보호소,35.5443876,128.4921938
2025-02-24,개,믹스견,암컷,경상남도 밀양시,밀양시 동물보호센터,35.503839,128.7466992
2025-02-24,개,믹스견,암컷,경상남도 밀양시,밀양시 동물보호센터,35.503839,128.7466992
2025-02-24,개,믹스견,수컷,경상남도 밀양시,밀양시 동물보호센터,35.503839,128.7466992
2025-02-24,개,믹스견,암컷,경상남도 진주시,진주시동물보호센터,35.1803459,128.1079953
2025-02-24,개,믹스견,수컷,경상북도 경산시,경산시유기동물보호소,35.825122,128.741329
2025-02-24,개,믹스견,수컷,경상북도 경산시,경산시유기동물보호소,35.825122,128.741329
2025-02-24,개,믹스견,수컷,경상북도 경산시,경산시유기동물보호소,35.825122,128.741329
2025-02-24,개,믹스견,수컷,경상북도 경산시,경산시유기동물보호소,35.825122,128.741329
2025-02-24,개,믹스견,암컷,경상북도 경산시,경산시유기동물보호소,35.825122,128.741329
2025-02-24,개,믹스견,암컷,경상북도 김천시,김천시 동물보호센터,36.1398035,128.1139534
2025-02-24,개,믹스견,암컷,전라남도 장성군,장성군동물보호센터,35.3017065,126.7844061
2025-02-24,개,믹스견,수컷,전북특별자치도 부안군,부안군 동물보호센터,35.7316783,126.7330195
2025-02-24,개,믹스견,암컷,전북특별자치도 김제시,전북말산업복합센터,35.803815,126.880557
2025-02-24,개,믹스견,암컷,전북특별자치도 김제시,전북말산업복합센터,35.803815,126.880557
2025-02-24,개,믹스견,수컷,전북특별자치도 군산시,군산유기동물보호센터,35.9679984,126.7369036
2025-02-24,개,믹스견,암컷,전북특별자치도 군산시,군산유기동물보호센터,35.9679984,126.7369036
2025-02-24,개,믹스견,암컷,충청남도 홍성군,금일동물보호센터,36.6010501,126.6611667
2025-02-24,개,믹스견,수컷,충청남도 홍성군,금일동물보호센터,36.6010501,126.6611667
2025-02-24,개,믹스견,수컷,충청남도 홍성군,금일동물보호센터,36.6010501,126.6611667
2025-02-24,개,푸들,수컷,충청남도 서산시,서산시 동물보호센터,36.784499,126.450317
2025-02-24,개,믹스견,수컷,충청남도 천안시,천안시 동물보호센터,36.8150283,127.1140654
2025-02-24,개,믹스견,수컷,강원특별자치도 양양군,양양군유기동물보호소,38.0751,128.6191
2025-02-24,개,믹스견,암컷,강원특별자치도 양양군,양양군유기동물보호소,38.0751,128.6191
2025-02-24,개,믹스견,수컷,강원특별자치도 강릉시,강릉시 동물사랑센터,37.7525313,128.8759523
2025-02-24,개,스피츠,수컷,강원특별자치도 춘천시,춘천시 동물보호센터,37.8810569,127.7297641
2025-02-24,개,믹스견,수컷,강원특별자치도 춘천시,춘천시 동물보호센터,37.8810569,127.7297641
2025-02-24,개,믹스견,암컷,경기도 광주시,광주TNR동물병원초월,37.4290844,127.255189
2025-02-24,개,믹스견,암컷,경기도 양평군,양평군유기동물보호소,37.4916,127.4875
2025-02-24,기타,흑염소,미상,경기도 군포시,한국야생동물보호협회,37.3615229,126.9349025
2025-02-24,고양이,벵갈,수컷,광주광역시 광산구,광주동물보호센터,35.1396428,126.7938232
2025-02-24,고양이,터키시 앙고라,암컷,서울특별시 동대문구,동대문구청,37.5741982,127.0395092
2025-02-24,고양이,스코티시폴드,암컷,서울특별시 동대문구,동대문구청,37.5741982,127.0395092
2025-02-24,고양이,스핑크스,암컷,서울특별시 동대문구,동대문구청,37.5741982,127.0395092
2025-02-24,기타,오골계,미상,부산광역시 서구,부산동물보호센터,35.0974999,129.0241
2025-02-23,개,푸들,암컷,경상북도 안동시,유기동물보호센터,36.5634886,128.7260798
2025-02-23,개,믹스견,암컷,경상남도 양산시,양산시 동물보호센터,35.3349979,129.0370582
2025-02-23,개,믹스견,수컷,경상남도 밀양시,밀양시 동물보호센터,35.503839,128.7466992
2025-02-23,개,믹스견,암컷,경상남도 밀양시,밀양시 동물보호센터,35.503839,128.7466992
2025-02-23,개,믹스견,수컷,경상북도 구미시,구미시 동물보호센터,36.1195513,128.3444692
2025-02-23,개,믹스견,암컷,전라남도 곡성군,곡성군동물보호소,35.2818969,127.2914673
2025-02-23,개,믹스견,수컷,전북특별자치도 정읍시,정읍시 동물보호소,35.5697678,126.8559787
2025-02-23,개,진도견,암컷,전북특별자치도 전주시,링크늘푸른동물병원,35.8237631,127.1472805
2025-02-23,개,믹스견,수컷,강원특별자치도 춘천시,춘천시 동물보호센터,37.8810569,127.7297641
2025-02-23,개,요크셔 테리어,암컷,경상남도 창원시,창원유기동물보호소,35.227956,128.6818586
2025-02-23,개,믹스견,수컷,강원특별자치도 원주시,원주시동물보호센터,37.3420996,127.9197603
2025-02-22,개,믹스견,수컷,부산광역시 서구,부산동물보호센터,35.0974999,129.0241
2025-02-22,개,웰시 코기 펨브로크,암컷,부산광역시 서구,부산동물보호센터,35.0974999,129.0241
2025-02-22,개,믹스견,암컷,충청북도 괴산군,괴산증평동물보호센터,36.815,127.7866
2025-02-22,개,믹스견,암컷,충청북도 괴산군,괴산증평동물보호센터,36.815,127.7866
2025-02-22,개,믹스견,수컷,경상남도 양산시,양산시 동물보호센터,35.3349979,129.0370582
2025-02-22,개,믹스견,수컷,경상남도 양산시,양산시 동물보호센터,35.3349979,129.0370582
2025-02-22,개,믹스견,암컷,경상남도 밀양시,밀양시 동물보호센터,35.503839,128.7466992
2025-02-22,개,믹스견,암컷,경상남도 밀양시,밀양시 동물보호센터,35.503839,128.7466992
2025-02-22,개,믹스견,수컷,경상남도 밀양시,밀양시 동물보호센터,35.503839,128.7466992
2025-02-22,고양이,믹스묘,수컷,전북특별자치도 군산시,군산유기동물보호센터,35.9679984,126.7369036
2025-02-22,고양이,믹스묘,수컷,충청남도 아산시,아산동물복지지원센터,36.7899498,127.0026769
2025-02-22,개,믹스견,수컷,울산광역시 울주군,울산유기동물보호센터,35.5222362,129.2423693
2025-02-22,개,믹스견,수컷,울산광역시 울주군,울산유기동물보호센터,35.5222362,129.2423693
2025-02-22,개,믹스견,암컷,울산광역시 울주군,울산유기동물보호센터,35.5222362,129.2423693
2025-02-22,개,진도견,암컷,대전광역시 대덕구,대전동물보호센터,36.3465766,127.4158483
2025-02-22,개,믹스견,수컷,경상북도 상주시,상주시 동물보호센터,36.4104478,128.1590614
2025-02-22,개,라브라도 리트리버,수컷,충청북도 청주시,반려동물보호센터,36.6421169,127.4891742
2025-02-22,개,믹스견,암컷,경기도 이천시,위더스 동물보호센터,37.2808823,127.4429132
2025-02-22,고양이,한국 고양이,수컷,경기도 안산시,한국야생동물보호협회,37.3217152,126.8308604
2025-02-21,고양이,한국 고양이,미상,부산광역시 서구,부산동물보호센터,35.0974999,129.0241
2025-02-21,고양이,한국 고양이,미상,부산광역시 서구,부산동물보호센터,35.0974999,129.0241
2025-02-21,고양이,한국 고양이,미상,부산광역시 서구,부산동물보호센터,35.0974999,129.0241
2025-02-21,고양이,한국 고양이,미상,부산광역시 서구,부산동물보호센터,35.0974999,129.0241
2025-02-21,개,믹스견,암컷,인천광역시 계양구,신영재동물병원,37.5373539,126.7379078
2025-02-21,개,믹스견,암컷,전라남도 곡성군,곡성군동물보호소,35.2818969,127.2914673
2025-02-21,개,믹스견,수컷,울산광역시 울주군,울산유기동물보호센터,35.5222362,129.2423693
2025-02-21,개,믹스견,암컷,경상남도 거제시,거제시유기동물보호소,34.8804677,128.621207
2025-02-21,개,믹스견,수컷,경상북도 구미시,구미시 동물보호센터,36.1195513,128.3444692
2025-02-21,개,믹스견,암컷,전라남도 나주시,나주유기동물보호센터,35.0158859,126.7108313
2025-02-21,개,말티즈,암컷,경상남도 창원시,창원유기동물보호소,35.227956,128.6818586
2025-02-21,개,믹스견,암컷,경상남도 산청군,산청동물보호센터,35.4154624,127.873663
2025-02-21,개,믹스견,암컷,경상남도 산청군,산청동물보호센터,35.4154624,127.873663
2025-02-21,개,믹스견,수컷,경상남도 밀양시,밀양시 동물보호센터,35.503839,128.7466992
2025-02-21,개,믹스견,암컷,경상남도 밀양시,밀양시 동물보호센터,35.503839,128.7466992
2025-02-21,개,믹스견,암컷,경상남도 통영시,통영시동물보호센터,34.854254,128.433205
2025-02-21,개,믹스견,암컷,전라남도 장성군,장성군동물보호센터,35.3017065,126.7844061
2025-02-21,개,믹스견,수컷,전라남도 장성군,장성군동물보호센터,35.3017065,126.7844061
2025-02-21,개,믹스견,암컷,전라남도 곡성군,곡성군동물보호소,35.2818969,127.2914673
2025-02-21,개,믹스견,수컷,전북특별자치도 부안군,부안군 동물보호센터,35.7316783,126.7330195
2025-02-21,개,믹스견,수컷,충청남도 천안시,천안시 동물보호센터,36.8150283,127.1140654
2025-02-21,개,믹스견,수컷,충청남도 천안시,천안시 동물보호센터,36.8150283,127.1140654
2025-02-21,개,믹스견,수컷,강원특별자치도 화천군,화천군농업기술센터,38.1063,127.708
2025-02-21,개,믹스견,수컷,강원특별자치도 동해시,동해시동물보호센터,37.5245142,129.1146302
2025-02-21,개,믹스견,암컷,경기도 시흥시,시흥동물누리보호센터,37.3798891,126.8032255
2025-02-21,개,믹스견,수컷,대전광역시 유성구,대전동물보호센터,36.3620732,127.3564099
2025-02-21,개,푸들,암컷,광주광역시 남구,광주동물보호센터,35.1327,126.9025
2025-02-20,개,믹스견,암컷,부산광역시 서구,부산동물보호센터,35.0974999,129.0241
2025-02-20,개,믹스견,암컷,전북특별자치도 익산시,익산유기동물보호소,35.9479291,126.9578025
2025-02-20,개,믹스견,암컷,충청남도 논산시,논산시 동물보호센터,36.1868154,127.0987538
2025-02-20,개,믹스견,암컷,충청남도 홍성군,금일동물보호센터,36.6010501,126.6611667
2025-02-20,개,믹스견,암컷,충청남도 홍성군,금일동물보호센터,36.6010501,126.6611667
2025-02-20,개,믹스견,수컷,충청남도 홍성군,금일동물보호센터,36.6010501,126.6611667
2025-02-20,개,믹스견,수컷,충청남도 홍성군,금일동물보호센터,36.6010501,126.6611667
2025-02-20,개,믹스견,미상,경상북도 청송군,점곡동물보호센터,36.4358,129.0571
2025-02-20,개,믹스견,미상,경상북도 청송군,점곡동물보호센터,36.4358,129.0571
2025-02-20,개,믹스견,암컷,충청남도 아산시,아산동물복지지원센터,36.7899498,127.0026769
2025-02-20,개,잉글리쉬 세터,암컷,충청남도 아산시,아산동물복지지원센터,36.7899498,127.0026769
2025-02-20,개,믹스견,암컷,부산광역시 북구,부산동물보호센터,35.1969,128.9901999
2025-02-20,개,믹스견,수컷,경상남도 거제시,거제시유기동물보호소,34.8804677,128.621207
2025-02-20,개,믹스견,암컷,경상남도 밀양시,밀양시 동물보호센터,35.503839,128.7466992
2025-02-20,개,믹스견,암컷,경상남도 진주시,진주시동물보호센터,35.1803459,128.1079953
2025-02-20,고양이,믹스묘,미상,경상북도 성주군,성주유기동물보호센터,35.9190065,128.283486
2025-02-20,개,믹스견,수컷,경상북도 고령군,고령군 유기견 보호소,35.7258,128.2632
2025-02-20,개,믹스견,암컷,경상북도 고령군,고령군 유기견 보호소,35.7258,128.2632
2025-02-20,개,믹스견,암컷,경상북도 김천시,김천시 동물보호센터,36.1398035,128.1139534
2025-02-20,개,믹스견,수컷,경상북도 김천시,김천시 동물보호센터,36.1398035,128.1139534
2025-02-20,개,믹스견,암컷,전라남도 순천시,순천시유기동물보호소,34.9505457,127.4872992
2025-02-20,개,믹스견,암컷,전북특별자치도 부안군,부안군 동물보호센터,35.7316783,126.7330195
2025-02-20,개,믹스견,암컷,전북특별자치도 부안군,부안군 동물보호센터,35.7316783,126.7330195
2025-02-20,개,믹스견,암컷,전북특별자치도 부안군,부안군 동물보호센터,35.7316783,126.7330195
2025-02-20,개,믹스견,암컷,전북특별자치도 부안군,부안군 동물보호센터,35.7316783,126.7330195
2025-02-20,개,믹스견,암컷,전북특별자치도 김제시,전북말산업복합센터,35.803815,126.880557
2025-02-20,개,믹스견,암컷,전북특별자치도 군산시,군산유기동물보호센터,35.9679984,126.7369036
2025-02-20,개,믹스견,수컷,전북특별자치도 전주시,프렌즈동물병원,35.8237631,127.1472805
2025-02-20,개,믹스견,수컷,충청남도 당진시,당진시동물보호소,36.8904083,126.6461833
2025-02-20,개,믹스견,수컷,충청남도 당진시,당진시동물보호소,36.8904083,126.6461833
2025-02-20,개,믹스견,수컷,충청남도 홍성군,금일동물보호센터,36.6010501,126.6611667
2025-02-20,개,믹스견,수컷,충청남도 부여군,남부여동물보호소,36.2753678,126.910107
2025-02-20,개,믹스견,암컷,충청남도 공주시,공주시 동물보호센터,36.47257,127.09124
2025-02-20,개,웰시 코기 펨브로크,암컷,충청남도 천안시,천안시 동물보호센터,36.8150283,127.1140654
2025-02-20,개,믹스견,수컷,강원특별자치도 춘천시,춘천시 동물보호센터,37.8810569,127.7297641
2025-02-20,개,믹스견,암컷,경기도 남양주시,남양주시동물보호센터,37.6359398,127.2165051
2025-02-20,개,믹스견,암컷,대전광역시 유성구,대전동물보호센터,36.3620732,127.3564099
2025-02-20,개,베들링턴 테리어,암컷,대전광역시 유성구,대전동물보호센터,36.3620732,127.3564099
2025-02-20,개,스피츠,수컷,인천광역시 서구,가정동물병원,37.545,126.676
2025-02-20,고양이,한국 고양이,수컷,광주광역시 광산구,광주동물보호센터,35.1396428,126.7938232
2025-02-19,고양이,한국 고양이,수컷,충청북도 제천시,제천시 동물보호센터,37.1326042,128.1913508
2025-02-19,개,믹스견,암컷,충청북도 제천시,제천시 동물보호센터,37.1326042,128.1913508
2025-02-19,개,믹스견,수컷,충청북도 제천시,제천시 동물보호센터,37.1326042,128.1913508
2025-02-19,개,믹스견,수컷,충청북도 제천시,제천시 동물보호센터,37.1326042,128.1913508
2025-02-19,개,믹스견,암컷,충청북도 제천시,제천시 동물보호센터,37.1326042,128.1913508
2025-02-19,개,믹스견,암컷,충청북도 제천시,제천시 동물보호센터,37.1326042,128.1913508
2025-02-19,개,말티즈,암컷,충청북도 제천시,제천시 동물보호센터,37.1326042,128.1913508
2025-02-19,개,말티즈,암컷,충청북도 제천시,제천시 동물보호센터,37.1326042,128.1913508
2025-02-19,개,믹스견,암컷,대구광역시 군위군,군위종합동물병원,36.2425017,128.5732027
2025-02-19,개,믹스견,수컷,강원특별자치도 횡성군,횡성유기동물보호센터,37.4916,127.985
2025-02-19,개,믹스견,수컷,전라남도 완도군,유기동물임시보호센터,34.3110373,126.7553933
2025-02-19,개,믹스견,암컷,전라남도 완도군,유기동물임시보호센터,34.3110373,126.7553933
2025-02-19,개,믹스견,암컷,전라남도 완도군,유기동물임시보호센터,34.3110373,126.7553933
2025-02-19,개,믹스견,암컷,전라남도 담양군,담양군 동물보호센터,35.320878,126.9883238
2025-02-19,개,믹스견,암컷,전라남도 담양군,담양군 동물보호센터,35.320878,126.9883238
2025-02-19,개,믹스견,암컷,전라남도 해남군,해남유기동물보호센터,34.55269,126.52431
2025-02-19,개,믹스견,암컷,전라남도 해남군,해남유기동물보호센터,34.55269,126.52431
2025-02-19,개,푸들,수컷,울산광역시 울주군,울산유기동물보호센터,35.5222362,129.2423693
2025-02-19,개,믹스견,암컷,경상남도 산청군,산청동물보호센터,35.4154624,127.873663
2025-02-19,개,믹스견,암컷,경상남도 산청군,산청동물보호센터,35.4154624,127.873663
2025-02-19,개,미니어쳐 푸들,암컷,경상남도 창녕군,창녕 유기동물보호소,35.5443876,128.4921938
2025-02-19,개,믹스견,암컷,경상남도 거제시,거제시유기동물보호소,34.8804677,128.621207
2025-02-19,개,믹스견,암컷,경상북도 봉화군,봉화군유기동물보호소,36.8925,128.7324
2025-02-19,개,믹스견,수컷,경상북도 봉화군,봉화군유기동물보호소,36.8925,128.7324
2025-02-19,개,믹스견,암컷,경상북도 청도군,청도군동물보호센터,35.6473012,128.7348468
2025-02-19,개,믹스견,수컷,경상북도 청도군,청도군동물보호센터,35.6473012,128.7348468
2025-02-19,개,믹스견,암컷,경상북도 청도군,청도군동물보호센터,35.6473012,128.7348468
2025-02-19,개,믹스견,암컷,경상북도 청도군,청도군동물보호센터,35.6473012,128.7348468
2025-02-19,개,믹스견,암컷,경상북도 상주시,상주시 동물보호센터,36.4104478,128.1590614
2025-02-19,개,믹스견,수컷,경상북도 김천시,김천시 동물보호센터,36.1398035,128.1139534
2025-02-19,개,믹스견,암컷,전라남도 강진군,강진군 유기견 보호소,34.641917,126.7669591
2025-02-19,개,믹스견,암컷,전북특별자치도 정읍시,정읍시 동물보호소,35.5697678,126.8559787
2025-02-19,개,믹스견,암컷,전북특별자치도 정읍시,정읍시 동물보호소,35.5697678,126.8559787
2025-02-19,개,믹스견,수컷,전북특별자치도 정읍시,정읍시 동물보호소,35.5697678,126.8559787
2025-02-19,개,믹스견,암컷,전북특별자치도 정읍시,정읍시 동물보호소,35.5697678,126.8559787
2025-02-19,개,믹스견,암컷,전북특별자치도 정읍시,정읍시 동물보호소,35.5697678,126.8559787
2025-02-19,개,믹스견,암컷,전북특별자치도 군산시,군산유기동물보호센터,35.9679984,126.7369036
2025-02-19,개,믹스견,암컷,전북특별자치도 군산시,군산유기동물보호센터,35.9679984,126.7369036
2025-02-19,개,믹스견,수컷,전북특별자치도 군산시,군산유기동물보호센터,35.9679984,126.7369036
2025-02-19,개,믹스견,암컷,전북특별자치도 전주시,프렌즈동물병원,35.8237631,127.1472805
2025-02-19,개,믹스견,수컷,충청남도 서산시,서산시 동물보호센터,36.784499,126.450317
2025-02-19,개,믹스견,암컷,충청남도 공주시,공주시 동물보호센터,36.47257,127.09124
2025-02-19,개,믹스견,수컷,충청남도 천안시,천안시 동물보호센터,36.8150283,127.1140654
2025-02-19,개,믹스견,암컷,충청남도 천안시,천안시 동물보호센터,36.8150283,127.1140654
2025-02-19,개,믹스견,수컷,강원특별자치도 춘천시,춘천시 동물보호센터,37.8810569,127.7297641
2025-02-19,개,믹스견,수컷,강원특별자치도 춘천시,춘천시 동물보호센터,37.8810569,127.7297641
2025-02-19,개,믹스견,수컷,경기도 양평군,양평군유기동물보호소,37.4916,127.4875
2025-02-19,개,믹스견,암컷,경기도 양평군,양평군유기동물보호소,37.4916,127.4875
2025-02-19,개,믹스견,암컷,경기도 이천시,위더스 동물보호센터,37.2808823,127.4429132
2025-02-19,개,믹스견,수컷,경기도 용인시,용인시 동물보호센터,37.2405741,127.1785572
2025-02-19,개,믹스견,암컷,경기도 의왕시,한국야생동물보호협회,37.3449082,126.9689861
2025-02-19,고양이,믹스묘,수컷,경기도 수원시,수원시 동물보호센터,37.2633325,127.0287472
2025-02-19,개,진도견,수컷,대전광역시 대덕구,대전동물보호센터,36.3465766,127.4158483
2025-02-19,개,스피츠,수컷,광주광역시 북구,광주동물보호센터,35.1741,126.9122
2025-02-19,개,믹스견,수컷,인천광역시 서구,우리동물병원,37.545,126.676
2025-02-19,개,믹스견,암컷,대구광역시 군위군,군위종합동물병원,36.2425017,128.5732027
2025-02-19,개,믹스견,암컷,대구광역시 군위군,군위종합동물병원,36.2425017,128.5732027
2025-02-19,개,믹스견,수컷,대구광역시 군위군,군위종합동물병원,36.2425017,128.5732027
2025-02-19,개,믹스견,암컷,대구광역시 군위군,군위종합동물병원,36.2425017,128.5732027
2025-02-19,개,믹스견,수컷,대구광역시 군위군,군위종합동물병원,36.2425017,128.5732027
2025-02-19,개,믹스견,수컷,대구광역시 군위군,군위종합동물병원,36.2425017,128.5732027
2025-02-19,개,믹스견,암컷,대구광역시 군위군,군위종합동물병원,36.2425017,128.5732027
2025-02-19,개,믹스견,수컷,대구광역시 군위군,군위종합동물병원,36.2425017,128.5732027
2025-02-19,고양이,한국 고양이,암컷,대구광역시 서구,대구시수의사회(삼성),35.8716,128.5591
2025-02-19,기타,토끼,암컷,서울특별시 동대문구,동대문구청,37.5741982,127.0395092
2025-02-18,개,믹스견,암컷,전북특별자치도 장수군,장수군 보호소,35.647,127.5212
2025-02-18,개,푸들,암컷,전북특별자치도 장수군,장수군 보호소,35.647,127.5212
2025-02-18,개,믹스견,암컷,전북특별자치도 장수군,장수군 보호소,35.647,127.5212
2025-02-18,개,믹스견,수컷,전북특별자치도 장수군,장수군 보호소,35.647,127.5212
2025-02-18,고양이,믹스묘,수컷,전북특별자치도 군산시,군산유기동물보호센터,35.9679984,126.7369036
2025-02-18,개,믹스견,암컷,대구광역시 군위군,군위종합동물병원,36.2425017,128.5732027
2025-02-18,개,믹스견,수컷,전북특별자치도 익산시,익산유기동물보호소,35.9479291,126.9578025
2025-02-18,개,믹스견,암컷,강원특별자치도 양양군,양양군유기동물보호소,38.0751,128.6191
2025-02-18,개,믹스견,수컷,충청남도 논산시,논산시 동물보호센터,36.1868154,127.0987538
2025-02-18,개,믹스견,암컷,전라남도 담양군,담양군 동물보호센터,35.320878,126.9883238
2025-02-18,개,믹스견,암컷,전라남도 담양군,담양군 동물보호센터,35.320878,126.9883238
2025-02-18,개,믹스견,수컷,경상남도 통영시,통영시동물보호센터,34.854254,128.433205
2025-02-18,개,믹스견,암컷,경상남도 통영시,통영시동물보호센터,34.854254,128.433205
2025-02-18,개,믹스견,암컷,경상남도 통영시,통영시동물보호센터,34.854254,128.433205
2025-02-18,개,믹스견,암컷,전라남도 해남군,해남유기동물보호센터,34.55269,126.52431
2025-02-18,개,믹스견,암컷,전북특별자치도 익산시,익산유기동물보호소,35.9479291,126.9578025
2025-02-18,개,믹스견,수컷,충청남도 홍성군,금일동물보호센터,36.6010501,126.6611667
2025-02-18,개,믹스견,암컷,울산광역시 울주군,울산유기동물보호센터,35.5222362,129.2423693
2025-02-18,개,믹스견,암컷,울산광역시 울주군,울산유기동물보호센터,35.5222362,129.2423693
2025-02-18,개,푸들,수컷,인천광역시 남동구,인천광역시수의사회,37.446902,126.7315126
2025-02-18,개,믹스견,암컷,인천광역시 미추홀구,인천광역시수의사회,37.4636,126.6502
2025-02-18,개,믹스견,암컷,경상남도 사천시,사천시 동물보호센터,35.003468,128.064562
2025-02-18,개,믹스견,암컷,경상남도 진주시,진주시동물보호센터,35.1803459,128.1079953
2025-02-18,개,믹스견,암컷,경상북도 울진군,울진군동물보호센터,36.993,129.4006
2025-02-18,개,진도견,암컷,경상북도 성주군,성주유기동물보호센터,35.9190065,128.283486
2025-02-18,개,믹스견,암컷,경상북도 포항시,(사)영일동물플러스,36.0189315,129.3429384
2025-02-18,개,믹스견,암컷,경상북도 포항시,(사)영일동물플러스,36.0189315,129.3429384
2025-02-18,개,믹스견,수컷,경상북도 포항시,(사)영일동물플러스,36.0189315,129.3429384
2025-02-18,개,믹스견,수컷,전라남도 강진군,강진군 유기견 보호소,34.641917,126.7669591
2025-02-18,개,믹스견,암컷,전라남도 여수시,유기동물보호소,34.7546257,127.659859
2025-02-18,개,믹스견,수컷,전라남도 여수시,유기동물보호소,34.7546257,127.659859
2025-02-18,개,믹스견,수컷,전북특별자치도 장수군,장수군 보호소,35.647,127.5212
2025-02-18,개,믹스견,암컷,전북특별자치도 장수군,장수군 보호소,35.647,127.5212
2025-02-18,개,믹스견,암컷,전북특별자치도 장수군,장수군 보호소,35.647,127.5212
2025-02-18,개,믹스견,암컷,전북특별자치도 장수군,장수군 보호소,35.647,127.5212
2025-02-18,개,믹스견,암컷,전북특별자치도 완주군,완주군유기동물보호소,35.9039,127.1622
2025-02-18,개,믹스견,암컷,전북특별자치도 정읍시,정읍시 동물보호소,35.5697678,126.8559787
2025-02-18,개,믹스견,암컷,충청남도 부여군,남부여동물보호소,36.2753678,126.910107
2025-02-18,개,믹스견,수컷,충청남도 논산시,논산시 동물보호센터,36.1868154,127.0987538
2025-02-18,개,믹스견,수컷,충청남도 천안시,천안시 동물보호센터,36.8150283,127.1140654
2025-02-18,개,믹스견,수컷,강원특별자치도 철원군,철원군,38.1468023,127.3133
2025-02-18,개,믹스견,수컷,강원특별자치도 철원군,철원군,38.1468023,127.3133
2025-02-18,개,믹스견,암컷,강원특별자치도 철원군,철원군,38.1468023,127.3133
2025-02-18,개,믹스견,암컷,강원특별자치도 강릉시,강릉시 동물사랑센터,37.7525313,128.8759523
2025-02-18,개,푸들,암컷,강원특별자치도 원주시,원주시동물보호센터,37.3420996,127.9197603
2025-02-18,개,믹스견,암컷,경기도 여주시,위더스 동물보호센터,37.2982901,127.637033
2025-02-18,개,믹스견,암컷,경기도 고양시,고양시동물보호센터,37.6581862,126.8319452
2025-02-18,개,믹스견,수컷,광주광역시 서구,광주동물보호센터,35.1521401,126.8900561
2025-02-18,고양이,믹스묘,암컷,인천광역시 서구,우리동물병원,37.545,126.676
2025-02-17,개,스피츠,암컷,전라남도 무안군,무안군유기동물보호소,34.9905794,126.4812377
2025-02-17,개,믹스견,미상,전라남도 무안군,무안군유기동물보호소,34.9905794,126.4812377
2025-02-17,개,믹스견,수컷,경상북도 영양군,영양군유기동물보호소,36.6664,129.1127
2025-02-17,개,믹스견,수컷,강원특별자치도 횡성군,횡성유기동물보호센터,37.4916,127.985
2025-02-17,개,믹스견,수컷,강원특별자치도 횡성군,횡성유기동물보호센터,37.4916,127.985
2025-02-17,개,믹스견,수컷,강원특별자치도 횡성군,횡성유기동물보호센터,37.4916,127.985
2025-02-17,개,믹스견,암컷,강원특별자치도 횡성군,횡성유기동물보호센터,37.4916,127.985
2025-02-17,개,믹스견,암컷,전북특별자치도 익산시,익산유기동물보호소,35.9479291,126.9578025
2025-02-17,개,믹스견,수컷,전북특별자치도 익산시,익산유기동물보호소,35.9479291,126.9578025
2025-02-17,고양이,한국 고양이,암컷,부산광역시 사하구,(사)하얀비둘기,35.1041,128.9751
2025-02-17,개,믹스견,암컷,제주특별자치도 제주특별자치도,제주 동물보호센터,33.4887737,126.4987083
2025-02-17,개,믹스견,수컷,경상남도 밀양시,밀양시 동물보호센터,35.503839,128.7466992
2025-02-17,개,믹스견,수컷,경상북도 울진군,울진군동물보호센터,36.993,129.4006
2025-02-17,개,믹스견,수컷,경상북도 울진군,울진군동물보호센터,36.993,129.4006
2025-02-17,개,믹스견,수컷,충청남도 논산시,논산시 동물보호센터,36.1868154,127.0987538
2025-02-17,개,믹스견,암컷,충청남도 아산시,아산동물복지지원센터,36.7899498,127.0026769
2025-02-17,개,믹스견,암컷,충청남도 아산시,아산동물복지지원센터,36.7899498,127.0026769
2025-02-17,개,믹스견,수컷,충청남도 아산시,아산동물복지지원센터,36.7899498,127.0026769
2025-02-17,개,믹스견,수컷,충청남도 아산시,아산동물복지지원센터,36.7899498,127.0026769
2025-02-17,개,믹스견,수컷,강원특별자치도 철원군,철원군,38.1468023,127.3133
2025-02-17,개,믹스견,수컷,강원특별자치도 철원군,철원군,38.1468023,127.3133
2025-02-17,개,사냥견,암컷,강원특별자치도 원주시,원주시동물보호센터,37.3420996,127.9197603
2025-02-17,개,사냥견,암컷,강원특별자치도 원주시,원주시동물보호센터,37.3420996,127.9197603
2025-02-17,개,라브라도 리트리버,암컷,경기도 수원시,수원시 동물보호센터,37.2633325,127.0287472
2025-02-17,개,믹스견,수컷,경상남도 합천군,태민동물보호센터,35.5664445,128.1658334
2025-02-17,개,믹스견,암컷,경상남도 통영시,통영시동물보호센터,34.854254,128.433205
2025-02-17,개,믹스견,수컷,경상남도 통영시,통영시동물보호센터,34.854254,128.433205
2025-02-17,개,믹스견,암컷,경상남도 진주시,진주시동물보호센터,35.1803459,128.1079953
2025-02-17,개,믹스견,암컷,경상남도 진주시,진주시동물보호센터,35.1803459,128.1079953
2025-02-17,개,믹스견,암컷,경상북도 청도군,청도군동물보호센터,35.6473012,128.7348468
2025-02-17,개,믹스견,암컷,경상북도 김천시,김천시 동물보호센터,36.1398035,128.1139534
2025-02-17,개,믹스견,암컷,전라남도 곡성군,곡성군동물보호소,35.2818969,127.2914673
2025-02-17,개,믹스견,암컷,전북특별자치도 부안군,부안군 동물보호센터,35.7316783,126.7330195
2025-02-17,개,믹스견,수컷,전북특별자치도 부안군,부안군 동물보호센터,35.7316783,126.7330195
2025-02-17,개,진도견,암컷,전북특별자치도 완주군,완주군유기동물보호소,35.9039,127.1622
2025-02-17,개,믹스견,암컷,충청남도 당진시,당진시동물보호소,36.8904083,126.6461833
2025-02-17,개,믹스견,수컷,충청남도 당진시,당진시동물보호소,36.8904083,126.6461833
2025-02-17,개,믹스견,수컷,충청남도 당진시,당진시동물보호소,36.8904083,126.6461833
2025-02-17,개,믹스견,암컷,충청남도 당진시,당진시동물보호소,36.8904083,126.6461833
2025-02-17,개,믹스견,수컷,충청남도 당진시,당진시동물보호소,36.8904083,126.6461833
2025-02-17,개,믹스견,암컷,충청남도 천안시,천안시 동물보호센터,36.8150283,127.1140654
2025-02-17,개,믹스견,암컷,충청남도 천안시,천안시 동물보호센터,36.8150283,127.1140654
2025-02-17,개,믹스견,암컷,충청남도 천안시,천안시 동물보호센터,36.8150283,127.1140654
2025-02-17,개,믹스견,수컷,충청남도 천안시,천안시 동물보호센터,36.8150283,127.1140654
2025-02-17,개,믹스견,수컷,충청남도 천안시,천안시 동물보호센터,36.8150283,127.1140654
2025-02-17,고양이,한국 고양이,암컷,충청남도 천안시,천안시 동물보호센터,36.8150283,127.1140654
2025-02-17,개,믹스견,수컷,충청남도 천안시,천안시 동물보호센터,36.8150283,127.1140654
2025-02-17,개,믹스견,암컷,충청남도 천안시,천안시 동물보호센터,36.8150283,127.1140654
2025-02-17,개,믹스견,암컷,충청북도 청주시,반려동물보호센터,36.6421169,127.4891742
2025-02-17,개,말티즈,수컷,강원특별자치도 평창군,평창군유기동물보호소,37.3705,128.3903
2025-02-17,개,믹스견,암컷,강원특별자치도 평창군,평창군유기동물보호소,37.3705,128.3903
2025-02-17,개,믹스견,수컷,강원특별자치도 평창군,평창군유기동물보호소,37.3705,128.3903
2025-02-17,개,믹스견,수컷,강원특별자치도 춘천시,춘천시 동물보호센터,37.8810569,127.7297641
2025-02-17,개,믹스견,암컷,경기도 광주시,광주TNR동물병원초월,37.4290844,127.255189
2025-02-17,개,믹스견,수컷,경기도 광주시,광주TNR동물병원초월,37.4290844,127.255189
2025-02-17,개,믹스견,암컷,경기도 광주시,광주TNR동물병원초월,37.4290844,127.255189
2025-02-17,개,믹스견,암컷,경기도 광주시,광주TNR동물병원초월,37.4290844,127.255189
2025-02-17,개,믹스견,수컷,경기도 광주시,광주TNR동물병원초월,37.4290844,127.255189
2025-02-17,개,믹스견,수컷,경기도 광주시,광주TNR동물병원초월,37.4290844,127.255189
2025-02-17,개,믹스견,수컷,경기도 양평군,양평군유기동물보호소,37.4916,127.4875
2025-02-17,개,믹스견,암컷,경기도 양평군,양평군유기동물보호소,37.4916,127.4875
2025-02-17,개,믹스견,암컷,경기도 고양시,고양시동물보호센터,37.6581862,126.8319452
2025-02-17,고양이,코숏,암컷,대전광역시 동구,대전동물보호센터,36.3120051,127.4554285
2025-02-17,개,믹스견,수컷,광주광역시 광산구,광주동물보호센터,35.1396428,126.7938232
2025-02-17,개,믹스견,수컷,광주광역시 동구,광주동물보호센터,35.1462,126.9229
2025-02-17,개,믹스견,암컷,광주광역시 동구,광주동물보호센터,35.1462,126.9229
2025-02-17,개,믹스견,암컷,광주광역시 동구,광주동물보호센터,35.1462,126.9229
2025-02-17,고양이,한국 고양이,수컷,강원특별자치도 삼척시,삼척시동물보호센터,37.4498745,129.1652969
2025-02-17,개,믹스견,암컷,전북특별자치도 완주군,완주군유기동물보호소,35.9039,127.1622
2025-02-16,개,믹스견,암컷,전북특별자치도 부안군,부안군 동물보호센터,35.7316783,126.7330195
2025-02-16,개,믹스견,암컷,충청남도 홍성군,금일동물보호센터,36.6010501,126.6611667
2025-02-16,개,믹스견,암컷,충청남도 홍성군,금일동물보호센터,36.6010501,126.6611667
2025-02-16,개,믹스견,수컷,충청남도 홍성군,금일동물보호센터,36.6010501,126.6611667
2025-02-16,개,믹스견,암컷,전북특별자치도 전주시,행복한동물병원,35.8237631,127.1472805
2025-02-16,개,믹스견,수컷,강원특별자치도 춘천시,춘천시 동물보호센터,37.8810569,127.7297641
2025-02-15,개,믹스견,암컷,울산광역시 울주군,울산유기동물보호센터,35.5222362,129.2423693
2025-02-15,고양이,레그돌,미상,서울특별시 강동구,둔촌동물병원,37.53,127.1237
2025-02-15,개,믹스견,수컷,전북특별자치도 군산시,군산유기동물보호센터,35.9679984,126.7369036
2025-02-15,개,믹스견,암컷,전북특별자치도 임실군,임실유기동물보호센터,35.6174,127.2893
2025-02-15,개,믹스견,수컷,강원특별자치도 삼척시,삼척시동물보호센터,37.4498745,129.1652969
2025-02-15,개,믹스견,수컷,강원특별자치도 삼척시,삼척시동물보호센터,37.4498745,129.1652969
2025-02-15,개,믹스견,수컷,경상남도 밀양시,밀양시 동물보호센터,35.503839,128.7466992
2025-02-15,개,믹스견,암컷,경상남도 밀양시,밀양시 동물보호센터,35.503839,128.7466992
2025-02-15,개,믹스견,암컷,경상남도 밀양시,밀양시 동물보호센터,35.503839,128.7466992
2025-02-15,개,믹스견,암컷,전라남도 여수시,유기동물보호소,34.7546257,127.659859
2025-02-15,개,믹스견,암컷,전북특별자치도 부안군,부안군 동물보호센터,35.7316783,126.7330195
2025-02-15,개,믹스견,수컷,충청남도 홍성군,금일동물보호센터,36.6010501,126.6611667
2025-02-15,개,믹스견,암컷,강원특별자치도 태백시,태백시유기동물보호소,37.1637943,128.9857176
2025-02-15,개,푸들,수컷,경기도 수원시,수원시 동물보호센터,37.2633325,127.0287472
2025-02-15,개,치와와,암컷,부산광역시 해운대구,동부유기동물보호협회,35.1629,129.1638
2025-02-15,개,믹스견,암컷,경상북도 경산시,경산시유기동물보호소,35.825122,128.741329
2025-02-15,개,믹스견,수컷,경상북도 경산시,경산시유기동물보호소,35.825122,128.741329
2025-02-15,개,믹스견,암컷,경상북도 경산시,경산시유기동물보호소,35.825122,128.741329
2025-02-15,개,시바,암컷,경기도 시흥시,시흥동물누리보호센터,37.3798891,126.8032255
2025-02-15,개,믹스견,암컷,경기도 고양시,고양시동물보호센터,37.6581862,126.8319452
2025-02-15,개,믹스견,수컷,전북특별자치도 완주군,완주군유기동물보호소,35.9039,127.1622
2025-02-14,개,믹스견,암컷,경상북도 청송군,점곡동물보호센터,36.4358,129.0571
2025-02-14,개,믹스견,암컷,경상북도 울진군,울진군동물보호센터,36.993,129.4006
2025-02-14,개,믹스견,수컷,경상남도 통영시,통영시동물보호센터,34.854254,128.433205
2025-02-14,개,믹스견,암컷,경상남도 통영시,통영시동물보호센터,34.854254,128.433205
2025-02-14,개,믹스견,암컷,경상남도 통영시,통영시동물보호센터,34.854254,128.433205
2025-02-14,개,믹스견,암컷,전북특별자치도 부안군,부안군 동물보호센터,35.7316783,126.7330195
2025-02-14,개,믹스견,수컷,전북특별자치도 부안군,부안군 동물보호센터,35.7316783,126.7330195
2025-02-14,개,믹스견,암컷,충청남도 아산시,아산동물복지지원센터,36.7899498,127.0026769
2025-02-14,개,마리노이즈,암컷,울산광역시 울주군,울산유기동물보호센터,35.5222362,129.2423693
2025-02-14,개,푸들,암컷,대전광역시 중구,대전동물보호센터,36.29812,127.4148
2025-02-14,개,믹스견,수컷,경상북도 울진군,울진군동물보호센터,36.993,129.4006
2025-02-14,개,믹스견,수컷,경상북도 울진군,울진군동물보호센터,36.993,129.4006
2025-02-14,개,믹스견,암컷,강원특별자치도 원주시,원주시동물보호센터,37.3420996,127.9197603
2025-02-14,개,말티즈,수컷,세종특별자치시 세종특별자치시,세종유기동물보호센터,36.4799999,127.289
2025-02-14,개,믹스견,암컷,경상남도 산청군,산청동물보호센터,35.4154624,127.873663
2025-02-14,개,믹스견,암컷,경상남도 산청군,산청동물보호센터,35.4154624,127.873663
2025-02-14,개,믹스견,암컷,경상남도 산청군,산청동물보호센터,35.4154624,127.873663
2025-02-14,개,진도,수컷,경상남도 사천시,사천시 동물보호센터,35.003468,128.064562
2025-02-14,개,믹스견,암컷,경상남도 진주시,진주시동물보호센터,35.1803459,128.1079953
2025-02-14,개,믹스견,암컷,전라남도 순천시,순천시유기동물보호소,34.9505457,127.4872992
2025-02-14,고양이,한국 고양이,암컷,전라남도 순천시,대한동물사랑협회,34.9505457,127.4872992
2025-02-14,개,믹스견,수컷,전북특별자치도 전주시,행복한동물병원,35.8237631,127.1472805
2025-02-14,개,믹스견,암컷,충청남도 당진시,당진시동물보호소,36.8904083,126.6461833
2025-02-14,개,믹스견,암컷,충청남도 당진시,당진시동물보호소,36.8904083,126.6461833
2025-02-14,개,믹스견,암컷,충청남도 부여군,남부여동물보호소,36.2753678,126.910107
2025-02-14,개,믹스견,수컷,충청남도 부여군,남부여동물보호소,36.2753678,126.910107
2025-02-14,개,믹스견,암컷,충청남도 아산시,아산동물복지지원센터,36.7899498,127.0026769
2025-02-14,개,믹스견,수컷,충청남도 아산시,아산동물복지지원센터,36.7899498,127.0026769
2025-02-14,개,믹스견,수컷,충청북도 청주시,반려동물보호센터,36.6421169,127.4891742
2025-02-14,개,믹스견,수컷,충청북도 청주시,반려동물보호센터,36.6421169,127.4891742
2025-02-13,개,셰퍼드,수컷,전라남도 장흥군,장흥군 동물보호센터,34.6811762,126.906996
2025-02-13,개,믹스견,암컷,강원특별자치도 원주시,원주시동물보호센터,37.3420996,127.9197603
2025-02-13,개,믹스견,암컷,강원특별자치도 원주시,원주시동물보호센터,37.3420996,127.9197603
2025-02-13,개,믹스견,수컷,울산광역시 남구,울산유기동물보호센터,35.4984869,129.3459362
2025-02-13,개,시베리안 허스키,수컷,전라남도 해남군,해남유기동물보호센터,34.55269,126.52431
2025-02-13,개,믹스견,암컷,울산광역시 울주군,울산유기동물보호센터,35.5222362,129.2423693
2025-02-13,고양이,한국 고양이,암컷,인천광역시 서구,우리동물병원,37.545,126.676
2025-02-13,개,믹스견,암컷,부산광역시 수영구,(사)동부동물보호협회,35.1454,129.1127
2025-02-13,개,푸들,암컷,경상남도 의령군,의령군 동물보호센터,35.322003,128.2617827
2025-02-13,개,믹스견,수컷,전북특별자치도 부안군,부안군 동물보호센터,35.7316783,126.7330195
2025-02-13,개,믹스견,암컷,전북특별자치도 부안군,부안군 동물보호센터,35.7316783,126.7330195
2025-02-13,개,믹스견,암컷,전북특별자치도 김제시,전북말산업복합센터,35.803815,126.880557
2025-02-13,개,믹스견,수컷,충청남도 예산군,예산임시동물보호센터,36.6808989,126.8448742
2025-02-13,개,믹스견,암컷,강원특별자치도 정선군,다나동물병원,37.380456,128.6609485
2025-02-13,개,믹스견,수컷,강원특별자치도 원주시,원주시동물보호센터,37.3420996,127.9197603
2025-02-13,개,믹스견,수컷,강원특별자치도 춘천시,춘천시 동물보호센터,37.8810569,127.7297641
2025-02-13,개,믹스견,수컷,경기도 이천시,위더스 동물보호센터,37.2808823,127.4429132
2025-02-13,고양이,한국 고양이,암컷,경기도 이천시,위더스 동물보호센터,37.2808823,127.4429132
2025-02-13,개,믹스견,수컷,경기도 수원시,수원시 동물보호센터,37.2633325,127.0287472
2025-02-13,개,믹스견,수컷,울산광역시 울주군,울산유기동물보호센터,35.5222362,129.2423693
2025-02-13,고양이,한국 고양이,수컷,서울특별시 강동구,둔촌동물병원,37.53,127.1237
2025-02-12,개,믹스견,수컷,전라남도 무안군,무안군유기동물보호소,34.9905794,126.4812377
2025-02-12,개,믹스견,암컷,전라남도 완도군,유기동물임시보호센터,34.3110373,126.7553933
2025-02-12,개,믹스견,암컷,강원특별자치도 원주시,원주시동물보호센터,37.3420996,127.9197603
2025-02-12,개,믹스견,암컷,경기도 남양주시,남양주시동물보호센터,37.6359398,127.2165051
2025-02-12,개,믹스견,수컷,인천광역시 옹진군,인천수의사회유기동물,37.533,126.429
2025-02-12,개,믹스견,수컷,경상남도 거창군,나래동물병원,35.6872871,127.9138505
2025-02-12,개,믹스견,암컷,경상남도 거창군,나래동물병원,35.6872871,127.9138505
2025-02-12,개,믹스견,수컷,경상남도 거창군,나래동물병원,35.6872871,127.9138505
2025-02-12,개,믹스견,암컷,경상남도 진주시,진주시동물보호센터,35.1803459,128.1079953
2025-02-12,고양이,페르시안,암컷,경상북도 포항시,(사)영일동물플러스,36.0189315,129.3429384
2025-02-12,개,믹스견,암컷,전라남도 구례군,구례군동물보호센터,35.2203329,127.473277
2025-02-12,개,믹스견,수컷,전북특별자치도 장수군,장수군 보호소,35.647,127.5212
2025-02-12,개,믹스견,수컷,전북특별자치도 김제시,전북말산업복합센터,35.803815,126.880557
2025-02-12,개,믹스견,암컷,충청남도 당진시,당진시동물보호소,36.8904083,126.6461833
2025-02-12,개,믹스견,암컷,충청남도 당진시,당진시동물보호소,36.8904083,126.6461833
2025-02-12,개,믹스견,수컷,충청남도 당진시,당진시동물보호소,36.8904083,126.6461833
2025-02-12,개,믹스견,수컷,충청남도 당진시,당진시동물보호소,36.8904083,126.6461833
2025-02-12,개,믹스견,수컷,충청남도 당진시,당진시동물보호소,36.8904083,126.6461833
2025-02-12,개,믹스견,암컷,충청남도 예산군,예산임시동물보호센터,36.6808989,126.8448742
2025-02-12,개,믹스견,암컷,충청남도 부여군,남부여동물보호소,36.2753678,126.910107
2025-02-12,개,믹스견,암컷,충청남도 부여군,남부여동물보호소,36.2753678,126.910107
2025-02-12,개,믹스견,암컷,충청남도 아산시,아산동물복지지원센터,36.7899498,127.0026769
2025-02-12,개,믹스견,수컷,충청남도 아산시,아산동물복지지원센터,36.7899498,127.0026769
2025-02-12,개,믹스견,수컷,충청남도 아산시,아산동물복지지원센터,36.7899498,127.0026769
2025-02-12,개,믹스견,수컷,충청남도 천안시,천안시 동물보호센터,36.8150283,127.1140654
2025-02-12,개,믹스견,수컷,충청남도 천안시,천안시 동물보호센터,36.8150283,127.1140654
2025-02-12,개,믹스견,수컷,충청남도 천안시,천안시 동물보호센터,36.8150283,127.1140654
2025-02-12,개,믹스견,암컷,광주광역시 광산구,광주동물보호센터,35.1396428,126.7938232
2025-02-12,개,믹스견,암컷,인천광역시 남동구,인천광역시수의사회,37.446902,126.7315126
2025-02-11,개,믹스견,암컷,전북특별자치도 군산시,군산유기동물보호센터,35.9679984,126.7369036
2025-02-11,개,믹스견,암컷,충청남도 홍성군,금일동물보호센터,36.6010501,126.6611667
2025-02-11,개,라이카,암컷,울산광역시 북구,울산유기동물보호센터,35.5826,129.3604
2025-02-11,개,믹스견,암컷,전북특별자치도 부안군,부안군 동물보호센터,35.7316783,126.7330195
2025-02-11,개,믹스견,암컷,전북특별자치도 익산시,익산유기동물보호소,35.9479291,126.9578025
2025-02-11,개,믹스견,암컷,전북특별자치도 익산시,익산유기동물보호소,35.9479291,126.9578025
2025-02-11,개,믹스견,암컷,전북특별자치도 익산시,익산유기동물보호소,35.9479291,126.9578025
2025-02-11,개,푸들,수컷,강원특별자치도 원주시,원주시동물보호센터,37.3420996,127.9197603
2025-02-11,개,믹스견,암컷,강원특별자치도 원주시,원주시동물보호센터,37.3420996,127.9197603
2025-02-11,개,믹스견,수컷,강원특별자치도 원주시,원주시동물보호센터,37.3420996,127.9197603
2025-02-11,개,믹스견,수컷,경기도 고양시,고양시동물보호센터,37.6581862,126.8319452
2025-02-11,개,믹스견,암컷,경기도 고양시,고양시동물보호센터,37.6581862,126.8319452
2025-02-11,개,믹스견,수컷,경기도 고양시,고양시동물보호센터,37.6581862,126.8319452
2025-02-11,개,믹스견,수컷,경기도 고양시,고양시동물보호센터,37.6581862,126.8319452
2025-02-11,개,믹스견,미상,경기도 고양시,고양시동물보호센터,37.6581862,126.8319452
2025-02-11,고양이,코숏,미상,대전광역시 동구,대전동물보호센터,36.3120051,127.4554285
2025-02-11,개,믹스견,수컷,인천광역시 서구,가정동물병원,37.545,126.676
2025-02-11,개,믹스견,암컷,부산광역시 기장군,사단법인 동부,35.2447818,129.2215462
2025-02-11,개,믹스견,암컷,부산광역시 기장군,사단법인 동부,35.2447818,129.2215462
2025-02-11,개,믹스견,암컷,세종특별자치시 세종특별자치시,세종유기동물보호센터,36.4799999,127.289
2025-02-11,개,믹스견,암컷,경상남도 의령군,의령군 동물보호센터,35.322003,128.2617827
2025-02-11,개,믹스견,수컷,경상남도 밀양시,밀양시 동물보호센터,35.503839,128.7466992
2025-02-11,개,믹스견,암컷,경상남도 진주시,진주시동물보호센터,35.1803459,128.1079953
2025-02-11,개,믹스견,암컷,경상남도 진주시,진주시동물보호센터,35.1803459,128.1079953
2025-02-11,개,믹스견,암컷,경상북도 성주군,성주유기동물보호센터,35.9190065,128.283486
2025-02-11,개,믹스견,암컷,전라남도 장성군,장성군동물보호센터,35.3017065,126.7844061
2025-02-11,개,믹스견,암컷,전라남도 순천시,순천시유기동물보호소,34.9505457,127.4872992
2025-02-11,개,믹스견,수컷,전북특별자치도 김제시,전북말산업복합센터,35.803815,126.880557
2025-02-11,개,믹스견,암컷,전북특별자치도 김제시,전북말산업복합센터,35.803815,126.880557
2025-02-11,고양이,한국 고양이,암컷,충청남도 보령시,보령길고양이보호협회,36.33401,126.613165
2025-02-11,개,믹스견,수컷,충청남도 천안시,천안시 동물보호센터,36.8150283,127.1140654
2025-02-11,개,믹스견,수컷,충청남도 천안시,천안시 동물보호센터,36.8150283,127.1140654
2025-02-11,개,믹스견,암컷,충청북도 청주시,반려동물보호센터,36.6421169,127.4891742
2025-02-11,개,진도견,암컷,충청북도 청주시,반려동물보호센터,36.6421169,127.4891742
2025-02-11,개,믹스견,암컷,충청북도 괴산군,괴산증평동물보호센터,36.815,127.7866
2025-02-11,개,믹스견,암컷,충청북도 충주시,충주시동물보호센터,36.9907334,127.9259891
2025-02-11,개,믹스견,수컷,강원특별자치도 철원군,철원군,38.1468023,127.3133
2025-02-11,개,믹스견,암컷,강원특별자치도 강릉시,강릉시 동물사랑센터,37.7525313,128.8759523
2025-02-11,개,믹스견,수컷,경기도 시흥시,시흥동물누리보호센터,37.3798891,126.8032255
2025-02-11,개,도사 믹스견,암컷,경기도 고양시,고양시동물보호센터,37.6581862,126.8319452
2025-02-11,개,믹스견,암컷,경기도 안산시,한국야생동물보호협회,37.3217152,126.8308604
2025-02-11,개,믹스견,수컷,대전광역시 유성구,대전동물보호센터,36.3620732,127.3564099
2025-02-11,개,믹스견,수컷,광주광역시 광산구,광주동물보호센터,35.1396428,126.7938232
2025-02-11,고양이,한국 고양이,암컷,인천광역시 서구,우리동물병원,37.545,126.676
2025-02-11,개,믹스견,암컷,인천광역시 부평구,조재진동물병원,37.5070221,126.7220068
2025-02-11,개,믹스견,수컷,인천광역시 부평구,조재진동물병원,37.5070221,126.7220068
2025-02-11,고양이,한국 고양이,수컷,광주광역시 광산구,광주동물보호센터,35.1396428,126.7938232
2025-02-11,개,믹스견,암컷,강원특별자치도 화천군,화천군농업기술센터,38.1063,127.708
2025-02-11,고양이,한국 고양이,암컷,광주광역시 서구,광주동물보호센터,35.1521401,126.8900561
2025-02-10,개,믹스견,암컷,전라남도 무안군,무안군유기동물보호소,34.9905794,126.4812377
2025-02-10,개,믹스견,암컷,전라남도 무안군,무안군유기동물보호소,34.9905794,126.4812377
2025-02-10,개,믹스견,수컷,전라남도 무안군,무안군유기동물보호소,34.9905794,126.4812377
2025-02-10,고양이,한국 고양이,수컷,서울특별시 강동구,둔촌동물병원,37.53,127.1237
2025-02-10,개,믹스견,암컷,경상북도 울진군,울진군동물보호센터,36.993,129.4006
2025-02-10,개,믹스견,수컷,전북특별자치도 익산시,익산유기동물보호소,35.9479291,126.9578025
2025-02-10,개,믹스견,수컷,전북특별자치도 익산시,익산유기동물보호소,35.9479291,126.9578025
2025-02-10,개,믹스견,수컷,전북특별자치도 익산시,익산유기동물보호소,35.9479291,126.9578025
2025-02-10,개,믹스견,암컷,경상남도 밀양시,밀양시 동물보호센터,35.503839,128.7466992
2025-02-10,개,믹스견,암컷,경상남도 밀양시,밀양시 동물보호센터,35.503839,128.7466992
2025-02-10,개,믹스견,수컷,경상남도 밀양시,밀양시 동물보호센터,35.503839,128.7466992
2025-02-10,개,믹스견,암컷,경상남도 밀양시,밀양시 동물보호센터,35.503839,128.7466992
2025-02-10,개,믹스견,수컷,경상남도 통영시,통영시동물보호센터,34.854254,128.433205
2025-02-10,개,믹스견,암컷,경상북도 구미시,구미시 동물보호센터,36.1195513,128.3444692
2025-02-10,개,믹스견,암컷,전라남도 담양군,담양군 동물보호센터,35.320878,126.9883238
2025-02-10,개,믹스견,수컷,전라남도 담양군,담양군 동물보호센터,35.320878,126.9883238
2025-02-10,개,믹스견,암컷,전라남도 목포시,목포시유기동물보호소,34.7903335,126.3847547
2025-02-10,개,믹스견,수컷,전북특별자치도 군산시,군산유기동물보호센터,35.9679984,126.7369036
2025-02-10,개,믹스견,수컷,강원특별자치도 삼척시,삼척시동물보호센터,37.4498745,129.1652969
2025-02-10,개,믹스견,암컷,강원특별자치도 원주시,원주시동물보호센터,37.3420996,127.9197603
2025-02-10,개,믹스견,수컷,강원특별자치도 원주시,원주시동물보호센터,37.3420996,127.9197603
2025-02-10,개,믹스견,수컷,강원특별자치도 원주시,원주시동물보호센터,37.3420996,127.9197603
2025-02-10,개,믹스견,암컷,강원특별자치도 원주시,원주시동물보호센터,37.3420996,127.9197603
2025-02-10,개,믹스견,암컷,서울특별시 강남구,한국동물구조관리협회,37.5177,127.0473
2025-02-10,개,보더 콜리,암컷,세종특별자치시 세종특별자치시,세종유기동물보호센터,36.4799999,127.289
2025-02-10,개,믹스견,암컷,경상남도 남해군,남해군동물보호센터,34.8374437,127.8925589
2025-02-10,개,믹스견,암컷,경상남도 남해군,남해군동물보호센터,34.8374437,127.8925589
2025-02-10,개,믹스견,암컷,경상남도 남해군,남해군동물보호센터,34.8374437,127.8925589
2025-02-10,개,믹스견,수컷,경상남도 남해군,남해군동물보호센터,34.8374437,127.8925589
2025-02-10,개,믹스견,암컷,경상남도 의령군,의령군 동물보호센터,35.322003,128.2617827
2025-02-10,개,믹스견,암컷,경상남도 의령군,의령군 동물보호센터,35.322003,128.2617827
2025-02-10,개,믹스견,암컷,경상남도 의령군,의령군 동물보호센터,35.322003,128.2617827
2025-02-10,개,믹스견,암컷,경상남도 의령군,의령군 동물보호센터,35.322003,128.2617827
2025-02-10,개,믹스견,암컷,경상북도 경산시,경산시유기동물보호소,35.825122,128.741329
2025-02-10,개,믹스견,암컷,경상북도 포항시,(사)영일동물플러스,36.0189315,129.3429384
2025-02-10,개,믹스견,수컷,전라남도 광양시,광양시 임시보호소,34.9406452,127.6959512
2025-02-10,개,믹스견,수컷,전북특별자치도 부안군,부안군 동물보호센터,35.7316783,126.7330195
2025-02-10,개,믹스견,수컷,전북특별자치도 정읍시,정읍시 동물보호소,35.5697678,126.8559787
2025-02-10,개,믹스견,암컷,충청남도 당진시,당진시동물보호소,36.8904083,126.6461833
2025-02-10,개,믹스견,암컷,충청남도 부여군,남부여동물보호소,36.2753678,126.910107
2025-02-10,개,믹스견,수컷,충청남도 부여군,남부여동물보호소,36.2753678,126.910107
2025-02-10,개,믹스견,수컷,충청남도 부여군,남부여동물보호소,36.2753678,126.910107
2025-02-10,개,믹스견,암컷,충청남도 부여군,남부여동물보호소,36.2753678,126.910107
2025-02-10,고양이,한국 고양이,수컷,충청남도 천안시,천안시 동물보호센터,36.8150283,127.1140654
2025-02-10,개,믹스견,암컷,충청남도 천안시,천안시 동물보호센터,36.8150283,127.1140654
2025-02-10,개,믹스견,수컷,충청남도 천안시,천안시 동물보호센터,36.8150283,127.1140654
2025-02-10,개,믹스견,암컷,충청남도 천안시,천안시 동물보호센터,36.8150283,127.1140654
2025-02-10,개,진도견,수컷,충청북도 청주시,반려동물보호센터,36.6421169,127.4891742
2025-02-10,개,믹스견,수컷,강원특별자치도 동해시,동해시동물보호센터,37.5245142,129.1146302
2025-02-09,개,믹스견,암컷,경상북도 청송군,점곡동물보호센터,36.4358,129.0571
2025-02-09,개,믹스견,수컷,전북특별자치도 부안군,부안군 동물보호센터,35.7316783,126.7330195
2025-02-09,개,진도견,수컷,전북특별자치도 익산시,익산유기동물보호소,35.9479291,126.9578025
2025-02-09,개,믹스견,수컷,경기도 수원시,수원시 동물보호센터,37.2633325,127.0287472
2025-02-09,개,믹스견,수컷,경기도 수원시,수원시 동물보호센터,37.2633325,127.0287472
2025-02-09,개,믹스견,암컷,인천광역시 남동구,인천광역시수의사회,37.446902,126.7315126
2025-02-09,개,믹스견,암컷,부산광역시 강서구,(사)하얀비둘기,35.212,128.9805
2025-02-09,개,말티즈,암컷,경상남도 창녕군,창녕 유기동물보호소,35.5443876,128.4921938
2025-02-09,개,믹스견,수컷,경상북도 포항시,(사)영일동물플러스,36.0189315,129.3429384
2025-02-09,개,믹스견,암컷,경상북도 포항시,(사)영일동물플러스,36.0189315,129.3429384
2025-02-09,고양이,한국 고양이,암컷,경기도 이천시,위더스 동물보호센터,37.2808823,127.4429132
2025-02-08,개,믹스견,암컷,경상남도 밀양시,밀양시 동물보호센터,35.503839,128.7466992
2025-02-08,개,믹스견,수컷,경상남도 밀양시,밀양시 동물보호센터,35.503839,128.7466992
2025-02-08,개,믹스견,수컷,경상남도 밀양시,밀양시 동물보호센터,35.503839,128.7466992
2025-02-08,개,믹스견,암컷,전북특별자치도 부안군,부안군 동물보호센터,35.7316783,126.7330195
2025-02-08,개,믹스견,암컷,전북특별자치도 부안군,부안군 동물보호센터,35.7316783,126.7330195
2025-02-08,개,믹스견,수컷,전북특별자치도 부안군,부안군 동물보호센터,35.7316783,126.7330195
2025-02-08,개,믹스견,암컷,전북특별자치도 익산시,익산유기동물보호소,35.9479291,126.9578025
2025-02-08,개,믹스견,수컷,울산광역시 울주군,울산유기동물보호센터,35.5222362,129.2423693
2025-02-08,개,믹스견,수컷,울산광역시 울주군,울산유기동물보호센터,35.5222362,129.2423693
2025-02-08,개,믹스견,수컷,울산광역시 동구,울산유기동물보호센터,35.5046663,129.4170114
2025-02-08,고양이,한국 고양이,수컷,부산광역시 북구,부산동물보호센터,35.1969,128.9901999
2025-02-08,개,믹스견,암컷,전북특별자치도 완주군,완주군유기동물보호소,35.9039,127.1622
2025-02-08,개,믹스견,수컷,충청북도 청주시,반려동물보호센터,36.6421169,127.4891742
2025-02-08,고양이,페르시안,수컷,충청북도 제천시,제천시 동물보호센터,37.1326042,128.1913508
2025-02-07,개,믹스견,암컷,강원특별자치도 양양군,양양군유기동물보호소,38.0751,128.6191
2025-02-07,개,믹스견,암컷,경상북도 영천시,영천유기동물보호센터,35.98842,128.942
2025-02-07,개,믹스견,암컷,경상북도 영천시,영천유기동물보호센터,35.98842,128.942
2025-02-07,개,믹스견,수컷,경상북도 영천시,영천유기동물보호센터,35.98842,128.942
2025-02-07,개,믹스견,수컷,경상북도 영천시,영천유기동물보호센터,35.98842,128.942
2025-02-07,개,믹스견,수컷,전라남도 보성군,보성유기동물보호센터,34.7711356,127.0798978
2025-02-07,개,믹스견,수컷,전북특별자치도 부안군,부안군 동물보호센터,35.7316783,126.7330195
2025-02-07,개,믹스견,암컷,울산광역시 울주군,울산유기동물보호센터,35.5222362,129.2423693
2025-02-07,개,믹스견,암컷,울산광역시 울주군,울산유기동물보호센터,35.5222362,129.2423693
2025-02-07,개,믹스견,수컷,울산광역시 울주군,울산유기동물보호센터,35.5222362,129.2423693
2025-02-07,고양이,한국 고양이,미상,대전광역시 유성구,대전동물보호센터,36.3620732,127.3564099
2025-02-07,개,믹스견,암컷,대전광역시 유성구,대전동물보호센터,36.3620732,127.3564099
2025-02-07,개,믹스견,수컷,전라남도 해남군,해남유기동물보호센터,34.55269,126.52431
2025-02-07,개,믹스견,암컷,경기도 고양시,고양시동물보호센터,37.6581862,126.8319452
2025-02-07,개,믹스견,암컷,경상남도 의령군,의령군 동물보호센터,35.322003,128.2617827
2025-02-07,개,믹스견,암컷,경상북도 의성군,의성동물보호센터,36.3524,128.697
2025-02-07,개,믹스견,암컷,경상북도 의성군,의성동물보호센터,36.3524,128.697
2025-02-07,개,믹스견,암컷,경상북도 의성군,의성동물보호센터,36.3524,128.697
2025-02-07,개,믹스견,암컷,경상북도 의성군,의성동물보호센터,36.3524,128.697
2025-02-07,개,믹스견,암컷,경상북도 의성군,의성동물보호센터,36.3524,128.697
2025-02-07,개,믹스견,수컷,경상북도 경산시,경산시유기동물보호소,35.825122,128.741329
2025-02-07,개,믹스견,암컷,경상북도 상주시,상주시 동물보호센터,36.4104478,128.1590614
2025-02-07,개,믹스견,수컷,경상북도 포항시,(사)영일동물플러스,36.0189315,129.3429384
2025-02-07,개,믹스견,암컷,전라남도 영광군,영광동물보호센터,35.2769282,126.5124504
2025-02-07,개,믹스견,수컷,전라남도 영광군,영광동물보호센터,35.2769282,126.5124504
2025-02-07,개,믹스견,수컷,전라남도 곡성군,곡성군동물보호소,35.2818969,127.2914673
2025-02-07,개,믹스견,수컷,전북특별자치도 정읍시,정읍시 동물보호소,35.5697678,126.8559787
2025-02-07,개,믹스견,암컷,전북특별자치도 정읍시,정읍시 동물보호소,35.5697678,126.8559787
2025-02-07,개,믹스견,수컷,강원특별자치도 강릉시,강릉시 동물사랑센터,37.7525313,128.8759523
2025-02-07,개,진도견,암컷,경기도 여주시,위더스 동물보호센터,37.2982901,127.637033
2025-02-07,개,믹스견,수컷,경기도 여주시,위더스 동물보호센터,37.2982901,127.637033
2025-02-07,개,믹스견,암컷,경기도 여주시,위더스 동물보호센터,37.2982901,127.637033
2025-02-07,고양이,한국 고양이,암컷,경기도 이천시,위더스 동물보호센터,37.2808823,127.4429132
2025-02-07,개,믹스견,암컷,경상북도 경산시,경산시유기동물보호소,35.825122,128.741329
2025-02-06,개,믹스견,암컷,강원특별자치도 홍천군,홍천군유기동물보호소,37.6967,127.8888
2025-02-06,개,믹스견,암컷,강원특별자치도 횡성군,횡성유기동물보호센터,37.4916,127.985
2025-02-06,개,믹스견,암컷,충청남도 금산군,제일동물병원,36.1087249,127.48815
2025-02-06,개,믹스견,암컷,충청남도 논산시,논산시 동물보호센터,36.1868154,127.0987538
2025-02-06,고양이,페르시안,암컷,경상남도 통영시,고양이보호분양센터,34.854254,128.433205
2025-02-06,개,믹스견,수컷,전북특별자치도 익산시,익산유기동물보호소,35.9479291,126.9578025
2025-02-06,개,믹스견,암컷,전북특별자치도 익산시,익산유기동물보호소,35.9479291,126.9578025
2025-02-06,개,믹스견,암컷,전북특별자치도 익산시,익산유기동물보호소,35.9479291,126.9578025
2025-02-06,개,믹스견,수컷,전북특별자치도 익산시,익산유기동물보호소,35.9479291,126.9578025
2025-02-06,개,믹스견,수컷,강원특별자치도 영월군,영월군 동물보호센터,37.1834983,128.4619814
2025-02-06,개,믹스견,수컷,부산광역시 북구,부산동물보호센터,35.1969,128.9901999
2025-02-06,개,믹스견,수컷,부산광역시 북구,부산동물보호센터,35.1969,128.9901999
2025-02-06,개,믹스견,수컷,경상남도 창녕군,창녕 유기동물보호소,35.5443876,128.4921938
2025-02-06,개,믹스견,수컷,경상남도 창녕군,창녕 유기동물보호소,35.5443876,128.4921938
2025-02-06,개,믹스견,암컷,경상남도 창녕군,창녕 유기동물보호소,35.5443876,128.4921938
2025-02-06,개,믹스견,암컷,경상남도 진주시,진주시동물보호센터,35.1803459,128.1079953
2025-02-06,개,믹스견,수컷,경상북도 경산시,경산시유기동물보호소,35.825122,128.741329
2025-02-06,개,믹스견,수컷,경상북도 경산시,경산시유기동물보호소,35.825122,128.741329
2025-02-06,개,믹스견,수컷,경상북도 포항시,(사)영일동물플러스,36.0189315,129.3429384
2025-02-06,개,믹스견,암컷,전라남도 영광군,영광동물보호센터,35.2769282,126.5124504
2025-02-06,개,믹스견,수컷,전라남도 영광군,영광동물보호센터,35.2769282,126.5124504
2025-02-06,개,믹스견,암컷,전라남도 영광군,영광동물보호센터,35.2769282,126.5124504
2025-02-06,개,믹스견,수컷,전라남도 영광군,영광동물보호센터,35.2769282,126.5124504
2025-02-06,고양이,한국 고양이,암컷,전라남도 영광군,영광동물보호센터,35.2769282,126.5124504
2025-02-06,개,믹스견,수컷,전북특별자치도 부안군,부안군 동물보호센터,35.7316783,126.7330195
2025-02-06,개,믹스견,수컷,전북특별자치도 부안군,부안군 동물보호센터,35.7316783,126.7330195
2025-02-06,개,믹스견,수컷,전북특별자치도 김제시,전북말산업복합센터,35.803815,126.880557
2025-02-06,개,믹스견,암컷,전북특별자치도 김제시,전북말산업복합센터,35.803815,126.880557
2025-02-06,개,믹스견,암컷,전북특별자치도 전주시,사랑플러스동물병원,35.8237631,127.1472805
2025-02-06,개,믹스견,암컷,충청남도 홍성군,금일동물보호센터,36.6010501,126.6611667
2025-02-06,개,믹스견,수컷,충청남도 홍성군,금일동물보호센터,36.6010501,126.6611667
2025-02-06,개,믹스견,수컷,충청남도 홍성군,금일동물보호센터,36.6010501,126.6611667
2025-02-06,개,믹스견,암컷,충청남도 천안시,천안시 동물보호센터,36.8150283,127.1140654
2025-02-06,개,믹스견,암컷,충청남도 천안시,천안시 동물보호센터,36.8150283,127.1140654
2025-02-06,개,믹스견,수컷,충청남도 천안시,천안시 동물보호센터,36.8150283,127.1140654
2025-02-06,개,믹스견,수컷,충청남도 천안시,천안시 동물보호센터,36.8150283,127.1140654
2025-02-06,개,믹스견,암컷,충청남도 천안시,천안시 동물보호센터,36.8150283,127.1140654
2025-02-06,개,믹스견,수컷,충청남도 천안시,천안시 동물보호센터,36.8150283,127.1140654
2025-02-06,개,믹스견,암컷,충청남도 천안시,천안시 동물보호센터,36.8150283,127.1140654
2025-02-06,개,믹스견,암컷,충청북도 청주시,반려동물보호센터,36.6421169,127.4891742
2025-02-06,개,믹스견,수컷,충청북도 청주시,반려동물보호센터,36.6421169,127.4891742
2025-02-06,개,믹스견,암컷,경기도 부천시,부천시수의사회,37.5014422,126.7660139
2025-02-06,개,진도견,수컷,경기도 수원시,수원시 동물보호센터,37.2633325,127.0287472
2025-02-06,개,믹스견,암컷,대구광역시 군위군,군위종합동물병원,36.2425017,128.5732027
2025-02-06,개,믹스견,암컷,대구광역시 군위군,군위종합동물병원,36.2425017,128.5732027
2025-02-06,개,믹스견,암컷,대구광역시 군위군,군위종합동물병원,36.2425017,128.5732027
2025-02-06,개,믹스견,암컷,대구광역시 군위군,군위종합동물병원,36.2425017,128.5732027
2025-02-06,개,믹스견,수컷,대구광역시 군위군,군위종합동물병원,36.2425017,128.5732027
2025-02-06,개,믹스견,수컷,대구광역시 군위군,군위종합동물병원,36.2425017,128.5732027
2025-02-06,개,믹스견,암컷,대구광역시 군위군,군위종합동물병원,36.2425017,128.5732027
2025-02-06,개,믹스견,암컷,대구광역시 군위군,군위종합동물병원,36.2425017,128.5732027
2025-02-06,개,믹스견,암컷,대구광역시 군위군,군위종합동물병원,36.2425017,128.5732027
2025-02-06,개,믹스견,수컷,대구광역시 군위군,군위종합동물병원,36.2425017,128.5732027
2025-02-06,개,믹스견,수컷,경상북도 경산시,경산시유기동물보호소,35.825122,128.741329
2025-02-06,개,믹스견,암컷,경상북도 경산시,경산시유기동물보호소,35.825122,128.741329
2025-02-06,개,믹스견,암컷,경상북도 경산시,경산시유기동물보호소,35.825122,128.741329
2025-02-06,개,믹스견,암컷,전북특별자치도 완주군,완주군유기동물보호소,35.9039,127.1622
2025-02-06,개,보더 콜리,암컷,경기도 양평군,양평군유기동물보호소,37.4916,127.4875
2025-02-05,개,믹스견,수컷,전라남도 무안군,무안군유기동물보호소,34.9905794,126.4812377
2025-02-05,개,믹스견,수컷,전라남도 고흥군,고흥군임시보호센터,34.6044123,127.276384
2025-02-05,개,믹스견,수컷,전라남도 무안군,무안군유기동물보호소,34.9905794,126.4812377
2025-02-05,개,믹스견,암컷,강원특별자치도 양양군,양양군유기동물보호소,38.0751,128.6191
2025-02-05,개,믹스견,암컷,강원특별자치도 양양군,양양군유기동물보호소,38.0751,128.6191
2025-02-05,개,믹스견,암컷,경상북도 울진군,울진군동물보호센터,36.993,129.4006
2025-02-05,개,믹스견,수컷,전라남도 나주시,나주유기동물보호센터,35.0158859,126.7108313
2025-02-05,개,믹스견,수컷,경상남도 거제시,거제시유기동물보호소,34.8804677,128.621207
2025-02-05,개,믹스견,암컷,경상남도 거제시,거제시유기동물보호소,34.8804677,128.621207
2025-02-05,개,믹스견,수컷,충청남도 논산시,논산시 동물보호센터,36.1868154,127.0987538
2025-02-05,개,믹스견,수컷,울산광역시 남구,울산유기동물보호센터,35.4984869,129.3459362
2025-02-05,개,믹스견,수컷,대전광역시 유성구,대전동물보호센터,36.3620732,127.3564099
2025-02-05,고양이,믹스묘,수컷,충청남도 아산시,아산동물복지지원센터,36.7899498,127.0026769
2025-02-05,고양이,믹스묘,수컷,충청남도 아산시,아산동물복지지원센터,36.7899498,127.0026769
2025-02-05,개,믹스견,수컷,경상남도 밀양시,밀양시 동물보호센터,35.503839,128.7466992
2025-02-05,개,믹스견,암컷,경상북도 고령군,고령군 유기견 보호소,35.7258,128.2632
2025-02-05,개,믹스견,암컷,경상북도 고령군,고령군 유기견 보호소,35.7258,128.2632
2025-02-05,개,믹스견,수컷,경상북도 의성군,의성동물보호센터,36.3524,128.697
2025-02-05,개,믹스견,암컷,전라남도 고흥군,고흥군임시보호센터,34.6044123,127.276384
2025-02-05,개,믹스견,수컷,전라남도 구례군,구례군동물보호센터,35.2203329,127.473277
2025-02-05,개,믹스견,암컷,전라남도 순천시,순천시유기동물보호소,34.9505457,127.4872992
2025-02-05,개,믹스견,암컷,충청남도 당진시,당진시동물보호소,36.8904083,126.6461833
2025-02-05,개,믹스견,암컷,충청남도 서산시,서산시 동물보호센터,36.784499,126.450317
2025-02-05,개,믹스견,수컷,충청남도 아산시,아산동물복지지원센터,36.7899498,127.0026769
2025-02-05,개,믹스견,암컷,강원특별자치도 화천군,화천군농업기술센터,38.1063,127.708
2025-02-05,개,믹스견,암컷,경기도 여주시,위더스 동물보호센터,37.2982901,127.637033
2025-02-05,개,믹스견,수컷,경기도 광주시,광주TNR동물병원초월,37.4290844,127.255189
2025-02-05,개,믹스견,수컷,경기도 양평군,양평군유기동물보호소,37.4916,127.4875
2025-02-04,개,믹스견,암컷,경기도 용인시,용인시 동물보호센터,37.2405741,127.1785572
2025-02-04,개,믹스견,수컷,전라남도 곡성군,곡성군동물보호소,35.2818969,127.2914673
2025-02-04,개,믹스견,수컷,충청남도 금산군,제일동물병원,36.1087249,127.48815
2025-02-04,개,믹스견,암컷,울산광역시 울주군,울산유기동물보호센터,35.5222362,129.2423693
2025-02-04,개,믹스견,수컷,울산광역시 울주군,울산유기동물보호센터,35.5222362,129.2423693
2025-02-04,개,믹스견,암컷,울산광역시 울주군,울산유기동물보호센터,35.5222362,129.2423693
2025-02-04,개,믹스견,수컷,울산광역시 울주군,울산유기동물보호센터,35.5222362,129.2423693
2025-02-04,개,믹스견,암컷,울산광역시 울주군,울산유기동물보호센터,35.5222362,129.2423693
2025-02-04,개,믹스견,수컷,울산광역시 울주군,울산유기동물보호센터,35.5222362,129.2423693
2025-02-04,개,믹스견,수컷,울산광역시 중구,울산유기동물보호센터,35.5693863,129.3327997
2025-02-04,개,믹스견,암컷,전북특별자치도 익산시,익산유기동물보호소,35.9479291,126.9578025
2025-02-04,개,믹스견,수컷,전북특별자치도 군산시,군산유기동물보호센터,35.9679984,126.7369036
2025-02-04,개,믹스견,암컷,전북특별자치도 군산시,군산유기동물보호센터,35.9679984,126.7369036
2025-02-04,개,믹스견,암컷,전북특별자치도 군산시,군산유기동물보호센터,35.9679984,126.7369036
2025-02-04,고양이,한국 고양이,암컷,충청북도 보은군,보은군동물보호센터,36.4890118,127.729242
2025-02-04,개,믹스견,수컷,경상남도 함안군,함안군유기동물보호소,35.2726875,128.4065038
2025-02-04,개,믹스견,암컷,경상남도 밀양시,밀양시 동물보호센터,35.503839,128.7466992
2025-02-04,개,말티즈,수컷,경상남도 진주시,진주시동물보호센터,35.1803459,128.1079953
2025-02-04,개,믹스견,수컷,경상북도 성주군,성주유기동물보호센터,35.9190065,128.283486
2025-02-04,개,믹스견,수컷,전라남도 장성군,장성군동물보호센터,35.3017065,126.7844061
2025-02-04,개,믹스견,수컷,전라남도 순천시,순천시유기동물보호소,34.9505457,127.4872992
2025-02-04,개,믹스견,수컷,전라남도 순천시,순천시유기동물보호소,34.9505457,127.4872992
2025-02-04,개,믹스견,수컷,전북특별자치도 김제시,전북말산업복합센터,35.803815,126.880557
2025-02-04,개,믹스견,암컷,전북특별자치도 김제시,전북말산업복합센터,35.803815,126.880557
2025-02-04,개,믹스견,암컷,전북특별자치도 김제시,전북말산업복합센터,35.803815,126.880557
2025-02-04,개,믹스견,수컷,전북특별자치도 김제시,전북말산업복합센터,35.803815,126.880557
2025-02-04,개,믹스견,수컷,전북특별자치도 김제시,전북말산업복합센터,35.803815,126.880557
2025-02-04,개,믹스견,암컷,전북특별자치도 김제시,전북말산업복합센터,35.803815,126.880557
2025-02-04,개,믹스견,수컷,충청남도 천안시,천안시 동물보호센터,36.8150283,127.1140654
2025-02-04,개,믹스견,암컷,충청남도 천안시,천안시 동물보호센터,36.8150283,127.1140654
2025-02-04,개,믹스견,암컷,충청남도 천안시,천안시 동물보호센터,36.8150283,127.1140654
2025-02-04,개,믹스견,암컷,충청남도 천안시,천안시 동물보호센터,36.8150283,127.1140654
2025-02-04,개,믹스견,암컷,충청남도 천안시,천안시 동물보호센터,36.8150283,127.1140654
2025-02-04,고양이,한국 고양이,수컷,충청북도 청주시,반려동물보호센터,36.6421169,127.4891742
2025-02-04,개,믹스견,암컷,충청북도 충주시,충주시동물보호센터,36.9907334,127.9259891
2025-02-04,개,믹스견,수컷,경기도 광주시,광주TNR동물병원초월,37.4290844,127.255189
2025-02-04,개,믹스견,암컷,경기도 시흥시,시흥동물누리보호센터,37.3798891,126.8032255
2025-02-04,개,믹스견,수컷,경기도 고양시,고양시동물보호센터,37.6581862,126.8319452
2025-02-04,개,믹스견,수컷,광주광역시 서구,광주동물보호센터,35.1521401,126.8900561
2025-02-04,개,믹스견,암컷,대구광역시 군위군,군위종합동물병원,36.2425017,128.5732027
2025-02-04,개,믹스견,암컷,대구광역시 군위군,군위종합동물병원,36.2425017,128.5732027
2025-02-04,개,믹스견,암컷,대구광역시 군위군,군위종합동물병원,36.2425017,128.5732027
2025-02-04,개,믹스견,암컷,대구광역시 군위군,군위종합동물병원,36.2425017,128.5732027
2025-02-04,개,믹스견,암컷,대구광역시 군위군,군위종합동물병원,36.2425017,128.5732027
2025-02-04,개,믹스견,수컷,전북특별자치도 완주군,완주군유기동물보호소,35.9039,127.1622
2025-02-04,개,믹스견,암컷,전북특별자치도 완주군,완주군유기동물보호소,35.9039,127.1622
2025-02-03,개,믹스견,수컷,전라남도 완도군,유기동물임시보호센터,34.3110373,126.7553933
2025-02-03,개,믹스견,암컷,경상남도 하동군,하동군유기동물보호소,35.0670735,127.7516778
2025-02-03,개,골든 리트리버,수컷,충청남도 홍성군,금일동물보호센터,36.6010501,126.6611667
2025-02-03,개,믹스견,암컷,경상북도 구미시,구미시 동물보호센터,36.1195513,128.3444692
2025-02-03,개,믹스견,수컷,경상북도 구미시,구미시 동물보호센터,36.1195513,128.3444692
2025-02-03,개,믹스견,수컷,전라남도 영광군,영광동물보호센터,35.2769282,126.5124504
2025-02-03,개,믹스견,암컷,전라남도 영광군,영광동물보호센터,35.2769282,126.5124504
2025-02-03,개,믹스견,수컷,전라남도 영광군,영광동물보호센터,35.2769282,126.5124504
2025-02-03,개,믹스견,암컷,전라남도 영광군,영광동물보호센터,35.2769282,126.5124504
2025-02-03,개,믹스견,암컷,전라남도 영광군,영광동물보호센터,35.2769282,126.5124504
2025-02-03,개,믹스견,수컷,전라남도 영광군,영광동물보호센터,35.2769282,126.5124504
2025-02-03,개,믹스견,암컷,전라남도 영광군,영광동물보호센터,35.2769282,126.5124504
2025-02-03,개,믹스견,암컷,전라남도 영광군,영광동물보호센터,35.2769282,126.5124504
2025-02-03,개,믹스견,수컷,전라남도 영광군,영광동물보호센터,35.2769282,126.5124504
2025-02-03,개,믹스견,암컷,전라남도 영광군,영광동물보호센터,35.2769282,126.5124504
2025-02-03,개,믹스견,암컷,전라남도 영광군,영광동물보호센터,35.2769282,126.5124504
2025-02-03,개,믹스견,수컷,전라남도 영광군,영광동물보호센터,35.2769282,126.5124504
2025-02-03,개,믹스견,수컷,전북특별자치도 익산시,익산유기동물보호소,35.9479291,126.9578025
2025-02-03,개,믹스견,수컷,전북특별자치도 익산시,익산유기동물보호소,35.9479291,126.9578025
2025-02-03,기타,염소,미상,경기도 안산시,한국야생동물보호협회,37.3217152,126.8308604
2025-02-03,개,믹스견,미상,울산광역시 울주군,울산유기동물보호센터,35.5222362,129.2423693
2025-02-03,개,믹스견,암컷,울산광역시 울주군,울산유기동물보호센터,35.5222362,129.2423693
2025-02-03,개,믹스견,수컷,세종특별자치시 세종특별자치시,세종유기동물보호센터,36.4799999,127.289
2025-02-03,개,믹스견,암컷,세종특별자치시 세종특별자치시,세종유기동물보호센터,36.4799999,127.289
2025-02-03,개,믹스견,수컷,경상남도 창원시,창원유기동물보호소,35.227956,128.6818586
2025-02-03,개,믹스견,수컷,경상남도 거창군,나래동물병원,35.6872871,127.9138505
2025-02-03,개,믹스견,수컷,경상남도 거창군,나래동물병원,35.6872871,127.9138505
2025-02-03,개,믹스견,수컷,경상남도 거창군,나래동물병원,35.6872871,127.9138505
2025-02-03,개,믹스견,수컷,경상남도 거창군,나래동물병원,35.6872871,127.9138505
2025-02-03,개,믹스견,암컷,경상남도 거창군,나래동물병원,35.6872871,127.9138505
2025-02-03,개,믹스견,암컷,경상남도 산청군,산청동물보호센터,35.4154624,127.873663
2025-02-03,개,믹스견,암컷,경상남도 산청군,산청동물보호센터,35.4154624,127.873663
2025-02-03,개,믹스견,암컷,경상남도 진주시,진주시동물보호센터,35.1803459,128.1079953
2025-02-03,개,믹스견,암컷,경상북도 김천시,김천시 동물보호센터,36.1398035,128.1139534
2025-02-03,개,시바,수컷,전라남도 화순군,화순군유기동물보호소,35.0643095,126.9864311
2025-02-03,개,믹스견,암컷,전북특별자치도 부안군,부안군 동물보호센터,35.7316783,126.7330195
2025-02-03,개,믹스견,암컷,전북특별자치도 전주시,행복한동물병원,35.8237631,127.1472805
2025-02-03,개,믹스견,수컷,충청남도 홍성군,금일동물보호센터,36.6010501,126.6611667
2025-02-03,개,믹스견,암컷,충청남도 서산시,서산시 동물보호센터,36.784499,126.450317
2025-02-03,개,믹스견,수컷,충청남도 천안시,천안시 동물보호센터,36.8150283,127.1140654
2025-02-03,개,믹스견,수컷,강원특별자치도 속초시,속초시유기동물보호소,38.2069574,128.5913424
2025-02-03,개,푸들,수컷,경기도 양평군,양평군유기동물보호소,37.4916,127.4875
2025-02-03,개,믹스견,수컷,경기도 용인시,용인시 동물보호센터,37.2405741,127.1785572
2025-02-03,개,믹스견,수컷,경기도 시흥시,시흥동물누리보호센터,37.3798891,126.8032255
2025-02-03,개,믹스견,수컷,경기도 고양시,고양시동물보호센터,37.6581862,126.8319452
2025-02-03,개,믹스견,수컷,인천광역시 남동구,인천광역시수의사회,37.446902,126.7315126
2025-02-03,개,믹스견,암컷,경상북도 경산시,경산시유기동물보호소,35.825122,128.741329
2025-02-02,개,믹스견,암컷,강원특별자치도 횡성군,횡성유기동물보호센터,37.4916,127.985
2025-02-02,개,믹스견,암컷,경상북도 안동시,유기동물보호센터,36.5634886,128.7260798
2025-02-02,개,믹스견,수컷,경기도 안산시,한국야생동물보호협회,37.3217152,126.8308604
2025-02-02,개,믹스견,수컷,부산광역시 수영구,(사)동부동물보호협회,35.1454,129.1127
2025-02-02,개,믹스견,암컷,부산광역시 수영구,(사)동부동물보호협회,35.1454,129.1127
2025-02-02,개,믹스견,암컷,부산광역시 수영구,(사)동부동물보호협회,35.1454,129.1127
2025-02-02,개,믹스견,암컷,부산광역시 수영구,(사)동부동물보호협회,35.1454,129.1127
2025-02-02,개,믹스견,암컷,충청북도 청주시,반려동물보호센터,36.6421169,127.4891742
2025-02-01,개,믹스견,수컷,경상남도 밀양시,밀양시 동물보호센터,35.503839,128.7466992
2025-02-01,개,믹스견,암컷,전북특별자치도 정읍시,정읍시 동물보호소,35.5697678,126.8559787
2025-02-01,고양이,믹스묘,미상,대구광역시 군위군,군위종합동물병원,36.2425017,128.5732027
2025-02-01,고양이,믹스묘,미상,대구광역시 군위군,군위종합동물병원,36.2425017,128.5732027
2025-02-01,개,믹스견,수컷,경상북도 안동시,유기동물보호센터,36.5634886,128.7260798
2025-02-01,개,믹스견,수컷,전북특별자치도 부안군,부안군 동물보호센터,35.7316783,126.7330195
2025-02-01,개,믹스견,암컷,전북특별자치도 익산시,익산유기동물보호소,35.9479291,126.9578025
2025-02-01,개,믹스견,수컷,전북특별자치도 익산시,익산유기동물보호소,35.9479291,126.9578025
2025-02-01,개,믹스견,수컷,전북특별자치도 익산시,익산유기동물보호소,35.9479291,126.9578025
2025-02-01,개,믹스견,암컷,충청남도 아산시,아산동물복지지원센터,36.7899498,127.0026769
2025-02-01,개,믹스견,수컷,울산광역시 울주군,울산유기동물보호센터,35.5222362,129.2423693
2025-02-01,개,믹스견,암컷,울산광역시 울주군,울산유기동물보호센터,35.5222362,129.2423693
2025-02-01,개,믹스견,암컷,울산광역시 울주군,울산유기동물보호센터,35.5222362,129.2423693
2025-02-01,개,믹스견,수컷,인천광역시 부평구,삼산종합동물병원,37.5070221,126.7220068
2025-02-01,개,믹스견,암컷,경상남도 남해군,남해군동물보호센터,34.8374437,127.8925589
2025-02-01,개,미니어쳐 핀셔,암컷,충청북도 청주시,반려동물보호센터,36.6421169,127.4891742
2025-02-01,개,믹스견,암컷,강원특별자치도 원주시,원주시동물보호센터,37.3420996,127.9197603
2025-02-01,개,믹스견,수컷,경기도 고양시,고양시동물보호센터,37.6581862,126.8319452
2025-02-01,고양이,한국 고양이,암컷,인천광역시 강화군,디디동물병원,37.746,126.488
2025-01-31,개,믹스견,암컷,경상남도 양산시,양산시 동물보호센터,35.3349979,129.0370582
2025-01-31,개,믹스견,암컷,전북특별자치도 익산시,익산유기동물보호소,35.9479291,126.9578025
2025-01-31,개,믹스견,수컷,전북특별자치도 익산시,익산유기동물보호소,35.9479291,126.9578025
2025-01-31,개,믹스견,수컷,전북특별자치도 익산시,익산유기동물보호소,35.9479291,126.9578025
2025-01-31,개,믹스견,수컷,충청남도 아산시,아산동물복지지원센터,36.7899498,127.0026769
2025-01-31,개,믹스견,수컷,충청남도 아산시,아산동물복지지원센터,36.7899498,127.0026769
2025-01-31,개,믹스견,암컷,충청남도 아산시,아산동물복지지원센터,36.7899498,127.0026769
2025-01-31,개,믹스견,암컷,충청남도 아산시,아산동물복지지원센터,36.7899498,127.0026769
2025-01-31,개,믹스견,암컷,충청남도 아산시,아산동물복지지원센터,36.7899498,127.0026769
2025-01-31,개,믹스견,수컷,충청남도 아산시,아산동물복지지원센터,36.7899498,127.0026769
2025-01-31,개,믹스견,암컷,충청남도 아산시,아산동물복지지원센터,36.7899498,127.0026769
2025-01-31,개,믹스견,수컷,울산광역시 북구,울산유기동물보호센터,35.5826,129.3604
2025-01-31,고양이,한국 고양이,수컷,인천광역시 연수구,인천광역시수의사회,37.4098,126.6787
2025-01-31,개,믹스견,수컷,경상남도 진주시,진주시동물보호센터,35.1803459,128.1079953
2025-01-31,개,믹스견,수컷,전라남도 담양군,담양군 동물보호센터,35.320878,126.9883238
2025-01-31,개,믹스견,수컷,전라남도 순천시,순천시유기동물보호소,34.9505457,127.4872992
2025-01-31,개,믹스견,수컷,전라남도 순천시,순천시유기동물보호소,34.9505457,127.4872992
2025-01-31,개,믹스견,수컷,전라남도 순천시,순천시유기동물보호소,34.9505457,127.4872992
2025-01-31,개,믹스견,수컷,전북특별자치도 부안군,부안군 동물보호센터,35.7316783,126.7330195
2025-01-31,개,믹스견,수컷,전북특별자치도 부안군,부안군 동물보호센터,35.7316783,126.7330195
2025-01-31,개,진도견,수컷,전북특별자치도 완주군,완주군유기동물보호소,35.9039,127.1622
2025-01-31,개,믹스견,수컷,전북특별자치도 김제시,전북말산업복합센터,35.803815,126.880557
2025-01-31,개,포메라니안,수컷,전북특별자치도 정읍시,정읍시 동물보호소,35.5697678,126.8559787
2025-01-31,개,믹스견,암컷,전북특별자치도 정읍시,정읍시 동물보호소,35.5697678,126.8559787
2025-01-31,개,믹스견,암컷,전북특별자치도 정읍시,정읍시 동물보호소,35.5697678,126.8559787
2025-01-31,개,믹스견,암컷,전북특별자치도 정읍시,정읍시 동물보호소,35.5697678,126.8559787
2025-01-31,개,믹스견,수컷,충청남도 논산시,논산시 동물보호센터,36.1868154,127.0987538
2025-01-31,개,믹스견,수컷,충청북도 청주시,반려동물보호센터,36.6421169,127.4891742
2025-01-31,고양이,한국 고양이,미상,강원특별자치도 원주시,원주시동물보호센터,37.3420996,127.9197603
2025-01-31,개,믹스견,암컷,강원특별자치도 원주시,원주시동물보호센터,37.3420996,127.9197603
2025-01-31,개,믹스견,암컷,강원특별자치도 원주시,원주시동물보호센터,37.3420996,127.9197603
2025-01-31,개,믹스견,암컷,강원특별자치도 원주시,원주시동물보호센터,37.3420996,127.9197603
2025-01-31,개,믹스견,수컷,강원특별자치도 원주시,원주시동물보호센터,37.3420996,127.9197603
2025-01-31,개,믹스견,암컷,강원특별자치도 원주시,원주시동물보호센터,37.3420996,127.9197603
2025-01-31,개,믹스견,수컷,경기도 이천시,위더스 동물보호센터,37.2808823,127.4429132
2025-01-31,개,믹스견,수컷,경기도 이천시,위더스 동물보호센터,37.2808823,127.4429132
2025-01-31,개,믹스견,수컷,경기도 용인시,용인시 동물보호센터,37.2405741,127.1785572
2025-01-31,개,믹스견,수컷,경기도 시흥시,시흥동물누리보호센터,37.3798891,126.8032255
2025-01-31,개,믹스견,수컷,경기도 고양시,고양시동물보호센터,37.6581862,126.8319452
2025-01-31,개,믹스견,수컷,경기도 고양시,고양시동물보호센터,37.6581862,126.8319452
2025-01-31,개,믹스견,수컷,경기도 부천시,24시아이동물메디컬,37.5014422,126.7660139
2025-01-31,개,믹스견,수컷,울산광역시 울주군,울산유기동물보호센터,35.5222362,129.2423693
2025-01-31,개,포메라니안,암컷,광주광역시 광산구,광주동물보호센터,35.1396428,126.7938232
2025-01-31,개,믹스견,수컷,광주광역시 광산구,광주동물보호센터,35.1396428,126.7938232
2025-01-30,개,믹스견,암컷,충청남도 아산시,아산동물복지지원센터,36.7899498,127.0026769
2025-01-30,개,믹스견,암컷,전라남도 목포시,목포시유기동물보호소,34.7903335,126.3847547
2025-01-30,개,믹스견,암컷,전북특별자치도 군산시,군산유기동물보호센터,35.9679984,126.7369036
2025-01-29,기타,독수리,미상,대구광역시 군위군,군위종합동물병원,36.2425017,128.5732027
2025-01-29,개,믹스견,암컷,충청남도 보령시,보령시유기동물보호소,36.33401,126.613165
2025-01-28,개,믹스견,암컷,부산광역시 사하구,(사)하얀비둘기,35.1041,128.9751
2025-01-28,개,믹스견,암컷,경상북도 안동시,유기동물보호센터,36.5634886,128.7260798
2025-01-28,개,시바,암컷,전북특별자치도 익산시,익산유기동물보호소,35.9479291,126.9578025
2025-01-28,개,믹스견,암컷,경상남도 거창군,나래동물병원,35.6872871,127.9138505
2025-01-28,고양이,한국 고양이,암컷,경상남도 거창군,나래동물병원,35.6872871,127.9138505
2025-01-28,개,믹스견,수컷,경상남도 거창군,나래동물병원,35.6872871,127.9138505
2025-01-28,개,믹스견,암컷,경상남도 거창군,나래동물병원,35.6872871,127.9138505
2025-01-28,개,믹스견,암컷,경상남도 거창군,나래동물병원,35.6872871,127.9138505
2025-01-28,개,믹스견,암컷,경상남도 창녕군,창녕 유기동물보호소,35.5443876,128.4921938
2025-01-28,개,믹스견,수컷,경상북도 경산시,경산시유기동물보호소,35.825122,128.741329
2025-01-28,개,믹스견,수컷,경상북도 경산시,경산시유기동물보호소,35.825122,128.741329
2025-01-28,개,믹스견,수컷,전북특별자치도 남원시,하나동물병원,35.4163118,127.3903713
2025-01-27,개,믹스견,암컷,경상남도 고성군,고성군유기동물보호소,34.9732784,128.322233
2025-01-27,개,믹스견,수컷,경상남도 고성군,고성군유기동물보호소,34.9732784,128.322233
2025-01-27,개,믹스견,암컷,경상남도 고성군,고성군유기동물보호소,34.9732784,128.322233
2025-01-27,개,믹스견,수컷,경상북도 영천시,영천유기동물보호센터,35.98842,128.942
2025-01-27,개,믹스견,암컷,경상북도 영천시,영천유기동물보호센터,35.98842,128.942
2025-01-27,개,진도견,암컷,경상북도 안동시,유기동물보호센터,36.5634886,128.7260798
2025-01-27,개,진도견,암컷,경상북도 안동시,유기동물보호센터,36.5634886,128.7260798
2025-01-27,개,믹스견,암컷,충청남도 공주시,공주시 동물보호센터,36.47257,127.09124
2025-01-27,개,진도견,수컷,인천광역시 남동구,인천광역시수의사회,37.446902,126.7315126
2025-01-27,고양이,믹스묘,수컷,전북특별자치도 군산시,군산유기동물보호센터,35.9679984,126.7369036
2025-01-27,개,진도믹스견,수컷,경상북도 성주군,성주유기동물보호센터,35.9190065,128.283486
2025-01-27,개,진도믹스견,암컷,경상북도 성주군,성주유기동물보호센터,35.9190065,128.283486
2025-01-27,개,노퍽테리어믹스인듯,수컷,경상북도 성주군,성주유기동물보호센터,35.9190065,128.283486
2025-01-27,개,골든리드리버믹스인듯,암컷,경상북도 성주군,성주유기동물보호센터,35.9190065,128.283486
2025-01-27,개,믹스견,수컷,경상북도 구미시,구미시 동물보호센터,36.1195513,128.3444692
2025-01-27,개,믹스견,수컷,전북특별자치도 전주시,행복한동물병원,35.8237631,127.1472805
2025-01-27,개,믹스견,수컷,충청북도 청주시,반려동물보호센터,36.6421169,127.4891742
2025-01-27,개,믹스견,수컷,경기도 양평군,양평군유기동물보호소,37.4916,127.4875
2025-01-26,개,믹스견,암컷,전라남도 진도군,진도군임시보호소,34.4867515,126.2629264
2025-01-26,개,믹스견,수컷,충청남도 금산군,제일동물병원,36.1087249,127.48815
2025-01-26,개,믹스견,수컷,충청남도 금산군,제일동물병원,36.1087249,127.48815
2025-01-26,개,믹스견,암컷,충청남도 금산군,제일동물병원,36.1087249,127.48815
2025-01-26,개,믹스견,암컷,충청남도 금산군,제일동물병원,36.1087249,127.48815
2025-01-26,개,믹스견,암컷,충청남도 아산시,아산동물복지지원센터,36.7899498,127.0026769
2025-01-26,개,진도견,수컷,경상북도 안동시,유기동물보호센터,36.5634886,128.7260798
2025-01-26,개,진도견,암컷,경상북도 안동시,유기동물보호센터,36.5634886,128.7260798
2025-01-26,개,믹스견,암컷,전북특별자치도 익산시,익산유기동물보호소,35.9479291,126.9578025
2025-01-26,고양이,한국 고양이,암컷,부산광역시 북구,부산동물보호센터,35.1969,128.9901999
2025-01-26,개,믹스견,암컷,강원특별자치도 원주시,원주시동물보호센터,37.3420996,127.9197603
2025-01-26,개,믹스견,암컷,전북특별자치도 군산시,군산유기동물보호센터,35.9679984,126.7369036
2025-01-26,개,믹스견,수컷,경상북도 포항시,(사)영일동물플러스,36.0189315,129.3429384
2025-01-26,개,믹스견,암컷,경상북도 포항시,(사)영일동물플러스,36.0189315,129.3429384
2025-01-26,개,믹스견,수컷,경기도 시흥시,시흥동물누리보호센터,37.3798891,126.8032255
2025-01-25,개,믹스견,암컷,경상북도 영천시,영천유기동물보호센터,35.98842,128.942
2025-01-25,개,믹스견,수컷,전라남도 담양군,담양군 동물보호센터,35.320878,126.9883238
2025-01-25,개,진도견,수컷,인천광역시 연수구,인천광역시수의사회,37.4098,126.6787
2025-01-25,고양이,한국 고양이,미상,울산광역시 울주군,울산유기동물보호센터,35.5222362,129.2423693
2025-01-25,개,믹스견,암컷,전라남도 완도군,유기동물임시보호센터,34.3110373,126.7553933
2025-01-25,개,믹스견,수컷,경상남도 창원시,창원유기동물보호소,35.227956,128.6818586
2025-01-25,개,믹스견,암컷,경상북도 포항시,(사)영일동물플러스,36.0189315,129.3429384
2025-01-25,개,믹스견,수컷,충청북도 청주시,반려동물보호센터,36.6421169,127.4891742
2025-01-25,개,믹스견,수컷,서울특별시 동대문구,동대문구청,37.5741982,127.0395092
2025-01-24,개,믹스견,수컷,전북특별자치도 임실군,임실유기동물보호센터,35.6174,127.2893
2025-01-24,개,믹스견,수컷,인천광역시 옹진군,인천수의사회유기동물,37.533,126.429
2025-01-24,개,믹스견,암컷,인천광역시 연수구,인천광역시수의사회,37.4098,126.6787
2025-01-24,개,비숑 프리제,암컷,인천광역시 연수구,인천광역시수의사회,37.4098,126.6787
2025-01-24,개,믹스견,암컷,전북특별자치도 익산시,익산유기동물보호소,35.9479291,126.9578025
2025-01-24,개,믹스견,수컷,전북특별자치도 익산시,익산유기동물보호소,35.9479291,126.9578025
2025-01-24,개,믹스견,암컷,충청남도 홍성군,금일동물보호센터,36.6010501,126.6611667
2025-01-24,개,믹스견,암컷,충청남도 홍성군,금일동물보호센터,36.6010501,126.6611667
2025-01-24,개,믹스견,수컷,충청남도 홍성군,금일동물보호센터,36.6010501,126.6611667
2025-01-24,개,믹스견,수컷,충청남도 홍성군,금일동물보호센터,36.6010501,126.6611667
2025-01-24,개,도사,암컷,강원특별자치도 원주시,원주시동물보호센터,37.3420996,127.9197603
2025-01-24,개,믹스견,수컷,전라남도 순천시,순천시유기동물보호소,34.9505457,127.4872992
2025-01-24,고양이,한국 고양이,수컷,전라남도 순천시,대한동물사랑협회,34.9505457,127.4872992
2025-01-24,고양이,한국 고양이,수컷,전라남도 순천시,대한동물사랑협회,34.9505457,127.4872992
2025-01-24,개,푸들,수컷,강원특별자치도 원주시,원주시동물보호센터,37.3420996,127.9197603
2025-01-24,고양이,한국 고양이,미상,경기도 고양시,고양시동물보호센터,37.6581862,126.8319452
2025-01-24,개,믹스견,수컷,경상남도 창원시,창원유기동물보호소,35.227956,128.6818586
2025-01-24,개,믹스견,암컷,경상남도 창원시,창원유기동물보호소,35.227956,128.6818586
2025-01-24,개,진도견,암컷,경상북도 성주군,성주유기동물보호센터,35.9190065,128.283486
2025-01-24,개,믹스견,암컷,경상북도 성주군,성주유기동물보호센터,35.9190065,128.283486
2025-01-24,개,믹스견,암컷,경상북도 성주군,성주유기동물보호센터,35.9190065,128.283486
2025-01-24,개,시츄믹스,암컷,경상북도 성주군,성주유기동물보호센터,35.9190065,128.283486
2025-01-24,개,믹스견,수컷,경상북도 성주군,성주유기동물보호센터,35.9190065,128.283486
2025-01-24,개,믹스견,암컷,경상북도 성주군,성주유기동물보호센터,35.9190065,128.283486
2025-01-24,개,노르웨이언넬크하운드,암컷,경상북도 성주군,성주유기동물보호센터,35.9190065,128.283486
2025-01-24,개,마리노이즈,수컷,경상북도 성주군,성주유기동물보호센터,35.9190065,128.283486
2025-01-24,개,믹스견,수컷,경상북도 성주군,성주유기동물보호센터,35.9190065,128.283486
2025-01-24,개,포메리안믹스인듯,수컷,경상북도 성주군,성주유기동물보호센터,35.9190065,128.283486
2025-01-24,개,믹스견,암컷,경상북도 성주군,성주유기동물보호센터,35.9190065,128.283486
2025-01-24,개,믹스견,암컷,경상북도 경산시,경산시유기동물보호소,35.825122,128.741329
2025-01-24,개,믹스견,암컷,경상북도 경산시,경산시유기동물보호소,35.825122,128.741329
2025-01-24,개,믹스견,암컷,전라남도 곡성군,곡성군동물보호소,35.2818969,127.2914673
2025-01-24,개,믹스견,암컷,전라남도 곡성군,곡성군동물보호소,35.2818969,127.2914673
2025-01-24,개,믹스견,암컷,전라남도 곡성군,곡성군동물보호소,35.2818969,127.2914673
2025-01-24,개,믹스견,암컷,전북특별자치도 부안군,부안군 동물보호센터,35.7316783,126.7330195
2025-01-24,개,믹스견,암컷,전북특별자치도 정읍시,정읍시 동물보호소,35.5697678,126.8559787
2025-01-24,개,믹스견,수컷,전북특별자치도 정읍시,정읍시 동물보호소,35.5697678,126.8559787
2025-01-24,개,믹스견,수컷,전북특별자치도 정읍시,정읍시 동물보호소,35.5697678,126.8559787
2025-01-24,개,시바진도믹스,암컷,전북특별자치도 군산시,군산유기동물보호센터,35.9679984,126.7369036
2025-01-24,개,믹스견,수컷,경기도 용인시,용인시 동물보호센터,37.2405741,127.1785572
2025-01-24,개,믹스견,암컷,경기도 용인시,용인시 동물보호센터,37.2405741,127.1785572
2025-01-24,개,믹스견,암컷,경기도 용인시,용인시 동물보호센터,37.2405741,127.1785572
2025-01-24,개,진도견,수컷,경기도 성남시,펫앤쉘터동물병원,37.4201556,127.1262092
2025-01-23,개,믹스견,암컷,충청남도 금산군,제일동물병원,36.1087249,127.48815
2025-01-23,개,믹스견,수컷,충청남도 금산군,제일동물병원,36.1087249,127.48815
2025-01-23,개,말티즈,수컷,부산광역시 북구,부산동물보호센터,35.1969,128.9901999
2025-01-23,개,믹스견,수컷,전라남도 완도군,유기동물임시보호센터,34.3110373,126.7553933
2025-01-23,개,믹스견,암컷,전라남도 해남군,해남유기동물보호센터,34.55269,126.52431
2025-01-23,고양이,한국 고양이,암컷,전라남도 나주시,나주유기동물보호센터,35.0158859,126.7108313
2025-01-23,개,믹스견,수컷,충청남도 논산시,논산시 동물보호센터,36.1868154,127.0987538
2025-01-23,개,믹스견,암컷,충청남도 논산시,논산시 동물보호센터,36.1868154,127.0987538
2025-01-23,개,믹스견,수컷,충청남도 공주시,공주시 동물보호센터,36.47257,127.09124
2025-01-23,개,믹스견,수컷,강원특별자치도 원주시,원주시동물보호센터,37.3420996,127.9197603
2025-01-23,개,믹스견,암컷,강원특별자치도 원주시,원주시동물보호센터,37.3420996,127.9197603
2025-01-23,개,믹스견,암컷,경기도 군포시,한국야생동물보호협회,37.3615229,126.9349025
2025-01-23,개,믹스견,암컷,경기도 고양시,고양시동물보호센터,37.6581862,126.8319452
2025-01-23,개,믹스견,수컷,울산광역시 울주군,울산유기동물보호센터,35.5222362,129.2423693
2025-01-23,개,믹스견,수컷,울산광역시 울주군,울산유기동물보호센터,35.5222362,129.2423693
2025-01-23,개,믹스견,미상,울산광역시 울주군,울산유기동물보호센터,35.5222362,129.2423693
2025-01-23,개,믹스견,암컷,울산광역시 울주군,울산유기동물보호센터,35.5222362,129.2423693
2025-01-23,개,믹스견,암컷,경상남도 창녕군,창녕 유기동물보호소,35.5443876,128.4921938
2025-01-23,개,믹스견,암컷,경상남도 양산시,양산시 동물보호센터,35.3349979,129.0370582
2025-01-23,개,믹스견,암컷,전라남도 장성군,장성군동물보호센터,35.3017065,126.7844061
2025-01-23,개,믹스견,암컷,전라남도 여수시,유기동물보호소,34.7546257,127.659859
2025-01-23,개,믹스견,암컷,전라남도 여수시,유기동물보호소,34.7546257,127.659859
2025-01-23,개,믹스견,암컷,전북특별자치도 부안군,부안군 동물보호센터,35.7316783,126.7330195
2025-01-23,개,믹스견,암컷,충청남도 당진시,당진시동물보호소,36.8904083,126.6461833
2025-01-23,개,믹스견,수컷,충청남도 당진시,당진시동물보호소,36.8904083,126.6461833
2025-01-23,개,믹스견,암컷,충청남도 부여군,남부여동물보호소,36.2753678,126.910107
2025-01-23,개,믹스견,암컷,충청남도 천안시,천안시 동물보호센터,36.8150283,127.1140654
2025-01-23,개,믹스견,수컷,충청북도 보은군,보은군동물보호센터,36.4890118,127.729242
2025-01-23,고양이,한국 고양이,수컷,경기도 양평군,양평군유기동물보호소,37.4916,127.4875
2025-01-23,고양이,한국 고양이,수컷,경기도 양평군,양평군유기동물보호소,37.4916,127.4875
2025-01-23,고양이,한국 고양이,수컷,경기도 양평군,양평군유기동물보호소,37.4916,127.4875
2025-01-23,개,믹스견,수컷,경기도 시흥시,시흥동물누리보호센터,37.3798891,126.8032255
2025-01-23,개,믹스견,암컷,대전광역시 대덕구,대전동물보호센터,36.3465766,127.4158483
2025-01-23,개,믹스견,암컷,대전광역시 대덕구,대전동물보호센터,36.3465766,127.4158483
2025-01-22,개,믹스견,수컷,강원특별자치도 횡성군,횡성유기동물보호센터,37.4916,127.985
2025-01-22,개,믹스견,수컷,전라남도 완도군,유기동물임시보호센터,34.3110373,126.7553933
2025-01-22,개,믹스견,암컷,강원특별자치도 원주시,원주시동물보호센터,37.3420996,127.9197603
2025-01-22,개,믹스견,암컷,충청남도 아산시,아산동물복지지원센터,36.7899498,127.0026769
2025-01-22,개,믹스견,수컷,충청남도 아산시,아산동물복지지원센터,36.7899498,127.0026769
2025-01-22,개,믹스견,수컷,충청남도 공주시,공주시 동물보호센터,36.47257,127.09124
2025-01-22,개,믹스견,암컷,경기도 용인시,용인시 동물보호센터,37.2405741,127.1785572
2025-01-22,고양이,믹스묘,암컷,부산광역시 해운대구,동부유기동물보호협회,35.1629,129.1638
2025-01-22,개,믹스견,수컷,세종특별자치시 세종특별자치시,세종유기동물보호센터,36.4799999,127.289
2025-01-22,개,레브라도리트리버믹스인듯,수컷,경상북도 성주군,성주유기동물보호센터,35.9190065,128.283486
2025-01-22,개,믹스견,암컷,경상북도 성주군,성주유기동물보호센터,35.9190065,128.283486
2025-01-22,개,믹스견,암컷,경상북도 성주군,성주유기동물보호센터,35.9190065,128.283486
2025-01-22,개,믹스견,수컷,경상북도 영덕군,영덕유기동물보호센터,36.4149,129.3659
2025-01-22,개,믹스견,수컷,경상북도 영덕군,영덕유기동물보호센터,36.4149,129.3659
2025-01-22,개,믹스견,암컷,경상북도 김천시,김천시 동물보호센터,36.1398035,128.1139534
2025-01-22,개,믹스견,수컷,전라남도 함평군,학교임시동물보호센터,35.0656537,126.5166414
2025-01-22,개,믹스견,수컷,전라남도 곡성군,곡성군동물보호소,35.2818969,127.2914673
2025-01-22,개,믹스견,암컷,전라남도 곡성군,곡성군동물보호소,35.2818969,127.2914673
2025-01-22,개,믹스견,수컷,전라남도 순천시,순천시유기동물보호소,34.9505457,127.4872992
2025-01-22,개,믹스견,수컷,전라남도 순천시,순천시유기동물보호소,34.9505457,127.4872992
2025-01-22,고양이,한국 고양이,암컷,전라남도 순천시,대한동물사랑협회,34.9505457,127.4872992
2025-01-22,개,진도견,수컷,전북특별자치도 장수군,장수군 보호소,35.647,127.5212
2025-01-22,개,믹스견,암컷,전북특별자치도 김제시,전북말산업복합센터,35.803815,126.880557
2025-01-22,개,포메라니안,수컷,충청남도 서천군,서천군유기동물보호소,36.0800688,126.6916052
2025-01-22,개,믹스견,수컷,충청남도 서산시,서산시 동물보호센터,36.784499,126.450317
2025-01-22,개,믹스견,암컷,강원특별자치도 강릉시,강릉시 동물사랑센터,37.7525313,128.8759523
2025-01-22,개,믹스견,암컷,경기도 고양시,고양시동물보호센터,37.6581862,126.8319452
2025-01-22,개,믹스견,암컷,경기도 고양시,고양시동물보호센터,37.6581862,126.8319452
2025-01-22,개,믹스견,수컷,경기도 고양시,고양시동물보호센터,37.6581862,126.8319452
2025-01-22,개,푸들,수컷,경기도 안산시,한국야생동물보호협회,37.3217152,126.8308604
2025-01-21,개,믹스견,암컷,강원특별자치도 횡성군,횡성유기동물보호센터,37.4916,127.985
2025-01-21,개,믹스견,수컷,충청남도 아산시,아산동물복지지원센터,36.7899498,127.0026769
2025-01-21,개,믹스견,수컷,부산광역시 사하구,(사)하얀비둘기,35.1041,128.9751
2025-01-21,개,믹스견,수컷,부산광역시 사하구,(사)하얀비둘기,35.1041,128.9751
2025-01-21,개,믹스견,암컷,부산광역시 사하구,(사)하얀비둘기,35.1041,128.9751
2025-01-21,개,믹스견,암컷,충청남도 금산군,제일동물병원,36.1087249,127.48815
2025-01-21,개,믹스견,암컷,충청남도 논산시,논산시 동물보호센터,36.1868154,127.0987538
2025-01-21,개,믹스견,수컷,충청남도 아산시,아산동물복지지원센터,36.7899498,127.0026769
2025-01-21,개,믹스견,수컷,충청남도 아산시,아산동물복지지원센터,36.7899498,127.0026769
2025-01-21,개,믹스견,수컷,충청남도 아산시,아산동물복지지원센터,36.7899498,127.0026769
2025-01-21,개,믹스견,수컷,충청남도 아산시,아산동물복지지원센터,36.7899498,127.0026769
2025-01-21,개,믹스견,수컷,충청남도 아산시,아산동물복지지원센터,36.7899498,127.0026769
2025-01-21,개,믹스견,암컷,울산광역시 울주군,울산유기동물보호센터,35.5222362,129.2423693
2025-01-21,고양이,믹스묘,암컷,부산광역시 해운대구,동부유기동물보호협회,35.1629,129.1638
2025-01-21,고양이,믹스묘,수컷,부산광역시 해운대구,동부유기동물보호협회,35.1629,129.1638
2025-01-21,개,진도견,수컷,경상북도 의성군,의성동물보호센터,36.3524,128.697
2025-01-21,개,믹스견,수컷,경상북도 문경시,종합축산,36.5858541,128.1870612
2025-01-21,개,믹스견,암컷,전라남도 화순군,화순군유기동물보호소,35.0643095,126.9864311
2025-01-21,개,믹스견,암컷,전라남도 화순군,화순군유기동물보호소,35.0643095,126.9864311
2025-01-21,개,믹스견,암컷,전라남도 화순군,화순군유기동물보호소,35.0643095,126.9864311
2025-01-21,개,믹스견,수컷,전라남도 화순군,화순군유기동물보호소,35.0643095,126.9864311
2025-01-21,개,믹스견,수컷,전라남도 화순군,화순군유기동물보호소,35.0643095,126.9864311
2025-01-21,개,믹스견,수컷,전라남도 화순군,화순군유기동물보호소,35.0643095,126.9864311
2025-01-21,개,믹스견,수컷,전라남도 화순군,화순군유기동물보호소,35.0643095,126.9864311
2025-01-21,개,믹스견,암컷,전라남도 화순군,화순군유기동물보호소,35.0643095,126.9864311
2025-01-21,개,믹스견,수컷,전라남도 화순군,화순군유기동물보호소,35.0643095,126.9864311
2025-01-21,개,믹스견,수컷,전라남도 화순군,화순군유기동물보호소,35.0643095,126.9864311
2025-01-21,개,믹스견,수컷,전라남도 화순군,화순군유기동물보호소,35.0643095,126.9864311
2025-01-21,개,믹스견,수컷,전라남도 화순군,화순군유기동물보호소,35.0643095,126.9864311
2025-01-21,개,믹스견,암컷,전라남도 화순군,화순군유기동물보호소,35.0643095,126.9864311
2025-01-21,개,믹스견,수컷,전라남도 화순군,화순군유기동물보호소,35.0643095,126.9864311
2025-01-21,개,믹스견,수컷,전라남도 화순군,화순군유기동물보호소,35.0643095,126.9864311
2025-01-21,개,믹스견,수컷,전라남도 화순군,화순군유기동물보호소,35.0643095,126.9864311
2025-01-21,개,믹스견,수컷,전라남도 화순군,화순군유기동물보호소,35.0643095,126.9864311
2025-01-21,고양이,믹스묘,암컷,전라남도 화순군,화순군유기동물보호소,35.0643095,126.9864311
2025-01-21,개,믹스견,암컷,전라남도 순천시,순천시유기동물보호소,34.9505457,127.4872992
2025-01-21,개,믹스견,암컷,전라남도 순천시,순천시유기동물보호소,34.9505457,127.4872992
2025-01-21,개,믹스견,수컷,전라남도 순천시,순천시유기동물보호소,34.9505457,127.4872992
2025-01-21,개,믹스견,수컷,전라남도 순천시,순천시유기동물보호소,34.9505457,127.4872992
2025-01-21,개,믹스견,암컷,전북특별자치도 정읍시,정읍시 동물보호소,35.5697678,126.8559787
2025-01-21,개,믹스견,암컷,전북특별자치도 정읍시,정읍시 동물보호소,35.5697678,126.8559787
2025-01-21,개,푸들,암컷,충청남도 홍성군,금일동물보호센터,36.6010501,126.6611667
2025-01-21,개,믹스견,암컷,충청남도 부여군,남부여동물보호소,36.2753678,126.910107
2025-01-21,개,믹스견,암컷,충청남도 부여군,남부여동물보호소,36.2753678,126.910107
2025-01-21,개,믹스견,암컷,충청남도 부여군,남부여동물보호소,36.2753678,126.910107
2025-01-21,개,믹스견,암컷,충청남도 부여군,남부여동물보호소,36.2753678,126.910107
2025-01-21,개,믹스견,암컷,충청북도 청주시,반려동물보호센터,36.6421169,127.4891742
2025-01-21,고양이,한국 고양이,암컷,충청북도 보은군,보은군동물보호센터,36.4890118,127.729242
2025-01-21,고양이,한국 고양이,수컷,광주광역시 광산구,광주동물보호센터,35.1396428,126.7938232
2025-01-21,고양이,한국 고양이,암컷,인천광역시 강화군,디디동물병원,37.746,126.488
2025-01-21,개,믹스견,수컷,대구광역시 군위군,군위종합동물병원,36.2425017,128.5732027
2025-01-20,개,믹스견,암컷,부산광역시 강서구,(사)하얀비둘기,35.212,128.9805
2025-01-20,개,믹스견,암컷,경상남도 함양군,함양군위탁보호소,35.5204145,127.7252966
2025-01-20,개,믹스견,수컷,경상남도 함양군,함양군위탁보호소,35.5204145,127.7252966
2025-01-20,개,말티즈,암컷,울산광역시 울주군,울산유기동물보호센터,35.5222362,129.2423693
2025-01-20,개,비글,수컷,부산광역시 중구,부산동물보호센터,35.106501,129.0325814
2025-01-20,개,믹스견,암컷,경상북도 울진군,울진군동물보호센터,36.993,129.4006
2025-01-20,개,믹스견,암컷,전북특별자치도 익산시,익산유기동물보호소,35.9479291,126.9578025
2025-01-20,개,믹스견,암컷,전북특별자치도 익산시,익산유기동물보호소,35.9479291,126.9578025
2025-01-20,개,믹스견,수컷,전북특별자치도 익산시,익산유기동물보호소,35.9479291,126.9578025
2025-01-20,개,믹스견,수컷,전북특별자치도 군산시,군산유기동물보호센터,35.9679984,126.7369036
2025-01-20,개,믹스견,수컷,전북특별자치도 군산시,군산유기동물보호센터,35.9679984,126.7369036
2025-01-20,개,믹스견,수컷,충청남도 홍성군,금일동물보호센터,36.6010501,126.6611667
2025-01-20,개,믹스견,암컷,충청남도 홍성군,금일동물보호센터,36.6010501,126.6611667
2025-01-20,개,믹스견,암컷,충청남도 논산시,논산시 동물보호센터,36.1868154,127.0987538
2025-01-20,개,믹스견,암컷,충청남도 논산시,논산시 동물보호센터,36.1868154,127.0987538
2025-01-20,개,믹스견,수컷,충청남도 아산시,아산동물복지지원센터,36.7899498,127.0026769
2025-01-20,개,믹스견,수컷,충청남도 아산시,아산동물복지지원센터,36.7899498,127.0026769
2025-01-20,개,믹스견,암컷,충청남도 공주시,공주시 동물보호센터,36.47257,127.09124
2025-01-20,개,믹스견,수컷,강원특별자치도 원주시,원주시동물보호센터,37.3420996,127.9197603
2025-01-20,개,믹스견,수컷,강원특별자치도 원주시,원주시동물보호센터,37.3420996,127.9197603
2025-01-20,개,믹스견,암컷,경기도 고양시,고양시동물보호센터,37.6581862,126.8319452
2025-01-20,개,믹스견,암컷,울산광역시 울주군,울산유기동물보호센터,35.5222362,129.2423693
2025-01-20,개,믹스견,암컷,울산광역시 울주군,울산유기동물보호센터,35.5222362,129.2423693
2025-01-20,개,푸들,수컷,경상남도 통영시,통영시동물보호센터,34.854254,128.433205
2025-01-20,개,믹스견,암컷,경상북도 성주군,성주유기동물보호센터,35.9190065,128.283486
2025-01-20,개,진도견,수컷,경상북도 포항시,(사)영일동물플러스,36.0189315,129.3429384
2025-01-20,개,믹스견,암컷,전라남도 담양군,담양군 동물보호센터,35.320878,126.9883238
2025-01-20,개,믹스견,수컷,전북특별자치도 부안군,부안군 동물보호센터,35.7316783,126.7330195
2025-01-20,개,믹스견,수컷,충청남도 예산군,예산임시동물보호센터,36.6808989,126.8448742
2025-01-20,개,믹스견,수컷,충청북도 청주시,반려동물보호센터,36.6421169,127.4891742
2025-01-20,개,믹스견,수컷,강원특별자치도 강릉시,강릉시 동물사랑센터,37.7525313,128.8759523
2025-01-20,개,믹스견,암컷,경기도 이천시,위더스 동물보호센터,37.2808823,127.4429132
2025-01-20,개,믹스견,수컷,경기도 용인시,용인시 동물보호센터,37.2405741,127.1785572
2025-01-20,개,믹스견,수컷,경기도 시흥시,시흥동물누리보호센터,37.3798891,126.8032255
2025-01-20,개,믹스견,수컷,경기도 광명시,한국야생동물보호협회,37.4810539,126.8631275
2025-01-20,개,믹스견,암컷,울산광역시 울주군,울산유기동물보호센터,35.5222362,129.2423693
2025-01-20,고양이,한국 고양이,암컷,광주광역시 남구,광주동물보호센터,35.1327,126.9025
2025-01-19,개,믹스견,암컷,서울특별시 강남구,한국동물구조관리협회,37.5177,127.0473
2025-01-19,개,믹스견,암컷,서울특별시 강남구,한국동물구조관리협회,37.5177,127.0473
2025-01-19,개,비숑 프리제,암컷,경상북도 안동시,유기동물보호센터,36.5634886,128.7260798
2025-01-19,개,믹스견,수컷,충청북도 괴산군,괴산증평동물보호센터,36.815,127.7866
2025-01-19,개,비숑 프리제,수컷,대전광역시 중구,대전동물보호센터,36.29812,127.4148
2025-01-19,개,진도견,암컷,전북특별자치도 익산시,익산유기동물보호소,35.9479291,126.9578025
2025-01-19,개,진도견,수컷,전북특별자치도 익산시,익산유기동물보호소,35.9479291,126.9578025
2025-01-19,개,믹스견,수컷,전북특별자치도 익산시,익산유기동물보호소,35.9479291,126.9578025
2025-01-19,개,믹스견,암컷,전북특별자치도 익산시,익산유기동물보호소,35.9479291,126.9578025
2025-01-19,개,믹스견,수컷,강원특별자치도 영월군,영월군 동물보호센터,37.1834983,128.4619814
2025-01-19,개,믹스견,암컷,울산광역시 남구,울산유기동물보호센터,35.4984869,129.3459362
2025-01-19,개,치와와,암컷,경상남도 창녕군,창녕 유기동물보호소,35.5443876,128.4921938
2025-01-19,개,믹스견,수컷,경상북도 성주군,성주유기동물보호센터,35.9190065,128.283486
2025-01-19,개,믹스견,수컷,경상북도 성주군,성주유기동물보호센터,35.9190065,128.283486
2025-01-19,개,푸들,수컷,강원특별자치도 원주시,원주시동물보호센터,37.3420996,127.9197603
2025-01-18,개,믹스견,수컷,대전광역시 동구,대전동물보호센터,36.3120051,127.4554285
2025-01-18,개,믹스견,수컷,대전광역시 동구,대전동물보호센터,36.3120051,127.4554285
2025-01-18,개,오스트레일리안 켈피,수컷,인천광역시 부평구,조재진동물병원,37.5070221,126.7220068
2025-01-18,개,믹스견,미상,경기도 고양시,고양시동물보호센터,37.6581862,126.8319452
2025-01-18,개,믹스견,암컷,경상남도 창녕군,창녕 유기동물보호소,35.5443876,128.4921938
2025-01-18,개,믹스견,수컷,경상북도 성주군,성주유기동물보호센터,35.9190065,128.283486
2025-01-18,개,믹스견,수컷,경상북도 성주군,성주유기동물보호센터,35.9190065,128.283486
2025-01-18,개,믹스견,암컷,경상북도 성주군,성주유기동물보호센터,35.9190065,128.283486
2025-01-18,개,라브라도 리트리버,암컷,경상북도 성주군,성주유기동물보호센터,35.9190065,128.283486
2025-01-18,고양이,믹스묘,암컷,대구광역시 군위군,군위종합동물병원,36.2425017,128.5732027
2025-01-18,개,믹스견,수컷,대구광역시 군위군,군위종합동물병원,36.2425017,128.5732027
2025-01-18,개,믹스견,수컷,대구광역시 군위군,군위종합동물병원,36.2425017,128.5732027
2025-01-18,개,믹스견,수컷,대구광역시 군위군,군위종합동물병원,36.2425017,128.5732027
2025-01-18,개,믹스견,암컷,대구광역시 군위군,군위종합동물병원,36.2425017,128.5732027
2025-01-17,개,믹스견,수컷,강원특별자치도 횡성군,횡성유기동물보호센터,37.4916,127.985
2025-01-17,개,믹스견,미상,부산광역시 사하구,(사)하얀비둘기,35.1041,128.9751
2025-01-17,개,믹스견,암컷,경상북도 울진군,울진군동물보호센터,36.993,129.4006
2025-01-17,개,믹스견,암컷,전북특별자치도 익산시,익산유기동물보호소,35.9479291,126.9578025
2025-01-17,개,믹스견,암컷,충청남도 부여군,남부여동물보호소,36.2753678,126.910107
2025-01-17,고양이,한국 고양이,암컷,대전광역시 서구,대전동물보호센터,36.3551786,127.3838487
2025-01-17,개,믹스견,수컷,강원특별자치도 원주시,원주시동물보호센터,37.3420996,127.9197603
2025-01-17,개,믹스견,암컷,강원특별자치도 원주시,원주시동물보호센터,37.3420996,127.9197603
2025-01-17,개,믹스견,수컷,전라남도 신안군,신안군유기동물보호소,34.8331095,126.3522531
2025-01-17,개,믹스견,암컷,전라남도 순천시,순천시유기동물보호소,34.9505457,127.4872992
2025-01-17,개,믹스견,암컷,전북특별자치도 군산시,군산유기동물보호센터,35.9679984,126.7369036
2025-01-17,개,믹스견,암컷,충청남도 서산시,서산시 동물보호센터,36.784499,126.450317
2025-01-17,개,믹스견,수컷,충청남도 서산시,서산시 동물보호센터,36.784499,126.450317
2025-01-17,개,믹스견,수컷,충청북도 청주시,반려동물보호센터,36.6421169,127.4891742
2025-01-17,개,믹스견,암컷,강원특별자치도 홍천군,홍천군유기동물보호소,37.6967,127.8888
2025-01-17,개,믹스견,암컷,강원특별자치도 원주시,원주시동물보호센터,37.3420996,127.9197603
2025-01-17,개,믹스견,암컷,강원특별자치도 원주시,원주시동물보호센터,37.3420996,127.9197603
2025-01-17,개,믹스견,암컷,경기도 고양시,고양시동물보호센터,37.6581862,126.8319452
2025-01-16,개,믹스견,수컷,강원특별자치도 속초시,속초시유기동물보호소,38.2069574,128.5913424
2025-01-16,고양이,한국 고양이,미상,인천광역시 연수구,인천광역시수의사회,37.4098,126.6787
2025-01-16,개,믹스견,암컷,경상남도 창원시,창원유기동물보호소,35.227956,128.6818586
2025-01-16,개,믹스견,암컷,경상북도 영천시,영천유기동물보호센터,35.98842,128.942
2025-01-16,개,믹스견,암컷,충청남도 아산시,아산동물복지지원센터,36.7899498,127.0026769
2025-01-16,개,믹스견,암컷,충청남도 공주시,공주시 동물보호센터,36.47257,127.09124
2025-01-16,개,믹스견,수컷,인천광역시 서구,가정동물병원,37.545,126.676
2025-01-16,개,믹스견,수컷,부산광역시 동래구,(사)동부동물보호협회,35.2052,129.0837
2025-01-16,개,믹스견,수컷,경상남도 창원시,창원유기동물보호소,35.227956,128.6818586
2025-01-16,개,믹스견,수컷,경상남도 함안군,함안군유기동물보호소,35.2726875,128.4065038
2025-01-16,개,믹스견,암컷,경상남도 함안군,함안군유기동물보호소,35.2726875,128.4065038
2025-01-16,개,믹스견,암컷,경상남도 양산시,양산시 동물보호센터,35.3349979,129.0370582
2025-01-16,개,믹스견,암컷,경상남도 진주시,진주시동물보호센터,35.1803459,128.1079953
2025-01-16,개,믹스견,암컷,경상북도 경산시,경산시유기동물보호소,35.825122,128.741329
2025-01-16,개,믹스견,암컷,경상북도 경산시,경산시유기동물보호소,35.825122,128.741329
2025-01-16,개,믹스견,암컷,경상북도 경산시,경산시유기동물보호소,35.825122,128.741329
2025-01-16,개,라브라도 리트리버,수컷,경상북도 김천시,김천시 동물보호센터,36.1398035,128.1139534
2025-01-16,개,보더 콜리,수컷,전라남도 장성군,장성군동물보호센터,35.3017065,126.7844061
2025-01-16,개,믹스견,수컷,전라남도 순천시,순천시유기동물보호소,34.9505457,127.4872992
2025-01-16,개,믹스견,암컷,전라남도 순천시,순천시유기동물보호소,34.9505457,127.4872992
2025-01-16,개,믹스견,수컷,전북특별자치도 부안군,부안군 동물보호센터,35.7316783,126.7330195
2025-01-16,개,미니어쳐 핀셔,수컷,전북특별자치도 장수군,장수군 보호소,35.647,127.5212
2025-01-16,개,믹스견,암컷,충청남도 홍성군,금일동물보호센터,36.6010501,126.6611667
2025-01-16,개,믹스견,수컷,충청남도 논산시,논산시 동물보호센터,36.1868154,127.0987538
2025-01-16,개,믹스견,암컷,충청남도 논산시,논산시 동물보호센터,36.1868154,127.0987538
2025-01-16,개,믹스견,암컷,충청남도 서산시,서산시 동물보호센터,36.784499,126.450317
2025-01-16,개,믹스견,암컷,충청남도 서산시,서산시 동물보호센터,36.784499,126.450317
2025-01-16,개,믹스견,수컷,충청남도 서산시,서산시 동물보호센터,36.784499,126.450317
2025-01-15,개,믹스견,암컷,서울특별시 강남구,한국동물구조관리협회,37.5177,127.0473
2025-01-15,개,진도견,수컷,대전광역시 동구,대전동물보호센터,36.3120051,127.4554285
2025-01-15,개,믹스견,암컷,경상남도 거창군,나래동물병원,35.6872871,127.9138505
2025-01-15,개,믹스견,암컷,경상남도 거창군,나래동물병원,35.6872871,127.9138505
2025-01-15,개,믹스견,수컷,경상남도 남해군,남해군동물보호센터,34.8374437,127.8925589
2025-01-15,개,믹스견,수컷,경상남도 의령군,의령군 동물보호센터,35.322003,128.2617827
2025-01-15,개,믹스견,수컷,경상남도 의령군,의령군 동물보호센터,35.322003,128.2617827
2025-01-15,개,믹스견,암컷,경상남도 진주시,진주시동물보호센터,35.1803459,128.1079953
2025-01-15,개,믹스견,암컷,전라남도 무안군,무안군유기동물보호소,34.9905794,126.4812377
2025-01-15,개,믹스견,수컷,충청남도 아산시,아산동물복지지원센터,36.7899498,127.0026769
2025-01-15,개,믹스견,수컷,충청남도 아산시,아산동물복지지원센터,36.7899498,127.0026769
2025-01-15,개,믹스견,수컷,충청남도 아산시,아산동물복지지원센터,36.7899498,127.0026769
2025-01-15,개,믹스견,수컷,충청남도 아산시,아산동물복지지원센터,36.7899498,127.0026769
2025-01-15,개,믹스견,암컷,충청남도 아산시,아산동물복지지원센터,36.7899498,127.0026769
2025-01-15,고양이,한국 고양이,암컷,충청북도 청주시,반려동물보호센터,36.6421169,127.4891742
2025-01-15,개,믹스견,암컷,강원특별자치도 철원군,철원군,38.1468023,127.3133
2025-01-15,개,믹스견,수컷,강원특별자치도 강릉시,강릉시 동물사랑센터,37.7525313,128.8759523
2025-01-15,개,믹스견,암컷,경기도 용인시,용인시 동물보호센터,37.2405741,127.1785572
2025-01-14,개,믹스견,수컷,강원특별자치도 양양군,양양군유기동물보호소,38.0751,128.6191
2025-01-14,개,믹스견,암컷,강원특별자치도 양양군,양양군유기동물보호소,38.0751,128.6191
2025-01-14,개,믹스견,수컷,강원특별자치도 양양군,양양군유기동물보호소,38.0751,128.6191
2025-01-14,개,믹스견,암컷,전북특별자치도 군산시,군산유기동물보호센터,35.9679984,126.7369036
2025-01-14,개,믹스견,수컷,강원특별자치도 삼척시,삼척시동물보호센터,37.4498745,129.1652969
2025-01-14,개,믹스견,암컷,경상남도 통영시,통영시동물보호센터,34.854254,128.433205
2025-01-14,개,믹스견,수컷,경상북도 울진군,울진군동물보호센터,36.993,129.4006
2025-01-14,개,믹스견,수컷,전라남도 진도군,진도군임시보호소,34.4867515,126.2629264
2025-01-14,개,믹스견,암컷,전라남도 진도군,진도군임시보호소,34.4867515,126.2629264
2025-01-14,개,푸들,암컷,전라남도 화순군,화순군유기동물보호소,35.0643095,126.9864311
2025-01-14,개,믹스견,수컷,전북특별자치도 부안군,부안군 동물보호센터,35.7316783,126.7330195
2025-01-14,개,믹스견,수컷,충청남도 논산시,논산시 동물보호센터,36.1868154,127.0987538
2025-01-14,개,믹스견,수컷,충청남도 논산시,논산시 동물보호센터,36.1868154,127.0987538
2025-01-14,개,믹스견,암컷,충청북도 제천시,제천시 동물보호센터,37.1326042,128.1913508
2025-01-14,개,믹스견,수컷,대전광역시 동구,대전동물보호센터,36.3120051,127.4554285
2025-01-14,개,믹스견,수컷,인천광역시 미추홀구,인천광역시수의사회,37.4636,126.6502
2025-01-14,개,믹스견,수컷,경상남도 창원시,창원유기동물보호소,35.227956,128.6818586
2025-01-14,개,믹스견,수컷,경상남도 거제시,거제시유기동물보호소,34.8804677,128.621207
2025-01-14,개,믹스견,수컷,경상남도 진주시,진주시동물보호센터,35.1803459,128.1079953
2025-01-14,개,믹스견,수컷,경상남도 진주시,진주시동물보호센터,35.1803459,128.1079953
2025-01-14,개,라브라도 리트리버,수컷,경상북도 김천시,김천시 동물보호센터,36.1398035,128.1139534
2025-01-14,개,믹스견,암컷,전라남도 함평군,학교임시동물보호센터,35.0656537,126.5166414
2025-01-14,개,믹스견,수컷,전라남도 순천시,순천시유기동물보호소,34.9505457,127.4872992
2025-01-14,개,믹스견,암컷,전북특별자치도 김제시,전북말산업복합센터,35.803815,126.880557
2025-01-14,개,믹스견,수컷,충청남도 당진시,당진시동물보호소,36.8904083,126.6461833
2025-01-14,개,믹스견,암컷,충청북도 청주시,반려동물보호센터,36.6421169,127.4891742
2025-01-14,개,진도견,암컷,충청북도 청주시,반려동물보호센터,36.6421169,127.4891742
2025-01-14,개,믹스견,수컷,충청북도 청주시,반려동물보호센터,36.6421169,127.4891742
2025-01-14,개,믹스견,암컷,강원특별자치도 인제군,인제군동물보호센터,38.0694,128.1706
2025-01-14,개,브리타니 스파니엘,암컷,강원특별자치도 춘천시,춘천시 동물보호센터,37.8810569,127.7297641
2025-01-14,개,믹스견,수컷,경기도 양평군,양평군유기동물보호소,37.4916,127.4875
2025-01-14,개,믹스견,수컷,경기도 수원시,수원시 동물보호센터,37.2633325,127.0287472
2025-01-14,개,믹스견,수컷,대구광역시 군위군,군위종합동물병원,36.2425017,128.5732027
2025-01-14,개,믹스견,수컷,부산광역시 사상구,(사)하얀비둘기,35.1521,128.9911
2025-01-14,개,믹스견,암컷,부산광역시 사상구,(사)하얀비둘기,35.1521,128.9911
2025-01-13,개,믹스견,암컷,전북특별자치도 군산시,군산유기동물보호센터,35.9679984,126.7369036
2025-01-13,개,믹스견,암컷,울산광역시 울주군,울산유기동물보호센터,35.5222362,129.2423693
2025-01-13,개,포메라니안,암컷,전북특별자치도 전주시,사랑플러스동물병원,35.8237631,127.1472805
2025-01-13,개,믹스견,암컷,전라남도 장성군,장성군동물보호센터,35.3017065,126.7844061
2025-01-13,개,믹스견,수컷,충청남도 아산시,아산동물복지지원센터,36.7899498,127.0026769
2025-01-13,개,믹스견,암컷,충청남도 아산시,아산동물복지지원센터,36.7899498,127.0026769
2025-01-13,개,믹스견,수컷,충청남도 아산시,아산동물복지지원센터,36.7899498,127.0026769
2025-01-13,개,믹스견,암컷,충청남도 아산시,아산동물복지지원센터,36.7899498,127.0026769
2025-01-13,개,믹스견,수컷,인천광역시 강화군,디디동물병원,37.746,126.488
2025-01-13,개,믹스견,암컷,제주특별자치도 제주특별자치도,제주 동물보호센터,33.4887737,126.4987083
2025-01-13,개,믹스견,암컷,전북특별자치도 군산시,군산유기동물보호센터,35.9679984,126.7369036
2025-01-13,개,믹스견,암컷,충청남도 논산시,논산시 동물보호센터,36.1868154,127.0987538
2025-01-13,개,믹스견,암컷,충청남도 논산시,논산시 동물보호센터,36.1868154,127.0987538
2025-01-13,개,믹스견,암컷,충청남도 논산시,논산시 동물보호센터,36.1868154,127.0987538
2025-01-13,개,믹스견,암컷,충청남도 아산시,아산동물복지지원센터,36.7899498,127.0026769
2025-01-13,개,믹스견,암컷,충청남도 아산시,아산동물복지지원센터,36.7899498,127.0026769
2025-01-13,개,믹스견,수컷,충청남도 아산시,아산동물복지지원센터,36.7899498,127.0026769
2025-01-13,개,믹스견,수컷,충청남도 아산시,아산동물복지지원센터,36.7899498,127.0026769
2025-01-13,고양이,한국 고양이,수컷,충청남도 보령시,보령길고양이보호협회,36.33401,126.613165
2025-01-13,개,믹스견,수컷,충청남도 공주시,공주시 동물보호센터,36.47257,127.09124
2025-01-13,개,말티푸,수컷,부산광역시 수영구,(사)동부동물보호협회,35.1454,129.1127
2025-01-13,개,믹스견,암컷,부산광역시 강서구,(사)하얀비둘기,35.212,128.9805
2025-01-13,개,믹스견,수컷,경상남도 통영시,통영시동물보호센터,34.854254,128.433205
2025-01-13,개,믹스견,수컷,경상남도 진주시,진주시동물보호센터,35.1803459,128.1079953
2025-01-13,개,믹스견,수컷,경상남도 진주시,진주시동물보호센터,35.1803459,128.1079953
2025-01-13,개,믹스견,암컷,경상남도 진주시,진주시동물보호센터,35.1803459,128.1079953
2025-01-13,개,믹스견,암컷,경상남도 진주시,진주시동물보호센터,35.1803459,128.1079953
2025-01-13,개,믹스견,수컷,경상남도 진주시,진주시동물보호센터,35.1803459,128.1079953
2025-01-13,개,믹스견,암컷,경상북도 성주군,성주유기동물보호센터,35.9190065,128.283486
2025-01-13,개,믹스견,암컷,경상북도 성주군,성주유기동물보호센터,35.9190065,128.283486
2025-01-13,개,믹스견,암컷,경상북도 성주군,성주유기동물보호센터,35.9190065,128.283486
2025-01-13,개,프렌치 불독,수컷,경상북도 성주군,성주유기동물보호센터,35.9190065,128.283486
2025-01-13,개,믹스견,암컷,경상북도 성주군,성주유기동물보호센터,35.9190065,128.283486
2025-01-13,개,믹스견,수컷,경상북도 김천시,김천시 동물보호센터,36.1398035,128.1139534
2025-01-13,개,믹스견,암컷,전라남도 무안군,무안군유기동물보호소,34.9905794,126.4812377
2025-01-13,개,믹스견,암컷,전북특별자치도 부안군,부안군 동물보호센터,35.7316783,126.7330195
2025-01-13,개,믹스견,수컷,전북특별자치도 부안군,부안군 동물보호센터,35.7316783,126.7330195
2025-01-13,개,믹스견,수컷,전북특별자치도 장수군,장수군 보호소,35.647,127.5212
2025-01-13,개,믹스견,암컷,전북특별자치도 장수군,장수군 보호소,35.647,127.5212
2025-01-13,개,믹스견,수컷,전북특별자치도 장수군,장수군 보호소,35.647,127.5212
2025-01-13,개,믹스견,수컷,전북특별자치도 장수군,장수군 보호소,35.647,127.5212
2025-01-13,개,믹스견,암컷,전북특별자치도 장수군,장수군 보호소,35.647,127.5212
2025-01-13,개,믹스견,수컷,전북특별자치도 장수군,장수군 보호소,35.647,127.5212
2025-01-13,개,믹스견,암컷,충청남도 당진시,당진시동물보호소,36.8904083,126.6461833
2025-01-13,개,믹스견,수컷,충청남도 천안시,천안시 동물보호센터,36.8150283,127.1140654
2025-01-13,개,믹스견,암컷,충청남도 천안시,천안시 동물보호센터,36.8150283,127.1140654
2025-01-13,개,믹스견,수컷,충청북도 청주시,반려동물보호센터,36.6421169,127.4891742
2025-01-13,개,믹스견,수컷,충청북도 청주시,반려동물보호센터,36.6421169,127.4891742
2025-01-13,개,믹스견,암컷,충청북도 충주시,충주시동물보호센터,36.9907334,127.9259891
2025-01-13,개,시바,암컷,강원특별자치도 강릉시,강릉시 동물사랑센터,37.7525313,128.8759523
2025-01-13,개,믹스견,수컷,강원특별자치도 강릉시,강릉시 동물사랑센터,37.7525313,128.8759523
2025-01-13,개,믹스견,암컷,강원특별자치도 춘천시,춘천시 동물보호센터,37.8810569,127.7297641
2025-01-13,개,믹스견,암컷,경기도 용인시,용인시 동물보호센터,37.2405741,127.1785572
2025-01-13,개,믹스견,수컷,경기도 군포시,한국야생동물보호협회,37.3615229,126.9349025
2025-01-13,개,믹스견,암컷,경기도 수원시,수원시 동물보호센터,37.2633325,127.0287472
2025-01-13,개,믹스견,수컷,광주광역시 광산구,광주동물보호센터,35.1396428,126.7938232
2025-01-13,개,믹스견,수컷,광주광역시 북구,광주동물보호센터,35.1741,126.9122
2025-01-13,개,믹스견,수컷,광주광역시 북구,광주동물보호센터,35.1741,126.9122
2025-01-13,개,믹스견,암컷,광주광역시 북구,광주동물보호센터,35.1741,126.9122
2025-01-13,개,믹스견,수컷,대구광역시 군위군,군위종합동물병원,36.2425017,128.5732027
2025-01-12,개,믹스견,수컷,강원특별자치도 삼척시,삼척시동물보호센터,37.4498745,129.1652969
2025-01-12,개,오스트레일리안 켈피,수컷,인천광역시 부평구,짱구네동물병원,37.5070221,126.7220068
2025-01-12,개,믹스견,암컷,전라남도 신안군,신안군유기동물보호소,34.8331095,126.3522531
2025-01-12,개,믹스견,암컷,전라남도 신안군,신안군유기동물보호소,34.8331095,126.3522531
2025-01-12,개,믹스견,수컷,전북특별자치도 부안군,부안군 동물보호센터,35.7316783,126.7330195
2025-01-12,개,믹스견,암컷,전북특별자치도 부안군,부안군 동물보호센터,35.7316783,126.7330195
2025-01-12,개,믹스견,수컷,충청남도 홍성군,금일동물보호센터,36.6010501,126.6611667
2025-01-12,개,믹스견,수컷,울산광역시 울주군,울산유기동물보호센터,35.5222362,129.2423693
2025-01-12,개,믹스견,암컷,대전광역시 동구,대전동물보호센터,36.3120051,127.4554285
2025-01-12,개,믹스견,암컷,경상북도 포항시,(사)영일동물플러스,36.0189315,129.3429384
2025-01-12,개,믹스견,암컷,경기도 부천시,24시아이동물메디컬,37.5014422,126.7660139
2025-01-11,개,믹스견,수컷,전북특별자치도 임실군,임실유기동물보호센터,35.6174,127.2893
2025-01-11,개,믹스견,수컷,경상남도 양산시,양산시 동물보호센터,35.3349979,129.0370582
2025-01-11,개,믹스견,암컷,전북특별자치도 군산시,군산유기동물보호센터,35.9679984,126.7369036
2025-01-11,개,진도견,암컷,충청남도 홍성군,금일동물보호센터,36.6010501,126.6611667
2025-01-11,개,믹스견,암컷,충청남도 공주시,공주시 동물보호센터,36.47257,127.09124
2025-01-11,개,믹스견,미상,울산광역시 북구,울산유기동물보호센터,35.5826,129.3604
2025-01-11,개,웰시 코기 펨브로크,수컷,인천광역시 서구,가정동물병원,37.545,126.676
2025-01-11,개,믹스견,수컷,경상북도 상주시,상주시 동물보호센터,36.4104478,128.1590614
2025-01-11,개,아키다,암컷,경기도 여주시,위더스 동물보호센터,37.2982901,127.637033
2025-01-11,개,믹스견,수컷,광주광역시 북구,광주동물보호센터,35.1741,126.9122
2025-01-10,개,믹스견,수컷,경상남도 함양군,함양군위탁보호소,35.5204145,127.7252966
2025-01-10,개,믹스견,암컷,경상남도 함양군,함양군위탁보호소,35.5204145,127.7252966
2025-01-10,개,믹스견,암컷,충청남도 홍성군,금일동물보호센터,36.6010501,126.6611667
2025-01-10,개,믹스견,암컷,울산광역시 울주군,울산유기동물보호센터,35.5222362,129.2423693
2025-01-10,개,믹스견,암컷,울산광역시 울주군,울산유기동물보호센터,35.5222362,129.2423693
2025-01-10,개,믹스견,수컷,경상남도 창원시,창원유기동물보호소,35.227956,128.6818586
2025-01-10,개,믹스견,암컷,경상남도 창원시,창원유기동물보호소,35.227956,128.6818586
2025-01-10,개,믹스견,수컷,경상남도 창원시,창원유기동물보호소,35.227956,128.6818586
2025-01-10,개,믹스견,암컷,경상남도 산청군,산청동물보호센터,35.4154624,127.873663
2025-01-10,개,믹스견,수컷,경상남도 창녕군,창녕 유기동물보호소,35.5443876,128.4921938
2025-01-10,개,믹스견,암컷,경상남도 거제시,거제시유기동물보호소,34.8804677,128.621207
2025-01-10,개,믹스견,암컷,경상남도 진주시,진주시동물보호센터,35.1803459,128.1079953
2025-01-10,개,믹스견,수컷,경상남도 진주시,진주시동물보호센터,35.1803459,128.1079953
2025-01-10,개,진도견,암컷,경상북도 성주군,성주유기동물보호센터,35.9190065,128.283486
2025-01-10,개,진도견,수컷,경상북도 성주군,성주유기동물보호센터,35.9190065,128.283486
2025-01-10,개,믹스견,수컷,경상북도 성주군,성주유기동물보호센터,35.9190065,128.283486
2025-01-10,개,믹스견,암컷,경상북도 성주군,성주유기동물보호센터,35.9190065,128.283486
2025-01-10,개,진도믹스견,수컷,경상북도 성주군,성주유기동물보호센터,35.9190065,128.283486
2025-01-10,개,믹스견,수컷,경상북도 성주군,성주유기동물보호센터,35.9190065,128.283486
2025-01-10,개,믹스견,수컷,경상북도 성주군,성주유기동물보호센터,35.9190065,128.283486
2025-01-10,개,믹스견,수컷,경상북도 성주군,성주유기동물보호센터,35.9190065,128.283486
2025-01-10,개,믹스견,수컷,경상북도 성주군,성주유기동물보호센터,35.9190065,128.283486
2025-01-10,개,믹스견,수컷,경상북도 성주군,성주유기동물보호센터,35.9190065,128.283486
2025-01-10,개,믹스견,암컷,충청남도 아산시,아산동물복지지원센터,36.7899498,127.0026769
2025-01-10,개,믹스견,수컷,충청남도 아산시,아산동물복지지원센터,36.7899498,127.0026769
2025-01-10,개,믹스견,암컷,충청남도 천안시,천안시 동물보호센터,36.8150283,127.1140654
2025-01-10,개,푸들,암컷,강원특별자치도 평창군,평창군유기동물보호소,37.3705,128.3903
2025-01-10,개,믹스견,수컷,강원특별자치도 강릉시,강릉시 동물사랑센터,37.7525313,128.8759523
2025-01-10,개,믹스견,수컷,광주광역시 서구,광주동물보호센터,35.1521401,126.8900561
2025-01-10,개,믹스견,수컷,인천광역시 서구,가정동물병원,37.545,126.676
2025-01-09,개,믹스견,암컷,경상북도 경산시,경산시유기동물보호소,35.825122,128.741329
2025-01-09,개,믹스견,수컷,강원특별자치도 횡성군,횡성유기동물보호센터,37.4916,127.985
2025-01-09,개,믹스견,수컷,울산광역시 울주군,울산유기동물보호센터,35.5222362,129.2423693
2025-01-09,개,믹스견,수컷,대구광역시 군위군,군위종합동물병원,36.2425017,128.5732027
2025-01-09,개,믹스견,암컷,전라남도 진도군,진도군임시보호소,34.4867515,126.2629264
2025-01-09,개,믹스견,암컷,전라남도 진도군,진도군임시보호소,34.4867515,126.2629264
2025-01-09,개,믹스견,수컷,전북특별자치도 익산시,익산유기동물보호소,35.9479291,126.9578025
2025-01-09,개,믹스견,수컷,전북특별자치도 익산시,익산유기동물보호소,35.9479291,126.9578025
2025-01-09,개,믹스견,암컷,전북특별자치도 익산시,익산유기동물보호소,35.9479291,126.9578025
2025-01-09,개,믹스견,암컷,충청남도 아산시,아산동물복지지원센터,36.7899498,127.0026769
2025-01-09,개,믹스견,암컷,경상북도 성주군,성주유기동물보호센터,35.9190065,128.283486
2025-01-09,개,믹스견,암컷,경상북도 성주군,성주유기동물보호센터,35.9190065,128.283486
2025-01-09,개,블랙탄믹스,암컷,경상북도 성주군,성주유기동물보호센터,35.9190065,128.283486
2025-01-09,개,믹스견,수컷,경상북도 성주군,성주유기동물보호센터,35.9190065,128.283486
2025-01-09,개,믹스견,수컷,경상북도 성주군,성주유기동물보호센터,35.9190065,128.283486
2025-01-09,개,믹스견,수컷,전북특별자치도 남원시,하나동물병원,35.4163118,127.3903713
2025-01-09,개,믹스견,수컷,경기도 광주시,광주TNR동물병원초월,37.4290844,127.255189
2025-01-09,개,믹스견,암컷,경기도 광주시,광주TNR동물병원초월,37.4290844,127.255189
2025-01-09,개,믹스견,수컷,경기도 화성시,화성동물보호센터,37.1994653,126.8312632
2025-01-09,개,믹스견,수컷,경기도 용인시,용인시 동물보호센터,37.2405741,127.1785572
2025-01-09,개,말티즈,암컷,서울특별시 관악구,디아크 동물종합병원,37.4782,126.9518
2025-01-09,고양이,한국 고양이,수컷,경기도 구리시,구리반려동물문화센터,37.5935948,127.1297917
2025-01-09,개,믹스견,수컷,경상북도 경산시,경산시유기동물보호소,35.825122,128.741329
2025-01-08,개,믹스견,수컷,경기도 양주시,한국동물구조관리협회,37.7849312,127.0457771
2025-01-08,개,믹스견,수컷,경상남도 통영시,통영시동물보호센터,34.854254,128.433205
2025-01-08,개,믹스견,수컷,경상남도 통영시,통영시동물보호센터,34.854254,128.433205
2025-01-08,개,믹스견,수컷,울산광역시 북구,울산유기동물보호센터,35.5826,129.3604
2025-01-08,개,믹스견,수컷,울산광역시 북구,울산유기동물보호센터,35.5826,129.3604
2025-01-08,개,믹스견,암컷,강원특별자치도 영월군,영월군 동물보호센터,37.1834983,128.4619814
2025-01-08,개,시바,수컷,경상남도 거창군,나래동물병원,35.6872871,127.9138505
2025-01-08,개,믹스견,암컷,경상남도 거창군,나래동물병원,35.6872871,127.9138505
2025-01-08,개,믹스견,암컷,경상남도 거창군,나래동물병원,35.6872871,127.9138505
2025-01-08,개,믹스견,암컷,경상남도 산청군,산청동물보호센터,35.4154624,127.873663
2025-01-08,개,믹스견,수컷,경상남도 남해군,남해군동물보호센터,34.8374437,127.8925589
2025-01-08,개,믹스견,수컷,경상북도 김천시,김천시 동물보호센터,36.1398035,128.1139534
2025-01-08,개,믹스견,수컷,전라남도 영광군,영광동물보호센터,35.2769282,126.5124504
2025-01-08,개,믹스견,수컷,경기도 광주시,광주TNR동물병원초월,37.4290844,127.255189
2025-01-08,개,믹스견,암컷,경기도 화성시,화성동물보호센터,37.1994653,126.8312632
2025-01-08,개,믹스견,수컷,경기도 화성시,화성동물보호센터,37.1994653,126.8312632
2025-01-08,개,믹스견,암컷,경기도 화성시,화성동물보호센터,37.1994653,126.8312632
2025-01-08,개,믹스견,암컷,대전광역시 대덕구,대전동물보호센터,36.3465766,127.4158483
2025-01-08,개,믹스견,암컷,대전광역시 대덕구,대전동물보호센터,36.3465766,127.4158483
2025-01-07,개,믹스견,암컷,전북특별자치도 임실군,임실유기동물보호센터,35.6174,127.2893
2025-01-07,개,믹스견,수컷,전북특별자치도 임실군,임실유기동물보호센터,35.6174,127.2893
2025-01-07,개,믹스견,수컷,전북특별자치도 임실군,임실유기동물보호센터,35.6174,127.2893
2025-01-07,개,믹스견,암컷,전북특별자치도 임실군,임실유기동물보호센터,35.6174,127.2893
2025-01-07,개,믹스견,수컷,전북특별자치도 임실군,임실유기동물보호센터,35.6174,127.2893
2025-01-07,개,믹스견,암컷,전북특별자치도 임실군,임실유기동물보호센터,35.6174,127.2893
2025-01-07,개,믹스견,암컷,전북특별자치도 임실군,임실유기동물보호센터,35.6174,127.2893
2025-01-07,개,믹스견,암컷,전북특별자치도 익산시,익산유기동물보호소,35.9479291,126.9578025
2025-01-07,개,믹스견,수컷,충청남도 아산시,아산동물복지지원센터,36.7899498,127.0026769
2025-01-07,개,믹스견,암컷,경상남도 통영시,통영시동물보호센터,34.854254,128.433205
2025-01-07,개,믹스견,수컷,전라남도 영광군,영광동물보호센터,35.2769282,126.5124504
2025-01-07,개,믹스견,수컷,전라남도 보성군,보성유기동물보호센터,34.7711356,127.0798978
2025-01-07,개,믹스견,암컷,전라남도 여수시,유기동물보호소,34.7546257,127.659859
2025-01-07,개,믹스견,수컷,충청남도 아산시,아산동물복지지원센터,36.7899498,127.0026769
2025-01-07,개,믹스견,암컷,충청남도 아산시,아산동물복지지원센터,36.7899498,127.0026769
2025-01-07,개,믹스견,암컷,강원특별자치도 속초시,속초시유기동물보호소,38.2069574,128.5913424
2025-01-07,개,믹스견,수컷,경상남도 창원시,창원유기동물보호소,35.227956,128.6818586
2025-01-07,개,믹스견,암컷,경상남도 통영시,통영시동물보호센터,34.854254,128.433205
2025-01-07,개,믹스견,암컷,경상남도 통영시,통영시동물보호센터,34.854254,128.433205
2025-01-07,개,믹스견,암컷,경상남도 통영시,통영시동물보호센터,34.854254,128.433205
2025-01-07,개,믹스견,암컷,경상북도 김천시,김천시 동물보호센터,36.1398035,128.1139534
2025-01-07,개,믹스견,수컷,전라남도 순천시,순천시유기동물보호소,34.9505457,127.4872992
2025-01-07,고양이,한국 고양이,수컷,경기도 여주시,위더스 동물보호센터,37.2982901,127.637033
2025-01-07,개,믹스견,암컷,경기도 광주시,광주TNR동물병원초월,37.4290844,127.255189
2025-01-07,개,믹스견,암컷,경기도 광주시,광주TNR동물병원초월,37.4290844,127.255189
2025-01-07,개,믹스견,암컷,경기도 광주시,광주TNR동물병원초월,37.4290844,127.255189
2025-01-07,개,믹스견,수컷,경기도 광주시,광주TNR동물병원초월,37.4290844,127.255189
2025-01-07,개,믹스견,수컷,경기도 광주시,광주TNR동물병원초월,37.4290844,127.255189
2025-01-07,개,믹스견,수컷,경기도 시흥시,시흥동물누리보호센터,37.3798891,126.8032255
2025-01-07,개,푸들,수컷,대전광역시 서구,대전동물보호센터,36.3551786,127.3838487
2025-01-06,고양이,러시안 블루,수컷,서울특별시 강동구,GD동물병원,37.53,127.1237
2025-01-06,개,믹스견,수컷,충청남도 논산시,논산시 동물보호센터,36.1868154,127.0987538
2025-01-06,개,믹스견,암컷,강원특별자치도 삼척시,삼척시동물보호센터,37.4498745,129.1652969
2025-01-06,개,믹스견,수컷,경상남도 양산시,양산시 동물보호센터,35.3349979,129.0370582
2025-01-06,개,믹스견,수컷,전라남도 장성군,장성군동물보호센터,35.3017065,126.7844061
2025-01-06,개,믹스견,암컷,전라남도 장성군,장성군동물보호센터,35.3017065,126.7844061
2025-01-06,개,믹스견,암컷,전라남도 장성군,장성군동물보호센터,35.3017065,126.7844061
2025-01-06,개,믹스견,수컷,전북특별자치도 군산시,군산유기동물보호센터,35.9679984,126.7369036
2025-01-06,개,믹스견,암컷,충청남도 금산군,제일동물병원,36.1087249,127.48815
2025-01-06,개,믹스견,암컷,충청남도 금산군,제일동물병원,36.1087249,127.48815
2025-01-06,개,믹스견,암컷,충청남도 금산군,제일동물병원,36.1087249,127.48815
2025-01-06,개,믹스견,수컷,충청남도 공주시,공주시 동물보호센터,36.47257,127.09124
2025-01-06,개,믹스견,수컷,강원특별자치도 속초시,속초시유기동물보호소,38.2069574,128.5913424
2025-01-06,고양이,한국 고양이,수컷,경기도 고양시,고양시동물보호센터,37.6581862,126.8319452
2025-01-06,개,믹스견,암컷,경기도 고양시,고양시동물보호센터,37.6581862,126.8319452
2025-01-06,개,믹스견,수컷,경상남도 산청군,산청동물보호센터,35.4154624,127.873663
2025-01-06,개,믹스견,수컷,경상남도 남해군,남해군동물보호센터,34.8374437,127.8925589
2025-01-06,개,믹스견,수컷,경상남도 남해군,남해군동물보호센터,34.8374437,127.8925589
2025-01-06,개,믹스견,암컷,경상북도 경산시,경산시유기동물보호소,35.825122,128.741329
2025-01-06,개,믹스견,암컷,경상북도 경산시,경산시유기동물보호소,35.825122,128.741329
2025-01-06,개,믹스견,암컷,경상북도 경산시,경산시유기동물보호소,35.825122,128.741329
2025-01-06,고양이,한국 고양이,수컷,경상북도 경산시,경산시유기동물보호소,35.825122,128.741329
2025-01-06,개,믹스견,암컷,전라남도 신안군,신안군유기동물보호소,34.8331095,126.3522531
2025-01-06,개,믹스견,암컷,전라남도 여수시,유기동물보호소,34.7546257,127.659859
2025-01-06,개,믹스견,암컷,충청남도 당진시,당진시동물보호소,36.8904083,126.6461833
2025-01-06,개,믹스견,암컷,충청북도 청주시,반려동물보호센터,36.6421169,127.4891742
2025-01-06,개,믹스견,수컷,강원특별자치도 동해시,동해시동물보호센터,37.5245142,129.1146302
2025-01-06,개,믹스견,수컷,강원특별자치도 원주시,원주시동물보호센터,37.3420996,127.9197603
2025-01-06,개,믹스견,수컷,강원특별자치도 원주시,원주시동물보호센터,37.3420996,127.9197603
2025-01-06,개,믹스견,암컷,경기도 용인시,용인시 동물보호센터,37.2405741,127.1785572
2025-01-06,고양이,한국 고양이,암컷,경기도 안산시,한국야생동물보호협회,37.3217152,126.8308604
2025-01-06,개,믹스견,수컷,경기도 광명시,한국야생동물보호협회,37.4810539,126.8631275
2025-01-06,개,믹스견,수컷,광주광역시 광주광역시,광주동물보호센터,35.1594647,126.8515034
2025-01-06,고양이,믹스묘,암컷,광주광역시 광주광역시,광주동물보호센터,35.1594647,126.8515034
2025-01-05,고양이,한국 고양이,암컷,경기도 구리시,구리반려동물문화센터,37.5935948,127.1297917
2025-01-05,고양이,한국 고양이,암컷,경기도 구리시,구리반려동물문화센터,37.5935948,127.1297917
2025-01-05,개,진도견,수컷,전북특별자치도 익산시,익산유기동물보호소,35.9479291,126.9578025
2025-01-05,개,진도견,암컷,충청남도 홍성군,금일동물보호센터,36.6010501,126.6611667
2025-01-05,개,말티즈,수컷,경기도 구리시,구리반려동물문화센터,37.5935948,127.1297917
2025-01-05,개,말티즈,수컷,경기도 구리시,구리반려동물문화센터,37.5935948,127.1297917
2025-01-05,개,믹스견,암컷,경기도 구리시,구리반려동물문화센터,37.5935948,127.1297917
2025-01-05,개,믹스견,암컷,경상북도 포항시,(사)영일동물플러스,36.0189315,129.3429384
2025-01-05,개,믹스견,암컷,충청남도 부여군,남부여동물보호소,36.2753678,126.910107
2025-01-05,개,믹스견,암컷,광주광역시 광주광역시,광주동물보호센터,35.1594647,126.8515034
2025-01-04,개,라이카,암컷,경상북도 영천시,영천유기동물보호센터,35.98842,128.942
2025-01-04,개,믹스견,암컷,경상북도 울진군,울진군동물보호센터,36.993,129.4006
2025-01-04,개,믹스견,암컷,경상북도 상주시,상주시 동물보호센터,36.4104478,128.1590614
2025-01-04,개,믹스견,수컷,경상북도 상주시,상주시 동물보호센터,36.4104478,128.1590614
2025-01-04,개,믹스견,암컷,전북특별자치도 군산시,군산유기동물보호센터,35.9679984,126.7369036
2025-01-04,개,사모예드,수컷,충청남도 아산시,아산동물복지지원센터,36.7899498,127.0026769
2025-01-04,개,믹스견,암컷,경상남도 창녕군,창녕 유기동물보호소,35.5443876,128.4921938
2025-01-04,개,진도견,암컷,광주광역시 광주광역시,광주동물보호센터,35.1594647,126.8515034
2025-01-04,개,믹스견,암컷,대구광역시 군위군,군위종합동물병원,36.2425017,128.5732027
2025-01-04,개,믹스견,수컷,대구광역시 군위군,군위종합동물병원,36.2425017,128.5732027
2025-01-04,개,믹스견,수컷,대구광역시 군위군,군위종합동물병원,36.2425017,128.5732027
2025-01-04,개,믹스견,수컷,대구광역시 군위군,군위종합동물병원,36.2425017,128.5732027
2025-01-04,개,믹스견,수컷,대구광역시 군위군,군위종합동물병원,36.2425017,128.5732027
2025-01-04,개,믹스견,수컷,대구광역시 군위군,군위종합동물병원,36.2425017,128.5732027
2025-01-04,개,믹스견,수컷,대구광역시 군위군,군위종합동물병원,36.2425017,128.5732027
2025-01-04,개,믹스견,수컷,대구광역시 군위군,군위종합동물병원,36.2425017,128.5732027
2025-01-04,개,믹스견,수컷,대구광역시 군위군,군위종합동물병원,36.2425017,128.5732027
2025-01-03,개,믹스견,암컷,강원특별자치도 인제군,인제군동물보호센터,38.0694,128.1706
2025-01-03,개,믹스견,수컷,전북특별자치도 익산시,익산유기동물보호소,35.9479291,126.9578025
2025-01-03,개,믹스견,수컷,전북특별자치도 익산시,익산유기동물보호소,35.9479291,126.9578025
2025-01-03,개,믹스견,암컷,전북특별자치도 익산시,익산유기동물보호소,35.9479291,126.9578025
2025-01-03,개,믹스견,암컷,충청남도 청양군,청양보호소,36.4587024,126.8019983
2025-01-03,고양이,믹스묘,수컷,대구광역시 군위군,군위종합동물병원,36.2425017,128.5732027
2025-01-03,개,믹스견,수컷,경상남도 거창군,나래동물병원,35.6872871,127.9138505
2025-01-03,개,믹스견,암컷,경상남도 거창군,나래동물병원,35.6872871,127.9138505
2025-01-03,개,믹스견,수컷,경상남도 거창군,나래동물병원,35.6872871,127.9138505
2025-01-03,개,믹스견,암컷,경상남도 창녕군,창녕 유기동물보호소,35.5443876,128.4921938
2025-01-03,개,믹스견,암컷,경상남도 통영시,통영시동물보호센터,34.854254,128.433205
2025-01-03,개,믹스견,수컷,경상남도 진주시,진주시동물보호센터,35.1803459,128.1079953
2025-01-03,개,믹스견,수컷,경상북도 포항시,(사)영일동물플러스,36.0189315,129.3429384
2025-01-03,개,믹스견,암컷,전라남도 장성군,장성군동물보호센터,35.3017065,126.7844061
2025-01-03,개,믹스견,암컷,전라남도 장성군,장성군동물보호센터,35.3017065,126.7844061
2025-01-03,개,믹스견,암컷,전라남도 영광군,영광동물보호센터,35.2769282,126.5124504
2025-01-03,개,믹스견,수컷,전라남도 광양시,광양시 임시보호소,34.9406452,127.6959512
2025-01-03,개,믹스견,암컷,전북특별자치도 부안군,부안군 동물보호센터,35.7316783,126.7330195
2025-01-03,개,진도견,암컷,충청북도 청주시,반려동물보호센터,36.6421169,127.4891742
2025-01-03,개,믹스견,암컷,강원특별자치도 동해시,동해시동물보호센터,37.5245142,129.1146302
2025-01-03,개,믹스견,암컷,강원특별자치도 동해시,동해시동물보호센터,37.5245142,129.1146302
2025-01-03,개,믹스견,수컷,경기도 광주시,광주TNR동물병원초월,37.4290844,127.255189
2025-01-03,개,믹스견,수컷,경기도 광주시,광주TNR동물병원초월,37.4290844,127.255189
2025-01-03,개,믹스견,수컷,경기도 광주시,광주TNR동물병원초월,37.4290844,127.255189
2025-01-03,개,믹스견,암컷,경기도 광주시,광주TNR동물병원초월,37.4290844,127.255189
2025-01-03,개,믹스견,암컷,경기도 광주시,광주TNR동물병원초월,37.4290844,127.255189
2025-01-03,개,믹스견,암컷,경기도 광주시,광주TNR동물병원초월,37.4290844,127.255189
2025-01-03,개,믹스견,수컷,경기도 화성시,화성동물보호센터,37.1994653,126.8312632
2025-01-03,개,믹스견,암컷,경기도 양평군,양평군유기동물보호소,37.4916,127.4875
2025-01-02,개,믹스견,암컷,경상북도 영천시,영천유기동물보호센터,35.98842,128.942
2025-01-02,개,푸들,수컷,대구광역시 군위군,군위종합동물병원,36.2425017,128.5732027
2025-01-02,개,믹스견,암컷,전라남도 해남군,해남유기동물보호센터,34.55269,126.52431
2025-01-02,개,믹스견,암컷,전라남도 해남군,해남유기동물보호센터,34.55269,126.52431
2025-01-02,개,믹스견,암컷,전라남도 담양군,담양군 동물보호센터,35.320878,126.9883238
2025-01-02,개,믹스견,수컷,전라남도 담양군,담양군 동물보호센터,35.320878,126.9883238
2025-01-02,개,믹스견,암컷,울산광역시 울주군,울산유기동물보호센터,35.5222362,129.2423693
2025-01-02,개,믹스견,수컷,울산광역시 울주군,울산유기동물보호센터,35.5222362,129.2423693
2025-01-02,고양이,한국 고양이,수컷,인천광역시 계양구,신영재동물병원,37.5373539,126.7379078
2025-01-02,개,믹스견,암컷,경상북도 청도군,청도군동물보호센터,35.6473012,128.7348468
2025-01-02,개,믹스견,암컷,전라남도 무안군,무안군유기동물보호소,34.9905794,126.4812377
2025-01-02,개,믹스견,암컷,전북특별자치도 정읍시,정읍시 동물보호소,35.5697678,126.8559787
2025-01-02,개,진도견,암컷,전북특별자치도 익산시,익산유기동물보호소,35.9479291,126.9578025
2025-01-02,개,장모치와와,수컷,충청남도 아산시,아산동물복지지원센터,36.7899498,127.0026769
2025-01-02,개,믹스견,수컷,충청남도 공주시,공주시 동물보호센터,36.47257,127.09124
2025-01-02,개,믹스견,수컷,강원특별자치도 강릉시,강릉시 동물사랑센터,37.7525313,128.8759523
2025-01-02,개,믹스견,수컷,강원특별자치도 원주시,원주시동물보호센터,37.3420996,127.9197603
2025-01-02,개,말티즈,수컷,경기도 시흥시,시흥동물누리보호센터,37.3798891,126.8032255
2025-01-01,개,믹스견,수컷,전북특별자치도 임실군,임실유기동물보호센터,35.6174,127.2893
2025-01-01,개,믹스견,수컷,전북특별자치도 임실군,임실유기동물보호센터,35.6174,127.2893
2025-01-01,개,믹스견,수컷,전북특별자치도 임실군,임실유기동물보호센터,35.6174,127.2893
2025-01-01,개,믹스견,암컷,충청남도 부여군,남부여동물보호소,36.2753678,126.910107
2025-01-01,개,믹스견,암컷,충청남도 논산시,논산시 동물보호센터,36.1868154,127.0987538
2025-01-01,개,믹스견,암컷,충청남도 논산시,논산시 동물보호센터,36.1868154,127.0987538
2025-01-01,개,믹스견,암컷,부산광역시 기장군,사단법인 동부,35.2447818,129.2215462
2025-01-01,개,믹스견,암컷,전라남도 완도군,유기동물임시보호센터,34.3110373,126.7553933
2025-01-01,개,믹스견,수컷,전라남도 완도군,유기동물임시보호센터,34.3110373,126.7553933
2025-01-01,개,믹스견,암컷,전라남도 무안군,무안군유기동물보호소,34.9905794,126.4812377
2025-01-01,개,믹스견,수컷,전북특별자치도 부안군,부안군 동물보호센터,35.7316783,126.7330195
2025-01-01,개,진도견,암컷,전북특별자치도 익산시,익산유기동물보호소,35.9479291,126.9578025
2025-01-01,고양이,한국 고양이,암컷,전북특별자치도 익산시,익산유기동물보호소,35.9479291,126.9578025
2025-01-01,개,믹스견,암컷,전북특별자치도 익산시,익산유기동물보호소,35.9479291,126.9578025
2025-01-01,개,믹스견,수컷,전북특별자치도 익산시,익산유기동물보호소,35.9479291,126.9578025
2025-01-01,개,믹스견,수컷,전북특별자치도 익산시,익산유기동물보호소,35.9479291,126.9578025
2025-01-01,개,믹스견,암컷,전북특별자치도 군산시,군산유기동물보호센터,35.9679984,126.7369036
2025-01-01,개,믹스견,암컷,강원특별자치도 원주시,원주시동물보호센터,37.3420996,127.9197603
2025-01-01,개,믹스견,암컷,울산광역시 울주군,울산유기동물보호센터,35.5222362,129.2423693
2025-01-01,개,믹스견,수컷,전라남도 순천시,순천시유기동물보호소,34.9505457,127.4872992
