received_date,animal_type,kind,sex,province,shelter
2025-05-15,고양이,한국 고양이,암컷,광주광역시 광산구,광주동물보호센터
2025-05-15,고양이,한국 고양이,암컷,광주광역시 남구,광주동물보호센터
2025-05-15,고양이,한국 고양이,수컷,광주광역시 동구,광주동물보호센터
2025-05-15,고양이,한국 고양이,수컷,광주광역시 동구,광주동물보호센터
2025-05-15,고양이,한국 고양이,수컷,광주광역시 동구,광주동물보호센터
2025-05-15,고양이,한국 고양이,수컷,광주광역시 동구,광주동물보호센터
2025-05-15,고양이,한국 고양이,암컷,광주광역시 동구,광주동물보호센터
2025-05-15,고양이,한국 고양이,수컷,광주광역시 동구,광주동물보호센터
2025-05-15,고양이,한국 고양이,암컷,광주광역시 광산구,광주동물보호센터
2025-05-15,개,믹스견,수컷,경상북도 문경시,종합축산
2025-05-15,개,믹스견,암컷,경기도 화성시,화성동물보호센터
2025-05-15,개,믹스견,암컷,경기도 화성시,화성동물보호센터
2025-05-15,개,믹스견,수컷,경기도 화성시,화성동물보호센터
2025-05-15,개,믹스견,수컷,경기도 화성시,화성동물보호센터
2025-05-15,개,믹스견,수컷,경기도 화성시,화성동물보호센터
2025-05-15,개,푸들,수컷,경기도 화성시,화성동물보호센터
2025-05-15,개,말티즈,수컷,경기도 시흥시,시흥동물누리보호센터
2025-05-15,고양이,한국 고양이,수컷,광주광역시 남구,광주동물보호센터
2025-05-15,고양이,한국 고양이,수컷,광주광역시 북구,광주동물보호센터
2025-05-15,개,믹스견,수컷,경상북도 문경시,종합축산
2025-05-14,고양이,한국 고양이,수컷,광주광역시 동구,광주동물보호센터
2025-05-14,고양이,한국 고양이,수컷,광주광역시 서구,광주동물보호센터
2025-05-14,고양이,한국 고양이,수컷,광주광역시 서구,광주동물보호센터
2025-05-14,고양이,한국 고양이,암컷,광주광역시 서구,광주동물보호센터
2025-05-13,고양이,한국 고양이,수컷,광주광역시 서구,광주동물보호센터
2025-05-13,고양이,한국 고양이,수컷,광주광역시 서구,광주동물보호센터
2025-05-13,고양이,한국 고양이,수컷,광주광역시 동구,광주동물보호센터
2025-05-13,고양이,한국 고양이,암컷,광주광역시 서구,광주동물보호센터
2025-05-13,개,믹스견,암컷,전북특별자치도 정읍시,정읍시 동물보호소
2025-05-13,개,믹스견,암컷,전북특별자치도 정읍시,정읍시 동물보호소
2025-05-13,개,믹스견,수컷,전북특별자치도 정읍시,정읍시 동물보호소
2025-05-13,개,믹스견,수컷,전북특별자치도 정읍시,정읍시 동물보호소
2025-05-13,개,믹스견,수컷,전북특별자치도 정읍시,정읍시 동물보호소
2025-05-13,고양이,한국 고양이,암컷,광주광역시 동구,광주동물보호센터
2025-05-13,고양이,한국 고양이,암컷,광주광역시 동구,광주동물보호센터
2025-05-13,고양이,한국 고양이,암컷,광주광역시 동구,광주동물보호센터
2025-05-12,개,말티즈,수컷,강원특별자치도 춘천시,춘천시 동물보호센터
2025-05-12,개,믹스견,암컷,충청남도 서산시,서산시 동물보호센터
2025-05-12,개,믹스견,암컷,경상북도 상주시,상주시 동물보호센터
2025-05-12,개,믹스견,수컷,경상북도 상주시,상주시 동물보호센터
2025-05-11,개,믹스견,수컷,대전광역시 서구,대전동물보호센터
2025-05-11,고양이,한국 고양이,수컷,광주광역시 남구,광주동물보호센터
2025-05-11,고양이,한국 고양이,암컷,광주광역시 남구,광주동물보호센터
2025-05-11,고양이,한국 고양이,암컷,광주광역시 남구,광주동물보호센터
2025-05-11,고양이,한국 고양이,암컷,광주광역시 남구,광주동물보호센터
2025-05-11,기타,토끼,암컷,광주광역시 서구,광주동물보호센터
2025-05-11,고양이,믹스묘,수컷,광주광역시 광산구,광주동물보호센터
2025-05-11,개,믹스견,암컷,경상북도 경산시,경산시유기동물보호소
2025-05-10,고양이,한국 고양이,수컷,광주광역시 서구,광주동물보호센터
2025-05-10,고양이,한국 고양이,수컷,광주광역시 서구,광주동물보호센터
2025-05-10,고양이,한국 고양이,암컷,광주광역시 서구,광주동물보호센터
2025-05-09,개,믹스견,암컷,제주특별자치도 제주특별자치도,제주 동물보호센터
2025-05-09,개,믹스견,수컷,제주특별자치도 제주특별자치도,제주 동물보호센터
2025-05-09,개,믹스견,암컷,제주특별자치도 제주특별자치도,제주 동물보호센터
2025-05-09,고양이,한국 고양이,수컷,광주광역시 서구,광주동물보호센터
2025-05-09,개,믹스견,암컷,경기도 남양주시,남양주시동물보호센터
2025-05-09,개,믹스견,수컷,경기도 남양주시,남양주시동물보호센터
2025-05-09,개,믹스견,수컷,경기도 남양주시,남양주시동물보호센터
2025-05-09,고양이,한국 고양이,암컷,광주광역시 서구,광주동물보호센터
2025-05-08,개,믹스견,암컷,대전광역시 서구,대전동물보호센터
2025-05-08,개,믹스견,암컷,대전광역시 서구,대전동물보호센터
2025-05-08,개,믹스견,수컷,대전광역시 서구,대전동물보호센터
2025-05-08,개,믹스견,암컷,대전광역시 서구,대전동물보호센터
2025-05-08,고양이,한국 고양이,암컷,광주광역시 광산구,광주동물보호센터
2025-05-08,고양이,한국 고양이,암컷,광주광역시 광산구,광주동물보호센터
2025-05-08,고양이,한국 고양이,암컷,광주광역시 광산구,광주동물보호센터
2025-05-08,고양이,한국 고양이,암컷,광주광역시 광산구,광주동물보호센터
2025-05-08,고양이,한국 고양이,암컷,광주광역시 광산구,광주동물보호센터
2025-05-08,개,진도견,암컷,충청남도 예산군,예산임시동물보호센터
2025-05-08,고양이,믹스묘,수컷,강원특별자치도 정선군,정선가축병원
2025-05-08,고양이,믹스묘,수컷,강원특별자치도 정선군,정선가축병원
2025-05-08,고양이,믹스묘,암컷,강원특별자치도 정선군,정선가축병원
2025-05-08,고양이,믹스묘,수컷,강원특별자치도 정선군,정선가축병원
2025-05-08,고양이,믹스묘,수컷,강원특별자치도 정선군,정선가축병원
2025-05-08,고양이,믹스묘,수컷,강원특별자치도 정선군,정선가축병원
2025-05-08,고양이,벵갈,암컷,경기도 화성시,화성동물보호센터
2025-05-07,개,믹스견,수컷,경상북도 영주시,영주시 동물보호센터
2025-05-07,고양이,한국 고양이,수컷,전북특별자치도 진안군,진안군유기동물보호소
2025-05-07,개,믹스견,암컷,충청남도 서산시,서산시 동물보호센터
2025-05-07,개,믹스견,암컷,충청남도 서산시,서산시 동물보호센터
2025-05-07,개,믹스견,암컷,충청남도 서산시,서산시 동물보호센터
2025-05-07,개,믹스견,수컷,충청남도 서산시,서산시 동물보호센터
2025-05-07,개,믹스견,암컷,전라남도 담양군,담양군 동물보호센터
2025-05-07,개,믹스견,수컷,전라남도 담양군,담양군 동물보호센터
2025-05-07,개,믹스견,수컷,경상남도 통영시,통영시동물보호센터
2025-05-07,개,말티즈,수컷,경상남도 통영시,통영시동물보호센터
2025-05-07,개,진도믹스견,암컷,경상북도 성주군,성주유기동물보호센터
2025-05-07,개,믹스견,암컷,충청남도 예산군,예산임시동물보호센터
2025-05-07,개,시베리안 허스키,수컷,충청북도 충주시,충주시동물보호센터
2025-05-07,개,믹스견,암컷,충청북도 충주시,충주시동물보호센터
2025-05-07,고양이,믹스묘,수컷,강원특별자치도 정선군,정선가축병원
2025-05-07,고양이,믹스묘,수컷,강원특별자치도 정선군,정선가축병원
2025-05-07,고양이,믹스묘,암컷,강원특별자치도 정선군,정선가축병원
2025-05-07,개,믹스견,수컷,강원특별자치도 정선군,정선가축병원
2025-05-07,개,믹스견,암컷,강원특별자치도 정선군,정선가축병원
2025-05-07,개,비숑 프리제,수컷,강원특별자치도 철원군,철원군
2025-05-07,고양이,한국 고양이,암컷,광주광역시 북구,광주동물보호센터
2025-05-07,고양이,한국 고양이,암컷,경기도 구리시,구리반려동물문화센터
2025-05-07,고양이,한국 고양이,암컷,경기도 구리시,구리반려동물문화센터
2025-05-07,개,믹스견,수컷,경기도 시흥시,시흥동물누리보호센터
2025-05-07,개,믹스견,암컷,경기도 시흥시,시흥동물누리보호센터
2025-05-07,개,믹스견,수컷,경기도 시흥시,시흥동물누리보호센터
2025-05-07,개,믹스견,수컷,경기도 시흥시,시흥동물누리보호센터
2025-05-07,개,믹스견,암컷,경기도 시흥시,시흥동물누리보호센터
2025-05-06,개,라브라도 리트리버,수컷,경상북도 칠곡군,칠곡유기동물보호센터
2025-05-06,개,믹스견,암컷,경상북도 칠곡군,칠곡유기동물보호센터
2025-05-06,개,믹스견,수컷,경상북도 칠곡군,칠곡유기동물보호센터
2025-05-06,개,믹스견,암컷,경상북도 성주군,성주유기동물보호센터
2025-05-06,개,믹스견,수컷,충청남도 당진시,당진시동물보호소
2025-05-06,개,믹스견,수컷,충청남도 당진시,당진시동물보호소
2025-05-06,고양이,한국 고양이,수컷,광주광역시 광산구,광주동물보호센터
2025-05-06,고양이,한국 고양이,암컷,광주광역시 광산구,광주동물보호센터
2025-05-06,고양이,한국 고양이,수컷,광주광역시 서구,광주동물보호센터
2025-05-06,고양이,한국 고양이,수컷,광주광역시 서구,광주동물보호센터
2025-05-06,고양이,한국 고양이,암컷,광주광역시 서구,광주동물보호센터
2025-05-05,개,믹스견,암컷,경상북도 상주시,상주시 동물보호센터
2025-05-05,개,믹스견,수컷,경상북도 경주시,경주동물사랑보호센터
2025-05-05,개,믹스견,암컷,경상북도 경주시,경주동물사랑보호센터
2025-05-05,개,믹스견,수컷,전라남도 목포시,목포시유기동물보호소
2025-05-05,개,믹스견,암컷,전라남도 목포시,목포시유기동물보호소
2025-05-05,개,믹스견,암컷,전라남도 목포시,목포시유기동물보호소
2025-05-05,개,믹스견,암컷,전북특별자치도 남원시,인월동물병원
2025-05-05,개,믹스견,암컷,전북특별자치도 남원시,하나동물병원
2025-05-05,고양이,한국 고양이,암컷,전북특별자치도 전주시,프렌즈동물병원
2025-05-05,개,믹스견,수컷,전북특별자치도 전주시,효자동물병원
2025-05-05,개,믹스견,수컷,충청남도 태안군,최동물병원
2025-05-05,개,믹스견,암컷,충청남도 예산군,예산임시동물보호센터
2025-05-05,개,믹스견,수컷,충청남도 예산군,예산임시동물보호센터
2025-05-05,개,믹스견,암컷,충청남도 예산군,예산임시동물보호센터
2025-05-05,고양이,믹스묘,수컷,충청북도 청주시,반려동물보호센터
2025-05-05,고양이,한국 고양이,수컷,경기도 여주시,위더스 동물보호센터
2025-05-05,고양이,한국 고양이,수컷,경기도 여주시,위더스 동물보호센터
2025-05-05,고양이,한국 고양이,암컷,경기도 여주시,위더스 동물보호센터
2025-05-05,개,보더 콜리,수컷,경기도 남양주시,남양주시동물보호센터
2025-05-05,기타,오리,미상,경기도 안산시,한국야생동물보호협회
2025-05-05,개,비숑 프리제,수컷,경기도 안양시,한국야생동물보호협회
2025-05-05,개,말티즈,암컷,울산광역시 북구,울산유기동물보호센터
2025-05-05,개,말티즈,암컷,울산광역시 북구,울산유기동물보호센터
2025-05-05,고양이,한국 고양이,암컷,광주광역시 광산구,광주동물보호센터
2025-05-05,고양이,한국 고양이,암컷,대구광역시 수성구,제니스동물병원
2025-05-05,고양이,한국 고양이,암컷,대구광역시 수성구,제니스동물병원
2025-05-05,고양이,한국 고양이,수컷,대구광역시 수성구,제니스동물병원
2025-05-05,고양이,한국 고양이,미상,대구광역시 서구,대구시수의사회(삼성)
2025-05-05,고양이,한국 고양이,미상,대구광역시 중구,대구시수의사회(동인)
2025-05-04,개,웰시 코기 카디건,암컷,경상북도 구미시,구미시 동물보호센터
2025-05-04,개,믹스견,암컷,전라남도 신안군,신안군유기동물보호소
2025-05-04,개,믹스견,암컷,전라남도 신안군,신안군유기동물보호소
2025-05-04,개,믹스견,수컷,전라남도 신안군,신안군유기동물보호소
2025-05-04,개,믹스견,수컷,전라남도 목포시,목포시유기동물보호소
2025-05-04,개,믹스견,암컷,충청북도 보은군,보은군동물보호센터
2025-05-04,개,믹스견,수컷,강원특별자치도 횡성군,횡성유기동물보호센터
2025-05-04,개,진도견,암컷,강원특별자치도 횡성군,횡성유기동물보호센터
2025-05-04,개,믹스견,수컷,울산광역시 울주군,울산유기동물보호센터
2025-05-04,고양이,한국 고양이,미상,울산광역시 북구,울산유기동물보호센터
2025-05-04,고양이,한국 고양이,수컷,대구광역시 북구,대구유기동물보호협회
2025-05-04,고양이,한국 고양이,수컷,대구광역시 북구,대구유기동물보호협회
2025-05-04,고양이,한국 고양이,수컷,대구광역시 북구,대구유기동물보호협회
2025-05-04,고양이,한국 고양이,암컷,대구광역시 북구,대구유기동물보호협회
2025-05-04,개,믹스견,암컷,경상남도 창원시,창원유기동물보호소
2025-05-04,개,믹스견,암컷,경상남도 창원시,창원유기동물보호소
2025-05-04,개,비숑 프리제,수컷,경상북도 상주시,상주시 동물보호센터
2025-05-04,고양이,한국 고양이,수컷,경상북도 포항시,(사)영일동물플러스
2025-05-04,개,믹스견,암컷,전라남도 나주시,나주유기동물보호센터
2025-05-04,개,믹스견,수컷,전라남도 나주시,나주유기동물보호센터
2025-05-04,개,치와와,암컷,전북특별자치도 진안군,진안군유기동물보호소
2025-05-04,개,믹스견,수컷,전북특별자치도 전주시,프렌즈동물병원
2025-05-04,고양이,한국 고양이,수컷,전북특별자치도 전주시,프렌즈동물병원
2025-05-04,고양이,한국 고양이,수컷,전북특별자치도 전주시,프렌즈동물병원
2025-05-04,고양이,한국 고양이,수컷,전북특별자치도 전주시,프렌즈동물병원
2025-05-04,고양이,한국 고양이,암컷,전북특별자치도 전주시,프렌즈동물병원
2025-05-04,고양이,스코티시폴드,암컷,전북특별자치도 전주시,행복한동물병원
2025-05-04,기타,토끼,수컷,전북특별자치도 전주시,데이지동물병원
2025-05-04,개,믹스견,수컷,충청북도 청주시,반려동물보호센터
2025-05-04,개,치와와,암컷,충청북도 청주시,반려동물보호센터
2025-05-04,개,믹스견,암컷,충청북도 청주시,반려동물보호센터
2025-05-04,개,믹스견,암컷,충청북도 청주시,반려동물보호센터
2025-05-04,개,믹스견,암컷,충청북도 청주시,반려동물보호센터
2025-05-04,개,믹스견,암컷,충청북도 청주시,반려동물보호센터
2025-05-04,개,믹스견,수컷,충청북도 청주시,반려동물보호센터
2025-05-04,고양이,한국 고양이,미상,경기도 부천시,24시아이동물메디컬
2025-05-04,개,보더 콜리,암컷,대구광역시 수성구,제니스동물병원
2025-05-04,고양이,한국 고양이,수컷,대구광역시 중구,대구시수의사회(삼덕)
2025-05-04,고양이,한국 고양이,암컷,대구광역시 중구,대구시수의사회(삼덕)
2025-05-04,개,믹스견,수컷,서울특별시 서대문구,내품애센터
2025-05-04,고양이,한국 고양이,수컷,광주광역시 북구,광주동물보호센터
2025-05-03,개,믹스견,암컷,경상북도 문경시,종합축산
2025-05-03,고양이,한국 고양이,미상,대구광역시 서구,대구시수의사회(삼성)
2025-05-03,개,믹스견,수컷,경상북도 김천시,김천시 동물보호센터
2025-05-03,개,믹스견,암컷,전라남도 신안군,신안군유기동물보호소
2025-05-03,고양이,한국 고양이,수컷,전라남도 순천시,대한동물사랑협회
2025-05-03,개,믹스견,암컷,충청남도 당진시,당진시동물보호소
2025-05-03,개,푸들,수컷,경기도 고양시,고양시동물보호센터
2025-05-03,개,말티즈,암컷,광주광역시 남구,광주동물보호센터
2025-05-03,고양이,한국 고양이,수컷,대구광역시 중구,대구시수의사회(삼덕)
2025-05-03,고양이,한국 고양이,암컷,대구광역시 중구,대구시수의사회(삼덕)
2025-05-03,개,믹스견,수컷,경상남도 창녕군,창녕 유기동물보호소
2025-05-03,개,믹스견,암컷,경상남도 창녕군,창녕 유기동물보호소
2025-05-03,개,믹스견,수컷,경상북도 상주시,상주시 동물보호센터
2025-05-03,개,믹스견,수컷,전라남도 나주시,나주유기동물보호센터
2025-05-03,개,믹스견,암컷,전북특별자치도 남원시,청원동물병원
2025-05-03,고양이,페르시안,수컷,전북특별자치도 전주시,행복한동물병원
2025-05-03,개,진도견,수컷,전북특별자치도 전주시,행복한동물병원
2025-05-03,개,믹스견,암컷,충청남도 태안군,최동물병원
2025-05-03,개,믹스견,수컷,충청남도 부여군,남부여동물보호소
2025-05-03,개,말티즈,수컷,충청북도 청주시,반려동물보호센터
2025-05-03,개,믹스견,수컷,충청북도 음성군,금왕동물병원
2025-05-03,개,믹스견,암컷,충청북도 음성군,금왕동물병원
2025-05-03,개,믹스견,암컷,충청북도 음성군,금왕동물병원
2025-05-03,개,믹스견,암컷,강원특별자치도 춘천시,춘천시 동물보호센터
2025-05-03,개,푸들,수컷,경기도 여주시,위더스 동물보호센터
2025-05-03,개,푸들,암컷,경기도 여주시,위더스 동물보호센터
2025-05-03,개,저먼 포인터,수컷,경기도 이천시,위더스 동물보호센터
2025-05-03,개,풍산견,암컷,경기도 이천시,위더스 동물보호센터
2025-05-03,개,풍산견,수컷,경기도 이천시,위더스 동물보호센터
2025-05-03,개,믹스견,수컷,경기도 이천시,위더스 동물보호센터
2025-05-03,고양이,한국 고양이,암컷,경기도 구리시,구리반려동물문화센터
2025-05-03,고양이,한국 고양이,암컷,경기도 구리시,구리반려동물문화센터
2025-05-03,고양이,한국 고양이,암컷,경기도 구리시,구리반려동물문화센터
2025-05-03,고양이,한국 고양이,수컷,경기도 구리시,구리반려동물문화센터
2025-05-03,개,비숑 프리제,암컷,경기도 고양시,고양시동물보호센터
2025-05-03,개,포메라니안,수컷,경기도 안산시,한국야생동물보호협회
2025-05-03,고양이,한국 고양이,수컷,경기도 부천시,24시아이동물메디컬
2025-05-03,고양이,한국 고양이,암컷,대구광역시 수성구,제니스동물병원
2025-05-03,개,시바,수컷,대구광역시 수성구,멘토동물병원
2025-05-03,고양이,한국 고양이,암컷,대구광역시 중구,대구시수의사회(동산)
2025-05-03,고양이,한국 고양이,수컷,대구광역시 중구,대구시수의사회(동산)
2025-05-03,기타,토끼,미상,서울특별시 동대문구,동대문구청
2025-05-03,개,믹스견,암컷,서울특별시 동대문구,동대문구청
2025-05-03,고양이,한국 고양이,암컷,서울특별시 동대문구,동대문구청
2025-05-03,개,푸들,수컷,서울특별시 종로구,한국동물구조관리협회
2025-05-02,개,믹스견,암컷,울산광역시 울주군,울산유기동물보호센터
2025-05-02,개,스피츠,암컷,울산광역시 울주군,울산유기동물보호센터
2025-05-02,고양이,한국 고양이,암컷,전라남도 순천시,대한동물사랑협회
2025-05-02,개,믹스견,수컷,인천광역시 중구,신공항동물병원
2025-05-02,개,말티즈,수컷,서울특별시 은평구,한국동물구조관리협회
2025-05-02,개,믹스견,수컷,제주특별자치도 제주특별자치도,제주 동물보호센터
2025-05-02,개,믹스견,암컷,제주특별자치도 제주특별자치도,제주 동물보호센터
2025-05-02,개,믹스견,암컷,제주특별자치도 제주특별자치도,제주 동물보호센터
2025-05-02,개,믹스견,암컷,제주특별자치도 제주특별자치도,제주 동물보호센터
2025-05-02,개,믹스견,암컷,제주특별자치도 제주특별자치도,제주 동물보호센터
2025-05-02,개,믹스견,암컷,제주특별자치도 제주특별자치도,제주 동물보호센터
2025-05-02,개,믹스견,수컷,제주특별자치도 제주특별자치도,제주 동물보호센터
2025-05-02,개,믹스견,수컷,제주특별자치도 제주특별자치도,제주 동물보호센터
2025-05-02,개,믹스견,수컷,제주특별자치도 제주특별자치도,제주 동물보호센터
2025-05-02,개,믹스견,암컷,제주특별자치도 제주특별자치도,제주 동물보호센터
2025-05-02,개,믹스견,수컷,제주특별자치도 제주특별자치도,제주 동물보호센터
2025-05-02,개,믹스견,암컷,제주특별자치도 제주특별자치도,제주 동물보호센터
2025-05-02,개,믹스견,수컷,제주특별자치도 제주특별자치도,제주 동물보호센터
2025-05-02,개,믹스견,암컷,전라남도 나주시,나주유기동물보호센터
2025-05-02,개,믹스견,암컷,전라남도 나주시,나주유기동물보호센터
2025-05-02,개,믹스견,수컷,전라남도 나주시,나주유기동물보호센터
2025-05-02,개,믹스견,수컷,전라남도 나주시,나주유기동물보호센터
2025-05-02,고양이,한국 고양이,암컷,경기도 포천시,한국동물구조관리협회
2025-05-02,개,도사 믹스견,수컷,경기도 포천시,한국동물구조관리협회
2025-05-02,고양이,한국 고양이,수컷,경기도 포천시,한국동물구조관리협회
2025-05-02,개,믹스견,수컷,경기도 포천시,한국동물구조관리협회
2025-05-02,개,믹스견,수컷,경기도 포천시,한국동물구조관리협회
2025-05-02,고양이,한국 고양이,수컷,경기도 김포시,한국동물구조관리협회
2025-05-02,개,믹스견,수컷,경기도 김포시,한국동물구조관리협회
2025-05-02,개,믹스견,암컷,경기도 김포시,한국동물구조관리협회
2025-05-02,개,믹스견,암컷,경기도 김포시,한국동물구조관리협회
2025-05-02,개,믹스견,암컷,경기도 김포시,한국동물구조관리협회
2025-05-02,개,믹스견,수컷,경기도 파주시,한국동물구조관리협회
2025-05-02,고양이,믹스묘,암컷,경기도 남양주시,남양주시동물보호센터
2025-05-02,개,믹스견,수컷,울산광역시 울주군,울산유기동물보호센터
2025-05-02,개,믹스견,수컷,울산광역시 울주군,울산유기동물보호센터
2025-05-02,개,달마시안,수컷,울산광역시 울주군,울산유기동물보호센터
2025-05-02,고양이,한국 고양이,암컷,울산광역시 동구,울산유기동물보호센터
2025-05-02,고양이,한국 고양이,미상,울산광역시 동구,울산유기동물보호센터
2025-05-02,고양이,한국 고양이,미상,울산광역시 동구,울산유기동물보호센터
2025-05-02,고양이,한국 고양이,암컷,울산광역시 동구,울산유기동물보호센터
2025-05-02,고양이,한국 고양이,수컷,울산광역시 동구,울산유기동물보호센터
2025-05-02,고양이,한국 고양이,암컷,서울특별시 송파구,한국동물구조관리협회
2025-05-02,개,푸들,암컷,서울특별시 영등포구,한국동물구조관리협회
2025-05-02,고양이,아메리칸 쇼트헤어,암컷,서울특별시 영등포구,한국동물구조관리협회
2025-05-02,고양이,한국 고양이,수컷,서울특별시 강서구,한국동물구조관리협회
2025-05-02,개,믹스견,수컷,서울특별시 서대문구,한국동물구조관리협회
2025-05-02,고양이,한국 고양이,미상,제주특별자치도 제주특별자치도,제주 동물보호센터
2025-05-02,고양이,한국 고양이,미상,제주특별자치도 제주특별자치도,제주 동물보호센터
2025-05-02,개,믹스견,수컷,제주특별자치도 제주특별자치도,제주 동물보호센터
2025-05-02,개,믹스견,암컷,제주특별자치도 제주특별자치도,제주 동물보호센터
2025-05-02,개,믹스견,암컷,제주특별자치도 제주특별자치도,제주 동물보호센터
2025-05-02,개,믹스견,암컷,제주특별자치도 제주특별자치도,제주 동물보호센터
2025-05-02,개,믹스견,암컷,제주특별자치도 제주특별자치도,제주 동물보호센터
2025-05-02,개,믹스견,수컷,제주특별자치도 제주특별자치도,제주 동물보호센터
2025-05-02,개,믹스견,수컷,제주특별자치도 제주특별자치도,제주 동물보호센터
2025-05-02,개,믹스견,수컷,제주특별자치도 제주특별자치도,제주 동물보호센터
2025-05-02,개,믹스견,수컷,제주특별자치도 제주특별자치도,제주 동물보호센터
2025-05-02,개,믹스견,암컷,제주특별자치도 제주특별자치도,제주 동물보호센터
2025-05-02,개,믹스견,수컷,제주특별자치도 제주특별자치도,제주 동물보호센터
2025-05-02,개,믹스견,암컷,제주특별자치도 제주특별자치도,제주 동물보호센터
2025-05-02,개,믹스견,수컷,제주특별자치도 제주특별자치도,제주 동물보호센터
2025-05-02,개,믹스견,암컷,제주특별자치도 제주특별자치도,제주 동물보호센터
2025-05-02,개,믹스견,수컷,제주특별자치도 제주특별자치도,제주 동물보호센터
2025-05-02,개,믹스견,수컷,제주특별자치도 제주특별자치도,제주 동물보호센터
2025-05-02,개,믹스견,수컷,제주특별자치도 제주특별자치도,제주 동물보호센터
2025-05-02,개,믹스견,암컷,제주특별자치도 제주특별자치도,제주 동물보호센터
2025-05-02,개,믹스견,수컷,세종특별자치시 세종특별자치시,세종유기동물보호센터
2025-05-02,개,믹스견,수컷,세종특별자치시 세종특별자치시,세종유기동물보호센터
2025-05-02,개,믹스견,암컷,경상남도 남해군,남해군동물보호센터
2025-05-02,개,믹스견,암컷,경상남도 남해군,남해군동물보호센터
2025-05-02,개,믹스견,수컷,경상남도 남해군,남해군동물보호센터
2025-05-02,개,믹스견,수컷,경상남도 남해군,남해군동물보호센터
2025-05-02,개,믹스견,암컷,경상남도 남해군,남해군동물보호센터
2025-05-02,개,믹스견,암컷,경상남도 남해군,남해군동물보호센터
2025-05-02,개,믹스견,수컷,경상남도 남해군,남해군동물보호센터
2025-05-02,개,말티즈,암컷,경상남도 창원시,진해유기동물보호소
2025-05-02,개,믹스견,암컷,경상남도 창원시,진해유기동물보호소
2025-05-02,개,믹스견,수컷,경상남도 진주시,진주시동물보호센터
2025-05-02,개,믹스견,암컷,경상남도 진주시,진주시동물보호센터
2025-05-02,개,믹스견,수컷,경상남도 진주시,진주시동물보호센터
2025-05-02,개,믹스견,암컷,경상남도 진주시,진주시동물보호센터
2025-05-02,개,믹스견,수컷,경상남도 진주시,진주시동물보호센터
2025-05-02,개,믹스견,수컷,경상남도 진주시,진주시동물보호센터
2025-05-02,개,믹스견,암컷,경상북도 영덕군,영덕유기동물보호센터
2025-05-02,개,믹스견,수컷,경상북도 영덕군,영덕유기동물보호센터
2025-05-02,개,믹스견,암컷,경상북도 영덕군,영덕유기동물보호센터
2025-05-02,개,믹스견,암컷,경상북도 영덕군,영덕유기동물보호센터
2025-05-02,개,믹스견,암컷,경상북도 청송군,점곡동물보호센터
2025-05-02,고양이,한국 고양이,미상,경상북도 경산시,경산시유기동물보호소
2025-05-02,고양이,한국 고양이,암컷,경상북도 경산시,경산시유기동물보호소
2025-05-02,고양이,한국 고양이,수컷,경상북도 경산시,경산시유기동물보호소
2025-05-02,고양이,한국 고양이,수컷,경상북도 경산시,경산시유기동물보호소
2025-05-02,고양이,한국 고양이,수컷,경상북도 경산시,경산시유기동물보호소
2025-05-02,고양이,한국 고양이,수컷,경상북도 경산시,경산시유기동물보호소
2025-05-02,고양이,한국 고양이,수컷,경상북도 경산시,경산시유기동물보호소
2025-05-02,개,믹스견,수컷,경상북도 문경시,종합축산
2025-05-02,개,라이카,수컷,경상북도 구미시,구미시 동물보호센터
2025-05-02,개,믹스견,암컷,경상북도 경주시,경주동물사랑보호센터
2025-05-02,개,믹스견,수컷,전라남도 무안군,무안군유기동물보호소
2025-05-02,개,믹스견,수컷,전라남도 보성군,보성유기동물보호센터
2025-05-02,개,믹스견,암컷,전라남도 여수시,유기동물보호소
2025-05-02,개,믹스견,수컷,전북특별자치도 정읍시,정읍시 동물보호소
2025-05-02,개,믹스견,암컷,전북특별자치도 익산시,익산유기동물보호소
2025-05-02,개,믹스견,암컷,전북특별자치도 익산시,익산유기동물보호소
2025-05-02,개,믹스견,수컷,전북특별자치도 익산시,익산유기동물보호소
2025-05-02,개,믹스견,수컷,전북특별자치도 익산시,익산유기동물보호소
2025-05-02,고양이,한국 고양이,수컷,전북특별자치도 전주시,행복한동물병원
2025-05-02,고양이,한국 고양이,수컷,전북특별자치도 전주시,행복한동물병원
2025-05-02,개,믹스견,암컷,충청남도 계룡시,주동물병원
2025-05-02,개,믹스견,수컷,충청남도 서산시,서산시 동물보호센터
2025-05-02,개,믹스견,수컷,충청남도 서산시,서산시 동물보호센터
2025-05-02,개,믹스견,암컷,충청남도 서산시,서산시 동물보호센터
2025-05-02,개,믹스견,암컷,충청남도 공주시,공주시 동물보호센터
2025-05-02,개,푸들,암컷,충청북도 옥천군,옥천동물병원
2025-05-02,개,믹스견,암컷,충청북도 충주시,충주시동물보호센터
2025-05-02,고양이,믹스묘,수컷,강원특별자치도 정선군,정선가축병원
2025-05-02,개,믹스견,수컷,강원특별자치도 정선군,정선가축병원
2025-05-02,개,믹스견,수컷,강원특별자치도 정선군,정선가축병원
2025-05-02,개,믹스견,수컷,강원특별자치도 정선군,정선가축병원
2025-05-02,개,믹스견,암컷,강원특별자치도 정선군,정선가축병원
2025-05-02,개,믹스견,암컷,강원특별자치도 춘천시,춘천시 동물보호센터
2025-05-02,개,믹스견,암컷,강원특별자치도 춘천시,춘천시 동물보호센터
2025-05-02,고양이,한국 고양이,암컷,경기도 광주시,광주TNR동물병원송정
2025-05-02,개,불독,암컷,경기도 화성시,화성동물보호센터
2025-05-02,개,믹스견,암컷,경기도 화성시,화성동물보호센터
2025-05-02,개,믹스견,암컷,경기도 화성시,화성동물보호센터
2025-05-02,개,푸들,암컷,경기도 화성시,화성동물보호센터
2025-05-02,개,믹스견,수컷,경기도 가평군,가평군유기동물보호소
2025-05-02,개,믹스견,수컷,경기도 가평군,가평군유기동물보호소
2025-05-02,개,믹스견,수컷,경기도 가평군,가평군유기동물보호소
2025-05-02,개,믹스견,수컷,경기도 가평군,가평군유기동물보호소
2025-05-02,개,믹스견,암컷,경기도 가평군,가평군유기동물보호소
2025-05-02,개,믹스견,수컷,경기도 가평군,가평군유기동물보호소
2025-05-02,개,믹스견,암컷,경기도 가평군,가평군유기동물보호소
2025-05-02,개,믹스견,암컷,경기도 안성시,안성시 동물보호센터
2025-05-02,개,푸들,수컷,경기도 안성시,안성시 동물보호센터
2025-05-02,개,믹스견,암컷,경기도 용인시,용인시 동물보호센터
2025-05-02,고양이,한국 고양이,암컷,경기도 안산시,한국야생동물보호협회
2025-05-02,개,믹스견,암컷,경기도 안산시,한국야생동물보호협회
2025-05-02,개,믹스견,암컷,경기도 안산시,한국야생동물보호협회
2025-05-02,개,믹스견,암컷,경기도 안산시,한국야생동물보호협회
2025-05-02,개,믹스견,수컷,경기도 안산시,한국야생동물보호협회
2025-05-02,고양이,브리티시 쇼트헤어,수컷,경기도 평택시,평택시유기동물보호소
2025-05-02,고양이,믹스묘,수컷,경기도 평택시,평택시유기동물보호소
2025-05-02,개,믹스견,수컷,경기도 평택시,평택시유기동물보호소
2025-05-02,고양이,스코티시폴드,수컷,경기도 부천시,24시아이동물메디컬
2025-05-02,기타,토끼,미상,경기도 안양시,한국야생동물보호협회
2025-05-02,고양이,한국 고양이,암컷,경기도 안양시,한국야생동물보호협회
2025-05-02,개,믹스견,암컷,경기도 성남시,펫앤쉘터동물병원
2025-05-02,개,믹스견,수컷,경기도 수원시,수원시 동물보호센터
2025-05-02,개,믹스견,수컷,광주광역시 광산구,첨단우리동물병원
2025-05-02,개,믹스견,수컷,광주광역시 광산구,첨단우리동물병원
2025-05-02,고양이,믹스묘,수컷,광주광역시 광산구,첨단우리동물병원
2025-05-02,개,믹스견,수컷,광주광역시 서구,광주동물보호센터
2025-05-02,고양이,한국 고양이,암컷,인천광역시 서구,우리동물병원
2025-05-02,고양이,한국 고양이,암컷,인천광역시 부평구,늘푸른동물병원
2025-05-02,개,믹스견,미상,대구광역시 달성군,동인동물병원
2025-05-02,개,믹스견,미상,대구광역시 달성군,동인동물병원
2025-05-02,개,믹스견,미상,대구광역시 달성군,동인동물병원
2025-05-02,개,믹스견,미상,대구광역시 달성군,동인동물병원
2025-05-02,개,믹스견,미상,대구광역시 달성군,동인동물병원
2025-05-02,개,믹스견,미상,대구광역시 달성군,동인동물병원
2025-05-02,개,믹스견,미상,대구광역시 달성군,동인동물병원
2025-05-02,개,믹스견,미상,대구광역시 달성군,동인동물병원
2025-05-02,개,믹스견,암컷,대구광역시 달성군,동인동물병원
2025-05-02,개,진도견,암컷,대구광역시 수성구,금강동물병원
2025-05-02,고양이,한국 고양이,수컷,부산광역시 사상구,(사)하얀비둘기
2025-05-02,고양이,한국 고양이,암컷,부산광역시 사상구,(사)하얀비둘기
2025-05-02,고양이,한국 고양이,암컷,부산광역시 사상구,(사)하얀비둘기
2025-05-02,개,비숑 프리제,수컷,서울특별시 서초구,서초동물사랑센터
2025-05-02,고양이,한국 고양이,수컷,서울특별시 동대문구,동대문구청
2025-05-02,고양이,한국 고양이,미상,서울특별시 동대문구,동대문구청
2025-05-02,고양이,한국 고양이,암컷,서울특별시 동대문구,동대문구청
2025-05-02,개,푸들,암컷,인천광역시 부평구,늘푸른동물병원
2025-05-02,개,프렌치 불독,수컷,경상북도 구미시,구미시 동물보호센터
2025-05-02,개,프렌치 불독,수컷,경상북도 구미시,구미시 동물보호센터
2025-05-02,개,프렌치 불독,암컷,경상북도 구미시,구미시 동물보호센터
2025-05-02,개,프렌치 불독,수컷,경상북도 구미시,구미시 동물보호센터
2025-05-02,개,프렌치 불독,암컷,경상북도 구미시,구미시 동물보호센터
2025-05-02,개,프렌치 불독,암컷,경상북도 구미시,구미시 동물보호센터
2025-05-02,개,프렌치 불독,암컷,경상북도 구미시,구미시 동물보호센터
2025-05-02,개,프렌치 불독,암컷,경상북도 구미시,구미시 동물보호센터
2025-05-02,개,프렌치 불독,암컷,경상북도 구미시,구미시 동물보호센터
2025-05-02,개,프렌치 불독,수컷,경상북도 구미시,구미시 동물보호센터
2025-05-02,개,프렌치 불독,암컷,경상북도 구미시,구미시 동물보호센터
2025-05-02,개,프렌치 불독,암컷,경상북도 구미시,구미시 동물보호센터
2025-05-02,개,프렌치 불독,수컷,경상북도 구미시,구미시 동물보호센터
2025-05-01,고양이,페르시안,암컷,강원특별자치도 원주시,원주시동물보호센터
2025-05-01,고양이,믹스묘,수컷,경기도 남양주시,남양주시동물보호센터
2025-05-01,개,믹스견,수컷,경상남도 남해군,남해군동물보호센터
2025-05-01,개,믹스견,수컷,경상남도 남해군,남해군동물보호센터
2025-05-01,개,믹스견,수컷,경상남도 남해군,남해군동물보호센터
2025-05-01,개,믹스견,수컷,경상남도 양산시,양산시 동물보호센터
2025-05-01,개,믹스견,수컷,경상남도 양산시,양산시 동물보호센터
2025-05-01,개,화이트리트리버,암컷,경상남도 김해시,(사)동물보호관리협회
2025-05-01,개,믹스견,수컷,경상북도 울진군,울진군동물보호센터
2025-05-01,개,믹스견,암컷,경상북도 울진군,울진군동물보호센터
2025-05-01,개,믹스견,암컷,전라남도 완도군,유기동물임시보호센터
2025-05-01,개,믹스견,암컷,전라남도 완도군,유기동물임시보호센터
2025-05-01,개,믹스견,수컷,전북특별자치도 익산시,익산유기동물보호소
2025-05-01,개,믹스견,수컷,전북특별자치도 익산시,익산유기동물보호소
2025-05-01,개,믹스견,암컷,전북특별자치도 익산시,익산유기동물보호소
2025-05-01,개,믹스견,수컷,전북특별자치도 익산시,익산유기동물보호소
2025-05-01,개,믹스견,수컷,충청남도 부여군,남부여동물보호소
2025-05-01,개,믹스견,수컷,경기도 김포시,한국동물구조관리협회
2025-05-01,개,믹스견,암컷,경기도 김포시,한국동물구조관리협회
2025-05-01,개,믹스견,수컷,경기도 김포시,한국동물구조관리협회
2025-05-01,개,믹스견,수컷,경기도 김포시,한국동물구조관리협회
2025-05-01,고양이,한국 고양이,암컷,경기도 파주시,한국동물구조관리협회
2025-05-01,고양이,한국 고양이,암컷,경기도 파주시,한국동물구조관리협회
2025-05-01,개,믹스견,암컷,경기도 파주시,한국동물구조관리협회
2025-05-01,개,믹스견,암컷,경기도 의왕시,한국야생동물보호협회
2025-05-01,개,믹스견,암컷,경기도 의왕시,한국야생동물보호협회
2025-05-01,개,믹스견,수컷,경기도 의왕시,한국야생동물보호협회
2025-05-01,개,믹스견,수컷,경기도 의왕시,한국야생동물보호협회
2025-05-01,고양이,한국 고양이,미상,울산광역시 울주군,울산유기동물보호센터
2025-05-01,개,믹스견,암컷,울산광역시 울주군,울산유기동물보호센터
2025-05-01,개,믹스견,미상,대전광역시 대덕구,대전동물보호센터
2025-05-01,고양이,한국 고양이,미상,대전광역시 대덕구,대전동물보호센터
2025-05-01,개,말티즈,암컷,광주광역시 광산구,광주동물보호센터
2025-05-01,고양이,한국 고양이,수컷,인천광역시 부평구,조재진동물병원
2025-05-01,고양이,믹스묘,암컷,부산광역시 수영구,(사)동부동물보호협회
2025-05-01,고양이,믹스묘,수컷,부산광역시 금정구,동부동물보호협회
2025-05-01,개,믹스견,수컷,부산광역시 금정구,동부동물보호협회
2025-05-01,고양이,한국 고양이,미상,부산광역시 북구,부산동물보호센터
2025-05-01,개,믹스견,수컷,부산광역시 중구,부산동물보호센터
2025-05-01,개,포메라니안,수컷,부산광역시 중구,부산동물보호센터
2025-05-01,개,시베리안 허스키,수컷,서울특별시 송파구,한국동물구조관리협회
2025-05-01,개,말티즈,암컷,서울특별시 동대문구,한국동물구조관리협회
2025-05-01,개,믹스견,암컷,경상남도 창원시,창원유기동물보호소
2025-05-01,개,믹스견,암컷,경상남도 창원시,창원유기동물보호소
2025-05-01,고양이,한국 고양이,미상,경상남도 거창군,나래동물병원
2025-05-01,고양이,한국 고양이,미상,경상남도 거창군,나래동물병원
2025-05-01,개,믹스견,수컷,경상남도 거창군,나래동물병원
2025-05-01,개,믹스견,암컷,경상남도 거창군,나래동물병원
2025-05-01,개,믹스견,암컷,경상북도 청도군,청도군동물보호센터
2025-05-01,개,믹스견,암컷,경상북도 청도군,청도군동물보호센터
2025-05-01,개,믹스견,수컷,경상북도 청도군,청도군동물보호센터
2025-05-01,개,믹스견,수컷,경상북도 청도군,청도군동물보호센터
2025-05-01,개,믹스견,암컷,경상북도 청도군,청도군동물보호센터
2025-05-01,개,믹스견,암컷,경상북도 청송군,점곡동물보호센터
2025-05-01,개,믹스견,암컷,경상북도 경산시,경산시유기동물보호소
2025-05-01,개,믹스견,암컷,경상북도 경산시,경산시유기동물보호소
2025-05-01,개,믹스견,수컷,경상북도 경산시,경산시유기동물보호소
2025-05-01,개,믹스견,수컷,경상북도 경산시,경산시유기동물보호소
2025-05-01,개,믹스견,암컷,경상북도 경산시,경산시유기동물보호소
2025-05-01,개,말티즈,수컷,경상북도 구미시,반려동물 입양센터
2025-05-01,개,믹스견,수컷,전라남도 함평군,학교임시동물보호센터
2025-05-01,고양이,한국 고양이,수컷,전라남도 나주시,나주유기동물보호센터
2025-05-01,고양이,한국 고양이,수컷,전라남도 나주시,나주유기동물보호센터
2025-05-01,고양이,한국 고양이,암컷,전라남도 나주시,나주유기동물보호센터
2025-05-01,개,믹스견,암컷,전라남도 나주시,나주유기동물보호센터
2025-05-01,개,믹스견,암컷,전북특별자치도 고창군,더나은동물병원
2025-05-01,개,믹스견,수컷,전북특별자치도 고창군,더나은동물병원
2025-05-01,개,믹스견,암컷,전북특별자치도 고창군,더나은동물병원
2025-05-01,개,진도견,암컷,전북특별자치도 익산시,익산유기동물보호소
2025-05-01,고양이,한국 고양이,암컷,전북특별자치도 익산시,익산유기동물보호소
2025-05-01,고양이,한국 고양이,수컷,전북특별자치도 익산시,익산유기동물보호소
2025-05-01,개,믹스견,수컷,전북특별자치도 익산시,익산유기동물보호소
2025-05-01,개,믹스견,수컷,전북특별자치도 익산시,익산유기동물보호소
2025-05-01,개,믹스견,수컷,전북특별자치도 익산시,익산유기동물보호소
2025-05-01,개,프렌치 불독,수컷,전북특별자치도 전주시,프렌즈동물병원
2025-05-01,개,말티푸,수컷,충청남도 예산군,예산임시동물보호센터
2025-05-01,개,말티푸,수컷,충청남도 예산군,예산임시동물보호센터
2025-05-01,개,믹스견,수컷,충청남도 서천군,서천군유기동물보호소
2025-05-01,개,믹스견,암컷,충청남도 서천군,서천군유기동물보호소
2025-05-01,개,믹스견,수컷,충청남도 서천군,서천군유기동물보호소
2025-05-01,개,믹스견,수컷,충청남도 서천군,서천군유기동물보호소
2025-05-01,개,믹스견,암컷,충청남도 서천군,서천군유기동물보호소
2025-05-01,고양이,한국 고양이,수컷,충청남도 서산시,서산시 동물보호센터
2025-05-01,개,믹스견,수컷,충청남도 서산시,서산시 동물보호센터
2025-05-01,개,믹스견,수컷,충청남도 천안시,천안시 동물보호센터
2025-05-01,개,믹스견,수컷,충청북도 청주시,반려동물보호센터
2025-05-01,고양이,믹스묘,암컷,충청북도 음성군,금왕동물병원
2025-05-01,고양이,믹스묘,암컷,충청북도 음성군,금왕동물병원
2025-05-01,고양이,믹스묘,암컷,충청북도 음성군,금왕동물병원
2025-05-01,고양이,믹스묘,수컷,충청북도 음성군,금왕동물병원
2025-05-01,고양이,믹스묘,수컷,충청북도 음성군,금왕동물병원
2025-05-01,개,믹스견,수컷,경기도 광주시,광주TNR동물병원초월
2025-05-01,고양이,한국 고양이,수컷,경기도 광주시,광주TNR동물병원송정
2025-05-01,고양이,한국 고양이,암컷,경기도 광주시,광주TNR동물병원송정
2025-05-01,고양이,한국 고양이,암컷,경기도 광주시,광주TNR동물병원송정
2025-05-01,고양이,러시안 블루,암컷,경기도 이천시,위더스 동물보호센터
2025-05-01,고양이,아메리칸 쇼트헤어,암컷,경기도 용인시,용인시 동물보호센터
2025-05-01,개,믹스견,수컷,경기도 용인시,용인시 동물보호센터
2025-05-01,개,믹스견,암컷,경기도 용인시,용인시 동물보호센터
2025-05-01,고양이,페르시안,수컷,경기도 시흥시,시흥동물누리보호센터
2025-05-01,개,믹스견,암컷,경기도 안산시,한국야생동물보호협회
2025-05-01,기타,도마뱀,미상,경기도 성남시,펫앤쉘터동물병원
2025-05-01,개,믹스견,암컷,광주광역시 광산구,광주동물보호센터
2025-05-01,개,믹스견,수컷,인천광역시 강화군,디디동물병원
2025-05-01,개,믹스견,암컷,인천광역시 서구,가정동물병원
2025-05-01,개,믹스견,수컷,인천광역시 서구,가정동물병원
2025-05-01,개,믹스견,암컷,인천광역시 부평구,조재진동물병원
2025-05-01,개,포인터,수컷,대구광역시 군위군,군위종합동물병원
2025-05-01,고양이,믹스묘,미상,대구광역시 군위군,군위종합동물병원
2025-05-01,고양이,믹스묘,미상,대구광역시 군위군,군위종합동물병원
2025-05-01,고양이,믹스묘,미상,대구광역시 군위군,군위종합동물병원
2025-05-01,고양이,믹스묘,미상,대구광역시 군위군,군위종합동물병원
2025-05-01,고양이,믹스묘,미상,대구광역시 군위군,군위종합동물병원
2025-05-01,고양이,믹스묘,미상,대구광역시 군위군,군위종합동물병원
2025-05-01,고양이,믹스묘,미상,대구광역시 군위군,군위종합동물병원
2025-05-01,고양이,믹스묘,미상,대구광역시 군위군,군위종합동물병원
2025-05-01,고양이,믹스묘,미상,대구광역시 군위군,군위종합동물병원
2025-05-01,고양이,믹스묘,미상,대구광역시 군위군,군위종합동물병원
2025-05-01,고양이,믹스묘,미상,대구광역시 군위군,군위종합동물병원
2025-05-01,고양이,한국 고양이,미상,대구광역시 달성군,화원연합동물병원
2025-05-01,고양이,한국 고양이,미상,대구광역시 달성군,화원연합동물병원
2025-05-01,고양이,한국 고양이,미상,대구광역시 달성군,화원연합동물병원
2025-05-01,기타,동헤르만 육지거북,미상,대구광역시 달성군,대구수의사회(달성군)
2025-05-01,고양이,한국 고양이,수컷,대구광역시 수성구,제니스동물병원
2025-05-01,고양이,한국 고양이,암컷,대구광역시 수성구,제니스동물병원
2025-05-01,고양이,한국 고양이,미상,대구광역시 수성구,멘토동물병원
2025-05-01,고양이,한국 고양이,암컷,부산광역시 강서구,(사)하얀비둘기
2025-04-30,개,믹스견,수컷,강원특별자치도 횡성군,횡성유기동물보호센터
2025-04-30,개,믹스견,암컷,경상남도 양산시,양산시 동물보호센터
2025-04-30,개,믹스견,수컷,경상남도 김해시,(사)동물보호관리협회
2025-04-30,개,믹스견,수컷,경상북도 영천시,영천유기동물보호센터
2025-04-30,개,믹스견,암컷,경기도 포천시,한국동물구조관리협회
2025-04-30,개,믹스견,수컷,경기도 포천시,한국동물구조관리협회
2025-04-30,개,믹스견,암컷,경기도 포천시,한국동물구조관리협회
2025-04-30,개,믹스견,암컷,경기도 연천군,한국동물구조관리협회
2025-04-30,개,믹스견,수컷,경기도 연천군,한국동물구조관리협회
2025-04-30,개,믹스견,암컷,경기도 연천군,한국동물구조관리협회
2025-04-30,개,믹스견,암컷,경기도 연천군,한국동물구조관리협회
2025-04-30,개,믹스견,암컷,경기도 김포시,한국동물구조관리협회
2025-04-30,개,믹스견,수컷,경기도 김포시,한국동물구조관리협회
2025-04-30,개,믹스견,수컷,경기도 김포시,한국동물구조관리협회
2025-04-30,개,믹스견,수컷,경기도 김포시,한국동물구조관리협회
2025-04-30,개,믹스견,수컷,경기도 김포시,한국동물구조관리협회
2025-04-30,개,믹스견,수컷,경기도 김포시,한국동물구조관리협회
2025-04-30,고양이,한국 고양이,암컷,경기도 파주시,한국동물구조관리협회
2025-04-30,개,푸들,수컷,경기도 의정부시,한국동물구조관리협회
2025-04-30,개,푸들,수컷,경기도 의정부시,한국동물구조관리협회
2025-04-30,고양이,페르시안,수컷,부산광역시 기장군,사단법인 동부
2025-04-30,고양이,믹스묘,암컷,부산광역시 금정구,동부동물보호협회
2025-04-30,개,포메라니안,암컷,부산광역시 영도구,부산동물보호센터
2025-04-30,고양이,한국 고양이,암컷,서울특별시 동작구,디아크동물종합병원
2025-04-30,고양이,스코티시폴드,수컷,서울특별시 노원구,한국동물구조관리협회
2025-04-30,개,진도견,암컷,서울특별시 광진구,한국동물구조관리협회
2025-04-30,개,푸들,수컷,서울특별시 성동구,한국동물구조관리협회
2025-04-30,개,믹스견,수컷,제주특별자치도 제주특별자치도,제주 동물보호센터
2025-04-30,개,믹스견,수컷,제주특별자치도 제주특별자치도,제주 동물보호센터
2025-04-30,개,믹스견,암컷,제주특별자치도 제주특별자치도,제주 동물보호센터
2025-04-30,개,믹스견,수컷,제주특별자치도 제주특별자치도,제주 동물보호센터
2025-04-30,개,믹스견,암컷,제주특별자치도 제주특별자치도,제주 동물보호센터
2025-04-30,개,믹스견,암컷,제주특별자치도 제주특별자치도,제주 동물보호센터
2025-04-30,개,믹스견,암컷,제주특별자치도 제주특별자치도,제주 동물보호센터
2025-04-30,개,믹스견,암컷,제주특별자치도 제주특별자치도,제주 동물보호센터
2025-04-30,개,믹스견,암컷,충청남도 논산시,논산시 동물보호센터
2025-04-30,기타,토끼,미상,경기도 고양시,고양시동물보호센터
2025-04-30,개,믹스견,암컷,경기도 고양시,고양시동물보호센터
2025-04-30,개,믹스견,암컷,경기도 고양시,고양시동물보호센터
2025-04-30,개,믹스견,수컷,경기도 고양시,고양시동물보호센터
2025-04-30,개,믹스견,수컷,경기도 고양시,고양시동물보호센터
2025-04-30,개,믹스견,수컷,경기도 고양시,고양시동물보호센터
2025-04-30,개,믹스견,수컷,경기도 고양시,고양시동물보호센터
2025-04-30,개,믹스견,수컷,경기도 고양시,고양시동물보호센터
2025-04-30,개,믹스견,암컷,경기도 고양시,고양시동물보호센터
2025-04-30,고양이,한국 고양이,미상,경기도 수원시,수원시 동물보호센터
2025-04-30,개,믹스견,암컷,울산광역시 울주군,울산유기동물보호센터
2025-04-30,고양이,한국 고양이,미상,대전광역시 유성구,대전동물보호센터
2025-04-30,개,요크셔 테리어,수컷,대전광역시 서구,대전동물보호센터
2025-04-30,개,푸들,암컷,인천광역시 서구,가정동물병원
2025-04-30,개,비숑 프리제,수컷,인천광역시 연수구,경동동물병원
2025-04-30,개,말티즈,암컷,인천광역시 미추홀구,인천광역시수의사회
2025-04-30,고양이,한국 고양이,암컷,대구광역시 달성군,화원연합동물병원
2025-04-30,개,믹스견,수컷,부산광역시 사하구,(사)하얀비둘기
2025-04-30,고양이,한국 고양이,수컷,부산광역시 사하구,(사)하얀비둘기
2025-04-30,고양이,러시안 블루,수컷,부산광역시 해운대구,동부유기동물보호협회
2025-04-30,개,진도견,암컷,서울특별시 용산구,남산동물병원
2025-04-30,개,믹스견,암컷,경상남도 창녕군,창녕 유기동물보호소
2025-04-30,개,믹스견,수컷,경상남도 창녕군,창녕 유기동물보호소
2025-04-30,개,믹스견,수컷,경상남도 밀양시,밀양시 동물보호센터
2025-04-30,개,믹스견,수컷,경상남도 밀양시,밀양시 동물보호센터
2025-04-30,개,믹스견,수컷,경상남도 사천시,사천시 동물보호센터
2025-04-30,개,푸들,수컷,경상남도 창원시,진해유기동물보호소
2025-04-30,개,믹스견,수컷,경상남도 진주시,진주시동물보호센터
2025-04-30,개,믹스견,수컷,경상남도 진주시,진주시동물보호센터
2025-04-30,개,믹스견,암컷,경상북도 성주군,성주유기동물보호센터
2025-04-30,개,믹스견,암컷,경상북도 성주군,성주유기동물보호센터
2025-04-30,개,믹스견,수컷,경상북도 성주군,성주유기동물보호센터
2025-04-30,개,믹스견,수컷,경상북도 성주군,성주유기동물보호센터
2025-04-30,개,믹스견,수컷,경상북도 김천시,김천시 동물보호센터
2025-04-30,개,믹스견,수컷,경상북도 김천시,김천시 동물보호센터
2025-04-30,개,믹스견,암컷,전라남도 신안군,신안군유기동물보호소
2025-04-30,개,믹스견,수컷,전라남도 신안군,신안군유기동물보호소
2025-04-30,개,믹스견,암컷,전라남도 신안군,신안군유기동물보호소
2025-04-30,개,믹스견,암컷,전라남도 신안군,신안군유기동물보호소
2025-04-30,개,믹스견,암컷,전라남도 장성군,장성군동물보호센터
2025-04-30,개,믹스견,암컷,전라남도 영광군,영광동물보호센터
2025-04-30,개,믹스견,암컷,전라남도 영광군,영광동물보호센터
2025-04-30,개,말티즈,암컷,전라남도 영광군,영광동물보호센터
2025-04-30,개,믹스견,수컷,전라남도 담양군,담양군 동물보호센터
2025-04-30,개,믹스견,수컷,전라남도 담양군,담양군 동물보호센터
2025-04-30,개,말티즈,암컷,전라남도 담양군,담양군 동물보호센터
2025-04-30,개,보더콜리,수컷,전라남도 담양군,담양군 동물보호센터
2025-04-30,개,믹스견,수컷,전라남도 광양시,광양시 임시보호소
2025-04-30,개,믹스견,수컷,전라남도 광양시,광양시 임시보호소
2025-04-30,개,믹스견,암컷,전라남도 나주시,나주유기동물보호센터
2025-04-30,개,믹스견,수컷,전라남도 순천시,순천시유기동물보호소
2025-04-30,개,믹스견,암컷,전라남도 순천시,순천시유기동물보호소
2025-04-30,개,믹스견,암컷,전라남도 순천시,순천시유기동물보호소
2025-04-30,개,믹스견,암컷,전라남도 순천시,순천시유기동물보호소
2025-04-30,개,믹스견,수컷,전라남도 순천시,순천시유기동물보호소
2025-04-30,개,믹스견,수컷,전라남도 순천시,순천시유기동물보호소
2025-04-30,개,믹스견,수컷,전라남도 순천시,순천시유기동물보호소
2025-04-30,개,믹스견,암컷,전라남도 순천시,순천시유기동물보호소
2025-04-30,고양이,한국 고양이,암컷,전라남도 순천시,대한동물사랑협회
2025-04-30,개,믹스견,암컷,전북특별자치도 고창군,더나은동물병원
2025-04-30,개,믹스견,암컷,전북특별자치도 김제시,전북말산업복합센터
2025-04-30,개,믹스견,암컷,전북특별자치도 김제시,전북말산업복합센터
2025-04-30,개,믹스견,수컷,전북특별자치도 김제시,전북말산업복합센터
2025-04-30,개,웰시 코기 펨브로크,암컷,전북특별자치도 김제시,전북말산업복합센터
2025-04-30,고양이,믹스묘,수컷,전북특별자치도 군산시,군산유기동물보호센터
2025-04-30,고양이,믹스묘,수컷,전북특별자치도 군산시,군산유기동물보호센터
2025-04-30,고양이,한국 고양이,암컷,전북특별자치도 전주시,행복한동물병원
2025-04-30,고양이,한국 고양이,암컷,전북특별자치도 전주시,효자동물병원
2025-04-30,고양이,한국 고양이,수컷,전북특별자치도 전주시,효자동물병원
2025-04-30,개,믹스견,수컷,충청남도 당진시,당진시동물보호소
2025-04-30,개,믹스견,암컷,충청남도 태안군,최동물병원
2025-04-30,고양이,한국 고양이,미상,충청남도 예산군,예산임시동물보호센터
2025-04-30,개,믹스견,암컷,충청남도 공주시,공주시 동물보호센터
2025-04-30,개,푸들,수컷,충청남도 천안시,천안시 동물보호센터
2025-04-30,개,믹스견,수컷,충청남도 천안시,천안시 동물보호센터
2025-04-30,개,믹스견,수컷,충청남도 천안시,천안시 동물보호센터
2025-04-30,개,믹스견,암컷,충청북도 청주시,반려동물보호센터
2025-04-30,고양이,한국 고양이,수컷,충청북도 옥천군,옥천동물병원
2025-04-30,고양이,한국 고양이,수컷,충청북도 옥천군,옥천동물병원
2025-04-30,고양이,한국 고양이,암컷,충청북도 옥천군,옥천동물병원
2025-04-30,고양이,한국 고양이,암컷,충청북도 옥천군,옥천동물병원
2025-04-30,개,믹스견,암컷,충청북도 제천시,제천시 동물보호센터
2025-04-30,개,믹스견,수컷,강원특별자치도 정선군,정선가축병원
2025-04-30,개,믹스견,암컷,강원특별자치도 정선군,정선가축병원
2025-04-30,개,믹스견,암컷,강원특별자치도 정선군,정선가축병원
2025-04-30,개,믹스견,수컷,강원특별자치도 정선군,정선가축병원
2025-04-30,개,믹스견,암컷,강원특별자치도 속초시,속초시유기동물보호소
2025-04-30,개,믹스견,암컷,강원특별자치도 동해시,동해시동물보호센터
2025-04-30,개,믹스견,암컷,강원특별자치도 원주시,원주시동물보호센터
2025-04-30,기타,공작새,암컷,경기도 양주시,한국동물구조관리협회
2025-04-30,개,믹스견,암컷,경기도 화성시,화성동물보호센터
2025-04-30,개,믹스견,암컷,경기도 화성시,화성동물보호센터
2025-04-30,개,믹스견,암컷,경기도 화성시,화성동물보호센터
2025-04-30,개,믹스견,암컷,경기도 화성시,화성동물보호센터
2025-04-30,개,믹스견,수컷,경기도 화성시,화성동물보호센터
2025-04-30,개,믹스견,암컷,경기도 화성시,화성동물보호센터
2025-04-30,개,믹스견,암컷,경기도 화성시,화성동물보호센터
2025-04-30,개,믹스견,암컷,경기도 화성시,화성동물보호센터
2025-04-30,개,포메라니안,수컷,경기도 화성시,화성동물보호센터
2025-04-30,개,믹스견,암컷,경기도 화성시,화성동물보호센터
2025-04-30,개,믹스견,수컷,경기도 화성시,화성동물보호센터
2025-04-30,개,믹스견,수컷,경기도 화성시,화성동물보호센터
2025-04-30,개,믹스견,수컷,경기도 화성시,화성동물보호센터
2025-04-30,개,믹스견,수컷,경기도 화성시,화성동물보호센터
2025-04-30,개,믹스견,암컷,경기도 화성시,화성동물보호센터
2025-04-30,개,믹스견,수컷,경기도 화성시,화성동물보호센터
2025-04-30,개,믹스견,수컷,경기도 화성시,화성동물보호센터
2025-04-30,개,믹스견,수컷,경기도 화성시,화성동물보호센터
2025-04-30,개,믹스견,수컷,경기도 화성시,화성동물보호센터
2025-04-30,개,믹스견,수컷,경기도 화성시,화성동물보호센터
2025-04-30,개,믹스견,수컷,경기도 화성시,화성동물보호센터
2025-04-30,개,믹스견,수컷,경기도 화성시,화성동물보호센터
2025-04-30,개,믹스견,암컷,경기도 화성시,화성동물보호센터
2025-04-30,개,포메라니안,암컷,경기도 화성시,화성동물보호센터
2025-04-30,개,믹스견,암컷,경기도 화성시,화성동물보호센터
2025-04-30,개,믹스견,암컷,경기도 양평군,양평군유기동물보호소
2025-04-30,고양이,한국 고양이,암컷,경기도 이천시,위더스 동물보호센터
2025-04-30,고양이,한국 고양이,암컷,경기도 이천시,위더스 동물보호센터
2025-04-30,고양이,한국 고양이,수컷,경기도 용인시,용인시 동물보호센터
2025-04-30,개,믹스견,암컷,경기도 하남시,하남동물보호센터
2025-04-30,개,믹스견,암컷,경기도 하남시,하남동물보호센터
2025-04-30,개,믹스견,수컷,경기도 하남시,하남동물보호센터
2025-04-30,고양이,한국 고양이,암컷,경기도 안산시,한국야생동물보호협회
2025-04-30,개,믹스견,암컷,경기도 안산시,한국야생동물보호협회
2025-04-30,기타,흑염소,암컷,경기도 평택시,평택시유기동물보호소
2025-04-30,개,믹스견,암컷,경기도 평택시,평택시유기동물보호소
2025-04-30,개,믹스견,암컷,경기도 평택시,평택시유기동물보호소
2025-04-30,기타,토끼,암컷,경기도 부천시,정샘동물병원
2025-04-30,고양이,한국 고양이,암컷,경기도 부천시,24시아이동물메디컬
2025-04-30,개,믹스견,수컷,경기도 성남시,펫앤쉘터동물병원
2025-04-30,고양이,한국 고양이,수컷,경기도 성남시,펫앤쉘터동물병원
2025-04-30,개,믹스견,암컷,울산광역시 울주군,울산유기동물보호센터
2025-04-30,개,믹스견,수컷,울산광역시 북구,울산유기동물보호센터
2025-04-30,개,믹스견,수컷,울산광역시 북구,울산유기동물보호센터
2025-04-30,개,믹스견,암컷,울산광역시 북구,울산유기동물보호센터
2025-04-30,개,푸들,수컷,울산광역시 동구,일산동물의료센터
2025-04-30,개,믹스견,암컷,인천광역시 강화군,디디동물병원
2025-04-30,개,믹스견,수컷,인천광역시 강화군,디디동물병원
2025-04-30,개,믹스견,암컷,인천광역시 강화군,디디동물병원
2025-04-30,개,믹스견,암컷,인천광역시 강화군,디디동물병원
2025-04-30,개,믹스견,암컷,인천광역시 강화군,디디동물병원
2025-04-30,개,시츄,수컷,인천광역시 부평구,조재진동물병원
2025-04-30,고양이,한국 고양이,수컷,대구광역시 수성구,금강동물병원
2025-04-30,고양이,한국 고양이,수컷,대구광역시 수성구,펫동물병원
2025-04-30,고양이,한국 고양이,암컷,서울특별시 마포구,홍익동물병원
2025-04-30,고양이,한국 고양이,암컷,강원특별자치도 동해시,동해시동물보호센터
2025-04-30,고양이,한국 고양이,암컷,강원특별자치도 동해시,동해시동물보호센터
2025-04-30,고양이,한국 고양이,암컷,광주광역시 북구,광주동물보호센터
2025-04-30,고양이,한국 고양이,미상,전북특별자치도 진안군,진안군유기동물보호소
2025-04-29,개,믹스견,암컷,전북특별자치도 정읍시,정읍시 동물보호소
2025-04-29,개,믹스견,수컷,전라남도 완도군,유기동물임시보호센터
2025-04-29,개,믹스견,암컷,전라남도 완도군,유기동물임시보호센터
2025-04-29,고양이,브리티시 쇼트헤어,수컷,충청남도 아산시,아산동물복지지원센터
2025-04-29,개,믹스견,암컷,강원특별자치도 횡성군,횡성유기동물보호센터
2025-04-29,고양이,한국 고양이,암컷,울산광역시 울주군,울산유기동물보호센터
2025-04-29,고양이,한국 고양이,암컷,울산광역시 울주군,울산유기동물보호센터
2025-04-29,고양이,한국 고양이,암컷,울산광역시 울주군,울산유기동물보호센터
2025-04-29,고양이,한국 고양이,수컷,울산광역시 울주군,울산유기동물보호센터
2025-04-29,기타,닭,미상,부산광역시 수영구,(사)동부동물보호협회
2025-04-29,고양이,한국 고양이,수컷,부산광역시 사하구,(사)하얀비둘기
2025-04-29,고양이,한국 고양이,수컷,부산광역시 사하구,(사)하얀비둘기
2025-04-29,고양이,믹스묘,암컷,부산광역시 해운대구,동부유기동물보호협회
2025-04-29,고양이,믹스묘,수컷,부산광역시 남구,(사)동부동물보호협회
2025-04-29,고양이,믹스묘,수컷,부산광역시 남구,(사)동부동물보호협회
2025-04-29,고양이,믹스묘,수컷,부산광역시 남구,(사)동부동물보호협회
2025-04-29,고양이,믹스묘,암컷,부산광역시 남구,(사)동부동물보호협회
2025-04-29,고양이,믹스묘,암컷,부산광역시 남구,(사)동부동물보호협회
2025-04-29,고양이,한국 고양이,수컷,제주특별자치도 제주특별자치도,제주 동물보호센터
2025-04-29,고양이,샴,암컷,제주특별자치도 제주특별자치도,제주 동물보호센터
2025-04-29,개,믹스견,암컷,제주특별자치도 제주특별자치도,제주 동물보호센터
2025-04-29,개,믹스견,암컷,제주특별자치도 제주특별자치도,제주 동물보호센터
2025-04-29,개,믹스견,암컷,제주특별자치도 제주특별자치도,제주 동물보호센터
2025-04-29,개,믹스견,수컷,제주특별자치도 제주특별자치도,제주 동물보호센터
2025-04-29,개,믹스견,암컷,제주특별자치도 제주특별자치도,제주 동물보호센터
2025-04-29,개,믹스견,암컷,제주특별자치도 제주특별자치도,제주 동물보호센터
2025-04-29,개,믹스견,암컷,제주특별자치도 제주특별자치도,제주 동물보호센터
2025-04-29,개,믹스견,수컷,경상남도 양산시,양산시 동물보호센터
2025-04-29,개,믹스견,암컷,경상북도 울진군,울진군동물보호센터
2025-04-29,개,믹스견,수컷,경상북도 영주시,영주시 동물보호센터
2025-04-29,개,믹스견,수컷,전라남도 영암군,유기동물 삼호 보호소
2025-04-29,개,믹스견,수컷,전라남도 영암군,유기동물 삼호 보호소
2025-04-29,개,포메라니안,수컷,전라남도 여수시,유기동물보호소
2025-04-29,개,말티즈,암컷,전라남도 목포시,목포시유기동물보호소
2025-04-29,고양이,한국 고양이,암컷,전북특별자치도 전주시,박영재동물병원
2025-04-29,개,믹스견,수컷,충청남도 보령시,보령시유기동물보호소
2025-04-29,개,믹스견,암컷,충청남도 보령시,보령시유기동물보호소
2025-04-29,고양이,한국 고양이,수컷,충청남도 보령시,보령길고양이보호협회
2025-04-29,개,시베리안 허스키,수컷,충청남도 보령시,보령시유기동물보호소
2025-04-29,개,믹스견,수컷,충청북도 제천시,제천시 동물보호센터
2025-04-29,개,믹스견,수컷,강원특별자치도 원주시,원주시동물보호센터
2025-04-29,개,믹스견,수컷,강원특별자치도 원주시,원주시동물보호센터
2025-04-29,개,믹스견,암컷,경기도 포천시,한국동물구조관리협회
2025-04-29,개,믹스견,암컷,경기도 포천시,한국동물구조관리협회
2025-04-29,개,믹스견,수컷,경기도 포천시,한국동물구조관리협회
2025-04-29,개,믹스견,수컷,경기도 포천시,한국동물구조관리협회
2025-04-29,고양이,한국 고양이,암컷,경기도 양주시,한국동물구조관리협회
2025-04-29,개,믹스견,암컷,경기도 연천군,한국동물구조관리협회
2025-04-29,개,믹스견,암컷,경기도 연천군,한국동물구조관리협회
2025-04-29,개,말티즈,수컷,경기도 파주시,한국동물구조관리협회
2025-04-29,고양이,한국 고양이,암컷,경기도 파주시,한국동물구조관리협회
2025-04-29,고양이,한국 고양이,암컷,경기도 파주시,한국동물구조관리협회
2025-04-29,고양이,믹스묘,미상,경기도 용인시,용인시 동물보호센터
2025-04-29,개,믹스견,암컷,경기도 용인시,용인시 동물보호센터
2025-04-29,개,믹스견,암컷,울산광역시 울주군,울산유기동물보호센터
2025-04-29,고양이,한국 고양이,미상,울산광역시 울주군,울산유기동물보호센터
2025-04-29,개,믹스견,수컷,울산광역시 울주군,울산유기동물보호센터
2025-04-29,개,믹스견,수컷,울산광역시 북구,울산유기동물보호센터
2025-04-29,고양이,한국 고양이,미상,대전광역시 서구,대전동물보호센터
2025-04-29,개,진도견,수컷,대전광역시 동구,대전동물보호센터
2025-04-29,고양이,한국 고양이,수컷,인천광역시 계양구,신영재동물병원
2025-04-29,고양이,한국 고양이,암컷,인천광역시 계양구,신영재동물병원
2025-04-29,개,믹스견,수컷,인천광역시 남동구,인천광역시수의사회
2025-04-29,고양이,한국 고양이,미상,부산광역시 북구,부산동물보호센터
2025-04-29,고양이,한국 고양이,미상,부산광역시 북구,부산동물보호센터
2025-04-29,고양이,한국 고양이,미상,부산광역시 북구,부산동물보호센터
2025-04-29,고양이,한국 고양이,미상,부산광역시 북구,부산동물보호센터
2025-04-29,고양이,한국 고양이,미상,부산광역시 북구,부산동물보호센터
2025-04-29,고양이,한국 고양이,미상,부산광역시 북구,부산동물보호센터
2025-04-29,개,푸들,암컷,부산광역시 북구,부산동물보호센터
2025-04-29,개,믹스견,수컷,서울특별시 관악구,디아크 동물종합병원
2025-04-29,개,시츄,수컷,서울특별시 강서구,한국동물구조관리협회
2025-04-29,개,비숑 프리제,수컷,서울특별시 양천구,강현림동물병원
2025-04-29,고양이,한국 고양이,수컷,서울특별시 성동구,한국동물구조관리협회
2025-04-29,개,믹스견,수컷,세종특별자치시 세종특별자치시,세종유기동물보호센터
2025-04-29,개,믹스견,암컷,경상남도 창녕군,창녕 유기동물보호소
2025-04-29,개,믹스견,암컷,경상남도 창녕군,창녕 유기동물보호소
2025-04-29,개,믹스견,수컷,경상남도 밀양시,밀양시 동물보호센터
2025-04-29,개,믹스견,수컷,경상남도 밀양시,밀양시 동물보호센터
2025-04-29,개,믹스견,암컷,경상남도 밀양시,밀양시 동물보호센터
2025-04-29,개,믹스견,수컷,경상남도 밀양시,밀양시 동물보호센터
2025-04-29,개,믹스견,수컷,경상남도 사천시,사천시 동물보호센터
2025-04-29,개,믹스견,수컷,경상남도 사천시,사천시 동물보호센터
2025-04-29,개,믹스견,암컷,경상남도 사천시,사천시 동물보호센터
2025-04-29,개,믹스견,암컷,경상남도 사천시,사천시 동물보호센터
2025-04-29,개,믹스견,암컷,경상남도 진주시,진주시동물보호센터
2025-04-29,개,믹스견,암컷,경상남도 진주시,진주시동물보호센터
2025-04-29,개,믹스견,암컷,경상남도 진주시,진주시동물보호센터
2025-04-29,개,믹스견,암컷,경상북도 의성군,의성동물보호센터
2025-04-29,개,믹스견,암컷,경상북도 의성군,의성동물보호센터
2025-04-29,개,믹스견,암컷,경상북도 의성군,의성동물보호센터
2025-04-29,개,믹스견,암컷,경상북도 의성군,의성동물보호센터
2025-04-29,개,믹스견,수컷,경상북도 의성군,의성동물보호센터
2025-04-29,개,믹스견,암컷,경상북도 의성군,의성동물보호센터
2025-04-29,개,믹스견,암컷,경상북도 의성군,의성동물보호센터
2025-04-29,개,믹스견,암컷,경상북도 의성군,의성동물보호센터
2025-04-29,개,믹스견,암컷,경상북도 문경시,종합축산
2025-04-29,개,믹스견,수컷,경상북도 상주시,상주시 동물보호센터
2025-04-29,개,믹스견,수컷,경상북도 상주시,상주시 동물보호센터
2025-04-29,개,믹스견,수컷,경상북도 김천시,김천시 동물보호센터
2025-04-29,개,믹스견,암컷,경상북도 김천시,김천시 동물보호센터
2025-04-29,개,믹스견,암컷,경상북도 김천시,김천시 동물보호센터
2025-04-29,고양이,한국 고양이,암컷,경상북도 김천시,김천시 동물보호센터
2025-04-29,개,믹스견,암컷,경상북도 경주시,경주동물사랑보호센터
2025-04-29,개,믹스견,암컷,경상북도 경주시,경주동물사랑보호센터
2025-04-29,개,믹스견,암컷,경상북도 경주시,경주동물사랑보호센터
2025-04-29,개,믹스견,암컷,전라남도 장성군,장성군동물보호센터
2025-04-29,개,믹스견,수컷,전라남도 장성군,장성군동물보호센터
2025-04-29,개,믹스견,수컷,전라남도 무안군,무안군유기동물보호소
2025-04-29,개,믹스견,수컷,전라남도 무안군,무안군유기동물보호소
2025-04-29,개,믹스견,수컷,전라남도 무안군,무안군유기동물보호소
2025-04-29,개,믹스견,암컷,전라남도 고흥군,고흥군임시보호센터
2025-04-29,개,믹스견,수컷,전라남도 고흥군,고흥군임시보호센터
2025-04-29,개,믹스견,수컷,전라남도 고흥군,고흥군임시보호센터
2025-04-29,개,믹스견,암컷,전라남도 고흥군,고흥군임시보호센터
2025-04-29,개,믹스견,암컷,전라남도 고흥군,고흥군임시보호센터
2025-04-29,개,믹스견,수컷,전라남도 고흥군,고흥군임시보호센터
2025-04-29,개,믹스견,암컷,전라남도 광양시,광양시 임시보호소
2025-04-29,개,믹스견,암컷,전라남도 나주시,나주유기동물보호센터
2025-04-29,개,믹스견,미상,전라남도 순천시,순천시유기동물보호소
2025-04-29,고양이,믹스묘,미상,전북특별자치도 부안군,부안군 동물보호센터
2025-04-29,고양이,믹스묘,미상,전북특별자치도 부안군,부안군 동물보호센터
2025-04-29,고양이,믹스묘,미상,전북특별자치도 부안군,부안군 동물보호센터
2025-04-29,개,믹스견,암컷,전북특별자치도 남원시,하나동물병원
2025-04-29,개,믹스견,수컷,전북특별자치도 남원시,청원동물병원
2025-04-29,개,믹스견,암컷,전북특별자치도 군산시,군산유기동물보호센터
2025-04-29,고양이,믹스묘,암컷,전북특별자치도 군산시,군산유기동물보호센터
2025-04-29,고양이,한국 고양이,암컷,전북특별자치도 전주시,링크늘푸른동물병원
2025-04-29,개,믹스견,암컷,충청남도 당진시,당진시동물보호소
2025-04-29,개,믹스견,수컷,충청남도 당진시,당진시동물보호소
2025-04-29,개,믹스견,암컷,충청남도 논산시,논산시 동물보호센터
2025-04-29,개,믹스견,수컷,충청남도 서산시,서산시 동물보호센터
2025-04-29,개,믹스견,수컷,충청남도 서산시,서산시 동물보호센터
2025-04-29,개,믹스견,수컷,충청남도 서산시,서산시 동물보호센터
2025-04-29,개,믹스견,암컷,충청남도 서산시,서산시 동물보호센터
2025-04-29,개,믹스견,암컷,충청남도 서산시,서산시 동물보호센터
2025-04-29,개,믹스견,암컷,충청남도 서산시,서산시 동물보호센터
2025-04-29,개,믹스견,암컷,충청남도 서산시,서산시 동물보호센터
2025-04-29,개,믹스견,수컷,충청남도 서산시,서산시 동물보호센터
2025-04-29,개,믹스견,수컷,충청남도 서산시,서산시 동물보호센터
2025-04-29,개,믹스견,수컷,충청남도 서산시,서산시 동물보호센터
2025-04-29,개,믹스견,암컷,충청남도 천안시,천안시 동물보호센터
2025-04-29,고양이,페르시안,수컷,충청북도 청주시,반려동물보호센터
2025-04-29,개,믹스견,암컷,충청북도 청주시,반려동물보호센터
2025-04-29,개,믹스견,수컷,충청북도 음성군,금왕동물병원
2025-04-29,개,믹스견,암컷,충청북도 옥천군,옥천동물병원
2025-04-29,개,진도견,수컷,충청북도 제천시,제천시 동물보호센터
2025-04-29,개,믹스견,암컷,강원특별자치도 정선군,정선가축병원
2025-04-29,개,믹스견,암컷,강원특별자치도 정선군,정선가축병원
2025-04-29,개,믹스견,암컷,강원특별자치도 정선군,정선가축병원
2025-04-29,고양이,한국 고양이,수컷,강원특별자치도 영월군,영월군 동물보호센터
2025-04-29,고양이,한국 고양이,암컷,강원특별자치도 동해시,동해시동물보호센터
2025-04-29,개,믹스견,암컷,경기도 여주시,위더스 동물보호센터
2025-04-29,개,믹스견,암컷,경기도 여주시,위더스 동물보호센터
2025-04-29,고양이,한국 고양이,수컷,경기도 광주시,광주TNR동물병원송정
2025-04-29,고양이,한국 고양이,수컷,경기도 광주시,광주TNR동물병원송정
2025-04-29,고양이,한국 고양이,수컷,경기도 광주시,광주TNR동물병원송정
2025-04-29,고양이,한국 고양이,암컷,경기도 안성시,안성시 동물보호센터
2025-04-29,고양이,한국 고양이,수컷,경기도 안성시,안성시 동물보호센터
2025-04-29,개,푸들,수컷,경기도 안성시,안성시 동물보호센터
2025-04-29,개,믹스견,수컷,경기도 이천시,위더스 동물보호센터
2025-04-29,개,믹스견,수컷,경기도 이천시,위더스 동물보호센터
2025-04-29,개,믹스견,암컷,경기도 이천시,위더스 동물보호센터
2025-04-29,개,믹스견,수컷,경기도 이천시,위더스 동물보호센터
2025-04-29,개,말티즈,수컷,경기도 이천시,위더스 동물보호센터
2025-04-29,개,믹스견,암컷,경기도 이천시,위더스 동물보호센터
2025-04-29,개,진도견,수컷,경기도 이천시,위더스 동물보호센터
2025-04-29,개,믹스견,암컷,경기도 이천시,위더스 동물보호센터
2025-04-29,개,믹스견,암컷,경기도 용인시,용인시 동물보호센터
2025-04-29,개,믹스견,암컷,경기도 용인시,용인시 동물보호센터
2025-04-29,개,비숑 프리제,암컷,경기도 군포시,한국야생동물보호협회
2025-04-29,개,믹스견,암컷,경기도 남양주시,남양주시동물보호센터
2025-04-29,고양이,믹스묘,암컷,경기도 남양주시,남양주시동물보호센터
2025-04-29,고양이,한국 고양이,암컷,경기도 안산시,한국야생동물보호협회
2025-04-29,고양이,한국 고양이,암컷,경기도 안산시,한국야생동물보호협회
2025-04-29,고양이,한국 고양이,수컷,경기도 안산시,한국야생동물보호협회
2025-04-29,개,믹스견,암컷,경기도 평택시,평택시유기동물보호소
2025-04-29,개,말티즈,수컷,경기도 평택시,평택시유기동물보호소
2025-04-29,개,믹스견,수컷,경기도 평택시,평택시유기동물보호소
2025-04-29,고양이,러시안 블루,수컷,경기도 평택시,평택시유기동물보호소
2025-04-29,개,포메라니안,수컷,경기도 부천시,가나동물병원
2025-04-29,개,치와와,수컷,경기도 성남시,펫앤쉘터동물병원
2025-04-29,개,말티즈,수컷,경기도 수원시,수원시 동물보호센터
2025-04-29,개,프렌치 불독,수컷,경기도 수원시,수원시 동물보호센터
2025-04-29,개,믹스견,암컷,대전광역시 서구,대전동물보호센터
2025-04-29,고양이,한국 고양이,암컷,광주광역시 광산구,첨단우리동물병원
2025-04-29,고양이,한국 고양이,수컷,광주광역시 광산구,첨단우리동물병원
2025-04-29,개,믹스견,수컷,광주광역시 북구,광주동물보호센터
2025-04-29,개,믹스견,암컷,인천광역시 서구,우리동물병원
2025-04-29,개,진도견,수컷,인천광역시 중구,신공항동물병원
2025-04-29,개,진도견,수컷,대구광역시 달성군,화원연합동물병원
2025-04-29,고양이,한국 고양이,수컷,대구광역시 서구,대구시수의사회(보경)
2025-04-29,고양이,한국 고양이,수컷,서울특별시 동대문구,동대문구청
2025-04-29,고양이,아메리칸 쇼트헤어,수컷,서울특별시 동대문구,동대문구청
2025-04-29,개,믹스견,암컷,경기도 남양주시,남양주시동물보호센터
2025-04-29,개,푸들,암컷,경기도 남양주시,남양주시동물보호센터
2025-04-29,개,치와와,수컷,경상북도 구미시,구미시 동물보호센터
2025-04-29,개,치와와,수컷,경상북도 구미시,구미시 동물보호센터
2025-04-29,개,믹스견,수컷,경상북도 경산시,경산시유기동물보호소
2025-04-29,개,믹스견,수컷,전라남도 장흥군,장흥군 동물보호센터
2025-04-29,개,믹스견,수컷,전라남도 장흥군,장흥군 동물보호센터
2025-04-28,고양이,한국 고양이,암컷,충청남도 예산군,예산임시동물보호센터
2025-04-28,고양이,한국 고양이,수컷,충청남도 예산군,예산임시동물보호센터
2025-04-28,고양이,한국 고양이,암컷,충청남도 예산군,예산임시동물보호센터
2025-04-28,개,라브라도 리트리버,수컷,경상북도 영천시,영천유기동물보호센터
2025-04-28,개,말티즈,암컷,경상북도 영천시,영천유기동물보호센터
2025-04-28,개,믹스견,암컷,경상북도 영천시,영천유기동물보호센터
2025-04-28,개,믹스견,암컷,전라남도 목포시,목포시유기동물보호소
2025-04-28,개,믹스견,암컷,전라남도 목포시,목포시유기동물보호소
2025-04-28,개,믹스견,암컷,강원특별자치도 홍천군,홍천군유기동물보호소
2025-04-28,개,믹스견,수컷,강원특별자치도 홍천군,홍천군유기동물보호소
2025-04-28,개,말티즈,수컷,경기도 양주시,한국동물구조관리협회
2025-04-28,개,말티즈,수컷,경기도 양주시,한국동물구조관리협회
2025-04-28,개,믹스견,암컷,울산광역시 울주군,울산유기동물보호센터
2025-04-28,개,믹스견,수컷,울산광역시 울주군,울산유기동물보호센터
2025-04-28,개,믹스견,암컷,울산광역시 울주군,울산유기동물보호센터
2025-04-28,개,믹스견,암컷,대전광역시 중구,대전동물보호센터
2025-04-28,고양이,한국 고양이,미상,대전광역시 중구,대전동물보호센터
2025-04-28,고양이,코숏,미상,대전광역시 동구,대전동물보호센터
2025-04-28,고양이,코숏,미상,대전광역시 동구,대전동물보호센터
2025-04-28,고양이,코숏,미상,대전광역시 동구,대전동물보호센터
2025-04-28,개,보더 콜리,암컷,인천광역시 강화군,디디동물병원
2025-04-28,고양이,한국 고양이,암컷,인천광역시 계양구,신영재동물병원
2025-04-28,고양이,한국 고양이,암컷,인천광역시 계양구,신영재동물병원
2025-04-28,개,믹스견,수컷,부산광역시 수영구,(사)동부동물보호협회
2025-04-28,개,믹스견,수컷,제주특별자치도 제주특별자치도,제주 동물보호센터
2025-04-28,개,믹스견,수컷,제주특별자치도 제주특별자치도,제주 동물보호센터
2025-04-28,개,믹스견,수컷,제주특별자치도 제주특별자치도,제주 동물보호센터
2025-04-28,개,믹스견,암컷,제주특별자치도 제주특별자치도,제주 동물보호센터
2025-04-28,개,믹스견,수컷,제주특별자치도 제주특별자치도,제주 동물보호센터
2025-04-28,개,믹스견,암컷,제주특별자치도 제주특별자치도,제주 동물보호센터
2025-04-28,개,믹스견,수컷,제주특별자치도 제주특별자치도,제주 동물보호센터
2025-04-28,개,믹스견,암컷,제주특별자치도 제주특별자치도,제주 동물보호센터
2025-04-28,개,믹스견,암컷,제주특별자치도 제주특별자치도,제주 동물보호센터
2025-04-28,개,믹스견,암컷,제주특별자치도 제주특별자치도,제주 동물보호센터
2025-04-28,개,믹스견,암컷,제주특별자치도 제주특별자치도,제주 동물보호센터
2025-04-28,개,믹스견,암컷,제주특별자치도 제주특별자치도,제주 동물보호센터
2025-04-28,개,믹스견,암컷,제주특별자치도 제주특별자치도,제주 동물보호센터
2025-04-28,개,믹스견,수컷,제주특별자치도 제주특별자치도,제주 동물보호센터
2025-04-28,개,믹스견,수컷,제주특별자치도 제주특별자치도,제주 동물보호센터
2025-04-28,개,믹스견,암컷,제주특별자치도 제주특별자치도,제주 동물보호센터
2025-04-28,고양이,한국 고양이,수컷,경상남도 김해시,(사)동물보호관리협회
2025-04-28,개,믹스견,수컷,경상남도 통영시,통영시동물보호센터
2025-04-28,개,믹스견,수컷,경상남도 통영시,통영시동물보호센터
2025-04-28,개,믹스견,암컷,경상남도 통영시,통영시동물보호센터
2025-04-28,개,믹스견,암컷,경상남도 통영시,통영시동물보호센터
2025-04-28,개,믹스견,수컷,경상북도 울진군,울진군동물보호센터
2025-04-28,개,믹스견,수컷,경상북도 울진군,울진군동물보호센터
2025-04-28,개,믹스견,수컷,경상북도 문경시,종합축산
2025-04-28,개,믹스견,암컷,경상북도 문경시,종합축산
2025-04-28,개,믹스견,수컷,전라남도 신안군,신안군유기동물보호소
2025-04-28,개,믹스견,수컷,전라남도 신안군,신안군유기동물보호소
2025-04-28,개,믹스견,수컷,전라남도 나주시,나주유기동물보호센터
2025-04-28,개,시바,수컷,전라남도 목포시,목포시유기동물보호소
2025-04-28,개,믹스견,암컷,전라남도 목포시,목포시유기동물보호소
2025-04-28,개,믹스견,수컷,전라남도 목포시,목포시유기동물보호소
2025-04-28,개,믹스견,수컷,전북특별자치도 부안군,부안군 동물보호센터
2025-04-28,개,믹스견,암컷,전북특별자치도 임실군,임실유기동물보호센터
2025-04-28,개,스피츠,수컷,전북특별자치도 익산시,익산유기동물보호소
2025-04-28,개,말티즈,암컷,전북특별자치도 익산시,익산유기동물보호소
2025-04-28,고양이,한국 고양이,암컷,전북특별자치도 익산시,익산유기동물보호소
2025-04-28,고양이,한국 고양이,수컷,전북특별자치도 익산시,익산유기동물보호소
2025-04-28,개,믹스견,암컷,충청남도 논산시,논산시 동물보호센터
2025-04-28,개,믹스견,암컷,충청남도 논산시,논산시 동물보호센터
2025-04-28,개,믹스견,수컷,충청남도 논산시,논산시 동물보호센터
2025-04-28,개,믹스견,수컷,충청남도 서산시,서산시 동물보호센터
2025-04-28,개,믹스견,암컷,충청남도 서산시,서산시 동물보호센터
2025-04-28,개,믹스견,암컷,충청남도 서산시,서산시 동물보호센터
2025-04-28,개,말라뮤트,수컷,충청남도 아산시,아산동물복지지원센터
2025-04-28,개,믹스견,수컷,충청북도 진천군,증평 가정견 훈련소
2025-04-28,개,믹스견,수컷,경기도 포천시,한국동물구조관리협회
2025-04-28,개,믹스견,암컷,경기도 포천시,한국동물구조관리협회
2025-04-28,개,믹스견,암컷,경기도 포천시,한국동물구조관리협회
2025-04-28,개,믹스견,암컷,경기도 포천시,한국동물구조관리협회
2025-04-28,개,믹스견,수컷,경기도 포천시,한국동물구조관리협회
2025-04-28,개,비숑 프리제,수컷,경기도 포천시,한국동물구조관리협회
2025-04-28,개,믹스견,암컷,경기도 연천군,한국동물구조관리협회
2025-04-28,고양이,터키시 앙고라,암컷,경기도 김포시,한국동물구조관리협회
2025-04-28,개,믹스견,암컷,경기도 파주시,한국동물구조관리협회
2025-04-28,고양이,한국 고양이,암컷,경기도 파주시,한국동물구조관리협회
2025-04-28,고양이,한국 고양이,암컷,경기도 파주시,한국동물구조관리협회
2025-04-28,개,믹스견,암컷,경기도 안산시,한국야생동물보호협회
2025-04-28,개,믹스견,수컷,경기도 안산시,한국야생동물보호협회
2025-04-28,개,프렌치 불독,암컷,경기도 동두천시,한국동물구조관리협회
2025-04-28,고양이,한국 고양이,암컷,인천광역시 부평구,늘푸른동물병원
2025-04-28,고양이,한국 고양이,암컷,인천광역시 부평구,늘푸른동물병원
2025-04-28,고양이,한국 고양이,미상,대구광역시 군위군,군위종합동물병원
2025-04-28,고양이,한국 고양이,미상,대구광역시 군위군,군위종합동물병원
2025-04-28,개,믹스견,암컷,대구광역시 달성군,현풍동물병원
2025-04-28,개,시바,암컷,대구광역시 동구,대구유기동물보호센터
2025-04-28,고양이,한국 고양이,암컷,부산광역시 기장군,사단법인 동부
2025-04-28,개,믹스견,수컷,부산광역시 사상구,(사)하얀비둘기
2025-04-28,고양이,한국 고양이,수컷,부산광역시 사상구,(사)하얀비둘기
2025-04-28,고양이,한국 고양이,수컷,부산광역시 사상구,(사)하얀비둘기
2025-04-28,고양이,한국 고양이,수컷,부산광역시 사상구,(사)하얀비둘기
2025-04-28,고양이,한국 고양이,암컷,부산광역시 사상구,(사)하얀비둘기
2025-04-28,고양이,한국 고양이,암컷,부산광역시 사상구,(사)하얀비둘기
2025-04-28,고양이,한국 고양이,암컷,부산광역시 사상구,(사)하얀비둘기
2025-04-28,고양이,한국 고양이,암컷,부산광역시 사하구,(사)하얀비둘기
2025-04-28,고양이,한국 고양이,수컷,부산광역시 사하구,(사)하얀비둘기
2025-04-28,고양이,한국 고양이,수컷,부산광역시 사하구,(사)하얀비둘기
2025-04-28,고양이,한국 고양이,수컷,부산광역시 사하구,(사)하얀비둘기
2025-04-28,고양이,한국 고양이,암컷,부산광역시 사하구,(사)하얀비둘기
2025-04-28,기타,닭,미상,부산광역시 해운대구,동부유기동물보호협회
2025-04-28,고양이,믹스묘,수컷,부산광역시 해운대구,동부유기동물보호협회
2025-04-28,개,믹스견,암컷,제주특별자치도 제주특별자치도,제주 동물보호센터
2025-04-28,개,푸들,수컷,세종특별자치시 세종특별자치시,세종유기동물보호센터
2025-04-28,개,믹스견,수컷,경상남도 창원시,창원유기동물보호소
2025-04-28,개,믹스견,암컷,경상남도 창원시,창원유기동물보호소
2025-04-28,개,믹스견,수컷,경상남도 창원시,창원유기동물보호소
2025-04-28,개,믹스견,암컷,경상남도 창원시,창원유기동물보호소
2025-04-28,개,믹스견,수컷,경상남도 창원시,창원유기동물보호소
2025-04-28,개,믹스견,수컷,경상남도 창원시,창원유기동물보호소
2025-04-28,개,진도견,수컷,경상남도 거창군,나래동물병원
2025-04-28,개,믹스견,암컷,경상남도 창녕군,창녕 유기동물보호소
2025-04-28,개,믹스견,암컷,경상남도 창녕군,창녕 유기동물보호소
2025-04-28,개,믹스견,수컷,경상남도 의령군,의령군 동물보호센터
2025-04-28,개,믹스견,암컷,경상남도 의령군,의령군 동물보호센터
2025-04-28,개,믹스견,암컷,경상남도 의령군,의령군 동물보호센터
2025-04-28,개,믹스견,암컷,경상남도 의령군,의령군 동물보호센터
2025-04-28,개,믹스견,수컷,경상남도 의령군,의령군 동물보호센터
2025-04-28,개,믹스견,암컷,경상남도 거제시,거제시유기동물보호소
2025-04-28,개,믹스견,암컷,경상남도 밀양시,밀양시 동물보호센터
2025-04-28,개,믹스견,수컷,경상남도 밀양시,밀양시 동물보호센터
2025-04-28,개,믹스견,암컷,경상남도 밀양시,밀양시 동물보호센터
2025-04-28,개,믹스견,암컷,경상남도 밀양시,밀양시 동물보호센터
2025-04-28,개,믹스견,암컷,경상남도 김해시,(사)동물보호관리협회
2025-04-28,개,믹스견,수컷,경상남도 사천시,사천시 동물보호센터
2025-04-28,개,믹스견,암컷,경상남도 창원시,진해유기동물보호소
2025-04-28,개,믹스견,수컷,경상남도 창원시,진해유기동물보호소
2025-04-28,개,믹스견,암컷,경상북도 칠곡군,칠곡유기동물보호센터
2025-04-28,개,믹스견,암컷,경상북도 포항시,(사)영일동물플러스
2025-04-28,개,믹스견,암컷,경상북도 포항시,(사)영일동물플러스
2025-04-28,개,믹스견,암컷,경상북도 포항시,(사)영일동물플러스
2025-04-28,개,믹스견,암컷,경상북도 포항시,(사)영일동물플러스
2025-04-28,개,믹스견,수컷,전라남도 영광군,영광동물보호센터
2025-04-28,개,믹스견,수컷,전라남도 함평군,학교임시동물보호센터
2025-04-28,개,믹스견,수컷,전라남도 무안군,무안군유기동물보호소
2025-04-28,개,믹스견,암컷,전라남도 무안군,무안군유기동물보호소
2025-04-28,개,믹스견,수컷,전라남도 영암군,유기동물 삼호 보호소
2025-04-28,개,믹스견,수컷,전라남도 순천시,순천시유기동물보호소
2025-04-28,개,믹스견,암컷,전라남도 순천시,순천시유기동물보호소
2025-04-28,개,믹스견,암컷,전라남도 순천시,순천시유기동물보호소
2025-04-28,기타,미어캣,수컷,전라남도 순천시,순천시유기동물보호소
2025-04-28,개,삽살개,수컷,전라남도 순천시,순천시유기동물보호소
2025-04-28,고양이,믹스묘,미상,전북특별자치도 부안군,부안군 동물보호센터
2025-04-28,고양이,믹스묘,미상,전북특별자치도 부안군,부안군 동물보호센터
2025-04-28,고양이,믹스묘,미상,전북특별자치도 부안군,부안군 동물보호센터
2025-04-28,고양이,믹스묘,미상,전북특별자치도 부안군,부안군 동물보호센터
2025-04-28,고양이,믹스묘,미상,전북특별자치도 부안군,부안군 동물보호센터
2025-04-28,고양이,믹스묘,미상,전북특별자치도 부안군,부안군 동물보호센터
2025-04-28,개,시베리안 허스키,암컷,전북특별자치도 순창군,순창유기동물보호소
2025-04-28,개,믹스견,암컷,전북특별자치도 장수군,장수군 보호소
2025-04-28,개,믹스견,수컷,전북특별자치도 김제시,전북말산업복합센터
2025-04-28,기타,토끼,암컷,전북특별자치도 전주시,프렌즈동물병원
2025-04-28,개,믹스견,수컷,전북특별자치도 전주시,패밀리동물병원
2025-04-28,개,믹스견,암컷,전북특별자치도 전주시,패밀리동물병원
2025-04-28,개,푸들,수컷,전북특별자치도 전주시,효자동물병원
2025-04-28,개,믹스견,암컷,충청남도 당진시,당진시동물보호소
2025-04-28,개,믹스견,암컷,충청남도 보령시,보령시유기동물보호소
2025-04-28,개,믹스견,수컷,충청남도 보령시,보령시유기동물보호소
2025-04-28,개,믹스견,암컷,충청북도 청주시,반려동물보호센터
2025-04-28,개,믹스견,암컷,충청북도 청주시,반려동물보호센터
2025-04-28,개,믹스견,수컷,충청북도 청주시,반려동물보호센터
2025-04-28,개,믹스견,암컷,충청북도 청주시,반려동물보호센터
2025-04-28,개,믹스견,암컷,충청북도 청주시,반려동물보호센터
2025-04-28,개,믹스견,암컷,충청북도 청주시,반려동물보호센터
2025-04-28,개,믹스견,수컷,충청북도 단양군,단양군동물보호센터
2025-04-28,개,믹스견,수컷,충청북도 음성군,금왕동물병원
2025-04-28,개,믹스견,수컷,충청북도 음성군,금왕동물병원
2025-04-28,개,믹스견,암컷,충청북도 음성군,금왕동물병원
2025-04-28,개,믹스견,암컷,충청북도 음성군,금왕동물병원
2025-04-28,개,믹스견,암컷,충청북도 음성군,금왕동물병원
2025-04-28,개,믹스견,수컷,충청북도 음성군,금왕동물병원
2025-04-28,개,비숑 프리제,수컷,충청북도 옥천군,옥천동물병원
2025-04-28,개,믹스견,암컷,충청북도 제천시,제천시 동물보호센터
2025-04-28,개,믹스견,암컷,충청북도 제천시,제천시 동물보호센터
2025-04-28,개,믹스견,수컷,충청북도 충주시,충주시동물보호센터
2025-04-28,개,믹스견,수컷,강원특별자치도 고성군,유기견임시보호소
2025-04-28,개,믹스견,수컷,강원특별자치도 철원군,철원군
2025-04-28,개,믹스견,암컷,강원특별자치도 철원군,철원군
2025-04-28,개,믹스견,암컷,강원특별자치도 철원군,철원군
2025-04-28,개,믹스견,수컷,강원특별자치도 철원군,철원군
2025-04-28,개,믹스견,수컷,강원특별자치도 강릉시,강릉시 동물사랑센터
2025-04-28,고양이,한국 고양이,수컷,강원특별자치도 춘천시,춘천시 동물보호센터
2025-04-28,개,푸들,암컷,경기도 광주시,광주TNR동물병원초월
2025-04-28,개,믹스견,수컷,경기도 양평군,양평군유기동물보호소
2025-04-28,개,믹스견,암컷,경기도 가평군,가평군유기동물보호소
2025-04-28,개,믹스견,수컷,경기도 안성시,안성시 동물보호센터
2025-04-28,개,믹스견,수컷,경기도 안성시,안성시 동물보호센터
2025-04-28,개,스피츠,수컷,경기도 의왕시,한국야생동물보호협회
2025-04-28,개,시츄,암컷,경기도 시흥시,시흥동물누리보호센터
2025-04-28,개,믹스견,암컷,경기도 오산시,오산 유기동물보호소
2025-04-28,개,믹스견,수컷,경기도 남양주시,남양주시동물보호센터
2025-04-28,기타,닭,미상,경기도 고양시,고양시동물보호센터
2025-04-28,고양이,한국 고양이,수컷,경기도 평택시,평택시유기동물보호소
2025-04-28,개,믹스견,수컷,경기도 평택시,평택시유기동물보호소
2025-04-28,개,믹스견,수컷,경기도 평택시,평택시유기동물보호소
2025-04-28,개,믹스견,수컷,울산광역시 남구,강남동물병원
2025-04-28,개,말티즈,수컷,울산광역시 남구,강남동물병원
2025-04-28,개,말티즈,암컷,광주광역시 북구,광주동물보호센터
2025-04-28,개,믹스견,암컷,인천광역시 강화군,디디동물병원
2025-04-28,개,믹스견,암컷,인천광역시 서구,우리동물병원
2025-04-28,개,믹스견,수컷,인천광역시 서구,우리동물병원
2025-04-28,고양이,한국 고양이,수컷,대구광역시 달성군,119동물병원
2025-04-28,고양이,한국 고양이,암컷,대구광역시 달성군,119동물병원
2025-04-28,고양이,한국 고양이,수컷,대구광역시 서구,대구시수의사회(평리)
2025-04-28,고양이,한국 고양이,수컷,대구광역시 서구,대구시수의사회(평리)
2025-04-28,고양이,한국 고양이,암컷,대구광역시 서구,대구시수의사회(보경)
2025-04-28,고양이,한국 고양이,수컷,대구광역시 서구,대구시수의사회(보경)
2025-04-28,개,믹스견,암컷,대구광역시 동구,대구유기동물보호센터
2025-04-28,개,믹스견,암컷,대구광역시 동구,대구유기동물보호센터
2025-04-28,개,믹스견,암컷,대구광역시 동구,대구유기동물보호센터
2025-04-28,개,믹스견,암컷,대구광역시 동구,대구유기동물보호센터
2025-04-28,개,믹스견,암컷,대구광역시 동구,대구유기동물보호센터
2025-04-28,개,믹스견,암컷,대구광역시 동구,대구유기동물보호센터
2025-04-28,개,믹스견,암컷,대구광역시 동구,대구유기동물보호센터
2025-04-28,고양이,터키시 앙고라,미상,서울특별시 관악구,디아크 동물종합병원
2025-04-27,기타,기니피그,미상,울산광역시 중구,울산유기동물보호센터
2025-04-27,고양이,한국 고양이,암컷,인천광역시 계양구,신영재동물병원
2025-04-27,고양이,한국 고양이,수컷,인천광역시 계양구,신영재동물병원
2025-04-27,고양이,한국 고양이,암컷,인천광역시 계양구,신영재동물병원
2025-04-27,고양이,한국 고양이,수컷,인천광역시 계양구,신영재동물병원
2025-04-27,개,믹스견,암컷,전라남도 나주시,나주유기동물보호센터
2025-04-27,개,믹스견,수컷,전라남도 나주시,나주유기동물보호센터
2025-04-27,개,믹스견,수컷,전라남도 나주시,나주유기동물보호센터
2025-04-27,개,믹스견,암컷,전라남도 나주시,나주유기동물보호센터
2025-04-27,개,믹스견,암컷,전라남도 나주시,나주유기동물보호센터
2025-04-27,고양이,한국 고양이,암컷,인천광역시 부평구,삼산종합동물병원
2025-04-27,개,믹스견,암컷,인천광역시 부평구,삼산종합동물병원
2025-04-27,개,믹스견,수컷,경상남도 남해군,남해군동물보호센터
2025-04-27,개,믹스견,수컷,경상북도 영주시,영주시 동물보호센터
2025-04-27,개,믹스견,암컷,경상북도 영주시,영주시 동물보호센터
2025-04-27,개,믹스견,암컷,전라남도 영광군,영광동물보호센터
2025-04-27,개,믹스견,수컷,전라남도 영광군,영광동물보호센터
2025-04-27,개,믹스견,수컷,전라남도 영광군,영광동물보호센터
2025-04-27,개,시베리안 허스키,수컷,전라남도 보성군,보성유기동물보호센터
2025-04-27,개,믹스견,수컷,전북특별자치도 익산시,익산유기동물보호소
2025-04-27,개,말티즈,암컷,전북특별자치도 군산시,군산유기동물보호센터
2025-04-27,개,미니어쳐 닥스훈트,암컷,충청남도 논산시,논산시 동물보호센터
2025-04-27,개,믹스견,암컷,충청남도 서산시,서산시 동물보호센터
2025-04-27,개,믹스견,수컷,충청남도 서산시,서산시 동물보호센터
2025-04-27,개,믹스견,수컷,충청남도 서산시,서산시 동물보호센터
2025-04-27,개,믹스견,수컷,충청남도 서산시,서산시 동물보호센터
2025-04-27,개,스탠다드 푸들,암컷,충청남도 보령시,보령시유기동물보호소
2025-04-27,개,믹스견,수컷,충청남도 보령시,보령시유기동물보호소
2025-04-27,개,믹스견,수컷,경기도 김포시,한국동물구조관리협회
2025-04-27,개,포메라니안,암컷,경기도 의정부시,한국동물구조관리협회
2025-04-27,개,믹스견,수컷,경기도 수원시,수원시 동물보호센터
2025-04-27,개,믹스견,수컷,울산광역시 울주군,울산유기동물보호센터
2025-04-27,개,믹스견,수컷,울산광역시 울주군,울산유기동물보호센터
2025-04-27,개,믹스견,암컷,울산광역시 울주군,울산유기동물보호센터
2025-04-27,개,믹스견,수컷,울산광역시 울주군,울산유기동물보호센터
2025-04-27,개,믹스견,수컷,울산광역시 울주군,울산유기동물보호센터
2025-04-27,개,믹스견,수컷,울산광역시 울주군,울산유기동물보호센터
2025-04-27,개,믹스견,수컷,울산광역시 북구,울산유기동물보호센터
2025-04-27,고양이,한국 고양이,수컷,부산광역시 기장군,사단법인 동부
2025-04-27,고양이,믹스묘,수컷,부산광역시 수영구,(사)동부동물보호협회
2025-04-27,개,푸들,수컷,부산광역시 강서구,(사)하얀비둘기
2025-04-27,개,믹스견,암컷,부산광역시 사하구,(사)하얀비둘기
2025-04-27,고양이,믹스묘,암컷,부산광역시 해운대구,동부유기동물보호협회
2025-04-27,고양이,한국 고양이,암컷,서울특별시 송파구,한국동물구조관리협회
2025-04-27,고양이,러시안 블루,암컷,서울특별시 관악구,디아크 동물종합병원
2025-04-27,개,믹스견,수컷,서울특별시 금천구,한국동물구조관리협회
2025-04-27,개,푸들,수컷,서울특별시 노원구,한국동물구조관리협회
2025-04-27,개,스탠다드 닥스훈트,수컷,서울특별시 도봉구,한국동물구조관리협회
2025-04-27,고양이,한국 고양이,암컷,서울특별시 성동구,한국동물구조관리협회
2025-04-27,개,믹스견,암컷,경상남도 밀양시,밀양시 동물보호센터
2025-04-27,개,믹스견,암컷,경상남도 밀양시,밀양시 동물보호센터
2025-04-27,개,믹스견,수컷,경상남도 밀양시,밀양시 동물보호센터
2025-04-27,개,믹스견,암컷,경상남도 밀양시,밀양시 동물보호센터
2025-04-27,개,믹스견,암컷,경상남도 밀양시,밀양시 동물보호센터
2025-04-27,개,믹스견,암컷,경상남도 밀양시,밀양시 동물보호센터
2025-04-27,개,믹스견,수컷,경상남도 밀양시,밀양시 동물보호센터
2025-04-27,개,믹스견,수컷,경상남도 진주시,진주시동물보호센터
2025-04-27,개,말티즈,수컷,경상북도 성주군,성주유기동물보호센터
2025-04-27,개,보더콜리믹스견인듯,암컷,경상북도 성주군,성주유기동물보호센터
2025-04-27,개,보더콜리믹,암컷,경상북도 성주군,성주유기동물보호센터
2025-04-27,개,보더콜리믹스견인듯,수컷,경상북도 성주군,성주유기동물보호센터
2025-04-27,개,말티즈,수컷,전라남도 함평군,학교임시동물보호센터
2025-04-27,개,믹스견,수컷,강원특별자치도 인제군,인제군동물보호센터
2025-04-27,고양이,한국 고양이,수컷,광주광역시 광산구,광주동물보호센터
2025-04-26,고양이,코숏,미상,대전광역시 동구,대전동물보호센터
2025-04-26,고양이,코숏,미상,대전광역시 동구,대전동물보호센터
2025-04-26,고양이,코숏,미상,대전광역시 동구,대전동물보호센터
2025-04-26,고양이,코숏,미상,대전광역시 동구,대전동물보호센터
2025-04-26,개,믹스견,수컷,경상북도 예천군,예천군유기동물보호소
2025-04-26,고양이,한국 고양이,암컷,경상남도 김해시,(사)동물보호관리협회
2025-04-26,개,믹스견,수컷,전북특별자치도 부안군,부안군 동물보호센터
2025-04-26,개,믹스견,암컷,전북특별자치도 부안군,부안군 동물보호센터
2025-04-26,개,믹스견,암컷,전북특별자치도 부안군,부안군 동물보호센터
2025-04-26,개,믹스견,암컷,전북특별자치도 부안군,부안군 동물보호센터
2025-04-26,개,믹스견,수컷,전북특별자치도 익산시,익산유기동물보호소
2025-04-26,개,믹스견,수컷,전북특별자치도 익산시,익산유기동물보호소
2025-04-26,개,믹스견,암컷,충청남도 서산시,서산시 동물보호센터
2025-04-26,개,믹스견,암컷,충청남도 아산시,아산동물복지지원센터
2025-04-26,고양이,한국 고양이,수컷,충청북도 영동군,최종주동물병원
2025-04-26,개,믹스견,암컷,충청북도 영동군,최종주동물병원
2025-04-26,개,믹스견,수컷,충청북도 영동군,최종주동물병원
2025-04-26,개,믹스견,암컷,경기도 포천시,한국동물구조관리협회
2025-04-26,고양이,한국 고양이,암컷,경기도 포천시,한국동물구조관리협회
2025-04-26,개,믹스견,수컷,경기도 양주시,한국동물구조관리협회
2025-04-26,고양이,한국 고양이,수컷,경기도 파주시,한국동물구조관리협회
2025-04-26,고양이,한국 고양이,수컷,경기도 파주시,한국동물구조관리협회
2025-04-26,개,믹스견,수컷,경기도 안산시,한국야생동물보호협회
2025-04-26,개,푸들,수컷,경기도 안산시,한국야생동물보호협회
2025-04-26,개,믹스견,수컷,울산광역시 울주군,울산유기동물보호센터
2025-04-26,개,믹스견,암컷,울산광역시 울주군,울산유기동물보호센터
2025-04-26,개,믹스견,미상,울산광역시 울주군,울산유기동물보호센터
2025-04-26,개,푸들,수컷,울산광역시 동구,울산유기동물보호센터
2025-04-26,고양이,한국 고양이,수컷,인천광역시 서구,우리동물병원
2025-04-26,고양이,한국 고양이,암컷,대구광역시 달성군,화원연합동물병원
2025-04-26,고양이,한국 고양이,미상,대구광역시 달성군,화원연합동물병원
2025-04-26,고양이,한국 고양이,암컷,부산광역시 기장군,사단법인 동부
2025-04-26,고양이,믹스묘,암컷,부산광역시 수영구,(사)동부동물보호협회
2025-04-26,개,푸들,암컷,부산광역시 수영구,(사)동부동물보호협회
2025-04-26,개,미니어쳐 닥스훈트,암컷,부산광역시 금정구,동부동물보호협회
2025-04-26,개,믹스견,암컷,부산광역시 서구,부산동물보호센터
2025-04-26,개,믹스견,수컷,서울특별시 서초구,한국동물구조관리협회
2025-04-26,개,믹스견,암컷,서울특별시 은평구,한국동물구조관리협회
2025-04-26,개,믹스견,수컷,서울특별시 노원구,한국동물구조관리협회
2025-04-26,개,믹스견,수컷,경상남도 김해시,(사)동물보호관리협회
2025-04-26,개,믹스견,암컷,경상남도 김해시,(사)동물보호관리협회
2025-04-26,개,믹스견,암컷,경상남도 김해시,(사)동물보호관리협회
2025-04-26,개,믹스견,수컷,경상남도 남해군,남해군동물보호센터
2025-04-26,개,믹스견,수컷,경상남도 창원시,진해유기동물보호소
2025-04-26,개,믹스견,수컷,경상북도 상주시,상주시 동물보호센터
2025-04-26,개,믹스견,수컷,경상남도 창원시,창원유기동물보호소
2025-04-26,개,믹스견,수컷,경상남도 거제시,거제시유기동물보호소
2025-04-26,개,믹스견,암컷,경상남도 밀양시,밀양시 동물보호센터
2025-04-26,개,믹스견,암컷,경상남도 밀양시,밀양시 동물보호센터
2025-04-26,개,믹스견,암컷,경상남도 밀양시,밀양시 동물보호센터
2025-04-26,개,골든 리트리버,수컷,경상남도 밀양시,밀양시 동물보호센터
2025-04-26,고양이,한국 고양이,미상,경상남도 밀양시,밀양시 동물보호센터
2025-04-26,고양이,한국 고양이,미상,경상남도 밀양시,밀양시 동물보호센터
2025-04-26,개,믹스견,암컷,경상북도 청도군,청도군동물보호센터
2025-04-26,개,믹스견,수컷,경상북도 청도군,청도군동물보호센터
2025-04-26,개,믹스견,수컷,경상북도 청도군,청도군동물보호센터
2025-04-26,개,믹스견,암컷,경상북도 청도군,청도군동물보호센터
2025-04-26,개,믹스견,암컷,경상북도 청도군,청도군동물보호센터
2025-04-26,개,믹스견,수컷,경상북도 영덕군,영덕유기동물보호센터
2025-04-26,개,믹스견,암컷,경상북도 경주시,경주동물사랑보호센터
2025-04-26,개,믹스견,암컷,경상북도 경주시,경주동물사랑보호센터
2025-04-26,개,믹스견,암컷,경상북도 경주시,경주동물사랑보호센터
2025-04-26,개,믹스견,암컷,경상북도 경주시,경주동물사랑보호센터
2025-04-26,개,믹스견,암컷,경상북도 포항시,(사)영일동물플러스
2025-04-26,개,믹스견,수컷,전라남도 나주시,나주유기동물보호센터
2025-04-26,개,믹스견,수컷,전라남도 나주시,나주유기동물보호센터
2025-04-26,개,믹스견,수컷,전라남도 나주시,나주유기동물보호센터
2025-04-26,개,믹스견,암컷,전라남도 나주시,나주유기동물보호센터
2025-04-26,개,믹스견,수컷,전라남도 나주시,나주유기동물보호센터
2025-04-26,개,믹스견,암컷,전라남도 나주시,나주유기동물보호센터
2025-04-26,고양이,한국 고양이,암컷,전라남도 나주시,나주유기동물보호센터
2025-04-26,고양이,한국 고양이,암컷,전라남도 나주시,나주유기동물보호센터
2025-04-26,개,말티즈,수컷,전라남도 목포시,목포시유기동물보호소
2025-04-26,개,믹스견,암컷,전라남도 목포시,목포시유기동물보호소
2025-04-26,개,믹스견,수컷,전북특별자치도 남원시,하나동물병원
2025-04-26,개,믹스견,암컷,전북특별자치도 남원시,하나동물병원
2025-04-26,고양이,믹스묘,수컷,전북특별자치도 남원시,하나동물병원
2025-04-26,고양이,믹스묘,수컷,전북특별자치도 남원시,하나동물병원
2025-04-26,고양이,믹스묘,암컷,전북특별자치도 남원시,하나동물병원
2025-04-26,고양이,믹스묘,암컷,전북특별자치도 남원시,하나동물병원
2025-04-26,개,믹스견,수컷,전북특별자치도 전주시,링크늘푸른동물병원
2025-04-26,개,믹스견,암컷,충청남도 부여군,남부여동물보호소
2025-04-26,개,믹스견,수컷,충청남도 부여군,남부여동물보호소
2025-04-26,기타,닭,미상,충청남도 천안시,천안시 동물보호센터
2025-04-26,개,믹스견,암컷,충청북도 음성군,금왕동물병원
2025-04-26,개,믹스견,수컷,충청북도 음성군,금왕동물병원
2025-04-26,개,믹스견,수컷,충청북도 음성군,금왕동물병원
2025-04-26,개,믹스견,수컷,충청북도 음성군,금왕동물병원
2025-04-26,개,믹스견,암컷,충청북도 음성군,금왕동물병원
2025-04-26,개,믹스견,수컷,충청북도 음성군,금왕동물병원
2025-04-26,개,믹스견,수컷,충청북도 음성군,금왕동물병원
2025-04-26,개,믹스견,수컷,충청북도 음성군,금왕동물병원
2025-04-26,개,믹스견,암컷,충청북도 음성군,금왕동물병원
2025-04-26,개,믹스견,암컷,강원특별자치도 춘천시,춘천시 동물보호센터
2025-04-26,개,치와와,암컷,경기도 여주시,위더스 동물보호센터
2025-04-26,개,치와와,암컷,경기도 여주시,위더스 동물보호센터
2025-04-26,개,믹스견,암컷,경기도 이천시,위더스 동물보호센터
2025-04-26,개,믹스견,암컷,경기도 이천시,위더스 동물보호센터
2025-04-26,개,믹스견,수컷,경기도 고양시,고양시동물보호센터
2025-04-26,개,믹스견,수컷,경기도 안산시,한국야생동물보호협회
2025-04-26,개,믹스견,수컷,경기도 평택시,평택시유기동물보호소
2025-04-26,개,믹스견,암컷,경기도 평택시,평택시유기동물보호소
2025-04-26,개,믹스견,암컷,경기도 평택시,평택시유기동물보호소
2025-04-26,개,믹스견,암컷,경기도 평택시,평택시유기동물보호소
2025-04-26,개,믹스견,암컷,경기도 평택시,평택시유기동물보호소
2025-04-26,개,믹스견,암컷,경기도 평택시,평택시유기동물보호소
2025-04-26,개,아메리칸 아키다,수컷,경기도 평택시,평택시유기동물보호소
2025-04-26,고양이,한국 고양이,수컷,울산광역시 남구,강남동물병원
2025-04-26,개,믹스견,수컷,광주광역시 남구,광주동물보호센터
2025-04-26,개,믹스견,암컷,광주광역시 남구,광주동물보호센터
2025-04-26,개,믹스견,수컷,광주광역시 남구,광주동물보호센터
2025-04-26,개,말티즈,수컷,인천광역시 중구,경동동물병원
2025-04-26,고양이,한국 고양이,미상,대구광역시 군위군,군위종합동물병원
2025-04-26,고양이,한국 고양이,암컷,대구광역시 군위군,군위종합동물병원
2025-04-26,기타,올빼미,미상,대구광역시 군위군,군위종합동물병원
2025-04-26,고양이,한국 고양이,암컷,대구광역시 서구,대구시수의사회(삼성)
2025-04-26,개,포메라니안,암컷,부산광역시 강서구,(사)하얀비둘기
2025-04-25,개,믹스견,암컷,경상북도 영천시,영천유기동물보호센터
2025-04-25,개,믹스견,암컷,경상북도 영천시,영천유기동물보호센터
2025-04-25,개,믹스견,암컷,경상북도 예천군,예천군유기동물보호소
2025-04-25,개,믹스견,암컷,전라남도 장성군,장성군동물보호센터
2025-04-25,개,믹스견,암컷,경상남도 고성군,고성군유기동물보호소
2025-04-25,개,믹스견,암컷,경상남도 고성군,고성군유기동물보호소
2025-04-25,개,믹스견,수컷,경상남도 고성군,고성군유기동물보호소
2025-04-25,개,믹스견,수컷,경상남도 고성군,고성군유기동물보호소
2025-04-25,개,믹스견,수컷,경상남도 통영시,통영시동물보호센터
2025-04-25,개,페키니즈,수컷,경상북도 안동시,유기동물보호센터
2025-04-25,개,믹스견,암컷,전북특별자치도 장수군,장수군 보호소
2025-04-25,개,믹스견,암컷,전북특별자치도 장수군,장수군 보호소
2025-04-25,개,믹스견,수컷,전북특별자치도 장수군,장수군 보호소
2025-04-25,개,믹스견,암컷,충청남도 논산시,논산시 동물보호센터
2025-04-25,개,믹스견,수컷,충청남도 논산시,논산시 동물보호센터
2025-04-25,개,믹스견,수컷,충청남도 논산시,논산시 동물보호센터
2025-04-25,개,믹스견,암컷,충청남도 논산시,논산시 동물보호센터
2025-04-25,개,믹스견,암컷,충청남도 논산시,논산시 동물보호센터
2025-04-25,개,믹스견,암컷,충청남도 논산시,논산시 동물보호센터
2025-04-25,개,믹스견,암컷,충청남도 서산시,서산시 동물보호센터
2025-04-25,개,믹스견,암컷,충청남도 공주시,공주시 동물보호센터
2025-04-25,개,믹스견,암컷,충청남도 공주시,공주시 동물보호센터
2025-04-25,개,믹스견,수컷,충청남도 공주시,공주시 동물보호센터
2025-04-25,개,믹스견,수컷,충청남도 공주시,공주시 동물보호센터
2025-04-25,개,믹스견,수컷,충청북도 영동군,최종주동물병원
2025-04-25,개,믹스견,수컷,강원특별자치도 원주시,원주시동물보호센터
2025-04-25,개,믹스견,암컷,경기도 양주시,한국동물구조관리협회
2025-04-25,개,시츄,암컷,경기도 수원시,수원시 동물보호센터
2025-04-25,개,믹스견,미상,울산광역시 울주군,울산유기동물보호센터
2025-04-25,개,스탠다드 푸들,수컷,울산광역시 중구,울산유기동물보호센터
2025-04-25,개,믹스견,암컷,인천광역시 계양구,신영재동물병원
2025-04-25,개,믹스견,암컷,인천광역시 계양구,신영재동물병원
2025-04-25,고양이,한국 고양이,수컷,인천광역시 부평구,조재진동물병원
2025-04-25,고양이,믹스묘,암컷,부산광역시 금정구,동부동물보호협회
2025-04-25,고양이,믹스묘,암컷,부산광역시 해운대구,동부유기동물보호협회
2025-04-25,고양이,믹스묘,수컷,부산광역시 남구,(사)동부동물보호협회
2025-04-25,고양이,믹스묘,수컷,부산광역시 남구,(사)동부동물보호협회
2025-04-25,개,믹스견,수컷,부산광역시 영도구,부산동물보호센터
2025-04-25,고양이,한국 고양이,미상,부산광역시 서구,부산동물보호센터
2025-04-25,고양이,한국 고양이,암컷,부산광역시 서구,부산동물보호센터
2025-04-25,고양이,한국 고양이,미상,부산광역시 서구,부산동물보호센터
2025-04-25,개,믹스견,암컷,제주특별자치도 제주특별자치도,제주 동물보호센터
2025-04-25,개,믹스견,수컷,제주특별자치도 제주특별자치도,제주 동물보호센터
2025-04-25,개,믹스견,암컷,전북특별자치도 익산시,익산유기동물보호소
2025-04-25,개,믹스견,암컷,전북특별자치도 익산시,익산유기동물보호소
2025-04-25,개,믹스견,암컷,전북특별자치도 익산시,익산유기동물보호소
2025-04-25,개,믹스견,수컷,전북특별자치도 익산시,익산유기동물보호소
2025-04-25,고양이,한국 고양이,암컷,전북특별자치도 익산시,익산유기동물보호소
2025-04-25,개,믹스견,암컷,전북특별자치도 익산시,익산유기동물보호소
2025-04-25,개,믹스견,수컷,전북특별자치도 익산시,익산유기동물보호소
2025-04-25,개,믹스견,암컷,전북특별자치도 익산시,익산유기동물보호소
2025-04-25,개,라브라도 리트리버,암컷,경기도 화성시,화성동물보호센터
2025-04-25,개,믹스견,암컷,제주특별자치도 제주특별자치도,제주 동물보호센터
2025-04-25,개,믹스견,수컷,제주특별자치도 제주특별자치도,제주 동물보호센터
2025-04-25,개,믹스견,암컷,경상남도 진주시,진주시동물보호센터
2025-04-25,개,믹스견,수컷,전라남도 목포시,목포시유기동물보호소
2025-04-25,개,믹스견,암컷,전라남도 목포시,목포시유기동물보호소
2025-04-25,개,믹스견,암컷,경기도 포천시,한국동물구조관리협회
2025-04-25,개,믹스견,수컷,경기도 포천시,한국동물구조관리협회
2025-04-25,개,믹스견,암컷,경기도 포천시,한국동물구조관리협회
2025-04-25,개,믹스견,수컷,경기도 김포시,한국동물구조관리협회
2025-04-25,고양이,한국 고양이,수컷,경기도 김포시,한국동물구조관리협회
2025-04-25,고양이,한국 고양이,암컷,경기도 파주시,한국동물구조관리협회
2025-04-25,고양이,한국 고양이,암컷,경기도 파주시,한국동물구조관리협회
2025-04-25,고양이,한국 고양이,암컷,경기도 파주시,한국동물구조관리협회
2025-04-25,고양이,한국 고양이,암컷,경기도 파주시,한국동물구조관리협회
2025-04-25,고양이,한국 고양이,수컷,경기도 파주시,한국동물구조관리협회
2025-04-25,고양이,한국 고양이,암컷,경기도 파주시,한국동물구조관리협회
2025-04-25,개,믹스견,암컷,경기도 고양시,고양시동물보호센터
2025-04-25,개,믹스견,암컷,경기도 고양시,고양시동물보호센터
2025-04-25,개,믹스견,암컷,경기도 고양시,고양시동물보호센터
2025-04-25,개,믹스견,암컷,경기도 고양시,고양시동물보호센터
2025-04-25,개,믹스견,수컷,경기도 고양시,고양시동물보호센터
2025-04-25,개,믹스견,수컷,경기도 평택시,평택시유기동물보호소
2025-04-25,개,믹스견,수컷,경기도 평택시,평택시유기동물보호소
2025-04-25,고양이,한국 고양이,암컷,서울특별시 영등포구,한국동물구조관리협회
2025-04-25,개,비숑 프리제,수컷,서울특별시 강북구,한국동물구조관리협회
2025-04-25,개,믹스견,수컷,서울특별시 동대문구,한국동물구조관리협회
2025-04-25,개,믹스견,수컷,서울특별시 동대문구,한국동물구조관리협회
2025-04-25,개,믹스견,암컷,서울특별시 동대문구,한국동물구조관리협회
2025-04-25,개,보스턴 테리어,수컷,서울특별시 동대문구,한국동물구조관리협회
2025-04-25,고양이,한국 고양이,암컷,광주광역시 서구,광주동물보호센터
2025-04-25,개,믹스견,암컷,세종특별자치시 세종특별자치시,세종유기동물보호센터
2025-04-25,개,믹스견,암컷,세종특별자치시 세종특별자치시,세종유기동물보호센터
2025-04-25,기타,금계닭,수컷,세종특별자치시 세종특별자치시,세종유기동물보호센터
2025-04-25,개,믹스견,암컷,경상남도 거창군,나래동물병원
2025-04-25,개,믹스견,수컷,경상남도 거창군,나래동물병원
2025-04-25,개,믹스견,수컷,경상남도 거창군,나래동물병원
2025-04-25,개,믹스견,수컷,경상남도 거창군,나래동물병원
2025-04-25,개,믹스견,수컷,경상남도 거창군,나래동물병원
2025-04-25,개,믹스견,수컷,경상남도 의령군,의령군 동물보호센터
2025-04-25,개,믹스견,암컷,경상남도 의령군,의령군 동물보호센터
2025-04-25,개,믹스견,암컷,경상남도 의령군,의령군 동물보호센터
2025-04-25,개,믹스견,암컷,경상남도 거제시,거제시유기동물보호소
2025-04-25,개,믹스견,수컷,경상남도 밀양시,밀양시 동물보호센터
2025-04-25,개,믹스견,수컷,경상남도 밀양시,밀양시 동물보호센터
2025-04-25,개,믹스견,수컷,경상남도 밀양시,밀양시 동물보호센터
2025-04-25,개,믹스견,수컷,경상남도 밀양시,밀양시 동물보호센터
2025-04-25,개,믹스견,암컷,경상남도 밀양시,밀양시 동물보호센터
2025-04-25,개,믹스견,수컷,경상남도 밀양시,밀양시 동물보호센터
2025-04-25,개,믹스견,암컷,경상남도 밀양시,밀양시 동물보호센터
2025-04-25,개,믹스견,수컷,경상남도 밀양시,밀양시 동물보호센터
2025-04-25,개,믹스견,암컷,경상남도 밀양시,밀양시 동물보호센터
2025-04-25,개,믹스견,수컷,경상북도 봉화군,봉화군유기동물보호소
2025-04-25,개,믹스견,암컷,경상북도 봉화군,봉화군유기동물보호소
2025-04-25,개,믹스견,암컷,경상북도 경산시,경산시유기동물보호소
2025-04-25,개,포메라니안,수컷,경상북도 구미시,구미시 동물보호센터
2025-04-25,개,믹스견,암컷,경상북도 김천시,김천시 동물보호센터
2025-04-25,개,믹스견,수컷,전라남도 신안군,신안군유기동물보호소
2025-04-25,개,믹스견,암컷,전라남도 함평군,학교임시동물보호센터
2025-04-25,개,믹스견,암컷,전라남도 강진군,강진군 유기견 보호소
2025-04-25,개,믹스견,암컷,전라남도 강진군,강진군 유기견 보호소
2025-04-25,개,믹스견,암컷,전라남도 화순군,화순군유기동물보호소
2025-04-25,개,믹스견,수컷,전라남도 화순군,화순군유기동물보호소
2025-04-25,개,믹스견,암컷,전라남도 화순군,화순군유기동물보호소
2025-04-25,개,믹스견,수컷,전라남도 화순군,화순군유기동물보호소
2025-04-25,개,믹스견,수컷,전라남도 광양시,광양시 임시보호소
2025-04-25,개,믹스견,암컷,전라남도 광양시,광양시 임시보호소
2025-04-25,개,믹스견,수컷,전라남도 광양시,광양시 임시보호소
2025-04-25,개,믹스견,수컷,전라남도 광양시,광양시 임시보호소
2025-04-25,개,믹스견,수컷,전북특별자치도 부안군,부안군 동물보호센터
2025-04-25,개,믹스견,암컷,전북특별자치도 부안군,부안군 동물보호센터
2025-04-25,개,믹스견,수컷,전북특별자치도 고창군,더나은동물병원
2025-04-25,개,믹스견,암컷,전북특별자치도 고창군,더나은동물병원
2025-04-25,개,믹스견,수컷,전북특별자치도 고창군,더나은동물병원
2025-04-25,개,믹스견,암컷,전북특별자치도 고창군,더나은동물병원
2025-04-25,개,믹스견,수컷,전북특별자치도 고창군,더나은동물병원
2025-04-25,개,믹스견,수컷,전북특별자치도 고창군,더나은동물병원
2025-04-25,개,믹스견,암컷,전북특별자치도 고창군,더나은동물병원
2025-04-25,개,믹스견,수컷,전북특별자치도 고창군,더나은동물병원
2025-04-25,개,믹스견,암컷,전북특별자치도 고창군,더나은동물병원
2025-04-25,개,믹스견,수컷,전북특별자치도 고창군,더나은동물병원
2025-04-25,개,믹스견,암컷,전북특별자치도 고창군,더나은동물병원
2025-04-25,개,믹스견,암컷,전북특별자치도 고창군,더나은동물병원
2025-04-25,개,믹스견,암컷,전북특별자치도 고창군,더나은동물병원
2025-04-25,개,믹스견,암컷,전북특별자치도 고창군,더나은동물병원
2025-04-25,개,믹스견,암컷,전북특별자치도 고창군,더나은동물병원
2025-04-25,개,믹스견,암컷,전북특별자치도 고창군,더나은동물병원
2025-04-25,개,믹스견,암컷,전북특별자치도 고창군,더나은동물병원
2025-04-25,개,믹스견,암컷,전북특별자치도 순창군,순창유기동물보호소
2025-04-25,개,믹스견,수컷,전북특별자치도 완주군,완주군유기동물보호소
2025-04-25,개,믹스견,암컷,전북특별자치도 김제시,전북말산업복합센터
2025-04-25,개,믹스견,수컷,전북특별자치도 김제시,전북말산업복합센터
2025-04-25,개,믹스견,수컷,전북특별자치도 김제시,전북말산업복합센터
2025-04-25,개,믹스견,암컷,전북특별자치도 정읍시,정읍시 동물보호소
2025-04-25,개,믹스견,수컷,전북특별자치도 정읍시,정읍시 동물보호소
2025-04-25,개,믹스견,수컷,전북특별자치도 정읍시,정읍시 동물보호소
2025-04-25,개,믹스견,암컷,전북특별자치도 정읍시,정읍시 동물보호소
2025-04-25,고양이,믹스묘,암컷,전북특별자치도 군산시,군산유기동물보호센터
2025-04-25,개,믹스견,수컷,전북특별자치도 군산시,군산유기동물보호센터
2025-04-25,개,푸들,암컷,전북특별자치도 전주시,프렌즈동물병원
2025-04-25,개,믹스견,암컷,충청남도 당진시,당진시동물보호소
2025-04-25,개,믹스견,암컷,충청남도 당진시,당진시동물보호소
2025-04-25,개,믹스견,암컷,충청남도 태안군,태안 동물보호소
2025-04-25,개,믹스견,암컷,충청남도 태안군,태안 동물보호소
2025-04-25,개,믹스견,암컷,충청남도 태안군,태안 동물보호소
2025-04-25,개,믹스견,수컷,충청남도 태안군,태안 동물보호소
2025-04-25,개,믹스견,수컷,충청남도 태안군,태안 동물보호소
2025-04-25,개,믹스견,암컷,충청남도 태안군,태안 동물보호소
2025-04-25,고양이,한국 고양이,미상,충청남도 예산군,예산임시동물보호센터
2025-04-25,개,믹스견,암컷,충청남도 홍성군,금일동물보호센터
2025-04-25,개,믹스견,암컷,충청남도 홍성군,금일동물보호센터
2025-04-25,개,믹스견,암컷,충청남도 홍성군,금일동물보호센터
2025-04-25,개,믹스견,암컷,충청남도 홍성군,금일동물보호센터
2025-04-25,개,믹스견,암컷,충청남도 홍성군,금일동물보호센터
2025-04-25,개,믹스견,수컷,충청남도 홍성군,금일동물보호센터
2025-04-25,개,믹스견,수컷,충청남도 홍성군,금일동물보호센터
2025-04-25,개,믹스견,수컷,충청남도 홍성군,금일동물보호센터
2025-04-25,개,믹스견,수컷,충청남도 홍성군,금일동물보호센터
2025-04-25,개,믹스견,수컷,충청남도 아산시,아산동물복지지원센터
2025-04-25,개,믹스견,수컷,충청남도 보령시,보령시유기동물보호소
2025-04-25,고양이,한국 고양이,암컷,충청북도 옥천군,옥천동물병원
2025-04-25,개,믹스견,암컷,충청북도 옥천군,옥천동물병원
2025-04-25,고양이,한국 고양이,수컷,충청북도 옥천군,옥천동물병원
2025-04-25,고양이,한국 고양이,수컷,충청북도 옥천군,옥천동물병원
2025-04-25,고양이,한국 고양이,수컷,충청북도 옥천군,옥천동물병원
2025-04-25,고양이,한국 고양이,암컷,충청북도 옥천군,옥천동물병원
2025-04-25,고양이,한국 고양이,암컷,충청북도 옥천군,옥천동물병원
2025-04-25,개,믹스견,수컷,강원특별자치도 정선군,정선가축병원
2025-04-25,개,믹스견,암컷,강원특별자치도 정선군,정선가축병원
2025-04-25,개,푸들,수컷,강원특별자치도 홍천군,홍천군유기동물보호소
2025-04-25,개,포메라니안,수컷,강원특별자치도 강릉시,강릉시 동물사랑센터
2025-04-25,개,믹스견,수컷,경기도 광주시,광주TNR동물병원초월
2025-04-25,고양이,한국 고양이,수컷,경기도 광주시,광주TNR동물병원송정
2025-04-25,고양이,한국 고양이,수컷,경기도 광주시,광주TNR동물병원송정
2025-04-25,개,요크셔 테리어,수컷,경기도 화성시,화성동물보호센터
2025-04-25,개,믹스견,수컷,경기도 양평군,양평군유기동물보호소
2025-04-25,개,믹스견,수컷,경기도 양평군,양평군유기동물보호소
2025-04-25,개,믹스견,암컷,경기도 안성시,안성시 동물보호센터
2025-04-25,개,푸들,수컷,경기도 시흥시,시흥동물누리보호센터
2025-04-25,개,믹스견,암컷,경기도 평택시,평택시유기동물보호소
2025-04-25,개,믹스견,수컷,경기도 평택시,평택시유기동물보호소
2025-04-25,개,믹스견,수컷,경기도 평택시,평택시유기동물보호소
2025-04-25,개,포메라니안,암컷,경기도 평택시,평택시유기동물보호소
2025-04-25,개,믹스견,암컷,경기도 평택시,평택시유기동물보호소
2025-04-25,개,믹스견,암컷,경기도 평택시,평택시유기동물보호소
2025-04-25,개,믹스견,암컷,경기도 평택시,평택시유기동물보호소
2025-04-25,개,믹스견,수컷,경기도 부천시,가나동물병원
2025-04-25,개,믹스견,암컷,광주광역시 북구,광주동물보호센터
2025-04-25,개,믹스견,암컷,광주광역시 북구,광주동물보호센터
2025-04-25,개,믹스견,수컷,인천광역시 서구,우리동물병원
2025-04-25,고양이,한국 고양이,암컷,대구광역시 달성군,119동물병원
2025-04-25,고양이,한국 고양이,미상,대구광역시 달성군,119동물병원
2025-04-25,고양이,한국 고양이,미상,대구광역시 달성군,119동물병원
2025-04-25,고양이,한국 고양이,수컷,대구광역시 달성군,119동물병원
2025-04-25,개,믹스견,암컷,경상북도 문경시,종합축산
2025-04-25,개,요크셔 테리어,암컷,경기도 남양주시,남양주시동물보호센터
2025-04-24,개,믹스견,미상,인천광역시 강화군,디디동물병원
2025-04-24,개,믹스견,미상,인천광역시 강화군,디디동물병원
2025-04-24,개,믹스견,수컷,강원특별자치도 횡성군,횡성유기동물보호센터
2025-04-24,개,믹스견,수컷,부산광역시 강서구,(사)하얀비둘기
2025-04-24,개,믹스견,암컷,부산광역시 강서구,(사)하얀비둘기
2025-04-24,개,믹스견,암컷,전라남도 장흥군,장흥군 동물보호센터
2025-04-24,개,믹스견,수컷,전라남도 장흥군,장흥군 동물보호센터
2025-04-24,개,믹스견,수컷,전라남도 장흥군,장흥군 동물보호센터
2025-04-24,개,믹스견,수컷,전라남도 장흥군,장흥군 동물보호센터
2025-04-24,개,믹스견,암컷,전라남도 장흥군,장흥군 동물보호센터
2025-04-24,개,믹스견,암컷,전라남도 장흥군,장흥군 동물보호센터
2025-04-24,개,믹스견,암컷,전라남도 장흥군,장흥군 동물보호센터
2025-04-24,개,믹스견,암컷,전라남도 장흥군,장흥군 동물보호센터
2025-04-24,개,믹스견,수컷,전라남도 장흥군,장흥군 동물보호센터
2025-04-24,개,믹스견,암컷,전라남도 장흥군,장흥군 동물보호센터
2025-04-24,개,믹스견,암컷,전라남도 장흥군,장흥군 동물보호센터
2025-04-24,개,믹스견,암컷,전라남도 장흥군,장흥군 동물보호센터
2025-04-24,개,진도견,수컷,경상북도 안동시,유기동물보호센터
2025-04-24,개,진도견,수컷,경상북도 안동시,유기동물보호센터
2025-04-24,개,진도견,수컷,경상북도 안동시,유기동물보호센터
2025-04-24,개,진도견,암컷,경상북도 안동시,유기동물보호센터
2025-04-24,개,믹스견,암컷,강원특별자치도 원주시,원주시동물보호센터
2025-04-24,개,믹스견,수컷,강원특별자치도 원주시,원주시동물보호센터
2025-04-24,개,믹스견,암컷,강원특별자치도 원주시,원주시동물보호센터
2025-04-24,고양이,한국 고양이,암컷,강원특별자치도 원주시,원주시동물보호센터
2025-04-24,개,믹스견,암컷,울산광역시 울주군,울산유기동물보호센터
2025-04-24,고양이,한국 고양이,수컷,인천광역시 계양구,신영재동물병원
2025-04-24,개,믹스견,암컷,인천광역시 계양구,신영재동물병원
2025-04-24,고양이,한국 고양이,암컷,인천광역시 계양구,신영재동물병원
2025-04-24,개,믹스견,암컷,서울특별시 서초구,한국동물구조관리협회
2025-04-24,개,믹스견,암컷,서울특별시 서초구,한국동물구조관리협회
2025-04-24,고양이,한국 고양이,수컷,서울특별시 중랑구,한국동물구조관리협회
2025-04-24,개,믹스견,수컷,제주특별자치도 제주특별자치도,제주 동물보호센터
2025-04-24,개,진도견,수컷,전북특별자치도 익산시,익산유기동물보호소
2025-04-24,개,믹스견,암컷,전라남도 영암군,유기동물 삼호 보호소
2025-04-24,개,믹스견,암컷,전라남도 영암군,유기동물 삼호 보호소
2025-04-24,개,믹스견,수컷,전라남도 영암군,유기동물 삼호 보호소
2025-04-24,개,믹스견,암컷,전라남도 영암군,유기동물 삼호 보호소
2025-04-24,개,믹스견,수컷,부산광역시 강서구,(사)하얀비둘기
2025-04-24,개,믹스견,암컷,부산광역시 강서구,(사)하얀비둘기
2025-04-24,개,믹스견,암컷,제주특별자치도 제주특별자치도,제주 동물보호센터
2025-04-24,개,믹스견,수컷,제주특별자치도 제주특별자치도,제주 동물보호센터
2025-04-24,개,믹스견,수컷,경상남도 하동군,하동군유기동물보호소
2025-04-24,개,골든 리트리버,수컷,경상남도 밀양시,밀양시 동물보호센터
2025-04-24,개,믹스견,암컷,경상남도 김해시,(사)동물보호관리협회
2025-04-24,개,말티즈,수컷,경상남도 김해시,(사)동물보호관리협회
2025-04-24,개,믹스견,암컷,경상남도 통영시,통영시동물보호센터
2025-04-24,개,믹스견,암컷,전라남도 신안군,신안군유기동물보호소
2025-04-24,개,믹스견,암컷,전라남도 해남군,해남유기동물보호센터
2025-04-24,개,믹스견,암컷,전라남도 해남군,해남유기동물보호센터
2025-04-24,개,믹스견,수컷,전라남도 화순군,화순군유기동물보호소
2025-04-24,개,믹스견,암컷,전라남도 화순군,화순군유기동물보호소
2025-04-24,개,믹스견,암컷,전라남도 화순군,화순군유기동물보호소
2025-04-24,개,믹스견,암컷,전라남도 화순군,화순군유기동물보호소
2025-04-24,개,믹스견,수컷,전라남도 화순군,화순군유기동물보호소
2025-04-24,개,믹스견,수컷,전라남도 화순군,화순군유기동물보호소
2025-04-24,개,믹스견,수컷,전라남도 화순군,화순군유기동물보호소
2025-04-24,개,믹스견,암컷,전라남도 화순군,화순군유기동물보호소
2025-04-24,개,믹스견,수컷,전라남도 화순군,화순군유기동물보호소
2025-04-24,개,믹스견,암컷,전라남도 화순군,화순군유기동물보호소
2025-04-24,개,믹스견,수컷,전라남도 화순군,화순군유기동물보호소
2025-04-24,개,믹스견,암컷,전라남도 화순군,화순군유기동물보호소
2025-04-24,개,믹스견,암컷,전라남도 화순군,화순군유기동물보호소
2025-04-24,개,믹스견,암컷,전라남도 화순군,화순군유기동물보호소
2025-04-24,개,믹스견,수컷,전라남도 화순군,화순군유기동물보호소
2025-04-24,개,믹스견,암컷,전라남도 화순군,화순군유기동물보호소
2025-04-24,개,믹스견,암컷,전라남도 화순군,화순군유기동물보호소
2025-04-24,개,믹스견,암컷,전라남도 화순군,화순군유기동물보호소
2025-04-24,개,믹스견,암컷,전라남도 화순군,화순군유기동물보호소
2025-04-24,개,믹스견,수컷,전라남도 화순군,화순군유기동물보호소
2025-04-24,개,믹스견,수컷,전라남도 화순군,화순군유기동물보호소
2025-04-24,개,치와와,암컷,전라남도 화순군,화순군유기동물보호소
2025-04-24,개,믹스견,암컷,전라남도 여수시,유기동물보호소
2025-04-24,개,믹스견,암컷,전라남도 여수시,유기동물보호소
2025-04-24,개,믹스견,수컷,전북특별자치도 익산시,익산유기동물보호소
2025-04-24,고양이,한국 고양이,암컷,전북특별자치도 익산시,익산유기동물보호소
2025-04-24,고양이,한국 고양이,수컷,전북특별자치도 익산시,익산유기동물보호소
2025-04-24,고양이,한국 고양이,수컷,전북특별자치도 익산시,익산유기동물보호소
2025-04-24,개,믹스견,암컷,전북특별자치도 군산시,군산유기동물보호센터
2025-04-24,개,믹스견,수컷,충청남도 홍성군,금일동물보호센터
2025-04-24,개,믹스견,암컷,충청남도 홍성군,금일동물보호센터
2025-04-24,개,믹스견,암컷,충청남도 홍성군,금일동물보호센터
2025-04-24,개,믹스견,수컷,충청남도 홍성군,금일동물보호센터
2025-04-24,개,믹스견,수컷,충청남도 부여군,남부여동물보호소
2025-04-24,개,믹스견,암컷,충청남도 부여군,남부여동물보호소
2025-04-24,개,믹스견,암컷,충청남도 부여군,남부여동물보호소
2025-04-24,개,믹스견,암컷,충청남도 보령시,보령시유기동물보호소
2025-04-24,개,믹스견,수컷,충청북도 증평군,가정견훈련소
2025-04-24,개,믹스견,암컷,충청북도 충주시,충주시동물보호센터
2025-04-24,개,믹스견,수컷,충청북도 충주시,충주시동물보호센터
2025-04-24,개,믹스견,암컷,강원특별자치도 홍천군,홍천군유기동물보호소
2025-04-24,개,스탠다드 닥스훈트,수컷,강원특별자치도 춘천시,춘천시 동물보호센터
2025-04-24,개,스탠다드 닥스훈트,수컷,강원특별자치도 춘천시,춘천시 동물보호센터
2025-04-24,개,믹스견,수컷,경기도 포천시,한국동물구조관리협회
2025-04-24,개,믹스견,암컷,경기도 포천시,한국동물구조관리협회
2025-04-24,개,믹스견,수컷,경기도 연천군,한국동물구조관리협회
2025-04-24,개,믹스견,수컷,경기도 연천군,한국동물구조관리협회
2025-04-24,개,믹스견,수컷,경기도 김포시,한국동물구조관리협회
2025-04-24,개,믹스견,수컷,경기도 김포시,한국동물구조관리협회
2025-04-24,고양이,한국 고양이,암컷,경기도 파주시,한국동물구조관리협회
2025-04-24,고양이,한국 고양이,암컷,경기도 파주시,한국동물구조관리협회
2025-04-24,고양이,한국 고양이,암컷,경기도 파주시,한국동물구조관리협회
2025-04-24,고양이,한국 고양이,암컷,경기도 파주시,한국동물구조관리협회
2025-04-24,고양이,한국 고양이,암컷,경기도 파주시,한국동물구조관리협회
2025-04-24,고양이,한국 고양이,암컷,경기도 파주시,한국동물구조관리협회
2025-04-24,고양이,한국 고양이,암컷,경기도 파주시,한국동물구조관리협회
2025-04-24,고양이,한국 고양이,암컷,경기도 파주시,한국동물구조관리협회
2025-04-24,개,믹스견,수컷,경기도 고양시,고양시동물보호센터
2025-04-24,개,믹스견,암컷,경기도 고양시,고양시동물보호센터
2025-04-24,개,믹스견,미상,울산광역시 북구,울산유기동물보호센터
2025-04-24,개,믹스견,암컷,울산광역시 북구,울산유기동물보호센터
2025-04-24,개,믹스견,암컷,울산광역시 북구,울산유기동물보호센터
2025-04-24,개,말티즈,수컷,울산광역시 남구,울산유기동물보호센터
2025-04-24,개,말티즈,수컷,울산광역시 남구,울산유기동물보호센터
2025-04-24,개,말티즈,암컷,울산광역시 남구,울산유기동물보호센터
2025-04-24,개,치와와,수컷,대전광역시 서구,대전동물보호센터
2025-04-24,개,푸들,수컷,광주광역시 서구,광주동물보호센터
2025-04-24,개,믹스견,수컷,인천광역시 강화군,디디동물병원
2025-04-24,개,믹스견,수컷,인천광역시 강화군,디디동물병원
2025-04-24,개,믹스견,암컷,인천광역시 강화군,디디동물병원
2025-04-24,개,믹스견,수컷,인천광역시 강화군,디디동물병원
2025-04-24,개,믹스견,수컷,인천광역시 강화군,디디동물병원
2025-04-24,개,믹스견,암컷,인천광역시 강화군,디디동물병원
2025-04-24,고양이,한국 고양이,수컷,인천광역시 부평구,늘푸른동물병원
2025-04-24,고양이,한국 고양이,암컷,대구광역시 남구,대구유기동물보호협회
2025-04-24,고양이,한국 고양이,암컷,대구광역시 남구,대구유기동물보호협회
2025-04-24,고양이,한국 고양이,암컷,대구광역시 남구,대구유기동물보호협회
2025-04-24,고양이,믹스묘,수컷,부산광역시 남구,(사)동부동물보호협회
2025-04-24,고양이,믹스묘,수컷,부산광역시 남구,(사)동부동물보호협회
2025-04-24,고양이,믹스묘,수컷,부산광역시 남구,(사)동부동물보호협회
2025-04-24,고양이,믹스묘,암컷,부산광역시 남구,(사)동부동물보호협회
2025-04-24,고양이,한국 고양이,수컷,세종특별자치시 세종특별자치시,세종유기동물보호센터
2025-04-24,개,믹스견,수컷,경상남도 창원시,창원유기동물보호소
2025-04-24,개,믹스견,암컷,경상남도 창원시,창원유기동물보호소
2025-04-24,고양이,한국 고양이,수컷,경상남도 합천군,태민동물보호센터
2025-04-24,고양이,한국 고양이,암컷,경상남도 합천군,태민동물보호센터
2025-04-24,고양이,한국 고양이,암컷,경상남도 합천군,태민동물보호센터
2025-04-24,개,믹스견,암컷,경상남도 합천군,태민동물보호센터
2025-04-24,개,믹스견,암컷,경상남도 합천군,태민동물보호센터
2025-04-24,개,믹스견,암컷,경상남도 합천군,태민동물보호센터
2025-04-24,개,믹스견,수컷,경상남도 합천군,태민동물보호센터
2025-04-24,개,믹스견,암컷,경상남도 합천군,태민동물보호센터
2025-04-24,개,믹스견,수컷,경상남도 합천군,태민동물보호센터
2025-04-24,개,믹스견,암컷,경상남도 창녕군,창녕 유기동물보호소
2025-04-24,개,믹스견,암컷,경상남도 창녕군,창녕 유기동물보호소
2025-04-24,개,믹스견,암컷,경상남도 밀양시,밀양시 동물보호센터
2025-04-24,개,믹스견,암컷,경상남도 밀양시,밀양시 동물보호센터
2025-04-24,개,진도견,수컷,경상남도 사천시,사천시 동물보호센터
2025-04-24,개,믹스견,암컷,경상남도 통영시,통영시동물보호센터
2025-04-24,고양이,믹스묘,수컷,경상북도 성주군,성주유기동물보호센터
2025-04-24,개,골든 리트리버,암컷,경상북도 성주군,성주유기동물보호센터
2025-04-24,고양이,한국 고양이,수컷,경상북도 경산시,경산시유기동물보호소
2025-04-24,개,믹스견,수컷,경상북도 경산시,경산시유기동물보호소
2025-04-24,개,믹스견,암컷,경상북도 문경시,종합축산
2025-04-24,고양이,믹스묘,암컷,경상북도 구미시,반려동물 입양센터
2025-04-24,고양이,믹스묘,암컷,경상북도 구미시,반려동물 입양센터
2025-04-24,고양이,믹스묘,수컷,경상북도 구미시,반려동물 입양센터
2025-04-24,개,믹스견,암컷,경상북도 김천시,김천시 동물보호센터
2025-04-24,개,믹스견,암컷,경상북도 김천시,김천시 동물보호센터
2025-04-24,개,믹스견,암컷,경상북도 김천시,김천시 동물보호센터
2025-04-24,개,믹스견,수컷,전라남도 함평군,학교임시동물보호센터
2025-04-24,개,믹스견,암컷,전라남도 함평군,학교임시동물보호센터
2025-04-24,개,믹스견,수컷,전라남도 함평군,학교임시동물보호센터
2025-04-24,개,믹스견,수컷,전라남도 함평군,학교임시동물보호센터
2025-04-24,개,믹스견,수컷,전라남도 함평군,학교임시동물보호센터
2025-04-24,개,믹스견,암컷,전라남도 함평군,학교임시동물보호센터
2025-04-24,개,믹스견,수컷,전라남도 함평군,학교임시동물보호센터
2025-04-24,개,도사,수컷,전라남도 무안군,무안군유기동물보호소
2025-04-24,개,믹스견,암컷,전라남도 무안군,무안군유기동물보호소
2025-04-24,개,믹스견,암컷,전라남도 무안군,무안군유기동물보호소
2025-04-24,개,믹스견,수컷,전라남도 광양시,광양시 임시보호소
2025-04-24,개,믹스견,암컷,전라남도 광양시,광양시 임시보호소
2025-04-24,개,믹스견,암컷,전라남도 광양시,광양시 임시보호소
2025-04-24,개,믹스견,암컷,전라남도 나주시,나주유기동물보호센터
2025-04-24,개,믹스견,수컷,전라남도 나주시,나주유기동물보호센터
2025-04-24,개,믹스견,암컷,전라남도 나주시,나주유기동물보호센터
2025-04-24,개,믹스견,수컷,전라남도 나주시,나주유기동물보호센터
2025-04-24,개,믹스견,수컷,전라남도 나주시,나주유기동물보호센터
2025-04-24,개,믹스견,수컷,전라남도 나주시,나주유기동물보호센터
2025-04-24,개,믹스견,수컷,전라남도 나주시,나주유기동물보호센터
2025-04-24,개,믹스견,수컷,전라남도 나주시,나주유기동물보호센터
2025-04-24,개,믹스견,수컷,전라남도 나주시,나주유기동물보호센터
2025-04-24,개,믹스견,수컷,전라남도 나주시,나주유기동물보호센터
2025-04-24,개,믹스견,암컷,전라남도 나주시,나주유기동물보호센터
2025-04-24,개,믹스견,암컷,전라남도 순천시,순천시유기동물보호소
2025-04-24,개,믹스견,암컷,전라남도 순천시,순천시유기동물보호소
2025-04-24,개,믹스견,암컷,전라남도 순천시,순천시유기동물보호소
2025-04-24,개,믹스견,암컷,전라남도 여수시,유기동물보호소
2025-04-24,개,믹스견,수컷,전라남도 여수시,유기동물보호소
2025-04-24,개,믹스견,수컷,전북특별자치도 임실군,임실유기동물보호센터
2025-04-24,개,믹스견,수컷,전북특별자치도 정읍시,정읍시 동물보호소
2025-04-24,개,믹스견,암컷,전북특별자치도 정읍시,정읍시 동물보호소
2025-04-24,개,믹스견,수컷,전북특별자치도 정읍시,정읍시 동물보호소
2025-04-24,개,믹스견,수컷,전북특별자치도 정읍시,정읍시 동물보호소
2025-04-24,개,믹스견,수컷,전북특별자치도 정읍시,정읍시 동물보호소
2025-04-24,개,믹스견,수컷,전북특별자치도 정읍시,정읍시 동물보호소
2025-04-24,개,믹스견,암컷,전북특별자치도 정읍시,정읍시 동물보호소
2025-04-24,개,믹스견,암컷,전북특별자치도 정읍시,정읍시 동물보호소
2025-04-24,개,골든 리트리버,수컷,전북특별자치도 군산시,군산유기동물보호센터
2025-04-24,개,믹스견,암컷,충청남도 당진시,당진시동물보호소
2025-04-24,개,믹스견,수컷,충청남도 당진시,당진시동물보호소
2025-04-24,개,믹스견,수컷,충청남도 당진시,당진시동물보호소
2025-04-24,개,믹스견,암컷,충청남도 당진시,당진시동물보호소
2025-04-24,개,믹스견,암컷,충청남도 서천군,서천군유기동물보호소
2025-04-24,개,믹스견,수컷,충청남도 서천군,서천군유기동물보호소
2025-04-24,개,믹스견,수컷,충청남도 서천군,서천군유기동물보호소
2025-04-24,개,믹스견,수컷,충청남도 서산시,서산시 동물보호센터
2025-04-24,개,믹스견,암컷,충청남도 서산시,서산시 동물보호센터
2025-04-24,개,믹스견,암컷,충청남도 공주시,공주시 동물보호센터
2025-04-24,기타,토끼,수컷,충청북도 청주시,반려동물보호센터
2025-04-24,개,믹스견,수컷,충청북도 단양군,단양군동물보호센터
2025-04-24,개,믹스견,암컷,충청북도 음성군,금왕동물병원
2025-04-24,개,믹스견,암컷,충청북도 음성군,금왕동물병원
2025-04-24,개,믹스견,암컷,충청북도 음성군,금왕동물병원
2025-04-24,개,믹스견,수컷,충청북도 음성군,금왕동물병원
2025-04-24,개,믹스견,수컷,충청북도 음성군,금왕동물병원
2025-04-24,개,믹스견,수컷,충청북도 음성군,금왕동물병원
2025-04-24,고양이,한국 고양이,수컷,충청북도 옥천군,옥천동물병원
2025-04-24,고양이,한국 고양이,암컷,충청북도 옥천군,옥천동물병원
2025-04-24,고양이,한국 고양이,암컷,충청북도 옥천군,옥천동물병원
2025-04-24,고양이,한국 고양이,수컷,충청북도 옥천군,옥천동물병원
2025-04-24,고양이,한국 고양이,수컷,충청북도 옥천군,옥천동물병원
2025-04-24,고양이,한국 고양이,수컷,충청북도 옥천군,옥천동물병원
2025-04-24,개,믹스견,수컷,강원특별자치도 고성군,유기견임시보호소
2025-04-24,개,믹스견,암컷,강원특별자치도 강릉시,강릉시 동물사랑센터
2025-04-24,고양이,한국 고양이,암컷,경기도 광주시,광주TNR동물병원송정
2025-04-24,개,믹스견,수컷,경기도 화성시,화성동물보호센터
2025-04-24,개,믹스견,수컷,경기도 가평군,가평군유기동물보호소
2025-04-24,기타,도룡뇽,미상,경기도 남양주시,남양주시동물보호센터
2025-04-24,기타,도룡뇽,미상,경기도 남양주시,남양주시동물보호센터
2025-04-24,기타,거북이,미상,경기도 남양주시,남양주시동물보호센터
2025-04-24,개,믹스견,수컷,경기도 안산시,한국야생동물보호협회
2025-04-24,개,믹스견,수컷,경기도 안산시,한국야생동물보호협회
2025-04-24,고양이,한국 고양이,수컷,경기도 광명시,한국야생동물보호협회
2025-04-24,고양이,한국 고양이,수컷,경기도 광명시,한국야생동물보호협회
2025-04-24,고양이,한국 고양이,수컷,경기도 광명시,한국야생동물보호협회
2025-04-24,고양이,한국 고양이,수컷,경기도 광명시,한국야생동물보호협회
2025-04-24,개,푸들,암컷,경기도 부천시,가나동물병원
2025-04-24,개,믹스견,암컷,경기도 성남시,펫앤쉘터동물병원
2025-04-24,고양이,한국 고양이,미상,경기도 수원시,수원시 동물보호센터
2025-04-24,고양이,한국 고양이,미상,경기도 수원시,수원시 동물보호센터
2025-04-24,고양이,한국 고양이,미상,경기도 수원시,수원시 동물보호센터
2025-04-24,고양이,한국 고양이,미상,경기도 수원시,수원시 동물보호센터
2025-04-24,고양이,한국 고양이,미상,경기도 수원시,수원시 동물보호센터
2025-04-24,고양이,한국 고양이,미상,경기도 수원시,수원시 동물보호센터
2025-04-24,개,말티즈,암컷,울산광역시 남구,강남동물병원
2025-04-24,개,요크셔 테리어,암컷,광주광역시 광산구,첨단우리동물병원
2025-04-24,고양이,믹스묘,수컷,광주광역시 서구,광주동물보호센터
2025-04-24,고양이,한국 고양이,암컷,대구광역시 달서구,대구유기동물보호협회
2025-04-24,고양이,한국 고양이,수컷,대구광역시 서구,대구시수의사회(보경)
2025-04-24,고양이,한국 고양이,암컷,대구광역시 서구,대구시수의사회(보경)
2025-04-24,개,믹스견,암컷,서울특별시 관악구,디아크 동물종합병원
2025-04-24,고양이,페르시안-페르시안 친칠라,수컷,서울특별시 동대문구,동대문구청
2025-04-24,개,포메라니안,수컷,서울특별시 동대문구,동대문구청
2025-04-24,고양이,한국 고양이,암컷,광주광역시 남구,광주동물보호센터
2025-04-24,개,믹스견,수컷,경기도 남양주시,남양주시동물보호센터
2025-04-24,개,믹스견,수컷,경기도 남양주시,남양주시동물보호센터
2025-04-24,개,믹스견,암컷,경기도 남양주시,남양주시동물보호센터
2025-04-24,개,미니어쳐 푸들,수컷,경기도 구리시,구리반려동물문화센터
2025-04-24,고양이,한국 고양이,미상,전북특별자치도 진안군,진안군유기동물보호소
2025-04-24,고양이,한국 고양이,미상,전북특별자치도 진안군,진안군유기동물보호소
2025-04-24,고양이,한국 고양이,미상,전북특별자치도 진안군,진안군유기동물보호소
2025-04-24,고양이,한국 고양이,미상,전북특별자치도 진안군,진안군유기동물보호소
2025-04-24,개,믹스견,수컷,경기도 화성시,화성동물보호센터
2025-04-24,개,믹스견,암컷,경기도 화성시,화성동물보호센터
2025-04-24,개,믹스견,암컷,전북특별자치도 완주군,완주군유기동물보호소
2025-04-23,고양이,믹스묘,암컷,부산광역시 동래구,(사)동부동물보호협회
2025-04-23,개,보더 콜리,수컷,경상북도 안동시,유기동물보호센터
2025-04-23,개,보더 콜리,암컷,경상북도 안동시,유기동물보호센터
2025-04-23,개,믹스견,암컷,충청남도 논산시,논산시 동물보호센터
2025-04-23,고양이,한국 고양이,수컷,강원특별자치도 태백시,태백시유기동물보호소
2025-04-23,고양이,한국 고양이,미상,인천광역시 남동구,인천광역시수의사회
2025-04-23,고양이,믹스묘,수컷,부산광역시 해운대구,동부유기동물보호협회
2025-04-23,개,믹스견,암컷,서울특별시 서초구,한국동물구조관리협회
2025-04-23,개,믹스견,수컷,전라남도 완도군,유기동물임시보호센터
2025-04-23,개,믹스견,수컷,전라남도 완도군,유기동물임시보호센터
2025-04-23,개,믹스견,암컷,전라남도 완도군,유기동물임시보호센터
2025-04-23,개,믹스견,암컷,전라남도 완도군,유기동물임시보호센터
2025-04-23,개,믹스견,암컷,전라남도 목포시,목포시유기동물보호소
2025-04-23,개,믹스견,암컷,경상남도 하동군,하동군유기동물보호소
2025-04-23,개,믹스견,수컷,경상북도 예천군,예천군유기동물보호소
2025-04-23,개,믹스견,암컷,전라남도 완도군,유기동물임시보호센터
2025-04-23,개,믹스견,암컷,전라남도 영암군,유기동물 삼호 보호소
2025-04-23,개,믹스견,암컷,전라남도 영암군,유기동물 삼호 보호소
2025-04-23,개,믹스견,수컷,강원특별자치도 홍천군,홍천군유기동물보호소
2025-04-23,개,믹스견,수컷,강원특별자치도 홍천군,홍천군유기동물보호소
2025-04-23,개,풍산견,수컷,강원특별자치도 홍천군,홍천군유기동물보호소
2025-04-23,개,믹스견,수컷,경기도 하남시,한국동물구조관리협회
2025-04-23,고양이,한국 고양이,수컷,서울특별시 강동구,GD동물병원
2025-04-23,고양이,한국 고양이,암컷,제주특별자치도 제주특별자치도,제주 동물보호센터
2025-04-23,개,믹스견,수컷,제주특별자치도 제주특별자치도,제주 동물보호센터
2025-04-23,개,믹스견,수컷,제주특별자치도 제주특별자치도,제주 동물보호센터
2025-04-23,개,믹스견,암컷,제주특별자치도 제주특별자치도,제주 동물보호센터
2025-04-23,개,믹스견,암컷,경상남도 양산시,양산시 동물보호센터
2025-04-23,개,포메라니안,수컷,경상남도 김해시,(사)동물보호관리협회
2025-04-23,개,믹스견,수컷,경상북도 울진군,울진군동물보호센터
2025-04-23,개,믹스견,암컷,경상북도 울진군,울진군동물보호센터
2025-04-23,개,믹스견,암컷,경상북도 울진군,울진군동물보호센터
2025-04-23,개,믹스견,수컷,경상북도 울진군,울진군동물보호센터
2025-04-23,개,믹스견,수컷,전라남도 구례군,구례군동물보호센터
2025-04-23,개,믹스견,암컷,전라남도 구례군,구례군동물보호센터
2025-04-23,개,믹스견,수컷,전라남도 구례군,구례군동물보호센터
2025-04-23,개,믹스견,암컷,전라남도 구례군,구례군동물보호센터
2025-04-23,개,믹스견,암컷,전라남도 구례군,구례군동물보호센터
2025-04-23,개,믹스견,수컷,전라남도 구례군,구례군동물보호센터
2025-04-23,개,믹스견,암컷,전라남도 구례군,구례군동물보호센터
2025-04-23,개,믹스견,암컷,전북특별자치도 익산시,익산유기동물보호소
2025-04-23,개,믹스견,암컷,전북특별자치도 익산시,익산유기동물보호소
2025-04-23,개,믹스견,암컷,전북특별자치도 익산시,익산유기동물보호소
2025-04-23,개,믹스견,암컷,전북특별자치도 익산시,익산유기동물보호소
2025-04-23,개,믹스견,수컷,전북특별자치도 익산시,익산유기동물보호소
2025-04-23,개,믹스견,암컷,전북특별자치도 익산시,익산유기동물보호소
2025-04-23,고양이,한국 고양이,암컷,전북특별자치도 익산시,익산유기동물보호소
2025-04-23,고양이,한국 고양이,암컷,전북특별자치도 익산시,익산유기동물보호소
2025-04-23,고양이,한국 고양이,수컷,전북특별자치도 익산시,익산유기동물보호소
2025-04-23,개,믹스견,암컷,충청남도 태안군,태안 동물보호소
2025-04-23,개,믹스견,수컷,충청남도 서산시,서산시 동물보호센터
2025-04-23,개,믹스견,수컷,충청남도 아산시,아산동물복지지원센터
2025-04-23,개,믹스견,수컷,경기도 포천시,한국동물구조관리협회
2025-04-23,고양이,한국 고양이,수컷,경기도 포천시,한국동물구조관리협회
2025-04-23,개,믹스견,암컷,경기도 포천시,한국동물구조관리협회
2025-04-23,개,믹스견,암컷,경기도 포천시,한국동물구조관리협회
2025-04-23,개,믹스견,수컷,경기도 포천시,한국동물구조관리협회
2025-04-23,개,믹스견,수컷,경기도 연천군,한국동물구조관리협회
2025-04-23,개,믹스견,수컷,경기도 연천군,한국동물구조관리협회
2025-04-23,개,믹스견,암컷,경기도 김포시,한국동물구조관리협회
2025-04-23,개,믹스견,수컷,경기도 김포시,한국동물구조관리협회
2025-04-23,개,믹스견,암컷,경기도 김포시,한국동물구조관리협회
2025-04-23,개,믹스견,수컷,경기도 김포시,한국동물구조관리협회
2025-04-23,개,믹스견,수컷,경기도 안성시,안성시 동물보호센터
2025-04-23,개,믹스견,수컷,경기도 남양주시,남양주시동물보호센터
2025-04-23,개,보더 콜리,수컷,경기도 의정부시,한국동물구조관리협회
2025-04-23,고양이,한국 고양이,미상,부산광역시 북구,부산동물보호센터
2025-04-23,고양이,한국 고양이,미상,부산광역시 북구,부산동물보호센터
2025-04-23,고양이,한국 고양이,미상,부산광역시 북구,부산동물보호센터
2025-04-23,고양이,한국 고양이,미상,부산광역시 북구,부산동물보호센터
2025-04-23,고양이,한국 고양이,미상,부산광역시 북구,부산동물보호센터
2025-04-23,고양이,한국 고양이,미상,부산광역시 북구,부산동물보호센터
2025-04-23,고양이,믹스묘,암컷,부산광역시 남구,(사)동부동물보호협회
2025-04-23,고양이,믹스묘,암컷,부산광역시 남구,(사)동부동물보호협회
2025-04-23,고양이,한국 고양이,미상,부산광역시 중구,부산동물보호센터
2025-04-23,개,프렌치 불독,수컷,부산광역시 중구,부산동물보호센터
2025-04-23,고양이,한국 고양이,수컷,서울특별시 구로구,한국동물구조관리협회
2025-04-23,고양이,한국 고양이,암컷,서울특별시 구로구,한국동물구조관리협회
2025-04-23,개,스피츠,암컷,서울특별시 양천구,강현림동물병원
2025-04-23,개,믹스견,수컷,서울특별시 마포구,홍익동물병원
2025-04-23,개,믹스견,암컷,경상남도 창녕군,창녕 유기동물보호소
2025-04-23,개,믹스견,암컷,경상남도 창녕군,창녕 유기동물보호소
2025-04-23,개,믹스견,암컷,경상남도 의령군,의령군 동물보호센터
2025-04-23,개,믹스견,암컷,경상남도 의령군,의령군 동물보호센터
2025-04-23,개,믹스견,수컷,경상남도 의령군,의령군 동물보호센터
2025-04-23,개,믹스견,수컷,경상남도 의령군,의령군 동물보호센터
2025-04-23,개,믹스견,수컷,경상남도 의령군,의령군 동물보호센터
2025-04-23,개,믹스견,수컷,경상남도 거제시,거제시유기동물보호소
2025-04-23,개,믹스견,암컷,경상남도 거제시,거제시유기동물보호소
2025-04-23,고양이,한국 고양이,암컷,경상남도 사천시,사천시 동물보호센터
2025-04-23,개,믹스견,암컷,경상남도 진주시,진주시동물보호센터
2025-04-23,개,믹스견,수컷,경상북도 고령군,고령군 유기견 보호소
2025-04-23,개,믹스견,수컷,경상북도 고령군,고령군 유기견 보호소
2025-04-23,개,믹스견,암컷,경상북도 고령군,고령군 유기견 보호소
2025-04-23,개,믹스견,암컷,경상북도 청송군,점곡동물보호센터
2025-04-23,기타,토끼,암컷,경상북도 경산시,경산시유기동물보호소
2025-04-23,개,믹스견,수컷,전라남도 함평군,학교임시동물보호센터
2025-04-23,개,믹스견,수컷,전라남도 함평군,학교임시동물보호센터
2025-04-23,개,믹스견,수컷,전라남도 함평군,학교임시동물보호센터
2025-04-23,개,믹스견,암컷,전라남도 보성군,보성유기동물보호센터
2025-04-23,개,믹스견,수컷,전라남도 보성군,보성유기동물보호센터
2025-04-23,개,믹스견,암컷,전라남도 고흥군,고흥군임시보호센터
2025-04-23,개,믹스견,수컷,전라남도 고흥군,고흥군임시보호센터
2025-04-23,개,믹스견,암컷,전라남도 고흥군,고흥군임시보호센터
2025-04-23,개,믹스견,암컷,전라남도 고흥군,고흥군임시보호센터
2025-04-23,개,믹스견,암컷,전라남도 고흥군,고흥군임시보호센터
2025-04-23,개,믹스견,암컷,전라남도 고흥군,고흥군임시보호센터
2025-04-23,개,믹스견,암컷,전라남도 고흥군,고흥군임시보호센터
2025-04-23,개,믹스견,수컷,전라남도 고흥군,고흥군임시보호센터
2025-04-23,개,믹스견,수컷,전라남도 나주시,나주유기동물보호센터
2025-04-23,개,프렌치 불독,암컷,전라남도 순천시,순천시유기동물보호소
2025-04-23,개,믹스견,암컷,전라남도 여수시,유기동물보호소
2025-04-23,개,믹스견,암컷,전라남도 목포시,목포시유기동물보호소
2025-04-23,개,믹스견,암컷,전라남도 목포시,목포시유기동물보호소
2025-04-23,개,믹스견,암컷,전라남도 목포시,목포시유기동물보호소
2025-04-23,개,믹스견,암컷,전라남도 목포시,목포시유기동물보호소
2025-04-23,개,믹스견,수컷,전라남도 목포시,목포시유기동물보호소
2025-04-23,기타,닭,미상,전북특별자치도 부안군,부안군 동물보호센터
2025-04-23,개,믹스견,수컷,전북특별자치도 임실군,임실유기동물보호센터
2025-04-23,개,믹스견,암컷,전북특별자치도 임실군,임실유기동물보호센터
2025-04-23,개,믹스견,수컷,전북특별자치도 임실군,임실유기동물보호센터
2025-04-23,개,믹스견,수컷,전북특별자치도 임실군,임실유기동물보호센터
2025-04-23,개,믹스견,암컷,전북특별자치도 임실군,임실유기동물보호센터
2025-04-23,개,믹스견,수컷,전북특별자치도 김제시,전북말산업복합센터
2025-04-23,개,믹스견,암컷,전북특별자치도 김제시,전북말산업복합센터
2025-04-23,개,믹스견,수컷,전북특별자치도 김제시,전북말산업복합센터
2025-04-23,개,믹스견,암컷,전북특별자치도 남원시,청원동물병원
2025-04-23,개,믹스견,암컷,전북특별자치도 남원시,청원동물병원
2025-04-23,개,믹스견,암컷,전북특별자치도 남원시,청원동물병원
2025-04-23,개,믹스견,수컷,전북특별자치도 남원시,청원동물병원
2025-04-23,고양이,믹스묘,암컷,전북특별자치도 군산시,군산유기동물보호센터
2025-04-23,개,믹스견,암컷,전북특별자치도 군산시,군산유기동물보호센터
2025-04-23,개,믹스견,암컷,전북특별자치도 전주시,프렌즈동물병원
2025-04-23,개,믹스견,암컷,충청남도 당진시,당진시동물보호소
2025-04-23,개,믹스견,암컷,충청남도 당진시,당진시동물보호소
2025-04-23,개,동경이,암컷,충청남도 부여군,남부여동물보호소
2025-04-23,개,믹스견,암컷,충청남도 서산시,서산시 동물보호센터
2025-04-23,개,믹스견,암컷,충청남도 서산시,서산시 동물보호센터
2025-04-23,개,믹스견,수컷,충청남도 서산시,서산시 동물보호센터
2025-04-23,개,믹스견,암컷,충청남도 서산시,서산시 동물보호센터
2025-04-23,고양이,스코티시폴드,수컷,충청남도 보령시,보령길고양이보호협회
2025-04-23,개,프렌치 불독,암컷,충청북도 청주시,반려동물보호센터
2025-04-23,개,믹스견,수컷,충청북도 청주시,반려동물보호센터
2025-04-23,개,믹스견,수컷,충청북도 청주시,반려동물보호센터
2025-04-23,고양이,한국 고양이,암컷,충청북도 옥천군,옥천동물병원
2025-04-23,개,포메라니안,암컷,충청북도 옥천군,옥천동물병원
2025-04-23,개,믹스견,암컷,충청북도 옥천군,옥천동물병원
2025-04-23,개,믹스견,수컷,충청북도 옥천군,옥천동물병원
2025-04-23,개,믹스견,암컷,충청북도 옥천군,옥천동물병원
2025-04-23,개,믹스견,수컷,경기도 화성시,화성동물보호센터
2025-04-23,개,믹스견,수컷,경기도 화성시,화성동물보호센터
2025-04-23,개,믹스견,수컷,경기도 화성시,화성동물보호센터
2025-04-23,개,믹스견,수컷,경기도 화성시,화성동물보호센터
2025-04-23,개,믹스견,암컷,경기도 화성시,화성동물보호센터
2025-04-23,개,믹스견,암컷,경기도 화성시,화성동물보호센터
2025-04-23,개,믹스견,수컷,경기도 화성시,화성동물보호센터
2025-04-23,개,믹스견,암컷,경기도 화성시,화성동물보호센터
2025-04-23,개,말티즈,암컷,경기도 용인시,용인시 동물보호센터
2025-04-23,개,믹스견,암컷,경기도 시흥시,시흥동물누리보호센터
2025-04-23,개,믹스견,암컷,경기도 시흥시,시흥동물누리보호센터
2025-04-23,개,믹스견,암컷,경기도 시흥시,시흥동물누리보호센터
2025-04-23,개,믹스견,암컷,경기도 시흥시,시흥동물누리보호센터
2025-04-23,개,믹스견,수컷,경기도 시흥시,시흥동물누리보호센터
2025-04-23,고양이,한국 고양이,암컷,경기도 평택시,평택시유기동물보호소
2025-04-23,고양이,한국 고양이,암컷,경기도 평택시,평택시유기동물보호소
2025-04-23,개,포메라니안,수컷,경기도 평택시,평택시유기동물보호소
2025-04-23,고양이,한국 고양이,수컷,경기도 광명시,한국야생동물보호협회
2025-04-23,개,믹스견,암컷,경기도 부천시,24시아이동물메디컬
2025-04-23,개,포메라니안,암컷,경기도 안양시,한국야생동물보호협회
2025-04-23,고양이,한국 고양이,수컷,경기도 성남시,펫앤쉘터동물병원
2025-04-23,고양이,한국 고양이,수컷,경기도 성남시,펫앤쉘터동물병원
2025-04-23,개,믹스견,암컷,광주광역시 남구,광주동물보호센터
2025-04-23,개,믹스견,암컷,광주광역시 남구,광주동물보호센터
2025-04-23,개,푸들,암컷,인천광역시 강화군,디디동물병원
2025-04-23,개,믹스견,수컷,인천광역시 부평구,삼산종합동물병원
2025-04-23,고양이,한국 고양이,수컷,광주광역시 남구,광주동물보호센터
2025-04-23,개,믹스견,암컷,경기도 화성시,화성동물보호센터
2025-04-22,개,믹스견,수컷,강원특별자치도 횡성군,횡성유기동물보호센터
2025-04-22,개,믹스견,미상,전라남도 장흥군,장흥군 동물보호센터
2025-04-22,개,믹스견,암컷,전라남도 장흥군,장흥군 동물보호센터
2025-04-22,개,믹스견,암컷,전라남도 장흥군,장흥군 동물보호센터
2025-04-22,개,믹스견,암컷,강원특별자치도 화천군,화천군농업기술센터
2025-04-22,개,믹스견,암컷,부산광역시 사하구,(사)하얀비둘기
2025-04-22,개,믹스견,암컷,경상북도 예천군,예천군유기동물보호소
2025-04-22,개,믹스견,암컷,경상북도 울진군,울진군동물보호센터
2025-04-22,개,믹스견,암컷,전라남도 영암군,유기동물 삼호 보호소
2025-04-22,개,믹스견,암컷,전라남도 영암군,유기동물 삼호 보호소
2025-04-22,개,믹스견,수컷,전라남도 곡성군,곡성군동물보호소
2025-04-22,개,믹스견,수컷,전라남도 곡성군,곡성군동물보호소
2025-04-22,고양이,한국 고양이,암컷,전북특별자치도 정읍시,정읍시 동물보호소
2025-04-22,개,믹스견,암컷,충청북도 진천군,증평 가정견 훈련소
2025-04-22,개,믹스견,암컷,경기도 양주시,한국동물구조관리협회
2025-04-22,개,믹스견,미상,인천광역시 강화군,디디동물병원
2025-04-22,개,믹스견,암컷,제주특별자치도 제주특별자치도,제주 동물보호센터
2025-04-22,개,믹스견,암컷,전라남도 순천시,순천시유기동물보호소
2025-04-22,개,믹스견,암컷,전북특별자치도 익산시,익산유기동물보호소
2025-04-22,개,믹스견,수컷,전북특별자치도 익산시,익산유기동물보호소
2025-04-22,개,비숑 프리제,암컷,전북특별자치도 익산시,익산유기동물보호소
2025-04-22,고양이,한국 고양이,암컷,전북특별자치도 익산시,익산유기동물보호소
2025-04-22,고양이,한국 고양이,암컷,전북특별자치도 익산시,익산유기동물보호소
2025-04-22,고양이,페르시안,수컷,충청남도 보령시,보령길고양이보호협회
2025-04-22,개,믹스견,암컷,충청북도 옥천군,옥천동물병원
2025-04-22,개,믹스견,암컷,경기도 김포시,한국동물구조관리협회
2025-04-22,개,믹스견,암컷,경기도 김포시,한국동물구조관리협회
2025-04-22,개,믹스견,암컷,경기도 김포시,한국동물구조관리협회
2025-04-22,개,믹스견,수컷,경기도 의정부시,한국동물구조관리협회
2025-04-22,고양이,한국 고양이,암컷,울산광역시 북구,울산유기동물보호센터
2025-04-22,개,믹스견,암컷,인천광역시 계양구,신영재동물병원
2025-04-22,고양이,한국 고양이,암컷,인천광역시 계양구,신영재동물병원
2025-04-22,기타,토끼,수컷,인천광역시 계양구,신영재동물병원
2025-04-22,고양이,한국 고양이,암컷,인천광역시 계양구,신영재동물병원
2025-04-22,개,믹스견,암컷,인천광역시 부평구,조재진동물병원
2025-04-22,고양이,한국 고양이,암컷,대구광역시 수성구,금강동물병원
2025-04-22,고양이,믹스묘,수컷,부산광역시 수영구,(사)동부동물보호협회
2025-04-22,개,믹스견,암컷,부산광역시 수영구,(사)동부동물보호협회
2025-04-22,개,믹스견,수컷,부산광역시 수영구,(사)동부동물보호협회
2025-04-22,개,믹스견,암컷,부산광역시 수영구,(사)동부동물보호협회
2025-04-22,개,믹스견,수컷,경상남도 창녕군,창녕 유기동물보호소
2025-04-22,개,믹스견,암컷,경상남도 진주시,진주시동물보호센터
2025-04-22,개,믹스견,수컷,경상남도 진주시,진주시동물보호센터
2025-04-22,고양이,한국 고양이,수컷,경상북도 김천시,김천시 동물보호센터
2025-04-22,개,믹스견,미상,경상북도 포항시,(사)영일동물플러스
2025-04-22,개,믹스견,암컷,경상북도 포항시,(사)영일동물플러스
2025-04-22,개,믹스견,암컷,경상북도 포항시,(사)영일동물플러스
2025-04-22,개,믹스견,미상,경상북도 포항시,(사)영일동물플러스
2025-04-22,개,믹스견,수컷,경상북도 포항시,(사)영일동물플러스
2025-04-22,개,믹스견,수컷,전라남도 신안군,신안군유기동물보호소
2025-04-22,개,믹스견,수컷,전라남도 나주시,나주유기동물보호센터
2025-04-22,개,믹스견,암컷,전라남도 순천시,순천시유기동물보호소
2025-04-22,개,믹스견,암컷,전라남도 순천시,순천시유기동물보호소
2025-04-22,개,시베리안 허스키,수컷,전라남도 순천시,순천시유기동물보호소
2025-04-22,개,믹스견,암컷,전라남도 목포시,목포시유기동물보호소
2025-04-22,개,믹스견,암컷,전북특별자치도 김제시,전북말산업복합센터
2025-04-22,개,믹스견,암컷,전북특별자치도 남원시,청원동물병원
2025-04-22,개,믹스견,수컷,전북특별자치도 남원시,하나동물병원
2025-04-22,개,믹스견,수컷,전북특별자치도 남원시,하나동물병원
2025-04-22,개,믹스견,수컷,전북특별자치도 정읍시,정읍시 동물보호소
2025-04-22,개,믹스견,수컷,전북특별자치도 정읍시,정읍시 동물보호소
2025-04-22,개,믹스견,암컷,전북특별자치도 정읍시,정읍시 동물보호소
2025-04-22,개,믹스견,수컷,충청남도 청양군,청양보호소
2025-04-22,개,믹스견,암컷,충청남도 금산군,제일동물병원
2025-04-22,개,믹스견,수컷,충청남도 서산시,서산시 동물보호센터
2025-04-22,개,믹스견,암컷,충청남도 서산시,서산시 동물보호센터
2025-04-22,개,믹스견,수컷,충청남도 서산시,서산시 동물보호센터
2025-04-22,개,믹스견,암컷,충청남도 서산시,서산시 동물보호센터
2025-04-22,개,믹스견,암컷,충청남도 천안시,천안시 동물보호센터
2025-04-22,고양이,믹스묘,수컷,충청북도 음성군,금왕동물병원
2025-04-22,고양이,믹스묘,수컷,충청북도 음성군,금왕동물병원
2025-04-22,고양이,믹스묘,수컷,충청북도 음성군,금왕동물병원
2025-04-22,고양이,믹스묘,암컷,충청북도 음성군,금왕동물병원
2025-04-22,고양이,믹스묘,암컷,충청북도 음성군,금왕동물병원
2025-04-22,고양이,믹스묘,암컷,충청북도 음성군,금왕동물병원
2025-04-22,개,푸들,암컷,충청북도 진천군,증평 가정견 훈련소
2025-04-22,개,믹스견,암컷,충청북도 영동군,최종주동물병원
2025-04-22,고양이,한국 고양이,암컷,충청북도 영동군,최종주동물병원
2025-04-22,개,푸들,암컷,충청북도 제천시,제천시 동물보호센터
2025-04-22,개,믹스견,암컷,충청북도 충주시,충주시동물보호센터
2025-04-22,개,믹스견,수컷,경기도 가평군,가평군유기동물보호소
2025-04-22,개,믹스견,수컷,경기도 시흥시,시흥동물누리보호센터
2025-04-22,개,포메라니안,수컷,경기도 시흥시,시흥동물누리보호센터
2025-04-22,개,치와와,암컷,경기도 남양주시,남양주시동물보호센터
2025-04-22,고양이,한국 고양이,암컷,경기도 평택시,평택시유기동물보호소
2025-04-22,개,믹스견,암컷,경기도 평택시,평택시유기동물보호소
2025-04-22,개,믹스견,암컷,경기도 평택시,평택시유기동물보호소
2025-04-22,개,믹스견,수컷,경기도 평택시,평택시유기동물보호소
2025-04-22,개,믹스견,암컷,경기도 평택시,평택시유기동물보호소
2025-04-22,개,믹스견,암컷,인천광역시 강화군,디디동물병원
2025-04-22,고양이,한국 고양이,암컷,인천광역시 연수구,경동동물병원
2025-04-22,개,말티즈,수컷,인천광역시 연수구,경동동물병원
2025-04-22,개,믹스견,수컷,인천광역시 중구,신공항동물병원
2025-04-22,고양이,한국 고양이,수컷,대구광역시 달성군,화원연합동물병원
2025-04-22,개,말티즈,수컷,서울특별시 서대문구,내품애센터
2025-04-22,고양이,한국 고양이,미상,서울특별시 성동구,한빛동물병원
2025-04-22,개,믹스견,수컷,경기도 남양주시,남양주시동물보호센터
2025-04-22,개,믹스견,수컷,경기도 남양주시,남양주시동물보호센터
2025-04-22,개,믹스견,수컷,경기도 남양주시,남양주시동물보호센터
2025-04-22,개,믹스견,수컷,경기도 남양주시,남양주시동물보호센터
2025-04-22,고양이,한국 고양이,수컷,전북특별자치도 진안군,진안군유기동물보호소
2025-04-22,개,도사 믹스견,암컷,경기도 시흥시,시흥동물누리보호센터
2025-04-22,개,도사 믹스견,수컷,경기도 시흥시,시흥동물누리보호센터
2025-04-21,개,프렌치 불독,수컷,강원특별자치도 횡성군,횡성유기동물보호센터
2025-04-21,개,믹스견,수컷,강원특별자치도 횡성군,횡성유기동물보호센터
2025-04-21,개,믹스견,암컷,전라남도 장흥군,장흥군 동물보호센터
2025-04-21,개,믹스견,암컷,전라남도 장흥군,장흥군 동물보호센터
2025-04-21,개,믹스견,수컷,전라남도 장흥군,장흥군 동물보호센터
2025-04-21,개,믹스견,수컷,강원특별자치도 양양군,양양군유기동물보호소
2025-04-21,개,믹스견,수컷,경상남도 통영시,통영시동물보호센터
2025-04-21,개,믹스견,수컷,경상남도 통영시,통영시동물보호센터
2025-04-21,개,믹스견,수컷,경상북도 영천시,영천유기동물보호센터
2025-04-21,개,믹스견,암컷,경상북도 영천시,영천유기동물보호센터
2025-04-21,개,비숑 프리제,수컷,전북특별자치도 익산시,익산유기동물보호소
2025-04-21,개,믹스견,수컷,전북특별자치도 익산시,익산유기동물보호소
2025-04-21,개,믹스견,수컷,전북특별자치도 익산시,익산유기동물보호소
2025-04-21,개,믹스견,수컷,전북특별자치도 익산시,익산유기동물보호소
2025-04-21,개,믹스견,수컷,전북특별자치도 익산시,익산유기동물보호소
2025-04-21,개,믹스견,암컷,전북특별자치도 익산시,익산유기동물보호소
2025-04-21,기타,염소,암컷,전북특별자치도 익산시,익산유기동물보호소
2025-04-21,기타,염소,수컷,전북특별자치도 익산시,익산유기동물보호소
2025-04-21,개,믹스견,암컷,충청남도 아산시,아산동물복지지원센터
2025-04-21,개,믹스견,수컷,충청북도 괴산군,괴산증평동물보호센터
2025-04-21,개,진도견,암컷,대전광역시 유성구,대전동물보호센터
2025-04-21,개,믹스견,암컷,인천광역시 계양구,신영재동물병원
2025-04-21,개,믹스견,수컷,인천광역시 계양구,신영재동물병원
2025-04-21,개,믹스견,수컷,인천광역시 계양구,신영재동물병원
2025-04-21,개,믹스견,수컷,인천광역시 계양구,신영재동물병원
2025-04-21,개,믹스견,수컷,인천광역시 계양구,신영재동물병원
2025-04-21,고양이,한국 고양이,수컷,서울특별시 양천구,강현림동물병원
2025-04-21,고양이,한국 고양이,수컷,제주특별자치도 제주특별자치도,제주 동물보호센터
2025-04-21,고양이,한국 고양이,수컷,제주특별자치도 제주특별자치도,제주 동물보호센터
2025-04-21,개,믹스견,수컷,제주특별자치도 제주특별자치도,제주 동물보호센터
2025-04-21,개,믹스견,암컷,경상북도 봉화군,봉화군유기동물보호소
2025-04-21,개,믹스견,암컷,전라남도 해남군,해남유기동물보호센터
2025-04-21,개,믹스견,암컷,전라남도 해남군,해남유기동물보호센터
2025-04-21,개,믹스견,암컷,전라남도 해남군,해남유기동물보호센터
2025-04-21,개,믹스견,수컷,전라남도 해남군,해남유기동물보호센터
2025-04-21,개,믹스견,수컷,충청남도 홍성군,금일동물보호센터
2025-04-21,개,믹스견,수컷,충청남도 홍성군,금일동물보호센터
2025-04-21,개,믹스견,수컷,충청남도 홍성군,금일동물보호센터
2025-04-21,개,믹스견,수컷,충청남도 홍성군,금일동물보호센터
2025-04-21,개,믹스견,수컷,충청남도 논산시,논산시 동물보호센터
2025-04-21,개,믹스견,암컷,충청북도 진천군,증평 가정견 훈련소
2025-04-21,고양이,한국 고양이,암컷,충청북도 영동군,최종주동물병원
2025-04-21,개,스태퍼드셔 불 테리어,암컷,충청북도 제천시,제천시 동물보호센터
2025-04-21,개,말티즈,암컷,충청북도 충주시,충주시동물보호센터
2025-04-21,개,믹스견,암컷,강원특별자치도 화천군,화천군농업기술센터
2025-04-21,개,믹스견,암컷,경기도 포천시,한국동물구조관리협회
2025-04-21,고양이,한국 고양이,암컷,경기도 용인시,용인시 동물보호센터
2025-04-21,개,믹스견,수컷,경기도 수원시,수원시 동물보호센터
2025-04-21,개,믹스견,암컷,울산광역시 울주군,울산유기동물보호센터
2025-04-21,개,푸들,수컷,울산광역시 북구,울산유기동물보호센터
2025-04-21,고양이,코숏,미상,대전광역시 동구,대전동물보호센터
2025-04-21,고양이,한국 고양이,수컷,인천광역시 강화군,디디동물병원
2025-04-21,개,믹스견,암컷,대구광역시 동구,대구유기동물보호센터
2025-04-21,고양이,믹스묘,수컷,부산광역시 금정구,동부동물보호협회
2025-04-21,기타,토끼,미상,부산광역시 해운대구,동부유기동물보호협회
2025-04-21,고양이,한국 고양이,미상,부산광역시 북구,부산동물보호센터
2025-04-21,고양이,한국 고양이,미상,부산광역시 북구,부산동물보호센터
2025-04-21,고양이,한국 고양이,미상,부산광역시 북구,부산동물보호센터
2025-04-21,고양이,한국 고양이,미상,부산광역시 북구,부산동물보호센터
2025-04-21,고양이,한국 고양이,미상,부산광역시 북구,부산동물보호센터
2025-04-21,고양이,한국 고양이,미상,부산광역시 북구,부산동물보호센터
2025-04-21,고양이,한국 고양이,미상,부산광역시 북구,부산동물보호센터
2025-04-21,개,믹스견,수컷,부산광역시 북구,부산동물보호센터
2025-04-21,고양이,한국 고양이,미상,부산광역시 서구,부산동물보호센터
2025-04-21,고양이,한국 고양이,미상,부산광역시 서구,부산동물보호센터
2025-04-21,고양이,한국 고양이,미상,부산광역시 중구,부산동물보호센터
2025-04-21,고양이,한국 고양이,미상,부산광역시 중구,부산동물보호센터
2025-04-21,고양이,한국 고양이,암컷,서울특별시 영등포구,한국동물구조관리협회
2025-04-21,고양이,한국 고양이,수컷,서울특별시 구로구,한국동물구조관리협회
2025-04-21,고양이,한국 고양이,암컷,서울특별시 구로구,한국동물구조관리협회
2025-04-21,고양이,한국 고양이,암컷,서울특별시 구로구,한국동물구조관리협회
2025-04-21,고양이,한국 고양이,수컷,서울특별시 구로구,한국동물구조관리협회
2025-04-21,개,믹스견,수컷,서울특별시 구로구,한국동물구조관리협회
2025-04-21,고양이,페르시안,암컷,서울특별시 마포구,홍익동물병원
2025-04-21,개,믹스견,수컷,서울특별시 은평구,한국동물구조관리협회
2025-04-21,고양이,러시안 블루,암컷,서울특별시 중구,한국동물구조관리협회
2025-04-21,개,믹스견,암컷,경상북도 문경시,종합축산
2025-04-21,개,믹스견,암컷,경상북도 문경시,종합축산
2025-04-21,개,진도견,수컷,경상남도 거창군,나래동물병원
2025-04-21,개,진도견,수컷,경상남도 거창군,나래동물병원
2025-04-21,개,진도견,수컷,경상남도 거창군,나래동물병원
2025-04-21,개,진도견,수컷,경상남도 거창군,나래동물병원
2025-04-21,개,진도견,암컷,경상남도 거창군,나래동물병원
2025-04-21,개,믹스견,수컷,경상남도 거창군,나래동물병원
2025-04-21,개,믹스견,수컷,경상남도 거창군,나래동물병원
2025-04-21,개,믹스견,암컷,경상남도 거창군,나래동물병원
2025-04-21,개,믹스견,수컷,경상남도 거창군,나래동물병원
2025-04-21,개,믹스견,수컷,경상남도 거창군,나래동물병원
2025-04-21,개,믹스견,수컷,경상남도 거창군,나래동물병원
2025-04-21,개,믹스견,암컷,경상남도 거창군,나래동물병원
2025-04-21,개,믹스견,암컷,경상남도 거창군,나래동물병원
2025-04-21,개,믹스견,암컷,경상남도 거창군,나래동물병원
2025-04-21,개,믹스견,수컷,경상남도 거창군,나래동물병원
2025-04-21,개,믹스견,수컷,경상남도 거창군,나래동물병원
2025-04-21,개,믹스견,수컷,경상남도 거창군,나래동물병원
2025-04-21,개,믹스견,암컷,경상남도 거창군,나래동물병원
2025-04-21,개,믹스견,암컷,경상남도 창녕군,창녕 유기동물보호소
2025-04-21,개,믹스견,암컷,경상남도 의령군,의령군 동물보호센터
2025-04-21,개,믹스견,암컷,경상남도 의령군,의령군 동물보호센터
2025-04-21,개,믹스견,암컷,경상남도 양산시,양산시 동물보호센터
2025-04-21,개,믹스견,암컷,경상남도 사천시,사천시 동물보호센터
2025-04-21,개,믹스견,암컷,경상남도 사천시,사천시 동물보호센터
2025-04-21,개,믹스견,수컷,경상남도 진주시,진주시동물보호센터
2025-04-21,개,믹스견,수컷,경상남도 진주시,진주시동물보호센터
2025-04-21,고양이,한국 고양이,암컷,경상북도 영덕군,영덕반려동물입양센터
2025-04-21,고양이,한국 고양이,수컷,경상북도 영덕군,영덕반려동물입양센터
2025-04-21,고양이,한국 고양이,수컷,경상북도 영덕군,영덕반려동물입양센터
2025-04-21,고양이,한국 고양이,수컷,경상북도 영덕군,영덕반려동물입양센터
2025-04-21,개,푸들,암컷,경상북도 영덕군,영덕반려동물입양센터
2025-04-21,개,진도견,암컷,경상북도 영덕군,영덕유기동물보호센터
2025-04-21,개,믹스견,암컷,경상북도 청송군,점곡동물보호센터
2025-04-21,개,믹스견,암컷,경상북도 의성군,의성동물보호센터
2025-04-21,개,믹스견,수컷,경상북도 의성군,의성동물보호센터
2025-04-21,개,시츄,암컷,경상북도 상주시,상주시 동물보호센터
2025-04-21,개,믹스견,수컷,경상북도 상주시,상주시 동물보호센터
2025-04-21,개,믹스견,암컷,경상북도 김천시,김천시 동물보호센터
2025-04-21,개,믹스견,암컷,전라남도 신안군,신안군유기동물보호소
2025-04-21,개,믹스견,수컷,전라남도 신안군,신안군유기동물보호소
2025-04-21,개,믹스견,암컷,전라남도 신안군,신안군유기동물보호소
2025-04-21,개,믹스견,암컷,전라남도 신안군,신안군유기동물보호소
2025-04-21,개,믹스견,암컷,전라남도 장성군,장성군동물보호센터
2025-04-21,개,믹스견,수컷,전라남도 장성군,장성군동물보호센터
2025-04-21,개,믹스견,암컷,전라남도 무안군,무안군유기동물보호소
2025-04-21,개,믹스견,암컷,전라남도 무안군,무안군유기동물보호소
2025-04-21,개,믹스견,암컷,전라남도 무안군,무안군유기동물보호소
2025-04-21,개,믹스견,암컷,전라남도 광양시,광양시 임시보호소
2025-04-21,개,믹스견,암컷,전라남도 나주시,나주유기동물보호센터
2025-04-21,고양이,믹스묘,미상,전북특별자치도 부안군,부안군 동물보호센터
2025-04-21,개,믹스견,수컷,전북특별자치도 부안군,부안군 동물보호센터
2025-04-21,개,믹스견,수컷,전북특별자치도 부안군,부안군 동물보호센터
2025-04-21,개,믹스견,암컷,전북특별자치도 완주군,완주군유기동물보호소
2025-04-21,개,믹스견,암컷,전북특별자치도 김제시,전북말산업복합센터
2025-04-21,개,믹스견,암컷,전북특별자치도 김제시,전북말산업복합센터
2025-04-21,개,믹스견,암컷,전북특별자치도 김제시,전북말산업복합센터
2025-04-21,개,믹스견,수컷,전북특별자치도 군산시,군산유기동물보호센터
2025-04-21,개,믹스견,수컷,전북특별자치도 전주시,박영재동물병원
2025-04-21,개,믹스견,암컷,전북특별자치도 전주시,박영재동물병원
2025-04-21,개,믹스견,암컷,전북특별자치도 전주시,링크늘푸른동물병원
2025-04-21,개,말티즈,수컷,전북특별자치도 전주시,박영재동물병원
2025-04-21,개,믹스견,수컷,충청남도 태안군,태안 동물보호소
2025-04-21,개,믹스견,암컷,충청남도 예산군,예산임시동물보호센터
2025-04-21,개,믹스견,암컷,충청남도 예산군,예산임시동물보호센터
2025-04-21,고양이,믹스묘,미상,충청남도 청양군,청양보호소
2025-04-21,개,시츄,수컷,충청남도 공주시,공주시 동물보호센터
2025-04-21,개,믹스견,암컷,충청남도 천안시,천안시 동물보호센터
2025-04-21,개,믹스견,암컷,충청남도 천안시,천안시 동물보호센터
2025-04-21,개,믹스견,수컷,충청북도 청주시,반려동물보호센터
2025-04-21,개,믹스견,암컷,충청북도 단양군,단양군동물보호센터
2025-04-21,개,믹스견,수컷,충청북도 음성군,금왕동물병원
2025-04-21,개,믹스견,암컷,충청북도 음성군,금왕동물병원
2025-04-21,개,믹스견,암컷,충청북도 음성군,금왕동물병원
2025-04-21,개,믹스견,암컷,충청북도 옥천군,옥천동물병원
2025-04-21,개,믹스견,수컷,강원특별자치도 정선군,정선가축병원
2025-04-21,개,믹스견,암컷,강원특별자치도 정선군,정선가축병원
2025-04-21,개,믹스견,암컷,강원특별자치도 정선군,정선가축병원
2025-04-21,개,믹스견,암컷,강원특별자치도 정선군,정선가축병원
2025-04-21,고양이,믹스묘,암컷,강원특별자치도 정선군,다나동물병원
2025-04-21,개,믹스견,암컷,강원특별자치도 평창군,평창군유기동물보호소
2025-04-21,개,푸들,암컷,강원특별자치도 평창군,평창군유기동물보호소
2025-04-21,개,믹스견,암컷,강원특별자치도 평창군,평창군유기동물보호소
2025-04-21,개,믹스견,수컷,강원특별자치도 동해시,동해시동물보호센터
2025-04-21,개,믹스견,암컷,강원특별자치도 춘천시,춘천시 동물보호센터
2025-04-21,개,믹스견,미상,경기도 광주시,광주TNR동물병원초월
2025-04-21,개,믹스견,수컷,경기도 화성시,화성동물보호센터
2025-04-21,개,믹스견,수컷,경기도 안성시,안성시 동물보호센터
2025-04-21,개,믹스견,수컷,경기도 안성시,안성시 동물보호센터
2025-04-21,개,믹스견,암컷,경기도 이천시,위더스 동물보호센터
2025-04-21,개,믹스견,암컷,경기도 오산시,오산 유기동물보호소
2025-04-21,개,믹스견,수컷,경기도 안산시,한국야생동물보호협회
2025-04-21,개,골든 리트리버,암컷,경기도 안산시,한국야생동물보호협회
2025-04-21,개,미니어쳐 푸들,암컷,경기도 안산시,한국야생동물보호협회
2025-04-21,개,믹스견,암컷,경기도 평택시,평택시유기동물보호소
2025-04-21,개,푸들,수컷,경기도 평택시,평택시유기동물보호소
2025-04-21,고양이,한국 고양이,암컷,경기도 광명시,한국야생동물보호협회
2025-04-21,개,믹스견,수컷,경기도 광명시,광명반함센터
2025-04-21,기타,거북이,미상,경기도 성남시,펫앤쉘터동물병원
2025-04-21,개,믹스견,암컷,울산광역시 울주군,울산유기동물보호센터
2025-04-21,고양이,한국 고양이,암컷,울산광역시 동구,일산동물의료센터
2025-04-21,고양이,한국 고양이,수컷,인천광역시 서구,우리동물병원
2025-04-21,고양이,한국 고양이,암컷,인천광역시 서구,우리동물병원
2025-04-21,고양이,한국 고양이,수컷,인천광역시 서구,우리동물병원
2025-04-21,개,믹스견,암컷,대구광역시 군위군,군위종합동물병원
2025-04-21,개,믹스견,암컷,대구광역시 군위군,군위종합동물병원
2025-04-21,개,믹스견,암컷,대구광역시 군위군,군위종합동물병원
2025-04-21,개,믹스견,암컷,대구광역시 군위군,군위종합동물병원
2025-04-21,개,믹스견,암컷,대구광역시 군위군,군위종합동물병원
2025-04-21,개,믹스견,암컷,대구광역시 군위군,군위종합동물병원
2025-04-21,개,믹스견,암컷,대구광역시 군위군,군위종합동물병원
2025-04-21,개,믹스견,암컷,대구광역시 군위군,군위종합동물병원
2025-04-21,개,믹스견,암컷,대구광역시 군위군,군위종합동물병원
2025-04-21,개,믹스견,수컷,대구광역시 군위군,군위종합동물병원
2025-04-21,고양이,한국 고양이,수컷,대구광역시 달서구,대구유기동물보호협회
2025-04-21,고양이,한국 고양이,암컷,대구광역시 달서구,대구유기동물보호협회
2025-04-21,개,믹스견,수컷,부산광역시 강서구,(사)하얀비둘기
2025-04-21,개,믹스견,암컷,부산광역시 강서구,(사)하얀비둘기
2025-04-21,개,믹스견,암컷,부산광역시 강서구,(사)하얀비둘기
2025-04-21,고양이,한국 고양이,수컷,서울특별시 서초구,서초동물사랑센터
2025-04-21,고양이,노르웨이 숲,암컷,서울특별시 서초구,서초동물사랑센터
2025-04-21,고양이,브리티시 쇼트헤어,수컷,서울특별시 서초구,서초동물사랑센터
2025-04-21,개,말티즈,암컷,서울특별시 서초구,서초동물사랑센터
2025-04-21,고양이,한국 고양이,수컷,서울특별시 마포구,홍익동물병원
2025-04-21,고양이,페르시안,암컷,서울특별시 서대문구,내품애센터
2025-04-21,개,믹스견,암컷,전북특별자치도 완주군,완주군유기동물보호소
2025-04-20,개,믹스견,암컷,경상남도 남해군,남해군동물보호센터
2025-04-20,개,믹스견,수컷,전라남도 담양군,담양군 동물보호센터
2025-04-20,개,믹스견,수컷,충청북도 영동군,최종주동물병원
2025-04-20,기타,토끼,수컷,인천광역시 계양구,신영재동물병원
2025-04-20,고양이,믹스묘,수컷,부산광역시 해운대구,동부유기동물보호협회
2025-04-20,개,믹스견,수컷,경상북도 영주시,영주시 동물보호센터
2025-04-20,개,믹스견,수컷,전라남도 순천시,대한동물사랑협회
2025-04-20,개,믹스견,암컷,전북특별자치도 부안군,부안군 동물보호센터
2025-04-20,개,믹스견,수컷,전북특별자치도 부안군,부안군 동물보호센터
2025-04-20,개,믹스견,수컷,전북특별자치도 부안군,부안군 동물보호센터
2025-04-20,개,믹스견,암컷,전북특별자치도 부안군,부안군 동물보호센터
2025-04-20,개,믹스견,암컷,전북특별자치도 익산시,익산유기동물보호소
2025-04-20,개,믹스견,암컷,전북특별자치도 익산시,익산유기동물보호소
2025-04-20,개,믹스견,수컷,전북특별자치도 익산시,익산유기동물보호소
2025-04-20,개,믹스견,수컷,전북특별자치도 익산시,익산유기동물보호소
2025-04-20,개,믹스견,암컷,전북특별자치도 익산시,익산유기동물보호소
2025-04-20,개,믹스견,암컷,전북특별자치도 익산시,익산유기동물보호소
2025-04-20,개,믹스견,암컷,전북특별자치도 익산시,익산유기동물보호소
2025-04-20,개,믹스견,수컷,충청남도 서산시,서산시 동물보호센터
2025-04-20,개,믹스견,암컷,충청남도 보령시,보령시유기동물보호소
2025-04-20,개,믹스견,암컷,충청남도 보령시,보령시유기동물보호소
2025-04-20,개,말티즈,수컷,경기도 안산시,한국야생동물보호협회
2025-04-20,개,보더 콜리,수컷,울산광역시 울주군,울산유기동물보호센터
2025-04-20,개,믹스견,암컷,울산광역시 울주군,울산유기동물보호센터
2025-04-20,개,믹스견,미상,울산광역시 울주군,울산유기동물보호센터
2025-04-20,개,진도견,암컷,대전광역시 서구,대전동물보호센터
2025-04-20,개,믹스견,수컷,인천광역시 강화군,디디동물병원
2025-04-20,개,믹스견,수컷,부산광역시 강서구,(사)하얀비둘기
2025-04-20,개,믹스견,수컷,부산광역시 강서구,(사)하얀비둘기
2025-04-20,고양이,한국 고양이,수컷,광주광역시 남구,광주동물보호센터
2025-04-20,개,믹스견,수컷,경상남도 창원시,창원유기동물보호소
2025-04-20,개,믹스견,암컷,경상남도 창원시,창원유기동물보호소
2025-04-20,개,믹스견,수컷,경상북도 경산시,경산시유기동물보호소
2025-04-20,개,믹스견,암컷,경상북도 경산시,경산시유기동물보호소
2025-04-20,개,믹스견,수컷,경상북도 경산시,경산시유기동물보호소
2025-04-20,개,치와와,암컷,경상북도 포항시,(사)영일동물플러스
2025-04-20,개,푸들,암컷,전라남도 목포시,목포시유기동물보호소
2025-04-20,개,믹스견,수컷,충청북도 청주시,반려동물보호센터
2025-04-20,개,진도견,암컷,충청북도 청주시,반려동물보호센터
2025-04-20,개,믹스견,암컷,충청북도 음성군,금왕동물병원
2025-04-20,개,라브라도 리트리버,수컷,강원특별자치도 철원군,철원군
2025-04-20,개,믹스견,수컷,강원특별자치도 춘천시,춘천시 동물보호센터
2025-04-20,개,진도견,수컷,경기도 양평군,양평군유기동물보호소
2025-04-20,고양이,러시안 블루,수컷,경기도 부천시,24시아이동물메디컬
2025-04-20,고양이,한국 고양이,수컷,경기도 성남시,펫앤쉘터동물병원
2025-04-19,개,믹스견,암컷,전북특별자치도 군산시,군산유기동물보호센터
2025-04-19,개,믹스견,수컷,충청남도 태안군,태안 동물보호소
2025-04-19,개,믹스견,수컷,충청남도 태안군,태안 동물보호소
2025-04-19,개,믹스견,수컷,충청남도 태안군,태안 동물보호소
2025-04-19,개,믹스견,암컷,충청남도 태안군,태안 동물보호소
2025-04-19,개,믹스견,수컷,전북특별자치도 임실군,임실유기동물보호센터
2025-04-19,개,믹스견,암컷,전북특별자치도 임실군,임실유기동물보호센터
2025-04-19,개,믹스견,암컷,전북특별자치도 임실군,임실유기동물보호센터
2025-04-19,개,믹스견,암컷,전북특별자치도 임실군,임실유기동물보호센터
2025-04-19,개,믹스견,암컷,전라남도 완도군,유기동물임시보호센터
2025-04-19,개,시바,수컷,충청남도 아산시,아산동물복지지원센터
2025-04-19,개,믹스견,수컷,경기도 남양주시,남양주시동물보호센터
2025-04-19,고양이,믹스묘,수컷,부산광역시 해운대구,동부유기동물보호협회
2025-04-19,개,믹스견,암컷,경상남도 양산시,양산시 동물보호센터
2025-04-19,개,믹스견,수컷,경상남도 김해시,(사)동물보호관리협회
2025-04-19,개,믹스견,암컷,경상남도 김해시,(사)동물보호관리협회
2025-04-19,개,믹스견,수컷,경상남도 김해시,(사)동물보호관리협회
2025-04-19,개,믹스견,암컷,경상북도 영주시,영주시 동물보호센터
2025-04-19,개,믹스견,암컷,경상북도 영주시,영주시 동물보호센터
2025-04-19,개,믹스견,암컷,경상북도 구미시,구미시 동물보호센터
2025-04-19,개,진도견,수컷,전북특별자치도 익산시,익산유기동물보호소
2025-04-19,고양이,한국 고양이,암컷,전북특별자치도 익산시,익산유기동물보호소
2025-04-19,고양이,한국 고양이,암컷,전북특별자치도 익산시,익산유기동물보호소
2025-04-19,고양이,한국 고양이,암컷,전북특별자치도 익산시,익산유기동물보호소
2025-04-19,개,믹스견,수컷,경기도 수원시,수원시 동물보호센터
2025-04-19,고양이,한국 고양이,미상,경기도 수원시,수원시 동물보호센터
2025-04-19,고양이,한국 고양이,미상,경기도 수원시,수원시 동물보호센터
2025-04-19,개,믹스견,수컷,울산광역시 울주군,울산유기동물보호센터
2025-04-19,개,믹스견,암컷,울산광역시 울주군,울산유기동물보호센터
2025-04-19,고양이,한국 고양이,암컷,울산광역시 북구,울산유기동물보호센터
2025-04-19,고양이,한국 고양이,수컷,울산광역시 북구,울산유기동물보호센터
2025-04-19,개,믹스견,수컷,인천광역시 강화군,디디동물병원
2025-04-19,개,믹스견,암컷,인천광역시 강화군,디디동물병원
2025-04-19,고양이,한국 고양이,수컷,인천광역시 서구,우리동물병원
2025-04-19,고양이,한국 고양이,암컷,인천광역시 서구,우리동물병원
2025-04-19,고양이,한국 고양이,수컷,인천광역시 서구,우리동물병원
2025-04-19,개,믹스견,암컷,인천광역시 계양구,신영재동물병원
2025-04-19,개,믹스견,수컷,인천광역시 계양구,신영재동물병원
2025-04-19,개,믹스견,수컷,인천광역시 계양구,신영재동물병원
2025-04-19,개,말티즈,수컷,인천광역시 연수구,인천광역시수의사회
2025-04-19,개,믹스견,암컷,인천광역시 중구,경동동물병원
2025-04-19,개,믹스견,암컷,인천광역시 중구,경동동물병원
2025-04-19,고양이,믹스묘,수컷,부산광역시 남구,(사)동부동물보호협회
2025-04-19,고양이,믹스묘,암컷,부산광역시 남구,(사)동부동물보호협회
2025-04-19,고양이,믹스묘,암컷,부산광역시 동래구,(사)동부동물보호협회
2025-04-19,개,믹스견,암컷,부산광역시 서구,부산동물보호센터
2025-04-19,개,믹스견,수컷,강원특별자치도 춘천시,춘천시 동물보호센터
2025-04-19,개,믹스견,암컷,경상남도 창원시,창원유기동물보호소
2025-04-19,개,믹스견,수컷,경상남도 진주시,진주시동물보호센터
2025-04-19,개,믹스견,암컷,경상북도 영덕군,영덕유기동물보호센터
2025-04-19,개,믹스견,수컷,경상북도 구미시,구미시 동물보호센터
2025-04-19,개,믹스견,수컷,경상북도 구미시,구미시 동물보호센터
2025-04-19,개,믹스견,수컷,전라남도 신안군,신안군유기동물보호소
2025-04-19,개,믹스견,수컷,전라남도 신안군,신안군유기동물보호소
2025-04-19,개,믹스견,암컷,전라남도 함평군,학교임시동물보호센터
2025-04-19,개,믹스견,수컷,전라남도 함평군,학교임시동물보호센터
2025-04-19,개,믹스견,암컷,전라남도 목포시,목포시유기동물보호소
2025-04-19,개,믹스견,수컷,전북특별자치도 군산시,군산유기동물보호센터
2025-04-19,개,믹스견,암컷,충청남도 홍성군,금일동물보호센터
2025-04-19,개,믹스견,암컷,충청남도 홍성군,금일동물보호센터
2025-04-19,개,믹스견,수컷,충청남도 홍성군,금일동물보호센터
2025-04-19,개,믹스견,암컷,충청북도 청주시,반려동물보호센터
2025-04-19,개,믹스견,수컷,충청북도 음성군,금왕동물병원
2025-04-19,개,요크셔 테리어,수컷,강원특별자치도 강릉시,강릉시 동물사랑센터
2025-04-19,개,믹스견,수컷,강원특별자치도 춘천시,춘천시 동물보호센터
2025-04-19,개,믹스견,암컷,경기도 남양주시,남양주시동물보호센터
2025-04-19,개,믹스견,수컷,광주광역시 광산구,광주동물보호센터
2025-04-19,개,믹스견,수컷,경기도 남양주시,남양주시동물보호센터
2025-04-19,개,믹스견,수컷,경기도 남양주시,남양주시동물보호센터
2025-04-19,개,믹스견,암컷,경기도 남양주시,남양주시동물보호센터
2025-04-18,개,믹스견,암컷,경상북도 성주군,성주유기동물보호센터
2025-04-18,개,믹스견,수컷,경상북도 성주군,성주유기동물보호센터
2025-04-18,개,믹스견,수컷,경상북도 성주군,성주유기동물보호센터
2025-04-18,개,믹스견,암컷,경상북도 영주시,영주시 동물보호센터
2025-04-18,개,믹스견,수컷,전라남도 장흥군,장흥군 동물보호센터
2025-04-18,개,믹스견,암컷,강원특별자치도 양양군,양양군유기동물보호소
2025-04-18,개,믹스견,수컷,전라남도 완도군,유기동물임시보호센터
2025-04-18,개,믹스견,암컷,전라남도 완도군,유기동물임시보호센터
2025-04-18,개,믹스견,수컷,전라남도 완도군,유기동물임시보호센터
2025-04-18,개,믹스견,수컷,경상북도 봉화군,봉화군유기동물보호소
2025-04-18,개,믹스견,수컷,경상북도 봉화군,봉화군유기동물보호소
2025-04-18,개,믹스견,암컷,경상북도 영천시,영천유기동물보호센터
2025-04-18,고양이,한국 고양이,미상,경기도 화성시,화성동물보호센터
2025-04-18,개,믹스견,미상,충청북도 괴산군,괴산증평동물보호센터
2025-04-18,개,진도견,미상,충청북도 괴산군,괴산증평동물보호센터
2025-04-18,개,믹스견,수컷,충청북도 진천군,증평 가정견 훈련소
2025-04-18,고양이,한국 고양이,미상,부산광역시 영도구,부산동물보호센터
2025-04-18,고양이,한국 고양이,미상,부산광역시 영도구,부산동물보호센터
2025-04-18,고양이,한국 고양이,미상,부산광역시 영도구,부산동물보호센터
2025-04-18,고양이,한국 고양이,미상,부산광역시 영도구,부산동물보호센터
2025-04-18,고양이,한국 고양이,미상,부산광역시 영도구,부산동물보호센터
2025-04-18,고양이,한국 고양이,미상,부산광역시 영도구,부산동물보호센터
2025-04-18,고양이,한국 고양이,미상,부산광역시 영도구,부산동물보호센터
2025-04-18,고양이,한국 고양이,미상,부산광역시 영도구,부산동물보호센터
2025-04-18,개,믹스견,암컷,경상남도 양산시,양산시 동물보호센터
2025-04-18,개,믹스견,수컷,경상남도 양산시,양산시 동물보호센터
2025-04-18,개,믹스견,수컷,경상남도 양산시,양산시 동물보호센터
2025-04-18,고양이,한국 고양이,암컷,경상남도 김해시,(사)동물보호관리협회
2025-04-18,개,포메라니안,수컷,경상남도 김해시,(사)동물보호관리협회
2025-04-18,개,믹스견,암컷,경상북도 봉화군,봉화군유기동물보호소
2025-04-18,고양이,한국 고양이,암컷,전북특별자치도 익산시,익산유기동물보호소
2025-04-18,고양이,한국 고양이,수컷,전북특별자치도 익산시,익산유기동물보호소
2025-04-18,개,믹스견,암컷,전북특별자치도 익산시,익산유기동물보호소
2025-04-18,개,믹스견,수컷,충청남도 보령시,보령시유기동물보호소
2025-04-18,기타,사향오리,미상,울산광역시 북구,울산유기동물보호센터
2025-04-18,고양이,한국 고양이,미상,울산광역시 북구,울산유기동물보호센터
2025-04-18,개,셰퍼드,암컷,대전광역시 유성구,대전동물보호센터
2025-04-18,고양이,한국 고양이,암컷,인천광역시 계양구,신영재동물병원
2025-04-18,고양이,한국 고양이,암컷,인천광역시 계양구,신영재동물병원
2025-04-18,고양이,한국 고양이,수컷,인천광역시 부평구,늘푸른동물병원
2025-04-18,고양이,한국 고양이,수컷,인천광역시 부평구,조재진동물병원
2025-04-18,개,믹스견,수컷,인천광역시 남동구,인천광역시수의사회
2025-04-18,개,포메라니안,수컷,부산광역시 기장군,사단법인 동부
2025-04-18,고양이,믹스묘,암컷,부산광역시 남구,(사)동부동물보호협회
2025-04-18,고양이,믹스묘,암컷,부산광역시 남구,(사)동부동물보호협회
2025-04-18,개,믹스견,수컷,부산광역시 남구,(사)동부동물보호협회
2025-04-18,개,믹스견,암컷,부산광역시 남구,(사)동부동물보호협회
2025-04-18,고양이,한국 고양이,미상,부산광역시 중구,부산동물보호센터
2025-04-18,고양이,한국 고양이,미상,부산광역시 중구,부산동물보호센터
2025-04-18,고양이,한국 고양이,미상,부산광역시 중구,부산동물보호센터
2025-04-18,고양이,한국 고양이,미상,부산광역시 중구,부산동물보호센터
2025-04-18,고양이,한국 고양이,미상,부산광역시 중구,부산동물보호센터
2025-04-18,고양이,한국 고양이,암컷,제주특별자치도 제주특별자치도,제주 동물보호센터
2025-04-18,개,라브라도 리트리버,수컷,제주특별자치도 제주특별자치도,제주 동물보호센터
2025-04-18,개,믹스견,암컷,제주특별자치도 제주특별자치도,제주 동물보호센터
2025-04-18,개,믹스견,암컷,제주특별자치도 제주특별자치도,제주 동물보호센터
2025-04-18,개,믹스견,암컷,전라남도 해남군,해남유기동물보호센터
2025-04-18,개,믹스견,암컷,전라남도 해남군,해남유기동물보호센터
2025-04-18,개,말티즈,수컷,충청남도 홍성군,금일동물보호센터
2025-04-18,개,믹스견,암컷,경기도 파주시,한국동물구조관리협회
2025-04-18,개,믹스견,암컷,서울특별시 성북구,한국동물구조관리협회
2025-04-18,개,믹스견,암컷,세종특별자치시 세종특별자치시,세종유기동물보호센터
2025-04-18,개,믹스견,수컷,세종특별자치시 세종특별자치시,세종유기동물보호센터
2025-04-18,개,믹스견,암컷,세종특별자치시 세종특별자치시,세종유기동물보호센터
2025-04-18,개,믹스견,암컷,경상남도 창원시,창원유기동물보호소
2025-04-18,개,믹스견,수컷,경상남도 산청군,산청동물보호센터
2025-04-18,개,믹스견,암컷,경상남도 진주시,진주시동물보호센터
2025-04-18,개,믹스견,암컷,경상남도 진주시,진주시동물보호센터
2025-04-18,개,믹스견,암컷,경상남도 진주시,진주시동물보호센터
2025-04-18,개,믹스견,수컷,경상남도 진주시,진주시동물보호센터
2025-04-18,개,믹스견,수컷,경상남도 진주시,진주시동물보호센터
2025-04-18,개,믹스견,수컷,경상남도 진주시,진주시동물보호센터
2025-04-18,개,믹스견,수컷,경상북도 봉화군,봉화군유기동물보호소
2025-04-18,개,믹스견,수컷,경상북도 봉화군,봉화군유기동물보호소
2025-04-18,개,믹스견,암컷,경상북도 봉화군,봉화군유기동물보호소
2025-04-18,개,믹스견,수컷,경상북도 봉화군,봉화군유기동물보호소
2025-04-18,개,믹스견,암컷,경상북도 봉화군,봉화군유기동물보호소
2025-04-18,개,믹스견,암컷,경상북도 봉화군,봉화군유기동물보호소
2025-04-18,개,믹스견,암컷,경상북도 칠곡군,칠곡유기동물보호센터
2025-04-18,개,믹스견,수컷,경상북도 경산시,경산시유기동물보호소
2025-04-18,고양이,한국 고양이,수컷,경상북도 경주시,경주동물사랑보호센터
2025-04-18,개,믹스견,암컷,경상북도 포항시,(사)영일동물플러스
2025-04-18,개,믹스견,암컷,경상북도 포항시,(사)영일동물플러스
2025-04-18,개,믹스견,암컷,전라남도 함평군,학교임시동물보호센터
2025-04-18,개,믹스견,암컷,전라남도 무안군,무안군유기동물보호소
2025-04-18,개,믹스견,암컷,전라남도 무안군,무안군유기동물보호소
2025-04-18,개,믹스견,수컷,전라남도 무안군,무안군유기동물보호소
2025-04-18,개,믹스견,수컷,전라남도 무안군,무안군유기동물보호소
2025-04-18,개,믹스견,암컷,전라남도 고흥군,고흥군임시보호센터
2025-04-18,개,믹스견,암컷,전라남도 고흥군,고흥군임시보호센터
2025-04-18,개,믹스견,수컷,전라남도 고흥군,고흥군임시보호센터
2025-04-18,개,믹스견,암컷,전라남도 고흥군,고흥군임시보호센터
2025-04-18,개,믹스견,수컷,전라남도 고흥군,고흥군임시보호센터
2025-04-18,개,믹스견,암컷,전라남도 고흥군,고흥군임시보호센터
2025-04-18,개,믹스견,수컷,전라남도 고흥군,고흥군임시보호센터
2025-04-18,개,믹스견,수컷,전라남도 고흥군,고흥군임시보호센터
2025-04-18,개,믹스견,암컷,전라남도 고흥군,고흥군임시보호센터
2025-04-18,개,믹스견,암컷,전라남도 고흥군,고흥군임시보호센터
2025-04-18,개,믹스견,수컷,전북특별자치도 부안군,부안군 동물보호센터
2025-04-18,개,믹스견,암컷,전북특별자치도 부안군,부안군 동물보호센터
2025-04-18,개,믹스견,암컷,전북특별자치도 부안군,부안군 동물보호센터
2025-04-18,개,믹스견,수컷,전북특별자치도 부안군,부안군 동물보호센터
2025-04-18,개,믹스견,수컷,전북특별자치도 부안군,부안군 동물보호센터
2025-04-18,개,믹스견,암컷,전북특별자치도 부안군,부안군 동물보호센터
2025-04-18,개,믹스견,암컷,전북특별자치도 고창군,더나은동물병원
2025-04-18,개,믹스견,암컷,전북특별자치도 고창군,더나은동물병원
2025-04-18,개,믹스견,암컷,전북특별자치도 고창군,더나은동물병원
2025-04-18,개,믹스견,암컷,전북특별자치도 고창군,더나은동물병원
2025-04-18,개,믹스견,암컷,전북특별자치도 고창군,더나은동물병원
2025-04-18,개,믹스견,암컷,전북특별자치도 완주군,완주군유기동물보호소
2025-04-18,고양이,믹스묘,수컷,전북특별자치도 남원시,하나동물병원
2025-04-18,개,믹스견,미상,전북특별자치도 군산시,군산유기동물보호센터
2025-04-18,고양이,믹스묘,수컷,전북특별자치도 군산시,군산유기동물보호센터
2025-04-18,개,믹스견,암컷,충청남도 당진시,당진시동물보호소
2025-04-18,개,믹스견,암컷,충청남도 서산시,서산시 동물보호센터
2025-04-18,개,믹스견,암컷,충청남도 공주시,공주시 동물보호센터
2025-04-18,개,믹스견,암컷,충청북도 음성군,금왕동물병원
2025-04-18,개,믹스견,수컷,충청북도 음성군,금왕동물병원
2025-04-18,개,믹스견,수컷,충청북도 음성군,금왕동물병원
2025-04-18,개,믹스견,암컷,충청북도 음성군,금왕동물병원
2025-04-18,개,믹스견,수컷,충청북도 음성군,금왕동물병원
2025-04-18,개,믹스견,암컷,충청북도 음성군,금왕동물병원
2025-04-18,기타,여우,수컷,충청북도 옥천군,옥천동물병원
2025-04-18,고양이,한국 고양이,수컷,충청북도 옥천군,옥천동물병원
2025-04-18,개,믹스견,암컷,충청북도 옥천군,옥천동물병원
2025-04-18,개,믹스견,암컷,충청북도 옥천군,옥천동물병원
2025-04-18,개,믹스견,수컷,충청북도 제천시,제천시 동물보호센터
2025-04-18,개,믹스견,암컷,충청북도 제천시,제천시 동물보호센터
2025-04-18,개,믹스견,암컷,강원특별자치도 철원군,철원군
2025-04-18,개,믹스견,암컷,강원특별자치도 철원군,철원군
2025-04-18,개,믹스견,수컷,경기도 여주시,위더스 동물보호센터
2025-04-18,개,믹스견,수컷,경기도 여주시,위더스 동물보호센터
2025-04-18,개,믹스견,수컷,경기도 여주시,위더스 동물보호센터
2025-04-18,개,믹스견,암컷,경기도 광주시,광주TNR동물병원초월
2025-04-18,개,믹스견,수컷,경기도 화성시,화성동물보호센터
2025-04-18,개,비숑 프리제,암컷,경기도 화성시,화성동물보호센터
2025-04-18,개,토이 푸들,수컷,경기도 화성시,화성동물보호센터
2025-04-18,개,믹스견,암컷,경기도 화성시,화성동물보호센터
2025-04-18,개,믹스견,암컷,경기도 화성시,화성동물보호센터
2025-04-18,개,믹스견,암컷,경기도 화성시,화성동물보호센터
2025-04-18,개,믹스견,수컷,경기도 화성시,화성동물보호센터
2025-04-18,개,믹스견,암컷,경기도 화성시,화성동물보호센터
2025-04-18,개,믹스견,암컷,경기도 화성시,화성동물보호센터
2025-04-18,개,믹스견,수컷,경기도 이천시,위더스 동물보호센터
2025-04-18,개,믹스견,수컷,경기도 이천시,위더스 동물보호센터
2025-04-18,개,진도견,암컷,경기도 이천시,위더스 동물보호센터
2025-04-18,개,믹스견,수컷,경기도 의왕시,한국야생동물보호협회
2025-04-18,개,믹스견,암컷,경기도 시흥시,시흥동물누리보호센터
2025-04-18,개,믹스견,수컷,경기도 과천시,한국야생동물보호협회
2025-04-18,개,골든 리트리버,수컷,경기도 안산시,한국야생동물보호협회
2025-04-18,개,믹스견,암컷,경기도 평택시,평택시유기동물보호소
2025-04-18,개,핏불테리어,수컷,경기도 평택시,평택시유기동물보호소
2025-04-18,개,믹스견,암컷,경기도 평택시,평택시유기동물보호소
2025-04-18,개,믹스견,수컷,경기도 평택시,평택시유기동물보호소
2025-04-18,개,푸들,암컷,경기도 평택시,평택시유기동물보호소
2025-04-18,개,믹스견,수컷,경기도 평택시,평택시유기동물보호소
2025-04-18,개,믹스견,암컷,경기도 평택시,평택시유기동물보호소
2025-04-18,개,비숑 프리제,수컷,경기도 평택시,평택시유기동물보호소
2025-04-18,개,푸들,수컷,경기도 광명시,한국야생동물보호협회
2025-04-18,개,말티즈,수컷,경기도 성남시,펫앤쉘터동물병원
2025-04-18,개,믹스견,수컷,경기도 성남시,펫앤쉘터동물병원
2025-04-18,개,치와와,암컷,경기도 수원시,수원시 동물보호센터
2025-04-18,개,말티즈,수컷,대전광역시 중구,대전동물보호센터
2025-04-18,개,푸들,수컷,광주광역시 서구,광주동물보호센터
2025-04-18,고양이,한국 고양이,암컷,인천광역시 강화군,디디동물병원
2025-04-18,개,믹스견,암컷,인천광역시 서구,우리동물병원
2025-04-18,개,믹스견,수컷,인천광역시 서구,우리동물병원
2025-04-18,개,믹스견,암컷,인천광역시 부평구,조재진동물병원
2025-04-18,개,올드 잉글리쉬 불독,암컷,부산광역시 사하구,(사)하얀비둘기
2025-04-18,고양이,믹스묘,암컷,서울특별시 용산구,남산동물병원
2025-04-18,고양이,한국 고양이,수컷,광주광역시 북구,광주동물보호센터
2025-04-18,고양이,한국 고양이,수컷,광주광역시 북구,광주동물보호센터
2025-04-18,고양이,한국 고양이,암컷,광주광역시 북구,광주동물보호센터
2025-04-18,개,믹스견,암컷,경기도 화성시,화성동물보호센터
2025-04-18,개,믹스견,암컷,전북특별자치도 완주군,완주군유기동물보호소
2025-04-17,개,믹스견,수컷,강원특별자치도 횡성군,횡성유기동물보호센터
2025-04-17,개,믹스견,수컷,강원특별자치도 횡성군,횡성유기동물보호센터
2025-04-17,개,믹스견,수컷,강원특별자치도 양양군,양양군유기동물보호소
2025-04-17,개,믹스견,수컷,경상남도 합천군,태민동물보호센터
2025-04-17,개,믹스견,암컷,경상남도 합천군,태민동물보호센터
2025-04-17,개,믹스견,암컷,경상남도 합천군,태민동물보호센터
2025-04-17,개,믹스견,암컷,경상남도 합천군,태민동물보호센터
2025-04-17,개,믹스견,수컷,경상남도 합천군,태민동물보호센터
2025-04-17,개,믹스견,암컷,경상남도 합천군,태민동물보호센터
2025-04-17,개,믹스견,수컷,경상남도 합천군,태민동물보호센터
2025-04-17,개,믹스견,수컷,경상남도 합천군,태민동물보호센터
2025-04-17,개,믹스견,수컷,경상남도 합천군,태민동물보호센터
2025-04-17,개,믹스견,암컷,경상남도 합천군,태민동물보호센터
2025-04-17,개,믹스견,암컷,경상남도 합천군,태민동물보호센터
2025-04-17,개,믹스견,수컷,경상남도 합천군,태민동물보호센터
2025-04-17,개,믹스견,암컷,경상남도 합천군,태민동물보호센터
2025-04-17,개,믹스견,암컷,경상남도 합천군,태민동물보호센터
2025-04-17,개,믹스견,암컷,경상남도 합천군,태민동물보호센터
2025-04-17,개,믹스견,암컷,경상남도 합천군,태민동물보호센터
2025-04-17,개,믹스견,암컷,경상남도 합천군,태민동물보호센터
2025-04-17,개,믹스견,수컷,경상남도 합천군,태민동물보호센터
2025-04-17,개,믹스견,암컷,경상북도 영천시,영천유기동물보호센터
2025-04-17,개,믹스견,암컷,전라남도 곡성군,곡성군동물보호소
2025-04-17,개,믹스견,암컷,경상남도 양산시,양산시 동물보호센터
2025-04-17,개,믹스견,암컷,경상남도 양산시,양산시 동물보호센터
2025-04-17,개,믹스견,암컷,전라남도 영암군,유기동물 삼호 보호소
2025-04-17,개,포메라니안,수컷,전라남도 영암군,유기동물 삼호 보호소
2025-04-17,개,믹스견,수컷,전북특별자치도 익산시,익산유기동물보호소
2025-04-17,개,믹스견,수컷,전북특별자치도 익산시,익산유기동물보호소
2025-04-17,개,말티즈,암컷,부산광역시 기장군,사단법인 동부
2025-04-17,개,믹스견,암컷,제주특별자치도 제주특별자치도,제주 동물보호센터
2025-04-17,개,믹스견,암컷,제주특별자치도 제주특별자치도,제주 동물보호센터
2025-04-17,개,믹스견,수컷,제주특별자치도 제주특별자치도,제주 동물보호센터
2025-04-17,개,믹스견,수컷,제주특별자치도 제주특별자치도,제주 동물보호센터
2025-04-17,개,믹스견,암컷,경상남도 남해군,남해군동물보호센터
2025-04-17,개,말티즈,수컷,경상남도 김해시,(사)동물보호관리협회
2025-04-17,개,믹스견,수컷,전라남도 여수시,유기동물보호소
2025-04-17,개,푸들,수컷,전북특별자치도 임실군,임실유기동물보호센터
2025-04-17,개,믹스견,수컷,충청남도 홍성군,금일동물보호센터
2025-04-17,개,믹스견,암컷,충청남도 홍성군,금일동물보호센터
2025-04-17,개,믹스견,암컷,충청남도 홍성군,금일동물보호센터
2025-04-17,개,믹스견,암컷,충청남도 홍성군,금일동물보호센터
2025-04-17,개,믹스견,암컷,충청남도 부여군,남부여동물보호소
2025-04-17,개,믹스견,암컷,충청남도 논산시,논산시 동물보호센터
2025-04-17,개,믹스견,수컷,충청남도 논산시,논산시 동물보호센터
2025-04-17,개,믹스견,암컷,충청남도 아산시,아산동물복지지원센터
2025-04-17,개,믹스견,암컷,강원특별자치도 원주시,원주시동물보호센터
2025-04-17,개,믹스견,암컷,경기도 양평군,양평군유기동물보호소
2025-04-17,개,믹스견,암컷,경기도 안성시,안성시 동물보호센터
2025-04-17,개,믹스견,수컷,경기도 안성시,안성시 동물보호센터
2025-04-17,개,믹스견,암컷,인천광역시 강화군,디디동물병원
2025-04-17,고양이,한국 고양이,미상,부산광역시 서구,부산동물보호센터
2025-04-17,고양이,한국 고양이,미상,부산광역시 서구,부산동물보호센터
2025-04-17,고양이,한국 고양이,미상,부산광역시 서구,부산동물보호센터
2025-04-17,개,믹스견,암컷,제주특별자치도 제주특별자치도,제주 동물보호센터
2025-04-17,개,믹스견,수컷,제주특별자치도 제주특별자치도,제주 동물보호센터
2025-04-17,개,믹스견,암컷,제주특별자치도 제주특별자치도,제주 동물보호센터
2025-04-17,개,믹스견,암컷,제주특별자치도 제주특별자치도,제주 동물보호센터
2025-04-17,개,믹스견,암컷,제주특별자치도 제주특별자치도,제주 동물보호센터
2025-04-17,고양이,한국 고양이,수컷,세종특별자치시 세종특별자치시,세종유기동물보호센터
2025-04-17,개,믹스견,수컷,세종특별자치시 세종특별자치시,세종유기동물보호센터
2025-04-17,개,믹스견,암컷,세종특별자치시 세종특별자치시,세종유기동물보호센터
2025-04-17,고양이,한국 고양이,수컷,세종특별자치시 세종특별자치시,세종유기동물보호센터
2025-04-17,고양이,한국 고양이,수컷,경상남도 창녕군,창녕 유기동물보호소
2025-04-17,개,믹스견,암컷,경상남도 양산시,양산시 동물보호센터
2025-04-17,개,믹스견,암컷,경상남도 진주시,진주시동물보호센터
2025-04-17,개,믹스견,수컷,경상북도 영덕군,영덕유기동물보호센터
2025-04-17,개,요크셔 테리어,수컷,경상북도 문경시,종합축산
2025-04-17,개,믹스견,수컷,경상북도 김천시,김천시 동물보호센터
2025-04-17,개,믹스견,암컷,경상북도 포항시,(사)영일동물플러스
2025-04-17,개,믹스견,암컷,전라남도 신안군,신안군유기동물보호소
2025-04-17,개,믹스견,수컷,전라남도 영광군,영광동물보호센터
2025-04-17,개,믹스견,암컷,전라남도 영광군,영광동물보호센터
2025-04-17,개,믹스견,수컷,전라남도 영광군,영광동물보호센터
2025-04-17,개,믹스견,암컷,전라남도 영광군,영광동물보호센터
2025-04-17,개,믹스견,수컷,전라남도 함평군,학교임시동물보호센터
2025-04-17,개,믹스견,암컷,전라남도 함평군,학교임시동물보호센터
2025-04-17,개,믹스견,암컷,전라남도 함평군,학교임시동물보호센터
2025-04-17,개,믹스견,수컷,전라남도 고흥군,고흥군임시보호센터
2025-04-17,개,믹스견,암컷,전라남도 고흥군,고흥군임시보호센터
2025-04-17,개,믹스견,암컷,전라남도 고흥군,고흥군임시보호센터
2025-04-17,개,믹스견,암컷,전라남도 고흥군,고흥군임시보호센터
2025-04-17,개,믹스견,암컷,전라남도 고흥군,고흥군임시보호센터
2025-04-17,개,믹스견,수컷,전라남도 고흥군,고흥군임시보호센터
2025-04-17,개,믹스견,암컷,전라남도 고흥군,고흥군임시보호센터
2025-04-17,개,믹스견,암컷,전라남도 고흥군,고흥군임시보호센터
2025-04-17,개,믹스견,수컷,전라남도 고흥군,고흥군임시보호센터
2025-04-17,개,믹스견,암컷,전라남도 고흥군,고흥군임시보호센터
2025-04-17,개,믹스견,암컷,전라남도 고흥군,고흥군임시보호센터
2025-04-17,개,믹스견,암컷,전라남도 고흥군,고흥군임시보호센터
2025-04-17,개,믹스견,수컷,전라남도 광양시,광양시 임시보호소
2025-04-17,개,믹스견,수컷,전라남도 순천시,순천시유기동물보호소
2025-04-17,개,믹스견,수컷,전라남도 목포시,목포시유기동물보호소
2025-04-17,개,믹스견,암컷,전라남도 목포시,목포시유기동물보호소
2025-04-17,고양이,믹스묘,미상,전북특별자치도 부안군,부안군 동물보호센터
2025-04-17,개,믹스견,수컷,전북특별자치도 부안군,부안군 동물보호센터
2025-04-17,개,믹스견,암컷,전북특별자치도 부안군,부안군 동물보호센터
2025-04-17,개,믹스견,암컷,전북특별자치도 부안군,부안군 동물보호센터
2025-04-17,개,믹스견,수컷,전북특별자치도 부안군,부안군 동물보호센터
2025-04-17,개,믹스견,암컷,전북특별자치도 김제시,전북말산업복합센터
2025-04-17,개,믹스견,수컷,전북특별자치도 김제시,전북말산업복합센터
2025-04-17,개,믹스견,암컷,전북특별자치도 김제시,전북말산업복합센터
2025-04-17,개,믹스견,암컷,전북특별자치도 김제시,전북말산업복합센터
2025-04-17,개,믹스견,암컷,전북특별자치도 남원시,하나동물병원
2025-04-17,개,믹스견,암컷,전북특별자치도 정읍시,정읍시 동물보호소
2025-04-17,개,믹스견,수컷,전북특별자치도 정읍시,정읍시 동물보호소
2025-04-17,개,믹스견,암컷,전북특별자치도 정읍시,정읍시 동물보호소
2025-04-17,개,믹스견,암컷,전북특별자치도 정읍시,정읍시 동물보호소
2025-04-17,개,믹스견,암컷,전북특별자치도 정읍시,정읍시 동물보호소
2025-04-17,개,믹스견,암컷,전북특별자치도 정읍시,정읍시 동물보호소
2025-04-17,개,믹스견,암컷,전북특별자치도 군산시,군산유기동물보호센터
2025-04-17,개,푸들,암컷,전북특별자치도 군산시,군산유기동물보호센터
2025-04-17,개,믹스견,수컷,충청남도 아산시,아산동물복지지원센터
2025-04-17,개,믹스견,수컷,충청북도 청주시,반려동물보호센터
2025-04-17,개,믹스견,수컷,충청북도 청주시,반려동물보호센터
2025-04-17,개,믹스견,수컷,충청북도 청주시,반려동물보호센터
2025-04-17,개,믹스견,암컷,충청북도 음성군,금왕동물병원
2025-04-17,개,믹스견,암컷,충청북도 음성군,금왕동물병원
2025-04-17,개,믹스견,미상,충청북도 영동군,최종주동물병원
2025-04-17,개,믹스견,암컷,충청북도 영동군,최종주동물병원
2025-04-17,개,믹스견,수컷,충청북도 영동군,최종주동물병원
2025-04-17,개,믹스견,암컷,충청북도 충주시,충주시동물보호센터
2025-04-17,고양이,믹스묘,수컷,경기도 광주시,광주TNR동물병원송정
2025-04-17,고양이,믹스묘,암컷,경기도 광주시,광주TNR동물병원송정
2025-04-17,개,믹스견,암컷,경기도 양평군,양평군유기동물보호소
2025-04-17,개,믹스견,수컷,경기도 양평군,양평군유기동물보호소
2025-04-17,개,믹스견,암컷,경기도 가평군,가평군유기동물보호소
2025-04-17,개,믹스견,암컷,경기도 가평군,가평군유기동물보호소
2025-04-17,개,믹스견,수컷,경기도 가평군,가평군유기동물보호소
2025-04-17,개,푸들,수컷,경기도 안산시,한국야생동물보호협회
2025-04-17,개,말티즈,수컷,경기도 안산시,한국야생동물보호협회
2025-04-17,개,믹스견,수컷,경기도 평택시,평택시유기동물보호소
2025-04-17,개,푸들,암컷,경기도 평택시,평택시유기동물보호소
2025-04-17,고양이,한국 고양이,수컷,경기도 평택시,평택시유기동물보호소
2025-04-17,개,믹스견,수컷,경기도 평택시,평택시유기동물보호소
2025-04-17,개,믹스견,수컷,경기도 평택시,평택시유기동물보호소
2025-04-17,개,믹스견,암컷,경기도 평택시,평택시유기동물보호소
2025-04-17,개,믹스견,수컷,경기도 수원시,수원시 동물보호센터
2025-04-17,개,믹스견,수컷,광주광역시 북구,광주동물보호센터
2025-04-17,개,비숑 프리제,수컷,광주광역시 남구,광주동물보호센터
2025-04-17,개,진도견,수컷,인천광역시 서구,우리동물병원
2025-04-17,개,믹스견,암컷,경상북도 문경시,종합축산
2025-04-17,개,믹스견,수컷,경상북도 문경시,종합축산
2025-04-17,개,믹스견,암컷,경기도 화성시,화성동물보호센터
2025-04-16,고양이,한국 고양이,암컷,전북특별자치도 익산시,익산유기동물보호소
2025-04-16,고양이,한국 고양이,암컷,전북특별자치도 익산시,익산유기동물보호소
2025-04-16,고양이,한국 고양이,수컷,전북특별자치도 익산시,익산유기동물보호소
2025-04-16,개,푸들,수컷,강원특별자치도 양양군,양양군유기동물보호소
2025-04-16,개,믹스견,수컷,경기도 용인시,용인시 동물보호센터
2025-04-16,개,믹스견,암컷,경기도 용인시,용인시 동물보호센터
2025-04-16,개,믹스견,수컷,경기도 용인시,용인시 동물보호센터
2025-04-16,개,믹스견,암컷,경기도 용인시,용인시 동물보호센터
2025-04-16,개,프렌치 불독,암컷,강원특별자치도 홍천군,홍천군유기동물보호소
2025-04-16,개,프렌치 불독,암컷,강원특별자치도 홍천군,홍천군유기동물보호소
2025-04-16,개,믹스견,수컷,강원특별자치도 강릉시,강릉시 동물사랑센터
2025-04-16,개,믹스견,수컷,전라남도 영암군,유기동물 삼호 보호소
2025-04-16,개,믹스견,수컷,전라남도 영암군,유기동물 삼호 보호소
2025-04-16,개,믹스견,암컷,전라남도 영암군,유기동물 삼호 보호소
2025-04-16,개,믹스견,암컷,전라남도 영암군,유기동물 삼호 보호소
2025-04-16,개,믹스견,수컷,충청남도 홍성군,금일동물보호센터
2025-04-16,개,비숑 프리제,수컷,경기도 양주시,한국동물구조관리협회
2025-04-16,고양이,한국 고양이,암컷,부산광역시 강서구,(사)하얀비둘기
2025-04-16,고양이,한국 고양이,암컷,부산광역시 강서구,(사)하얀비둘기
2025-04-16,개,믹스견,수컷,부산광역시 금정구,동부동물보호협회
2025-04-16,개,프렌치 불독,암컷,부산광역시 북구,부산동물보호센터
2025-04-16,개,믹스견,암컷,부산광역시 북구,부산동물보호센터
2025-04-16,개,믹스견,암컷,제주특별자치도 제주특별자치도,제주 동물보호센터
2025-04-16,개,믹스견,수컷,제주특별자치도 제주특별자치도,제주 동물보호센터
2025-04-16,개,믹스견,암컷,제주특별자치도 제주특별자치도,제주 동물보호센터
2025-04-16,개,믹스견,암컷,제주특별자치도 제주특별자치도,제주 동물보호센터
2025-04-16,개,믹스견,암컷,제주특별자치도 제주특별자치도,제주 동물보호센터
2025-04-16,개,믹스견,암컷,경상남도 양산시,양산시 동물보호센터
2025-04-16,개,믹스견,암컷,경상남도 김해시,(사)동물보호관리협회
2025-04-16,개,믹스견,암컷,경상북도 청송군,점곡동물보호센터
2025-04-16,개,믹스견,암컷,경상북도 청송군,점곡동물보호센터
2025-04-16,개,믹스견,암컷,전라남도 영광군,영광동물보호센터
2025-04-16,개,믹스견,수컷,전라남도 영광군,영광동물보호센터
2025-04-16,개,믹스견,수컷,전라남도 영광군,영광동물보호센터
2025-04-16,개,믹스견,암컷,전라남도 해남군,해남유기동물보호센터
2025-04-16,개,믹스견,수컷,전북특별자치도 군산시,군산유기동물보호센터
2025-04-16,개,믹스견,수컷,충청북도 괴산군,괴산증평동물보호센터
2025-04-16,기타,오리,미상,충청북도 보은군,보은군동물보호센터
2025-04-16,개,믹스견,암컷,경기도 고양시,고양시동물보호센터
2025-04-16,개,믹스견,미상,울산광역시 울주군,울산유기동물보호센터
2025-04-16,개,믹스견,암컷,울산광역시 울주군,울산유기동물보호센터
2025-04-16,개,믹스견,수컷,울산광역시 울주군,울산유기동물보호센터
2025-04-16,개,믹스견,수컷,울산광역시 울주군,울산유기동물보호센터
2025-04-16,개,믹스견,미상,울산광역시 울주군,울산유기동물보호센터
2025-04-16,개,믹스견,미상,울산광역시 울주군,울산유기동물보호센터
2025-04-16,개,믹스견,미상,울산광역시 울주군,울산유기동물보호센터
2025-04-16,개,믹스견,미상,울산광역시 울주군,울산유기동물보호센터
2025-04-16,개,믹스견,암컷,광주광역시 북구,광주동물보호센터
2025-04-16,개,믹스견,암컷,인천광역시 서구,우리동물병원
2025-04-16,개,믹스견,수컷,인천광역시 서구,우리동물병원
2025-04-16,개,시바,암컷,인천광역시 부평구,조재진동물병원
2025-04-16,고양이,한국 고양이,미상,부산광역시 중구,부산동물보호센터
2025-04-16,고양이,한국 고양이,미상,부산광역시 중구,부산동물보호센터
2025-04-16,개,골든 리트리버,암컷,부산광역시 중구,부산동물보호센터
2025-04-16,개,믹스견,수컷,세종특별자치시 세종특별자치시,세종유기동물보호센터
2025-04-16,개,믹스견,암컷,세종특별자치시 세종특별자치시,세종유기동물보호센터
2025-04-16,개,믹스견,암컷,세종특별자치시 세종특별자치시,세종유기동물보호센터
2025-04-16,개,보스턴 테리어,수컷,경상남도 창원시,창원유기동물보호소
2025-04-16,개,믹스견,암컷,경상남도 창원시,창원유기동물보호소
2025-04-16,개,믹스견,암컷,경상남도 함양군,함양군위탁보호소
2025-04-16,개,믹스견,암컷,경상남도 거제시,거제시유기동물보호소
2025-04-16,개,믹스견,수컷,경상남도 사천시,사천시 동물보호센터
2025-04-16,개,믹스견,암컷,경상북도 칠곡군,칠곡유기동물보호센터
2025-04-16,고양이,믹스묘,수컷,경상북도 영덕군,영덕반려동물입양센터
2025-04-16,개,믹스견,수컷,경상북도 청송군,점곡동물보호센터
2025-04-16,개,믹스견,암컷,경상북도 경주시,경주동물사랑보호센터
2025-04-16,개,믹스견,암컷,전북특별자치도 김제시,전북말산업복합센터
2025-04-16,개,믹스견,수컷,전북특별자치도 익산시,익산유기동물보호소
2025-04-16,개,믹스견,암컷,전북특별자치도 익산시,익산유기동물보호소
2025-04-16,개,믹스견,암컷,전북특별자치도 익산시,익산유기동물보호소
2025-04-16,개,믹스견,암컷,전북특별자치도 익산시,익산유기동물보호소
2025-04-16,개,믹스견,암컷,전북특별자치도 익산시,익산유기동물보호소
2025-04-16,개,믹스견,수컷,전북특별자치도 익산시,익산유기동물보호소
2025-04-16,개,믹스견,수컷,전북특별자치도 군산시,군산유기동물보호센터
2025-04-16,개,믹스견,암컷,전북특별자치도 군산시,군산유기동물보호센터
2025-04-16,개,믹스견,수컷,충청남도 부여군,남부여동물보호소
2025-04-16,개,믹스견,암컷,충청남도 서산시,서산시 동물보호센터
2025-04-16,개,믹스견,수컷,충청남도 아산시,아산동물복지지원센터
2025-04-16,개,믹스견,암컷,충청남도 천안시,천안시 동물보호센터
2025-04-16,개,라브라도 리트리버,암컷,충청남도 천안시,천안시 동물보호센터
2025-04-16,개,믹스견,수컷,충청남도 천안시,천안시 동물보호센터
2025-04-16,개,믹스견,암컷,충청남도 천안시,천안시 동물보호센터
2025-04-16,개,스탠다드 푸들,수컷,충청북도 음성군,금왕동물병원
2025-04-16,개,믹스견,암컷,충청북도 음성군,금왕동물병원
2025-04-16,개,믹스견,수컷,충청북도 음성군,금왕동물병원
2025-04-16,개,치와와,암컷,충청북도 음성군,금왕동물병원
2025-04-16,개,믹스견,수컷,충청북도 영동군,최종주동물병원
2025-04-16,개,믹스견,수컷,충청북도 영동군,최종주동물병원
2025-04-16,개,믹스견,수컷,충청북도 영동군,최종주동물병원
2025-04-16,개,믹스견,암컷,강원특별자치도 양구군,양구군유기동물보호소
2025-04-16,개,믹스견,암컷,강원특별자치도 양구군,양구군유기동물보호소
2025-04-16,개,말티즈,수컷,강원특별자치도 홍천군,홍천군유기동물보호소
2025-04-16,고양이,한국 고양이,암컷,강원특별자치도 원주시,원주시동물보호센터
2025-04-16,개,믹스견,수컷,경기도 광주시,광주TNR동물병원초월
2025-04-16,개,믹스견,수컷,경기도 화성시,화성동물보호센터
2025-04-16,개,믹스견,암컷,경기도 화성시,화성동물보호센터
2025-04-16,개,믹스견,암컷,경기도 화성시,화성동물보호센터
2025-04-16,개,믹스견,수컷,경기도 화성시,화성동물보호센터
2025-04-16,개,믹스견,암컷,경기도 화성시,화성동물보호센터
2025-04-16,개,믹스견,수컷,경기도 화성시,화성동물보호센터
2025-04-16,개,라브라도 리트리버,수컷,경기도 이천시,위더스 동물보호센터
2025-04-16,개,믹스견,수컷,경기도 고양시,고양시동물보호센터
2025-04-16,개,믹스견,암컷,경기도 고양시,고양시동물보호센터
2025-04-16,개,믹스견,수컷,경기도 고양시,고양시동물보호센터
2025-04-16,고양이,페르시안,암컷,경기도 안산시,한국야생동물보호협회
2025-04-16,개,믹스견,수컷,경기도 평택시,평택시유기동물보호소
2025-04-16,개,믹스견,수컷,경기도 평택시,평택시유기동물보호소
2025-04-16,개,믹스견,암컷,경기도 평택시,평택시유기동물보호소
2025-04-16,개,믹스견,수컷,경기도 평택시,평택시유기동물보호소
2025-04-16,개,믹스견,수컷,경기도 평택시,평택시유기동물보호소
2025-04-16,개,믹스견,수컷,경기도 평택시,평택시유기동물보호소
2025-04-16,개,믹스견,암컷,경기도 평택시,평택시유기동물보호소
2025-04-16,개,믹스견,암컷,경기도 평택시,평택시유기동물보호소
2025-04-16,개,믹스견,수컷,경기도 평택시,평택시유기동물보호소
2025-04-16,개,믹스견,암컷,경기도 평택시,평택시유기동물보호소
2025-04-16,개,믹스견,수컷,경기도 평택시,평택시유기동물보호소
2025-04-16,개,믹스견,암컷,경기도 평택시,평택시유기동물보호소
2025-04-16,개,믹스견,암컷,경기도 평택시,평택시유기동물보호소
2025-04-16,개,믹스견,암컷,경기도 성남시,펫앤쉘터동물병원
2025-04-16,개,믹스견,수컷,경기도 수원시,수원시 동물보호센터
2025-04-16,개,프렌치 불독,암컷,경기도 수원시,수원시 동물보호센터
2025-04-16,개,믹스견,암컷,경기도 수원시,수원시 동물보호센터
2025-04-16,고양이,한국 고양이,수컷,울산광역시 북구,울산유기동물보호센터
2025-04-16,개,푸들,수컷,울산광역시 남구,강남동물병원
2025-04-16,개,믹스견,수컷,광주광역시 광산구,광주동물보호센터
2025-04-16,개,믹스견,수컷,인천광역시 서구,우리동물병원
2025-04-16,개,믹스견,수컷,전라남도 목포시,목포시유기동물보호소
2025-04-16,개,믹스견,암컷,전라남도 목포시,목포시유기동물보호소
2025-04-16,개,믹스견,암컷,전라남도 여수시,유기동물보호소
2025-04-16,개,믹스견,수컷,전라남도 여수시,유기동물보호소
2025-04-16,개,믹스견,암컷,전북특별자치도 완주군,완주군유기동물보호소
2025-04-16,개,믹스견,수컷,전라남도 여수시,유기동물보호소
2025-04-16,개,믹스견,수컷,전라남도 여수시,유기동물보호소
2025-04-15,개,믹스견,수컷,강원특별자치도 횡성군,횡성유기동물보호센터
2025-04-15,개,믹스견,암컷,전라남도 장흥군,장흥군 동물보호센터
2025-04-15,개,믹스견,암컷,강원특별자치도 양양군,양양군유기동물보호소
2025-04-15,개,믹스견,수컷,경상북도 성주군,성주유기동물보호센터
2025-04-15,개,믹스견,암컷,경상북도 구미시,구미시 동물보호센터
2025-04-15,개,믹스견,수컷,경상북도 구미시,구미시 동물보호센터
2025-04-15,개,믹스견,수컷,경상북도 구미시,구미시 동물보호센터
2025-04-15,개,믹스견,암컷,경상북도 구미시,구미시 동물보호센터
2025-04-15,개,믹스견,수컷,경상북도 구미시,구미시 동물보호센터
2025-04-15,개,믹스견,암컷,경상북도 구미시,구미시 동물보호센터
2025-04-15,개,믹스견,수컷,경상북도 구미시,구미시 동물보호센터
2025-04-15,개,믹스견,암컷,경상북도 예천군,예천군유기동물보호소
2025-04-15,개,믹스견,암컷,전라남도 진도군,진도군임시보호소
2025-04-15,개,믹스견,수컷,강원특별자치도 삼척시,삼척시동물보호센터
2025-04-15,개,믹스견,암컷,인천광역시 동구,경동동물병원
2025-04-15,개,믹스견,암컷,인천광역시 동구,경동동물병원
2025-04-15,개,믹스견,암컷,부산광역시 서구,부산동물보호센터
2025-04-15,개,믹스견,암컷,부산광역시 서구,부산동물보호센터
2025-04-15,개,믹스견,암컷,부산광역시 서구,부산동물보호센터
2025-04-15,개,믹스견,암컷,부산광역시 서구,부산동물보호센터
2025-04-15,개,믹스견,암컷,부산광역시 서구,부산동물보호센터
2025-04-15,고양이,한국 고양이,암컷,전라남도 영암군,유기동물 삼호 보호소
2025-04-15,고양이,한국 고양이,암컷,전라남도 영암군,유기동물 삼호 보호소
2025-04-15,개,믹스견,암컷,전라남도 영암군,유기동물 삼호 보호소
2025-04-15,개,믹스견,암컷,인천광역시 계양구,신영재동물병원
2025-04-15,개,믹스견,암컷,부산광역시 사하구,(사)하얀비둘기
2025-04-15,개,믹스견,암컷,제주특별자치도 제주특별자치도,제주 동물보호센터
2025-04-15,개,믹스견,수컷,경상남도 통영시,통영시동물보호센터
2025-04-15,개,믹스견,수컷,경상북도 영주시,영주시 동물보호센터
2025-04-15,개,믹스견,암컷,경상북도 영주시,영주시 동물보호센터
2025-04-15,개,믹스견,암컷,경상북도 김천시,김천시 동물보호센터
2025-04-15,개,믹스견,수컷,충청남도 논산시,논산시 동물보호센터
2025-04-15,개,믹스견,암컷,충청남도 논산시,논산시 동물보호센터
2025-04-15,개,믹스견,암컷,충청남도 공주시,공주시 동물보호센터
2025-04-15,개,믹스견,수컷,충청남도 공주시,공주시 동물보호센터
2025-04-15,개,믹스견,수컷,충청남도 공주시,공주시 동물보호센터
2025-04-15,개,믹스견,암컷,충청남도 공주시,공주시 동물보호센터
2025-04-15,개,믹스견,암컷,충청남도 공주시,공주시 동물보호센터
2025-04-15,개,믹스견,수컷,강원특별자치도 양구군,양구군유기동물보호소
2025-04-15,개,믹스견,암컷,강원특별자치도 양구군,양구군유기동물보호소
2025-04-15,개,믹스견,암컷,경기도 고양시,고양시동물보호센터
2025-04-15,개,믹스견,암컷,경기도 고양시,고양시동물보호센터
2025-04-15,개,믹스견,미상,울산광역시 울주군,울산유기동물보호센터
2025-04-15,개,믹스견,수컷,광주광역시 광산구,광주동물보호센터
2025-04-15,개,믹스견,암컷,광주광역시 광산구,광주동물보호센터
2025-04-15,개,믹스견,수컷,광주광역시 광산구,광주동물보호센터
2025-04-15,개,그레이 하운드,암컷,광주광역시 남구,광주동물보호센터
2025-04-15,개,치와와,수컷,인천광역시 남동구,인천광역시수의사회
2025-04-15,개,믹스견,암컷,인천광역시 남동구,인천광역시수의사회
2025-04-15,개,프렌치 불독,암컷,인천광역시 남동구,인천광역시수의사회
2025-04-15,고양이,한국 고양이,암컷,부산광역시 사하구,(사)하얀비둘기
2025-04-15,고양이,믹스묘,암컷,부산광역시 해운대구,동부유기동물보호협회
2025-04-15,개,포메라니안,수컷,서울특별시 강서구,한국동물구조관리협회
2025-04-15,개,믹스견,수컷,경상남도 함양군,함양군위탁보호소
2025-04-15,개,푸들,암컷,경상남도 함양군,함양군위탁보호소
2025-04-15,개,믹스견,수컷,경상남도 창녕군,창녕 유기동물보호소
2025-04-15,개,믹스견,수컷,경상남도 창녕군,창녕 유기동물보호소
2025-04-15,개,믹스견,암컷,경상남도 의령군,의령군 동물보호센터
2025-04-15,개,믹스견,암컷,경상남도 밀양시,밀양시 동물보호센터
2025-04-15,개,믹스견,수컷,경상남도 밀양시,밀양시 동물보호센터
2025-04-15,개,믹스견,암컷,경상남도 밀양시,밀양시 동물보호센터
2025-04-15,개,믹스견,암컷,경상남도 밀양시,밀양시 동물보호센터
2025-04-15,개,믹스견,수컷,경상남도 사천시,사천시 동물보호센터
2025-04-15,개,믹스견,수컷,경상남도 진주시,진주시동물보호센터
2025-04-15,개,믹스견,수컷,경상남도 진주시,진주시동물보호센터
2025-04-15,개,믹스견,암컷,경상남도 진주시,진주시동물보호센터
2025-04-15,개,믹스견,암컷,경상북도 청도군,청도군동물보호센터
2025-04-15,개,믹스견,수컷,경상북도 구미시,구미시 동물보호센터
2025-04-15,개,믹스견,암컷,경상북도 구미시,구미시 동물보호센터
2025-04-15,개,믹스견,암컷,경상북도 구미시,구미시 동물보호센터
2025-04-15,개,믹스견,수컷,전북특별자치도 부안군,부안군 동물보호센터
2025-04-15,개,믹스견,암컷,전북특별자치도 고창군,더나은동물병원
2025-04-15,개,믹스견,암컷,전북특별자치도 고창군,더나은동물병원
2025-04-15,개,믹스견,수컷,전북특별자치도 고창군,더나은동물병원
2025-04-15,개,믹스견,암컷,전북특별자치도 정읍시,정읍시 동물보호소
2025-04-15,개,믹스견,수컷,전북특별자치도 정읍시,정읍시 동물보호소
2025-04-15,개,믹스견,암컷,전북특별자치도 정읍시,정읍시 동물보호소
2025-04-15,고양이,터키시 앙고라,암컷,전북특별자치도 정읍시,정읍시 동물보호소
2025-04-15,고양이,한국 고양이,암컷,전북특별자치도 익산시,익산유기동물보호소
2025-04-15,고양이,한국 고양이,수컷,전북특별자치도 익산시,익산유기동물보호소
2025-04-15,고양이,한국 고양이,수컷,전북특별자치도 익산시,익산유기동물보호소
2025-04-15,고양이,한국 고양이,수컷,전북특별자치도 익산시,익산유기동물보호소
2025-04-15,개,믹스견,암컷,전북특별자치도 익산시,익산유기동물보호소
2025-04-15,개,믹스견,암컷,전북특별자치도 전주시,데이지동물병원
2025-04-15,개,믹스견,수컷,충청남도 서산시,서산시 동물보호센터
2025-04-15,개,믹스견,수컷,충청북도 제천시,제천시 동물보호센터
2025-04-15,개,믹스견,암컷,강원특별자치도 정선군,정선가축병원
2025-04-15,개,믹스견,암컷,강원특별자치도 정선군,정선가축병원
2025-04-15,기타,닭,수컷,강원특별자치도 춘천시,춘천시 동물보호센터
2025-04-15,고양이,한국 고양이,수컷,경기도 광주시,광주TNR동물병원송정
2025-04-15,개,믹스견,암컷,경기도 광주시,광주TNR동물병원초월
2025-04-15,개,믹스견,수컷,경기도 화성시,화성동물보호센터
2025-04-15,개,믹스견,수컷,경기도 화성시,화성동물보호센터
2025-04-15,개,믹스견,수컷,경기도 양평군,양평군유기동물보호소
2025-04-15,개,믹스견,암컷,경기도 하남시,하남동물보호센터
2025-04-15,개,믹스견,암컷,경기도 하남시,하남동물보호센터
2025-04-15,개,보더 콜리,암컷,경기도 평택시,평택시유기동물보호소
2025-04-15,개,믹스견,암컷,경기도 수원시,수원시 동물보호센터
2025-04-15,고양이,한국 고양이,암컷,울산광역시 남구,사랑동물병원
2025-04-15,고양이,한국 고양이,수컷,인천광역시 서구,우리동물병원
2025-04-15,개,믹스견,암컷,경기도 화성시,화성동물보호센터
2025-04-15,개,믹스견,암컷,전북특별자치도 익산시,익산유기동물보호소
2025-04-15,개,믹스견,암컷,전북특별자치도 익산시,익산유기동물보호소
2025-04-15,개,믹스견,수컷,전북특별자치도 익산시,익산유기동물보호소
2025-04-15,개,믹스견,암컷,전라남도 여수시,유기동물보호소
2025-04-14,고양이,한국 고양이,수컷,서울특별시 금천구,한국동물구조관리협회
2025-04-14,고양이,한국 고양이,암컷,서울특별시 금천구,한국동물구조관리협회
2025-04-14,고양이,한국 고양이,암컷,서울특별시 금천구,한국동물구조관리협회
2025-04-14,고양이,한국 고양이,암컷,서울특별시 금천구,한국동물구조관리협회
2025-04-14,고양이,한국 고양이,암컷,서울특별시 금천구,한국동물구조관리협회
2025-04-14,고양이,한국 고양이,암컷,서울특별시 금천구,한국동물구조관리협회
2025-04-14,개,비숑 프리제,수컷,전라남도 영암군,유기동물 삼호 보호소
2025-04-14,고양이,한국 고양이,수컷,인천광역시 계양구,신영재동물병원
2025-04-14,고양이,한국 고양이,암컷,인천광역시 계양구,신영재동물병원
2025-04-14,고양이,한국 고양이,암컷,인천광역시 계양구,신영재동물병원
2025-04-14,개,믹스견,수컷,경상북도 영천시,영천유기동물보호센터
2025-04-14,개,믹스견,수컷,부산광역시 수영구,(사)동부동물보호협회
2025-04-14,개,믹스견,수컷,제주특별자치도 제주특별자치도,제주 동물보호센터
2025-04-14,개,믹스견,암컷,제주특별자치도 제주특별자치도,제주 동물보호센터
2025-04-14,개,믹스견,수컷,제주특별자치도 제주특별자치도,제주 동물보호센터
2025-04-14,개,믹스견,수컷,제주특별자치도 제주특별자치도,제주 동물보호센터
2025-04-14,개,믹스견,수컷,경상남도 통영시,통영시동물보호센터
2025-04-14,개,믹스견,수컷,경상남도 통영시,통영시동물보호센터
2025-04-14,개,믹스견,수컷,경상남도 통영시,통영시동물보호센터
2025-04-14,개,믹스견,수컷,경상남도 통영시,통영시동물보호센터
2025-04-14,개,믹스견,암컷,경상북도 예천군,예천군유기동물보호소
2025-04-14,개,믹스견,암컷,전라남도 완도군,유기동물임시보호센터
2025-04-14,개,믹스견,암컷,전라남도 완도군,유기동물임시보호센터
2025-04-14,고양이,한국 고양이,암컷,전북특별자치도 익산시,익산유기동물보호소
2025-04-14,고양이,한국 고양이,암컷,전북특별자치도 익산시,익산유기동물보호소
2025-04-14,고양이,한국 고양이,수컷,전북특별자치도 익산시,익산유기동물보호소
2025-04-14,고양이,한국 고양이,수컷,전북특별자치도 익산시,익산유기동물보호소
2025-04-14,고양이,한국 고양이,수컷,전북특별자치도 익산시,익산유기동물보호소
2025-04-14,개,포메라니안,수컷,충청남도 금산군,제일동물병원
2025-04-14,개,믹스견,수컷,충청남도 논산시,논산시 동물보호센터
2025-04-14,개,믹스견,암컷,충청남도 논산시,논산시 동물보호센터
2025-04-14,개,믹스견,수컷,충청남도 논산시,논산시 동물보호센터
2025-04-14,개,믹스견,수컷,충청남도 공주시,공주시 동물보호센터
2025-04-14,개,믹스견,수컷,경기도 고양시,고양시동물보호센터
2025-04-14,개,믹스견,암컷,경기도 고양시,고양시동물보호센터
2025-04-14,개,믹스견,수컷,울산광역시 울주군,울산유기동물보호센터
2025-04-14,개,믹스견,수컷,대전광역시 서구,대전동물보호센터
2025-04-14,고양이,믹스묘,암컷,부산광역시 금정구,동부동물보호협회
2025-04-14,기타,앵무새(모란앵무),미상,부산광역시 해운대구,동부유기동물보호협회
2025-04-14,고양이,믹스묘,수컷,부산광역시 남구,(사)동부동물보호협회
2025-04-14,개,믹스견,암컷,부산광역시 남구,(사)동부동물보호협회
2025-04-14,개,믹스견,암컷,경상남도 산청군,산청동물보호센터
2025-04-14,개,믹스견,수컷,경상남도 의령군,의령군 동물보호센터
2025-04-14,개,믹스견,수컷,경상남도 의령군,의령군 동물보호센터
2025-04-14,개,믹스견,수컷,경상남도 의령군,의령군 동물보호센터
2025-04-14,개,믹스견,암컷,경상남도 의령군,의령군 동물보호센터
2025-04-14,개,믹스견,암컷,경상남도 밀양시,밀양시 동물보호센터
2025-04-14,개,믹스견,수컷,경상남도 밀양시,밀양시 동물보호센터
2025-04-14,개,믹스견,암컷,경상남도 밀양시,밀양시 동물보호센터
2025-04-14,개,믹스견,암컷,경상남도 밀양시,밀양시 동물보호센터
2025-04-14,개,믹스견,수컷,경상남도 밀양시,밀양시 동물보호센터
2025-04-14,개,믹스견,수컷,경상남도 밀양시,밀양시 동물보호센터
2025-04-14,개,믹스견,암컷,경상남도 밀양시,밀양시 동물보호센터
2025-04-14,개,믹스견,암컷,경상남도 밀양시,밀양시 동물보호센터
2025-04-14,개,믹스견,수컷,경상남도 밀양시,밀양시 동물보호센터
2025-04-14,개,믹스견,수컷,경상남도 사천시,사천시 동물보호센터
2025-04-14,개,믹스견,암컷,경상남도 진주시,진주시동물보호센터
2025-04-14,개,치와와믹스인듯,암컷,경상북도 성주군,성주유기동물보호센터
2025-04-14,개,꼬똥 드 툴레아 믹스인듯,암컷,경상북도 성주군,성주유기동물보호센터
2025-04-14,개,믹스견,수컷,경상북도 성주군,성주유기동물보호센터
2025-04-14,개,믹스견,암컷,경상북도 김천시,김천시 동물보호센터
2025-04-14,개,믹스견,수컷,경상북도 포항시,(사)영일동물플러스
2025-04-14,개,믹스견,수컷,전라남도 신안군,신안군유기동물보호소
2025-04-14,개,믹스견,암컷,전라남도 장성군,장성군동물보호센터
2025-04-14,개,믹스견,수컷,전라남도 장성군,장성군동물보호센터
2025-04-14,개,믹스견,수컷,전라남도 장성군,장성군동물보호센터
2025-04-14,개,믹스견,수컷,전라남도 장성군,장성군동물보호센터
2025-04-14,개,믹스견,수컷,전라남도 장성군,장성군동물보호센터
2025-04-14,개,믹스견,암컷,전라남도 함평군,학교임시동물보호센터
2025-04-14,개,믹스견,암컷,전라남도 함평군,학교임시동물보호센터
2025-04-14,개,믹스견,수컷,전라남도 무안군,무안군유기동물보호소
2025-04-14,개,삽살개,수컷,전라남도 무안군,무안군유기동물보호소
2025-04-14,개,믹스견,암컷,전라남도 구례군,구례군동물보호센터
2025-04-14,개,믹스견,암컷,전라남도 구례군,구례군동물보호센터
2025-04-14,개,믹스견,암컷,전라남도 구례군,구례군동물보호센터
2025-04-14,개,믹스견,암컷,전라남도 담양군,담양군 동물보호센터
2025-04-14,개,푸들,수컷,전라남도 순천시,순천시유기동물보호소
2025-04-14,개,믹스견,암컷,전라남도 여수시,유기동물보호소
2025-04-14,개,믹스견,암컷,전북특별자치도 부안군,부안군 동물보호센터
2025-04-14,개,믹스견,수컷,전북특별자치도 장수군,장수군 보호소
2025-04-14,개,믹스견,수컷,전북특별자치도 김제시,전북말산업복합센터
2025-04-14,개,믹스견,수컷,전북특별자치도 김제시,전북말산업복합센터
2025-04-14,개,믹스견,암컷,전북특별자치도 김제시,전북말산업복합센터
2025-04-14,개,믹스견,암컷,전북특별자치도 남원시,하나동물병원
2025-04-14,개,믹스견,수컷,전북특별자치도 군산시,군산유기동물보호센터
2025-04-14,개,믹스견,수컷,전북특별자치도 전주시,행복한동물병원
2025-04-14,개,믹스견,수컷,충청남도 태안군,태안 동물보호소
2025-04-14,개,믹스견,수컷,충청남도 태안군,태안 동물보호소
2025-04-14,개,믹스견,암컷,충청남도 청양군,청양보호소
2025-04-14,개,믹스견,암컷,충청남도 아산시,아산동물복지지원센터
2025-04-14,개,믹스견,수컷,충청남도 천안시,천안시 동물보호센터
2025-04-14,개,믹스견,수컷,충청북도 청주시,반려동물보호센터
2025-04-14,개,믹스견,수컷,충청북도 영동군,최종주동물병원
2025-04-14,개,믹스견,암컷,충청북도 영동군,최종주동물병원
2025-04-14,개,믹스견,암컷,강원특별자치도 고성군,유기견임시보호소
2025-04-14,개,믹스견,암컷,강원특별자치도 고성군,유기견임시보호소
2025-04-14,개,믹스견,암컷,경기도 여주시,위더스 동물보호센터
2025-04-14,개,믹스견,수컷,경기도 화성시,화성동물보호센터
2025-04-14,개,믹스견,수컷,경기도 화성시,화성동물보호센터
2025-04-14,개,믹스견,암컷,경기도 화성시,화성동물보호센터
2025-04-14,개,믹스견,수컷,경기도 안성시,안성시 동물보호센터
2025-04-14,개,믹스견,수컷,경기도 이천시,위더스 동물보호센터
2025-04-14,개,포메라니안,수컷,경기도 안산시,한국야생동물보호협회
2025-04-14,개,말티즈,암컷,경기도 안산시,한국야생동물보호협회
2025-04-14,개,스피츠,수컷,경기도 안산시,한국야생동물보호협회
2025-04-14,개,치와와,암컷,경기도 평택시,평택시유기동물보호소
2025-04-14,개,믹스견,암컷,경기도 부천시,정샘동물병원
2025-04-14,개,믹스견,암컷,경기도 부천시,정샘동물병원
2025-04-14,개,믹스견,수컷,경기도 부천시,정샘동물병원
2025-04-14,개,믹스견,암컷,경기도 부천시,정샘동물병원
2025-04-14,개,믹스견,수컷,경기도 부천시,정샘동물병원
2025-04-14,개,킹찰스테리어,수컷,대전광역시 대덕구,대전동물보호센터
2025-04-14,고양이,샴,수컷,광주광역시 북구,광주동물보호센터
2025-04-14,고양이,한국 고양이,암컷,광주광역시 북구,광주동물보호센터
2025-04-14,고양이,한국 고양이,미상,인천광역시 부평구,삼산종합동물병원
2025-04-14,개,믹스견,암컷,전라남도 담양군,담양군 동물보호센터
2025-04-14,개,믹스견,수컷,제주특별자치도 제주특별자치도,제주 동물보호센터
2025-04-14,개,믹스견,암컷,제주특별자치도 제주특별자치도,제주 동물보호센터
2025-04-14,개,믹스견,수컷,제주특별자치도 제주특별자치도,제주 동물보호센터
2025-04-13,개,믹스견,수컷,부산광역시 서구,부산동물보호센터
2025-04-13,개,믹스견,암컷,부산광역시 서구,부산동물보호센터
2025-04-13,개,믹스견,암컷,부산광역시 서구,부산동물보호센터
2025-04-13,고양이,한국 고양이,미상,부산광역시 영도구,부산동물보호센터
2025-04-13,개,믹스견,수컷,경상북도 예천군,예천군유기동물보호소
2025-04-13,개,믹스견,수컷,경상북도 영주시,영주시 동물보호센터
2025-04-13,개,진도견,암컷,전북특별자치도 익산시,익산유기동물보호소
2025-04-13,개,진도견,수컷,전북특별자치도 익산시,익산유기동물보호소
2025-04-13,개,진도견,수컷,전북특별자치도 익산시,익산유기동물보호소
2025-04-13,개,믹스견,수컷,부산광역시 강서구,(사)하얀비둘기
2025-04-13,개,믹스견,수컷,전북특별자치도 부안군,부안군 동물보호센터
2025-04-13,개,믹스견,수컷,충청남도 홍성군,금일동물보호센터
2025-04-13,개,믹스견,수컷,충청남도 홍성군,금일동물보호센터
2025-04-13,개,믹스견,암컷,충청남도 금산군,제일동물병원
2025-04-13,개,믹스견,수컷,충청남도 금산군,제일동물병원
2025-04-13,개,골든두들,수컷,충청남도 아산시,아산동물복지지원센터
2025-04-13,개,시바,수컷,충청남도 아산시,아산동물복지지원센터
2025-04-13,개,믹스견,암컷,충청북도 제천시,제천시 동물보호센터
2025-04-13,개,푸들,수컷,경기도 안산시,한국야생동물보호협회
2025-04-13,개,믹스견,암컷,광주광역시 광산구,광주동물보호센터
2025-04-13,개,믹스견,암컷,광주광역시 광산구,광주동물보호센터
2025-04-13,개,믹스견,암컷,광주광역시 광산구,광주동물보호센터
2025-04-13,고양이,믹스묘,암컷,부산광역시 수영구,(사)동부동물보호협회
2025-04-13,고양이,믹스묘,암컷,부산광역시 수영구,(사)동부동물보호협회
2025-04-13,고양이,믹스묘,수컷,부산광역시 수영구,(사)동부동물보호협회
2025-04-13,개,믹스견,수컷,부산광역시 해운대구,동부유기동물보호협회
2025-04-13,개,믹스견,암컷,경상남도 창원시,창원유기동물보호소
2025-04-13,개,진도견,수컷,경상북도 영덕군,영덕유기동물보호센터
2025-04-13,개,믹스견,암컷,전라남도 함평군,학교임시동물보호센터
2025-04-13,개,믹스견,수컷,전라남도 목포시,목포시유기동물보호소
2025-04-13,개,믹스견,수컷,전북특별자치도 군산시,군산유기동물보호센터
2025-04-13,개,믹스견,수컷,전북특별자치도 군산시,군산유기동물보호센터
2025-04-13,개,믹스견,수컷,전북특별자치도 군산시,군산유기동물보호센터
2025-04-13,개,믹스견,수컷,충청남도 부여군,남부여동물보호소
2025-04-13,개,믹스견,수컷,충청남도 부여군,남부여동물보호소
2025-04-13,개,믹스견,암컷,충청남도 부여군,남부여동물보호소
2025-04-13,개,믹스견,암컷,충청북도 청주시,반려동물보호센터
2025-04-13,개,믹스견,암컷,강원특별자치도 인제군,인제군동물보호센터
2025-04-13,고양이,한국 고양이,암컷,광주광역시 광산구,광주동물보호센터
2025-04-13,개,믹스견,암컷,광주광역시 북구,광주동물보호센터
2025-04-13,고양이,한국 고양이,수컷,광주광역시 서구,광주동물보호센터
2025-04-13,고양이,한국 고양이,수컷,광주광역시 서구,광주동물보호센터
2025-04-13,고양이,한국 고양이,수컷,광주광역시 서구,광주동물보호센터
2025-04-13,개,믹스견,암컷,광주광역시 동구,광주동물보호센터
2025-04-12,고양이,믹스묘,암컷,경기도 남양주시,남양주시동물보호센터
2025-04-12,고양이,믹스묘,암컷,경기도 남양주시,남양주시동물보호센터
2025-04-12,고양이,믹스묘,수컷,경기도 남양주시,남양주시동물보호센터
2025-04-12,고양이,믹스묘,수컷,경기도 남양주시,남양주시동물보호센터
2025-04-12,개,믹스견,수컷,충청북도 괴산군,괴산증평동물보호센터
2025-04-12,개,믹스견,수컷,경상북도 영천시,영천유기동물보호센터
2025-04-12,개,믹스견,수컷,경상북도 울진군,울진군동물보호센터
2025-04-12,개,믹스견,수컷,경상북도 울진군,울진군동물보호센터
2025-04-12,개,믹스견,암컷,경상북도 예천군,예천군유기동물보호소
2025-04-12,개,진도견,수컷,전북특별자치도 익산시,익산유기동물보호소
2025-04-12,개,믹스견,암컷,전북특별자치도 익산시,익산유기동물보호소
2025-04-12,개,믹스견,수컷,전북특별자치도 익산시,익산유기동물보호소
2025-04-12,개,믹스견,암컷,인천광역시 계양구,신영재동물병원
2025-04-12,개,믹스견,암컷,부산광역시 동래구,(사)동부동물보호협회
2025-04-12,개,믹스견,수컷,부산광역시 동래구,(사)동부동물보호협회
2025-04-12,개,믹스견,암컷,서울특별시 관악구,디아크 동물종합병원
2025-04-12,개,믹스견,수컷,경상북도 청송군,점곡동물보호센터
2025-04-12,개,믹스견,암컷,전북특별자치도 익산시,익산유기동물보호소
2025-04-12,개,믹스견,수컷,전북특별자치도 익산시,익산유기동물보호소
2025-04-12,고양이,한국 고양이,수컷,전북특별자치도 익산시,익산유기동물보호소
2025-04-12,개,믹스견,암컷,전북특별자치도 익산시,익산유기동물보호소
2025-04-12,개,믹스견,수컷,충청남도 홍성군,금일동물보호센터
2025-04-12,개,믹스견,암컷,충청남도 서산시,서산시 동물보호센터
2025-04-12,개,믹스견,암컷,경기도 파주시,한국동물구조관리협회
2025-04-12,개,믹스견,암컷,경기도 파주시,한국동물구조관리협회
2025-04-12,개,믹스견,암컷,경기도 파주시,한국동물구조관리협회
2025-04-12,개,믹스견,암컷,경기도 파주시,한국동물구조관리협회
2025-04-12,개,믹스견,암컷,경기도 파주시,한국동물구조관리협회
2025-04-12,개,믹스견,암컷,대전광역시 유성구,대전동물보호센터
2025-04-12,개,스피츠,수컷,부산광역시 북구,부산동물보호센터
2025-04-12,고양이,한국 고양이,미상,부산광역시 중구,부산동물보호센터
2025-04-12,개,포메라니안,암컷,서울특별시 광진구,한국동물구조관리협회
2025-04-12,개,믹스견,암컷,경상남도 남해군,남해군동물보호센터
2025-04-12,개,믹스견,암컷,경상북도 구미시,구미시 동물보호센터
2025-04-12,개,믹스견,암컷,전북특별자치도 군산시,군산유기동물보호센터
2025-04-12,개,믹스견,암컷,충청남도 부여군,남부여동물보호소
2025-04-12,개,믹스견,암컷,세종특별자치시 세종특별자치시,세종유기동물보호센터
2025-04-12,개,믹스견,암컷,경상남도 창원시,창원유기동물보호소
2025-04-12,개,믹스견,수컷,경상남도 밀양시,밀양시 동물보호센터
2025-04-12,개,믹스견,암컷,경상남도 밀양시,밀양시 동물보호센터
2025-04-12,개,믹스견,수컷,경상남도 밀양시,밀양시 동물보호센터
2025-04-12,개,믹스견,암컷,경상남도 진주시,진주시동물보호센터
2025-04-12,개,믹스견,암컷,경상북도 문경시,종합축산
2025-04-12,개,믹스견,암컷,경상북도 포항시,(사)영일동물플러스
2025-04-12,개,푸들,수컷,경상북도 포항시,(사)영일동물플러스
2025-04-12,개,믹스견,수컷,전라남도 함평군,학교임시동물보호센터
2025-04-12,개,믹스견,암컷,전라남도 함평군,학교임시동물보호센터
2025-04-12,개,믹스견,암컷,전라남도 함평군,학교임시동물보호센터
2025-04-12,개,말티즈,수컷,전북특별자치도 전주시,프렌즈동물병원
2025-04-12,개,믹스견,수컷,충청북도 청주시,반려동물보호센터
2025-04-12,개,말티즈,암컷,충청북도 음성군,금왕동물병원
2025-04-12,개,믹스견,암컷,충청북도 음성군,금왕동물병원
2025-04-12,개,믹스견,암컷,충청북도 음성군,금왕동물병원
2025-04-12,개,믹스견,암컷,충청북도 음성군,금왕동물병원
2025-04-12,개,믹스견,수컷,충청북도 음성군,금왕동물병원
2025-04-12,개,믹스견,수컷,충청북도 음성군,금왕동물병원
2025-04-12,개,믹스견,수컷,충청북도 음성군,금왕동물병원
2025-04-12,개,믹스견,수컷,충청북도 음성군,금왕동물병원
2025-04-12,개,믹스견,암컷,경기도 시흥시,시흥동물누리보호센터
2025-04-12,고양이,믹스묘,암컷,경기도 평택시,평택시유기동물보호소
2025-04-11,개,믹스견,암컷,전라남도 진도군,진도군임시보호소
2025-04-11,개,믹스견,수컷,전라남도 진도군,진도군임시보호소
2025-04-11,개,믹스견,수컷,경상북도 영천시,영천유기동물보호센터
2025-04-11,개,믹스견,암컷,강원특별자치도 홍천군,홍천군유기동물보호소
2025-04-11,개,믹스견,암컷,강원특별자치도 홍천군,홍천군유기동물보호소
2025-04-11,개,믹스견,암컷,강원특별자치도 홍천군,홍천군유기동물보호소
2025-04-11,고양이,한국 고양이,암컷,인천광역시 계양구,신영재동물병원
2025-04-11,고양이,한국 고양이,암컷,인천광역시 계양구,신영재동물병원
2025-04-11,고양이,한국 고양이,수컷,인천광역시 계양구,신영재동물병원
2025-04-11,고양이,한국 고양이,암컷,인천광역시 계양구,신영재동물병원
2025-04-11,고양이,한국 고양이,수컷,인천광역시 계양구,신영재동물병원
2025-04-11,개,믹스견,수컷,부산광역시 동래구,(사)동부동물보호협회
2025-04-11,개,말티즈,수컷,서울특별시 중랑구,한국동물구조관리협회
2025-04-11,개,믹스견,암컷,경상남도 양산시,양산시 동물보호센터
2025-04-11,개,믹스견,수컷,경상남도 양산시,양산시 동물보호센터
2025-04-11,개,믹스견,수컷,경상북도 청송군,점곡동물보호센터
2025-04-11,개,믹스견,암컷,전라남도 보성군,보성유기동물보호센터
2025-04-11,개,믹스견,암컷,전북특별자치도 익산시,익산유기동물보호소
2025-04-11,개,믹스견,암컷,충청북도 괴산군,괴산증평동물보호센터
2025-04-11,개,믹스견,수컷,충청북도 괴산군,괴산증평동물보호센터
2025-04-11,개,믹스견,암컷,충청북도 괴산군,괴산증평동물보호센터
2025-04-11,개,믹스견,수컷,충청북도 영동군,최종주동물병원
2025-04-11,개,믹스견,암컷,강원특별자치도 속초시,속초시유기동물보호소
2025-04-11,개,믹스견,수컷,강원특별자치도 강릉시,강릉시 동물사랑센터
2025-04-11,고양이,한국 고양이,암컷,울산광역시 남구,주동물병원
2025-04-11,개,믹스견,암컷,인천광역시 옹진군,인천수의사회유기동물
2025-04-11,개,믹스견,수컷,인천광역시 계양구,신영재동물병원
2025-04-11,개,믹스견,암컷,인천광역시 계양구,신영재동물병원
2025-04-11,개,믹스견,암컷,인천광역시 계양구,신영재동물병원
2025-04-11,개,믹스견,암컷,인천광역시 미추홀구,인천광역시수의사회
2025-04-11,고양이,믹스묘,암컷,부산광역시 수영구,(사)동부동물보호협회
2025-04-11,고양이,믹스묘,암컷,부산광역시 수영구,(사)동부동물보호협회
2025-04-11,고양이,믹스묘,수컷,부산광역시 수영구,(사)동부동물보호협회
2025-04-11,고양이,믹스묘,암컷,부산광역시 수영구,(사)동부동물보호협회
2025-04-11,고양이,믹스묘,수컷,부산광역시 수영구,(사)동부동물보호협회
2025-04-11,고양이,믹스묘,암컷,부산광역시 금정구,동부동물보호협회
2025-04-11,고양이,믹스묘,암컷,전북특별자치도 군산시,군산유기동물보호센터
2025-04-11,개,믹스견,암컷,전북특별자치도 군산시,군산유기동물보호센터
2025-04-11,고양이,한국 고양이,수컷,제주특별자치도 제주특별자치도,제주 동물보호센터
2025-04-11,개,믹스견,암컷,경상남도 창원시,진해유기동물보호소
2025-04-11,개,믹스견,암컷,전라남도 완도군,유기동물임시보호센터
2025-04-11,개,믹스견,암컷,전라남도 완도군,유기동물임시보호센터
2025-04-11,개,믹스견,암컷,전라남도 완도군,유기동물임시보호센터
2025-04-11,개,믹스견,수컷,전라남도 완도군,유기동물임시보호센터
2025-04-11,개,믹스견,수컷,전라남도 해남군,해남유기동물보호센터
2025-04-11,개,믹스견,수컷,전라남도 해남군,해남유기동물보호센터
2025-04-11,개,믹스견,수컷,전라남도 해남군,해남유기동물보호센터
2025-04-11,개,믹스견,암컷,전라남도 해남군,해남유기동물보호센터
2025-04-11,개,믹스견,수컷,전라남도 해남군,해남유기동물보호센터
2025-04-11,개,믹스견,수컷,전라남도 해남군,해남유기동물보호센터
2025-04-11,개,믹스견,암컷,전라남도 해남군,해남유기동물보호센터
2025-04-11,개,믹스견,암컷,경기도 포천시,한국동물구조관리협회
2025-04-11,개,믹스견,수컷,경기도 남양주시,남양주시동물보호센터
2025-04-11,개,믹스견,암컷,경기도 고양시,고양시동물보호센터
2025-04-11,개,믹스견,미상,울산광역시 울주군,울산유기동물보호센터
2025-04-11,개,믹스견,미상,울산광역시 울주군,울산유기동물보호센터
2025-04-11,개,믹스견,암컷,울산광역시 북구,울산유기동물보호센터
2025-04-11,개,믹스견,수컷,울산광역시 남구,울산유기동물보호센터
2025-04-11,개,믹스견,수컷,인천광역시 서구,우리동물병원
2025-04-11,개,믹스견,수컷,인천광역시 서구,우리동물병원
2025-04-11,개,시츄,암컷,서울특별시 강서구,한국동물구조관리협회
2025-04-11,개,믹스견,암컷,제주특별자치도 제주특별자치도,제주 동물보호센터
2025-04-11,개,믹스견,수컷,제주특별자치도 제주특별자치도,제주 동물보호센터
2025-04-11,개,포인터,수컷,세종특별자치시 세종특별자치시,세종유기동물보호센터
2025-04-11,개,말티즈,수컷,세종특별자치시 세종특별자치시,세종유기동물보호센터
2025-04-11,개,믹스견,수컷,경상남도 창원시,창원유기동물보호소
2025-04-11,개,믹스견,수컷,경상남도 창녕군,창녕 유기동물보호소
2025-04-11,개,믹스견,암컷,경상남도 밀양시,밀양시 동물보호센터
2025-04-11,개,믹스견,수컷,경상남도 밀양시,밀양시 동물보호센터
2025-04-11,개,믹스견,수컷,경상남도 밀양시,밀양시 동물보호센터
2025-04-11,개,말티즈,수컷,경상남도 진주시,진주시동물보호센터
2025-04-11,개,믹스견,암컷,경상북도 예천군,예천군유기동물보호소
2025-04-11,개,믹스견,암컷,경상북도 고령군,고령군 유기견 보호소
2025-04-11,개,믹스견,암컷,경상북도 고령군,고령군 유기견 보호소
2025-04-11,개,믹스견,암컷,경상북도 고령군,고령군 유기견 보호소
2025-04-11,개,믹스견,암컷,경상북도 고령군,고령군 유기견 보호소
2025-04-11,개,도사,수컷,경상북도 경산시,경산시유기동물보호소
2025-04-11,개,믹스견,수컷,경상북도 경주시,경주동물사랑보호센터
2025-04-11,개,믹스견,수컷,전라남도 함평군,학교임시동물보호센터
2025-04-11,개,믹스견,수컷,전라남도 광양시,광양시 임시보호소
2025-04-11,개,믹스견,암컷,전라남도 광양시,광양시 임시보호소
2025-04-11,개,치와와,수컷,전라남도 목포시,목포시유기동물보호소
2025-04-11,개,믹스견,수컷,전라남도 목포시,목포시유기동물보호소
2025-04-11,개,믹스견,암컷,전북특별자치도 정읍시,정읍시 동물보호소
2025-04-11,개,믹스견,수컷,전북특별자치도 전주시,프렌즈동물병원
2025-04-11,개,비숑 프리제,암컷,전북특별자치도 전주시,사랑플러스동물병원
2025-04-11,개,믹스견,암컷,전북특별자치도 전주시,링크늘푸른동물병원
2025-04-11,개,믹스견,암컷,충청남도 예산군,예산임시동물보호센터
2025-04-11,개,믹스견,암컷,충청남도 예산군,예산임시동물보호센터
2025-04-11,개,믹스견,수컷,충청남도 예산군,예산임시동물보호센터
2025-04-11,개,믹스견,수컷,충청남도 보령시,보령시유기동물보호소
2025-04-11,개,믹스견,수컷,충청북도 청주시,반려동물보호센터
2025-04-11,개,믹스견,수컷,충청북도 청주시,반려동물보호센터
2025-04-11,개,믹스견,수컷,충청북도 음성군,금왕동물병원
2025-04-11,개,믹스견,수컷,충청북도 음성군,금왕동물병원
2025-04-11,개,믹스견,수컷,충청북도 진천군,증평 가정견 훈련소
2025-04-11,개,믹스견,암컷,충청북도 진천군,증평 가정견 훈련소
2025-04-11,개,믹스견,암컷,충청북도 옥천군,옥천동물병원
2025-04-11,개,믹스견,수컷,충청북도 옥천군,옥천동물병원
2025-04-11,개,믹스견,수컷,충청북도 옥천군,옥천동물병원
2025-04-11,개,믹스견,수컷,충청북도 옥천군,옥천동물병원
2025-04-11,개,믹스견,암컷,강원특별자치도 화천군,화천군농업기술센터
2025-04-11,개,믹스견,수컷,강원특별자치도 철원군,철원군
2025-04-11,개,믹스견,수컷,강원특별자치도 철원군,철원군
2025-04-11,개,믹스견,암컷,강원특별자치도 철원군,철원군
2025-04-11,개,믹스견,암컷,경기도 화성시,화성동물보호센터
2025-04-11,개,믹스견,암컷,경기도 화성시,화성동물보호센터
2025-04-11,개,믹스견,암컷,경기도 화성시,화성동물보호센터
2025-04-11,개,믹스견,수컷,경기도 양평군,양평군유기동물보호소
2025-04-11,개,믹스견,수컷,경기도 양평군,양평군유기동물보호소
2025-04-11,개,믹스견,수컷,경기도 용인시,용인시 동물보호센터
2025-04-11,개,믹스견,암컷,경기도 고양시,고양시동물보호센터
2025-04-11,개,믹스견,수컷,광주광역시 광산구,광주동물보호센터
2025-04-11,고양이,한국 고양이,암컷,인천광역시 서구,우리동물병원
2025-04-11,개,믹스견,암컷,대구광역시 군위군,군위종합동물병원
2025-04-11,개,믹스견,수컷,대구광역시 군위군,군위종합동물병원
2025-04-11,고양이,믹스묘,미상,대구광역시 군위군,군위종합동물병원
2025-04-11,고양이,한국 고양이,수컷,대구광역시 북구,대구유기동물보호협회
2025-04-11,고양이,한국 고양이,암컷,대구광역시 북구,대구유기동물보호협회
2025-04-11,고양이,한국 고양이,암컷,대구광역시 북구,대구유기동물보호협회
2025-04-11,고양이,한국 고양이,수컷,대구광역시 서구,대구시수의사회(평리)
2025-04-11,고양이,한국 고양이,암컷,광주광역시 광산구,광주동물보호센터
2025-04-11,개,믹스견,암컷,경상북도 경산시,경산시유기동물보호소
2025-04-10,개,믹스견,암컷,전라남도 장흥군,장흥군 동물보호센터
2025-04-10,개,믹스견,암컷,전라남도 장흥군,장흥군 동물보호센터
2025-04-10,개,믹스견,수컷,전라남도 장흥군,장흥군 동물보호센터
2025-04-10,개,믹스견,수컷,경상북도 청송군,점곡동물보호센터
2025-04-10,개,믹스견,수컷,경상북도 청송군,점곡동물보호센터
2025-04-10,개,믹스견,암컷,경상북도 청송군,점곡동물보호센터
2025-04-10,개,믹스견,수컷,경상북도 영천시,영천유기동물보호센터
2025-04-10,개,믹스견,암컷,경상북도 영천시,영천유기동물보호센터
2025-04-10,개,믹스견,수컷,강원특별자치도 태백시,태백시유기동물보호소
2025-04-10,개,믹스견,수컷,강원특별자치도 태백시,태백시유기동물보호소
2025-04-10,개,믹스견,암컷,강원특별자치도 태백시,태백시유기동물보호소
2025-04-10,개,시츄,암컷,강원특별자치도 태백시,태백시유기동물보호소
2025-04-10,개,믹스견,암컷,부산광역시 사상구,(사)하얀비둘기
2025-04-10,개,믹스견,수컷,부산광역시 사하구,(사)하얀비둘기
2025-04-10,개,믹스견,미상,울산광역시 동구,울산유기동물보호센터
2025-04-10,개,믹스견,암컷,경상남도 김해시,(사)동물보호관리협회
2025-04-10,개,믹스견,암컷,경상남도 김해시,(사)동물보호관리협회
2025-04-10,개,믹스견,암컷,경상북도 예천군,예천군유기동물보호소
2025-04-10,개,믹스견,암컷,전라남도 완도군,유기동물임시보호센터
2025-04-10,개,믹스견,암컷,전북특별자치도 임실군,임실유기동물보호센터
2025-04-10,개,믹스견,암컷,전북특별자치도 임실군,임실유기동물보호센터
2025-04-10,개,믹스견,암컷,전북특별자치도 임실군,임실유기동물보호센터
2025-04-10,개,믹스견,암컷,전북특별자치도 임실군,임실유기동물보호센터
2025-04-10,개,믹스견,암컷,전북특별자치도 임실군,임실유기동물보호센터
2025-04-10,개,믹스견,암컷,전북특별자치도 임실군,임실유기동물보호센터
2025-04-10,개,믹스견,암컷,전북특별자치도 임실군,임실유기동물보호센터
2025-04-10,개,믹스견,수컷,전북특별자치도 임실군,임실유기동물보호센터
2025-04-10,개,믹스견,수컷,전북특별자치도 장수군,장수군 보호소
2025-04-10,개,믹스견,암컷,전북특별자치도 익산시,익산유기동물보호소
2025-04-10,개,믹스견,암컷,전북특별자치도 익산시,익산유기동물보호소
2025-04-10,고양이,한국 고양이,암컷,전북특별자치도 익산시,익산유기동물보호소
2025-04-10,고양이,한국 고양이,암컷,전북특별자치도 익산시,익산유기동물보호소
2025-04-10,고양이,한국 고양이,수컷,전북특별자치도 익산시,익산유기동물보호소
2025-04-10,고양이,믹스묘,수컷,전북특별자치도 익산시,익산유기동물보호소
2025-04-10,개,믹스견,수컷,충청남도 당진시,당진시동물보호소
2025-04-10,개,믹스견,수컷,충청남도 논산시,논산시 동물보호센터
2025-04-10,개,믹스견,암컷,충청남도 논산시,논산시 동물보호센터
2025-04-10,개,믹스견,수컷,충청남도 공주시,공주시 동물보호센터
2025-04-10,개,말티즈,암컷,충청남도 공주시,공주시 동물보호센터
2025-04-10,개,믹스견,수컷,인천광역시 서구,우리동물병원
2025-04-10,개,믹스견,암컷,인천광역시 서구,우리동물병원
2025-04-10,개,믹스견,수컷,인천광역시 서구,우리동물병원
2025-04-10,고양이,한국 고양이,수컷,인천광역시 계양구,신영재동물병원
2025-04-10,고양이,한국 고양이,암컷,인천광역시 계양구,신영재동물병원
2025-04-10,개,코카 푸,수컷,인천광역시 미추홀구,인천광역시수의사회
2025-04-10,개,말티즈,수컷,부산광역시 북구,부산동물보호센터
2025-04-10,고양이,믹스묘,암컷,부산광역시 남구,(사)동부동물보호협회
2025-04-10,고양이,믹스묘,수컷,부산광역시 남구,(사)동부동물보호협회
2025-04-10,고양이,믹스묘,수컷,부산광역시 남구,(사)동부동물보호협회
2025-04-10,고양이,믹스묘,수컷,부산광역시 남구,(사)동부동물보호협회
2025-04-10,고양이,믹스묘,암컷,부산광역시 남구,(사)동부동물보호협회
2025-04-10,고양이,믹스묘,수컷,부산광역시 남구,(사)동부동물보호협회
2025-04-10,고양이,믹스묘,암컷,부산광역시 동래구,(사)동부동물보호협회
2025-04-10,고양이,믹스묘,수컷,부산광역시 동래구,(사)동부동물보호협회
2025-04-10,고양이,믹스묘,수컷,부산광역시 동래구,(사)동부동물보호협회
2025-04-10,고양이,믹스묘,수컷,부산광역시 동래구,(사)동부동물보호협회
2025-04-10,개,믹스견,암컷,충청남도 아산시,아산동물복지지원센터
2025-04-10,개,믹스견,암컷,충청남도 아산시,아산동물복지지원센터
2025-04-10,개,믹스견,암컷,충청남도 아산시,아산동물복지지원센터
2025-04-10,개,믹스견,수컷,충청남도 아산시,아산동물복지지원센터
2025-04-10,개,믹스견,암컷,충청남도 아산시,아산동물복지지원센터
2025-04-10,개,믹스견,암컷,충청남도 아산시,아산동물복지지원센터
2025-04-10,개,믹스견,암컷,충청남도 아산시,아산동물복지지원센터
2025-04-10,개,믹스견,암컷,경상남도 밀양시,밀양시 동물보호센터
2025-04-10,개,믹스견,암컷,경상남도 밀양시,밀양시 동물보호센터
2025-04-10,개,믹스견,암컷,경상남도 밀양시,밀양시 동물보호센터
2025-04-10,개,믹스견,암컷,경상남도 밀양시,밀양시 동물보호센터
2025-04-10,개,믹스견,암컷,경상남도 밀양시,밀양시 동물보호센터
2025-04-10,개,믹스견,암컷,경상남도 밀양시,밀양시 동물보호센터
2025-04-10,개,믹스견,암컷,경상남도 밀양시,밀양시 동물보호센터
2025-04-10,개,믹스견,암컷,경상남도 진주시,진주시동물보호센터
2025-04-10,개,믹스견,수컷,경상남도 진주시,진주시동물보호센터
2025-04-10,개,믹스견,암컷,경상남도 진주시,진주시동물보호센터
2025-04-10,개,믹스견,수컷,경상남도 진주시,진주시동물보호센터
2025-04-10,개,믹스견,수컷,경상남도 진주시,진주시동물보호센터
2025-04-10,개,믹스견,암컷,경상북도 청도군,청도군동물보호센터
2025-04-10,개,믹스견,암컷,경상북도 포항시,(사)영일동물플러스
2025-04-10,개,믹스견,암컷,전라남도 함평군,학교임시동물보호센터
2025-04-10,개,믹스견,암컷,전라남도 함평군,학교임시동물보호센터
2025-04-10,개,믹스견,수컷,전라남도 함평군,학교임시동물보호센터
2025-04-10,개,믹스견,암컷,전라남도 보성군,보성유기동물보호센터
2025-04-10,개,믹스견,수컷,전라남도 광양시,광양시 임시보호소
2025-04-10,개,믹스견,암컷,전라남도 순천시,순천시유기동물보호소
2025-04-10,개,믹스견,암컷,전라남도 순천시,순천시유기동물보호소
2025-04-10,개,믹스견,수컷,전라남도 목포시,목포시유기동물보호소
2025-04-10,개,믹스견,암컷,전북특별자치도 부안군,부안군 동물보호센터
2025-04-10,개,믹스견,암컷,전북특별자치도 고창군,더나은동물병원
2025-04-10,개,믹스견,암컷,전북특별자치도 정읍시,정읍시 동물보호소
2025-04-10,개,믹스견,수컷,전북특별자치도 정읍시,정읍시 동물보호소
2025-04-10,고양이,한국 고양이,암컷,전북특별자치도 정읍시,정읍시 동물보호소
2025-04-10,개,믹스견,암컷,전북특별자치도 정읍시,정읍시 동물보호소
2025-04-10,개,믹스견,수컷,전북특별자치도 정읍시,정읍시 동물보호소
2025-04-10,개,믹스견,암컷,전북특별자치도 정읍시,정읍시 동물보호소
2025-04-10,개,믹스견,수컷,충청남도 당진시,당진시동물보호소
2025-04-10,개,믹스견,수컷,충청남도 당진시,당진시동물보호소
2025-04-10,개,믹스견,수컷,충청남도 당진시,당진시동물보호소
2025-04-10,개,믹스견,수컷,충청남도 홍성군,금일동물보호센터
2025-04-10,개,믹스견,수컷,충청남도 홍성군,금일동물보호센터
2025-04-10,개,믹스견,수컷,충청남도 서산시,서산시 동물보호센터
2025-04-10,개,믹스견,수컷,충청남도 천안시,천안시 동물보호센터
2025-04-10,개,믹스견,수컷,충청북도 청주시,반려동물보호센터
2025-04-10,개,믹스견,수컷,강원특별자치도 고성군,유기견임시보호소
2025-04-10,개,믹스견,암컷,강원특별자치도 철원군,철원군
2025-04-10,개,믹스견,암컷,강원특별자치도 강릉시,강릉시 동물사랑센터
2025-04-10,개,믹스견,암컷,강원특별자치도 춘천시,춘천시 동물보호센터
2025-04-10,개,믹스견,암컷,경기도 화성시,화성동물보호센터
2025-04-10,개,믹스견,암컷,경기도 화성시,화성동물보호센터
2025-04-10,개,믹스견,수컷,경기도 화성시,화성동물보호센터
2025-04-10,개,믹스견,수컷,경기도 화성시,화성동물보호센터
2025-04-10,개,믹스견,암컷,경기도 화성시,화성동물보호센터
2025-04-10,개,믹스견,수컷,경기도 화성시,화성동물보호센터
2025-04-10,개,사모예드,암컷,경기도 화성시,화성동물보호센터
2025-04-10,개,믹스견,수컷,경기도 군포시,한국야생동물보호협회
2025-04-10,개,믹스견,수컷,경기도 평택시,평택시유기동물보호소
2025-04-10,개,믹스견,수컷,경기도 평택시,평택시유기동물보호소
2025-04-10,개,믹스견,수컷,경기도 성남시,펫앤쉘터동물병원
2025-04-10,개,믹스견,암컷,광주광역시 남구,광주동물보호센터
2025-04-10,개,믹스견,암컷,광주광역시 남구,광주동물보호센터
2025-04-10,개,믹스견,수컷,광주광역시 남구,광주동물보호센터
2025-04-10,개,믹스견,암컷,광주광역시 남구,광주동물보호센터
2025-04-10,개,믹스견,암컷,광주광역시 남구,광주동물보호센터
2025-04-10,개,믹스견,암컷,광주광역시 남구,광주동물보호센터
2025-04-10,개,믹스견,수컷,인천광역시 서구,우리동물병원
2025-04-10,개,믹스견,암컷,인천광역시 서구,우리동물병원
2025-04-10,개,믹스견,수컷,경기도 남양주시,남양주시동물보호센터
2025-04-10,개,믹스견,암컷,경기도 남양주시,남양주시동물보호센터
2025-04-10,개,믹스견,수컷,경기도 남양주시,남양주시동물보호센터
2025-04-10,개,믹스견,암컷,경기도 남양주시,남양주시동물보호센터
2025-04-10,개,믹스견,수컷,경기도 남양주시,남양주시동물보호센터
2025-04-10,개,믹스견,수컷,경기도 남양주시,남양주시동물보호센터
2025-04-10,개,믹스견,수컷,경기도 남양주시,남양주시동물보호센터
2025-04-10,개,믹스견,암컷,경기도 남양주시,남양주시동물보호센터
2025-04-10,개,믹스견,수컷,경기도 남양주시,남양주시동물보호센터
2025-04-10,개,믹스견,수컷,경기도 남양주시,남양주시동물보호센터
2025-04-10,개,믹스견,암컷,경기도 남양주시,남양주시동물보호센터
2025-04-10,개,믹스견,수컷,경기도 남양주시,남양주시동물보호센터
2025-04-10,개,믹스견,수컷,경기도 남양주시,남양주시동물보호센터
2025-04-10,개,믹스견,수컷,경기도 남양주시,남양주시동물보호센터
2025-04-10,개,믹스견,암컷,경기도 남양주시,남양주시동물보호센터
2025-04-10,개,믹스견,암컷,경기도 남양주시,남양주시동물보호센터
2025-04-10,개,믹스견,암컷,경기도 남양주시,남양주시동물보호센터
2025-04-10,개,믹스견,수컷,경기도 남양주시,남양주시동물보호센터
2025-04-10,개,믹스견,수컷,경기도 남양주시,남양주시동물보호센터
2025-04-10,개,믹스견,수컷,경기도 남양주시,남양주시동물보호센터
2025-04-10,개,믹스견,수컷,경기도 남양주시,남양주시동물보호센터
2025-04-10,개,믹스견,암컷,경기도 남양주시,남양주시동물보호센터
2025-04-09,개,믹스견,암컷,전라남도 장흥군,장흥군 동물보호센터
2025-04-09,개,믹스견,암컷,전라남도 장흥군,장흥군 동물보호센터
2025-04-09,개,믹스견,수컷,전라남도 장흥군,장흥군 동물보호센터
2025-04-09,개,믹스견,암컷,전라남도 장흥군,장흥군 동물보호센터
2025-04-09,개,믹스견,암컷,충청남도 태안군,태안 동물보호소
2025-04-09,개,믹스견,수컷,충청남도 태안군,태안 동물보호소
2025-04-09,개,믹스견,암컷,충청남도 태안군,태안 동물보호소
2025-04-09,개,믹스견,암컷,충청남도 태안군,태안 동물보호소
2025-04-09,개,믹스견,암컷,충청남도 태안군,태안 동물보호소
2025-04-09,개,믹스견,암컷,충청남도 태안군,태안 동물보호소
2025-04-09,개,믹스견,수컷,충청남도 공주시,공주시 동물보호센터
2025-04-09,개,믹스견,수컷,충청남도 공주시,공주시 동물보호센터
2025-04-09,개,믹스견,수컷,충청남도 공주시,공주시 동물보호센터
2025-04-09,개,믹스견,암컷,충청남도 공주시,공주시 동물보호센터
2025-04-09,개,믹스견,수컷,충청남도 공주시,공주시 동물보호센터
2025-04-09,개,믹스견,암컷,충청남도 공주시,공주시 동물보호센터
2025-04-09,개,믹스견,암컷,충청남도 공주시,공주시 동물보호센터
2025-04-09,개,믹스견,수컷,충청남도 공주시,공주시 동물보호센터
2025-04-09,개,믹스견,수컷,충청남도 공주시,공주시 동물보호센터
2025-04-09,개,믹스견,암컷,충청남도 공주시,공주시 동물보호센터
2025-04-09,개,믹스견,암컷,충청남도 공주시,공주시 동물보호센터
2025-04-09,개,믹스견,암컷,충청남도 공주시,공주시 동물보호센터
2025-04-09,개,믹스견,수컷,경상북도 청송군,점곡동물보호센터
2025-04-09,개,믹스견,수컷,경상북도 청송군,점곡동물보호센터
2025-04-09,개,믹스견,수컷,경상북도 청송군,점곡동물보호센터
2025-04-09,개,믹스견,수컷,경상남도 고성군,고성군유기동물보호소
2025-04-09,개,믹스견,수컷,경상남도 고성군,고성군유기동물보호소
2025-04-09,개,푸들,수컷,전라남도 곡성군,곡성군동물보호소
2025-04-09,개,믹스견,암컷,전북특별자치도 임실군,임실유기동물보호센터
2025-04-09,개,믹스견,수컷,전북특별자치도 장수군,장수군 보호소
2025-04-09,고양이,브리티시 쇼트헤어,수컷,전북특별자치도 익산시,익산유기동물보호소
2025-04-09,개,믹스견,암컷,충청남도 보령시,보령시유기동물보호소
2025-04-09,개,믹스견,암컷,충청북도 진천군,증평 가정견 훈련소
2025-04-09,개,믹스견,암컷,강원특별자치도 삼척시,삼척시동물보호센터
2025-04-09,개,믹스견,수컷,강원특별자치도 삼척시,삼척시동물보호센터
2025-04-09,개,믹스견,수컷,강원특별자치도 삼척시,삼척시동물보호센터
2025-04-09,개,믹스견,수컷,강원특별자치도 삼척시,삼척시동물보호센터
2025-04-09,개,믹스견,수컷,강원특별자치도 삼척시,삼척시동물보호센터
2025-04-09,개,믹스견,암컷,강원특별자치도 삼척시,삼척시동물보호센터
2025-04-09,개,믹스견,암컷,강원특별자치도 삼척시,삼척시동물보호센터
2025-04-09,개,믹스견,암컷,강원특별자치도 삼척시,삼척시동물보호센터
2025-04-09,개,믹스견,암컷,강원특별자치도 삼척시,삼척시동물보호센터
2025-04-09,개,믹스견,수컷,강원특별자치도 태백시,태백시유기동물보호소
2025-04-09,개,믹스견,암컷,제주특별자치도 제주특별자치도,제주 동물보호센터
2025-04-09,개,믹스견,암컷,제주특별자치도 제주특별자치도,제주 동물보호센터
2025-04-09,개,믹스견,암컷,제주특별자치도 제주특별자치도,제주 동물보호센터
2025-04-09,개,믹스견,암컷,제주특별자치도 제주특별자치도,제주 동물보호센터
2025-04-09,개,믹스견,수컷,제주특별자치도 제주특별자치도,제주 동물보호센터
2025-04-09,개,믹스견,수컷,경상남도 김해시,(사)동물보호관리협회
2025-04-09,개,믹스견,수컷,경상북도 울진군,울진군동물보호센터
2025-04-09,개,믹스견,수컷,전라남도 곡성군,곡성군동물보호소
2025-04-09,개,진도견,암컷,전북특별자치도 익산시,익산유기동물보호소
2025-04-09,개,믹스견,암컷,충청남도 부여군,남부여동물보호소
2025-04-09,개,믹스견,암컷,충청남도 부여군,남부여동물보호소
2025-04-09,개,믹스견,수컷,충청남도 부여군,남부여동물보호소
2025-04-09,개,믹스견,암컷,충청남도 부여군,남부여동물보호소
2025-04-09,개,믹스견,수컷,충청남도 논산시,논산시 동물보호센터
2025-04-09,개,믹스견,암컷,충청남도 논산시,논산시 동물보호센터
2025-04-09,개,믹스견,암컷,충청남도 논산시,논산시 동물보호센터
2025-04-09,개,믹스견,수컷,충청남도 논산시,논산시 동물보호센터
2025-04-09,개,믹스견,암컷,충청남도 논산시,논산시 동물보호센터
2025-04-09,개,요크셔 테리어,수컷,충청남도 논산시,논산시 동물보호센터
2025-04-09,개,믹스견,암컷,강원특별자치도 홍천군,홍천군유기동물보호소
2025-04-09,개,말티즈,암컷,경기도 고양시,고양시동물보호센터
2025-04-09,개,말티즈,수컷,경기도 고양시,고양시동물보호센터
2025-04-09,고양이,한국 고양이,미상,울산광역시 울주군,울산유기동물보호센터
2025-04-09,고양이,한국 고양이,수컷,울산광역시 북구,울산유기동물보호센터
2025-04-09,개,믹스견,암컷,인천광역시 서구,우리동물병원
2025-04-09,고양이,페르시안,미상,인천광역시 남동구,인천광역시수의사회
2025-04-09,고양이,믹스묘,수컷,부산광역시 남구,(사)동부동물보호협회
2025-04-09,고양이,믹스묘,암컷,부산광역시 남구,(사)동부동물보호협회
2025-04-09,고양이,믹스묘,수컷,부산광역시 남구,(사)동부동물보호협회
2025-04-09,고양이,믹스묘,수컷,부산광역시 남구,(사)동부동물보호협회
2025-04-09,개,포메라니안,수컷,부산광역시 부산진구,동물보호관리협회
2025-04-09,고양이,스코티시폴드,수컷,서울특별시 강동구,둔촌동물병원
2025-04-09,개,믹스견,암컷,경상남도 산청군,산청동물보호센터
2025-04-09,개,믹스견,수컷,경상남도 산청군,산청동물보호센터
2025-04-09,개,믹스견,수컷,경상남도 거제시,거제시유기동물보호소
2025-04-09,개,진도견,수컷,경상남도 사천시,사천시 동물보호센터
2025-04-09,개,믹스견,암컷,경상남도 사천시,사천시 동물보호센터
2025-04-09,개,믹스견,암컷,경상남도 사천시,사천시 동물보호센터
2025-04-09,개,믹스견,암컷,경상남도 사천시,사천시 동물보호센터
2025-04-09,개,믹스견,수컷,경상북도 김천시,김천시 동물보호센터
2025-04-09,개,믹스견,암컷,경상북도 경주시,경주동물사랑보호센터
2025-04-09,개,믹스견,암컷,전라남도 광양시,광양시 임시보호소
2025-04-09,개,믹스견,수컷,전라남도 순천시,순천시유기동물보호소
2025-04-09,개,믹스견,수컷,전라남도 목포시,목포시유기동물보호소
2025-04-09,개,믹스견,암컷,전북특별자치도 임실군,임실유기동물보호센터
2025-04-09,개,푸들,암컷,전북특별자치도 완주군,완주군유기동물보호소
2025-04-09,개,믹스견,수컷,전북특별자치도 김제시,전북말산업복합센터
2025-04-09,개,믹스견,수컷,전북특별자치도 김제시,전북말산업복합센터
2025-04-09,개,비숑 프리제,암컷,충청남도 당진시,당진시동물보호소
2025-04-09,개,믹스견,수컷,충청남도 홍성군,금일동물보호센터
2025-04-09,개,믹스견,암컷,충청남도 홍성군,금일동물보호센터
2025-04-09,개,믹스견,암컷,충청남도 부여군,남부여동물보호소
2025-04-09,개,믹스견,암컷,충청남도 부여군,남부여동물보호소
2025-04-09,개,믹스견,암컷,충청남도 서산시,서산시 동물보호센터
2025-04-09,개,믹스견,암컷,충청남도 서산시,서산시 동물보호센터
2025-04-09,개,믹스견,수컷,충청남도 아산시,아산동물복지지원센터
2025-04-09,개,믹스견,수컷,충청남도 천안시,천안시 동물보호센터
2025-04-09,개,믹스견,암컷,충청북도 음성군,금왕동물병원
2025-04-09,개,믹스견,수컷,충청북도 음성군,금왕동물병원
2025-04-09,개,믹스견,수컷,충청북도 음성군,금왕동물병원
2025-04-09,개,믹스견,수컷,충청북도 음성군,금왕동물병원
2025-04-09,개,믹스견,수컷,충청북도 음성군,금왕동물병원
2025-04-09,개,믹스견,암컷,충청북도 음성군,금왕동물병원
2025-04-09,개,믹스견,수컷,강원특별자치도 원주시,원주시동물보호센터
2025-04-09,개,믹스견,수컷,강원특별자치도 원주시,원주시동물보호센터
2025-04-09,개,비글,수컷,경기도 여주시,위더스 동물보호센터
2025-04-09,개,믹스견,수컷,경기도 광주시,광주TNR동물병원초월
2025-04-09,개,믹스견,암컷,경기도 화성시,화성동물보호센터
2025-04-09,개,믹스견,수컷,경기도 화성시,화성동물보호센터
2025-04-09,개,믹스견,수컷,경기도 안성시,안성시 동물보호센터
2025-04-09,고양이,한국 고양이,수컷,경기도 이천시,위더스 동물보호센터
2025-04-09,개,믹스견,암컷,경기도 이천시,위더스 동물보호센터
2025-04-09,개,믹스견,암컷,경기도 용인시,용인시 동물보호센터
2025-04-09,개,믹스견,수컷,경기도 안산시,한국야생동물보호협회
2025-04-09,개,믹스견,암컷,경기도 안산시,한국야생동물보호협회
2025-04-09,개,믹스견,암컷,경기도 안산시,한국야생동물보호협회
2025-04-09,개,푸들,수컷,경기도 안양시,한국야생동물보호협회
2025-04-09,개,믹스견,암컷,대전광역시 유성구,대전동물보호센터
2025-04-09,개,믹스견,암컷,광주광역시 북구,광주동물보호센터
2025-04-09,개,믹스견,수컷,광주광역시 북구,광주동물보호센터
2025-04-09,고양이,한국 고양이,수컷,서울특별시 동대문구,동대문구청
2025-04-09,고양이,한국 고양이,암컷,서울특별시 동대문구,동대문구청
2025-04-08,개,믹스견,암컷,전라남도 장흥군,장흥군 동물보호센터
2025-04-08,개,믹스견,암컷,경상북도 성주군,성주유기동물보호센터
2025-04-08,개,믹스견,암컷,경상남도 거창군,나래동물병원
2025-04-08,개,믹스견,암컷,전라남도 완도군,유기동물임시보호센터
2025-04-08,개,믹스견,암컷,전라남도 완도군,유기동물임시보호센터
2025-04-08,개,믹스견,수컷,전라남도 완도군,유기동물임시보호센터
2025-04-08,개,믹스견,수컷,전라남도 완도군,유기동물임시보호센터
2025-04-08,개,믹스견,수컷,충청남도 논산시,논산시 동물보호센터
2025-04-08,개,믹스견,암컷,충청남도 논산시,논산시 동물보호센터
2025-04-08,개,믹스견,암컷,충청남도 논산시,논산시 동물보호센터
2025-04-08,고양이,한국 고양이,수컷,충청남도 논산시,논산시 동물보호센터
2025-04-08,개,믹스견,수컷,부산광역시 기장군,사단법인 동부
2025-04-08,고양이,믹스묘,수컷,부산광역시 동래구,(사)동부동물보호협회
2025-04-08,고양이,믹스묘,암컷,부산광역시 동래구,(사)동부동물보호협회
2025-04-08,개,믹스견,수컷,제주특별자치도 제주특별자치도,제주 동물보호센터
2025-04-08,개,믹스견,수컷,경상남도 양산시,양산시 동물보호센터
2025-04-08,개,믹스견,암컷,경상남도 밀양시,밀양시 동물보호센터
2025-04-08,개,믹스견,암컷,경상남도 밀양시,밀양시 동물보호센터
2025-04-08,개,믹스견,암컷,경상남도 김해시,(사)동물보호관리협회
2025-04-08,개,믹스견,암컷,경상남도 김해시,(사)동물보호관리협회
2025-04-08,개,믹스견,암컷,경상남도 김해시,(사)동물보호관리협회
2025-04-08,개,믹스견,암컷,경상북도 울진군,울진군동물보호센터
2025-04-08,개,믹스견,수컷,전라남도 해남군,해남유기동물보호센터
2025-04-08,개,믹스견,수컷,전라남도 보성군,보성유기동물보호센터
2025-04-08,개,믹스견,수컷,전북특별자치도 부안군,부안군 동물보호센터
2025-04-08,개,믹스견,수컷,전북특별자치도 부안군,부안군 동물보호센터
2025-04-08,개,믹스견,수컷,전북특별자치도 부안군,부안군 동물보호센터
2025-04-08,개,믹스견,암컷,전북특별자치도 부안군,부안군 동물보호센터
2025-04-08,개,믹스견,암컷,전북특별자치도 부안군,부안군 동물보호센터
2025-04-08,개,믹스견,수컷,전북특별자치도 부안군,부안군 동물보호센터
2025-04-08,개,믹스견,암컷,전북특별자치도 부안군,부안군 동물보호센터
2025-04-08,개,믹스견,암컷,전북특별자치도 부안군,부안군 동물보호센터
2025-04-08,개,믹스견,암컷,전북특별자치도 부안군,부안군 동물보호센터
2025-04-08,개,믹스견,수컷,전북특별자치도 부안군,부안군 동물보호센터
2025-04-08,개,믹스견,수컷,전북특별자치도 부안군,부안군 동물보호센터
2025-04-08,개,믹스견,수컷,전북특별자치도 부안군,부안군 동물보호센터
2025-04-08,개,믹스견,수컷,전북특별자치도 부안군,부안군 동물보호센터
2025-04-08,개,믹스견,수컷,전북특별자치도 부안군,부안군 동물보호센터
2025-04-08,개,믹스견,암컷,전북특별자치도 임실군,임실유기동물보호센터
2025-04-08,개,믹스견,암컷,전북특별자치도 임실군,임실유기동물보호센터
2025-04-08,개,믹스견,암컷,전북특별자치도 임실군,임실유기동물보호센터
2025-04-08,개,믹스견,암컷,전북특별자치도 임실군,임실유기동물보호센터
2025-04-08,개,믹스견,암컷,전북특별자치도 임실군,임실유기동물보호센터
2025-04-08,개,믹스견,수컷,전북특별자치도 임실군,임실유기동물보호센터
2025-04-08,고양이,한국 고양이,수컷,전북특별자치도 익산시,익산유기동물보호소
2025-04-08,개,믹스견,암컷,충청남도 홍성군,금일동물보호센터
2025-04-08,개,믹스견,암컷,충청남도 홍성군,금일동물보호센터
2025-04-08,개,믹스견,미상,충청북도 괴산군,괴산증평동물보호센터
2025-04-08,개,믹스견,수컷,충청북도 괴산군,괴산증평동물보호센터
2025-04-08,개,믹스견,수컷,충청북도 괴산군,괴산증평동물보호센터
2025-04-08,개,믹스견,암컷,강원특별자치도 양구군,양구군유기동물보호소
2025-04-08,개,믹스견,암컷,강원특별자치도 양구군,양구군유기동물보호소
2025-04-08,개,스피츠,수컷,강원특별자치도 영월군,영월군 동물보호센터
2025-04-08,개,요크셔 테리어,수컷,강원특별자치도 원주시,원주시동물보호센터
2025-04-08,기타,토끼,미상,경기도 고양시,고양시동물보호센터
2025-04-08,개,믹스견,암컷,경기도 안산시,한국야생동물보호협회
2025-04-08,개,믹스견,수컷,경기도 광명시,한국야생동물보호협회
2025-04-08,개,믹스견,암컷,울산광역시 울주군,울산유기동물보호센터
2025-04-08,개,믹스견,암컷,울산광역시 울주군,울산유기동물보호센터
2025-04-08,개,믹스견,암컷,울산광역시 울주군,울산유기동물보호센터
2025-04-08,고양이,한국 고양이,미상,대전광역시 서구,대전동물보호센터
2025-04-08,고양이,코숏,암컷,대전광역시 동구,대전동물보호센터
2025-04-08,개,믹스견,수컷,인천광역시 강화군,디디동물병원
2025-04-08,개,스피츠,암컷,인천광역시 남동구,인천광역시수의사회
2025-04-08,고양이,한국 고양이,미상,부산광역시 서구,부산동물보호센터
2025-04-08,고양이,한국 고양이,미상,부산광역시 서구,부산동물보호센터
2025-04-08,고양이,한국 고양이,미상,부산광역시 서구,부산동물보호센터
2025-04-08,개,믹스견,수컷,부산광역시 서구,부산동물보호센터
2025-04-08,개,믹스견,수컷,서울특별시 마포구,홍익동물병원
2025-04-08,개,믹스견,수컷,경상남도 창원시,창원유기동물보호소
2025-04-08,개,믹스견,암컷,경상남도 창원시,창원유기동물보호소
2025-04-08,개,믹스견,수컷,경상남도 창원시,창원유기동물보호소
2025-04-08,개,믹스견,수컷,경상남도 창녕군,창녕 유기동물보호소
2025-04-08,개,믹스견,수컷,경상남도 의령군,의령군 동물보호센터
2025-04-08,개,믹스견,수컷,경상남도 밀양시,밀양시 동물보호센터
2025-04-08,개,믹스견,수컷,경상남도 밀양시,밀양시 동물보호센터
2025-04-08,개,믹스견,암컷,경상남도 밀양시,밀양시 동물보호센터
2025-04-08,개,믹스견,암컷,경상남도 밀양시,밀양시 동물보호센터
2025-04-08,개,믹스견,수컷,경상남도 밀양시,밀양시 동물보호센터
2025-04-08,개,믹스견,수컷,경상남도 밀양시,밀양시 동물보호센터
2025-04-08,개,믹스견,암컷,경상북도 의성군,의성동물보호센터
2025-04-08,개,믹스견,수컷,경상북도 의성군,의성동물보호센터
2025-04-08,개,믹스견,암컷,경상북도 의성군,의성동물보호센터
2025-04-08,개,믹스견,암컷,경상북도 의성군,의성동물보호센터
2025-04-08,개,믹스견,수컷,경상북도 의성군,의성동물보호센터
2025-04-08,개,믹스견,암컷,경상북도 경산시,경산시유기동물보호소
2025-04-08,개,믹스견,수컷,경상북도 경산시,경산시유기동물보호소
2025-04-08,개,믹스견,수컷,경상북도 경산시,경산시유기동물보호소
2025-04-08,개,믹스견,수컷,경상북도 상주시,상주시 동물보호센터
2025-04-08,개,믹스견,암컷,경상북도 경주시,경주동물사랑보호센터
2025-04-08,개,믹스견,암컷,경상북도 경주시,경주동물사랑보호센터
2025-04-08,개,믹스견,암컷,경상북도 경주시,경주동물사랑보호센터
2025-04-08,개,믹스견,암컷,경상북도 경주시,경주동물사랑보호센터
2025-04-08,개,믹스견,수컷,경상북도 경주시,경주동물사랑보호센터
2025-04-08,개,믹스견,암컷,전라남도 함평군,학교임시동물보호센터
2025-04-08,개,믹스견,수컷,전라남도 함평군,학교임시동물보호센터
2025-04-08,개,믹스견,미상,전라남도 함평군,학교임시동물보호센터
2025-04-08,개,믹스견,수컷,전라남도 광양시,광양시 임시보호소
2025-04-08,개,믹스견,수컷,전북특별자치도 완주군,완주군유기동물보호소
2025-04-08,개,믹스견,암컷,전북특별자치도 군산시,군산유기동물보호센터
2025-04-08,개,믹스견,암컷,전북특별자치도 군산시,군산유기동물보호센터
2025-04-08,개,믹스견,수컷,전북특별자치도 군산시,군산유기동물보호센터
2025-04-08,개,믹스견,암컷,전북특별자치도 군산시,군산유기동물보호센터
2025-04-08,개,믹스견,수컷,전북특별자치도 군산시,군산유기동물보호센터
2025-04-08,개,믹스견,암컷,충청남도 당진시,당진시동물보호소
2025-04-08,고양이,한국 고양이,수컷,충청남도 서산시,서산시 동물보호센터
2025-04-08,개,믹스견,암컷,충청남도 천안시,천안시 동물보호센터
2025-04-08,개,믹스견,수컷,충청남도 천안시,천안시 동물보호센터
2025-04-08,개,믹스견,수컷,충청남도 천안시,천안시 동물보호센터
2025-04-08,개,믹스견,암컷,충청남도 천안시,천안시 동물보호센터
2025-04-08,개,믹스견,수컷,충청북도 음성군,금왕동물병원
2025-04-08,개,믹스견,암컷,강원특별자치도 화천군,화천군농업기술센터
2025-04-08,고양이,한국 고양이,암컷,경기도 광주시,광주TNR동물병원송정
2025-04-08,고양이,한국 고양이,수컷,경기도 광주시,광주TNR동물병원송정
2025-04-08,개,믹스견,암컷,경기도 화성시,화성동물보호센터
2025-04-08,개,믹스견,암컷,경기도 화성시,화성동물보호센터
2025-04-08,개,믹스견,수컷,경기도 파주시,한국동물구조관리협회
2025-04-08,개,믹스견,암컷,경기도 파주시,한국동물구조관리협회
2025-04-08,개,믹스견,암컷,경기도 파주시,한국동물구조관리협회
2025-04-08,개,믹스견,수컷,경기도 파주시,한국동물구조관리협회
2025-04-08,개,믹스견,수컷,경기도 시흥시,시흥동물누리보호센터
2025-04-08,개,믹스견,수컷,경기도 시흥시,시흥동물누리보호센터
2025-04-08,개,믹스견,수컷,경기도 시흥시,시흥동물누리보호센터
2025-04-08,개,믹스견,수컷,경기도 시흥시,시흥동물누리보호센터
2025-04-08,개,믹스견,암컷,경기도 시흥시,시흥동물누리보호센터
2025-04-08,개,믹스견,암컷,경기도 시흥시,시흥동물누리보호센터
2025-04-08,개,믹스견,암컷,경기도 시흥시,시흥동물누리보호센터
2025-04-08,개,믹스견,수컷,경기도 시흥시,시흥동물누리보호센터
2025-04-08,개,믹스견,암컷,경기도 시흥시,시흥동물누리보호센터
2025-04-08,개,믹스견,수컷,경기도 시흥시,시흥동물누리보호센터
2025-04-08,개,믹스견,암컷,경기도 시흥시,시흥동물누리보호센터
2025-04-08,개,푸들,수컷,경기도 오산시,오산 유기동물보호소
2025-04-08,개,푸들,수컷,경기도 오산시,오산 유기동물보호소
2025-04-08,개,푸들,수컷,경기도 오산시,오산 유기동물보호소
2025-04-08,개,푸들,수컷,경기도 오산시,오산 유기동물보호소
2025-04-08,개,푸들,수컷,경기도 오산시,오산 유기동물보호소
2025-04-08,개,푸들,수컷,경기도 오산시,오산 유기동물보호소
2025-04-08,개,푸들,수컷,경기도 오산시,오산 유기동물보호소
2025-04-08,개,푸들,암컷,경기도 오산시,오산 유기동물보호소
2025-04-08,개,푸들,수컷,경기도 오산시,오산 유기동물보호소
2025-04-08,개,핏불테리어,암컷,경기도 남양주시,남양주시동물보호센터
2025-04-08,개,믹스견,암컷,경기도 평택시,평택시유기동물보호소
2025-04-08,개,믹스견,암컷,경기도 부천시,정샘동물병원
2025-04-08,개,라브라도 리트리버,수컷,인천광역시 서구,우리동물병원
2025-04-08,개,믹스견,수컷,인천광역시 서구,우리동물병원
2025-04-08,개,믹스견,수컷,대구광역시 군위군,군위종합동물병원
2025-04-08,개,믹스견,암컷,대구광역시 군위군,군위종합동물병원
2025-04-08,개,믹스견,암컷,대구광역시 군위군,군위종합동물병원
2025-04-08,고양이,한국 고양이,수컷,부산광역시 사상구,(사)하얀비둘기
2025-04-08,고양이,한국 고양이,암컷,부산광역시 사상구,(사)하얀비둘기
2025-04-08,고양이,한국 고양이,암컷,부산광역시 사상구,(사)하얀비둘기
2025-04-08,고양이,한국 고양이,암컷,부산광역시 사상구,(사)하얀비둘기
2025-04-08,고양이,한국 고양이,암컷,부산광역시 사상구,(사)하얀비둘기
2025-04-08,고양이,한국 고양이,암컷,부산광역시 사상구,(사)하얀비둘기
2025-04-08,고양이,한국 고양이,수컷,부산광역시 사상구,(사)하얀비둘기
2025-04-07,개,믹스견,수컷,전라남도 장흥군,장흥군 동물보호센터
2025-04-07,개,믹스견,수컷,경상북도 성주군,성주유기동물보호센터
2025-04-07,고양이,스코티시폴드,암컷,강원특별자치도 횡성군,횡성유기동물보호센터
2025-04-07,개,믹스견,암컷,경상북도 영덕군,영덕반려동물입양센터
2025-04-07,개,믹스견,수컷,전라남도 완도군,유기동물임시보호센터
2025-04-07,고양이,한국 고양이,암컷,인천광역시 계양구,신영재동물병원
2025-04-07,개,믹스견,수컷,전북특별자치도 임실군,임실유기동물보호센터
2025-04-07,개,믹스견,암컷,전북특별자치도 임실군,임실유기동물보호센터
2025-04-07,개,믹스견,수컷,충청남도 홍성군,금일동물보호센터
2025-04-07,개,믹스견,수컷,충청남도 홍성군,금일동물보호센터
2025-04-07,개,믹스견,암컷,충청북도 음성군,금왕동물병원
2025-04-07,개,믹스견,암컷,전라남도 나주시,나주유기동물보호센터
2025-04-07,개,믹스견,암컷,전북특별자치도 진안군,진안군유기동물보호소
2025-04-07,개,믹스견,수컷,전북특별자치도 익산시,익산유기동물보호소
2025-04-07,개,믹스견,암컷,전북특별자치도 익산시,익산유기동물보호소
2025-04-07,개,믹스견,수컷,전북특별자치도 익산시,익산유기동물보호소
2025-04-07,개,믹스견,수컷,전북특별자치도 익산시,익산유기동물보호소
2025-04-07,개,믹스견,수컷,전북특별자치도 익산시,익산유기동물보호소
2025-04-07,개,믹스견,암컷,전북특별자치도 익산시,익산유기동물보호소
2025-04-07,개,믹스견,수컷,충청남도 홍성군,금일동물보호센터
2025-04-07,개,믹스견,수컷,충청남도 홍성군,금일동물보호센터
2025-04-07,개,믹스견,수컷,충청남도 홍성군,금일동물보호센터
2025-04-07,개,믹스견,암컷,충청남도 홍성군,금일동물보호센터
2025-04-07,개,믹스견,수컷,충청남도 홍성군,금일동물보호센터
2025-04-07,개,믹스견,수컷,충청남도 홍성군,금일동물보호센터
2025-04-07,개,믹스견,암컷,충청남도 아산시,아산동물복지지원센터
2025-04-07,개,믹스견,암컷,강원특별자치도 태백시,태백시유기동물보호소
2025-04-07,개,믹스견,수컷,강원특별자치도 태백시,태백시유기동물보호소
2025-04-07,개,믹스견,암컷,강원특별자치도 원주시,원주시동물보호센터
2025-04-07,개,믹스견,암컷,강원특별자치도 원주시,원주시동물보호센터
2025-04-07,개,믹스견,암컷,경기도 안성시,안성시 동물보호센터
2025-04-07,개,믹스견,암컷,경기도 안성시,안성시 동물보호센터
2025-04-07,개,믹스견,암컷,경기도 남양주시,남양주시동물보호센터
2025-04-07,고양이,한국 고양이,미상,대전광역시 서구,대전동물보호센터
2025-04-07,개,치와와,수컷,인천광역시 연수구,경동동물병원
2025-04-07,개,믹스견,암컷,서울특별시 강남구,한국동물구조관리협회
2025-04-07,개,믹스견,암컷,서울특별시 서대문구,내품애센터
2025-04-07,개,믹스견,암컷,세종특별자치시 세종특별자치시,세종유기동물보호센터
2025-04-07,개,믹스견,암컷,세종특별자치시 세종특별자치시,세종유기동물보호센터
2025-04-07,개,믹스견,암컷,세종특별자치시 세종특별자치시,세종유기동물보호센터
2025-04-07,개,믹스견,수컷,세종특별자치시 세종특별자치시,세종유기동물보호센터
2025-04-07,개,믹스견,암컷,세종특별자치시 세종특별자치시,세종유기동물보호센터
2025-04-07,개,믹스견,암컷,세종특별자치시 세종특별자치시,세종유기동물보호센터
2025-04-07,개,믹스견,수컷,경상남도 함안군,함안군유기동물보호소
2025-04-07,개,말티푸들믹스,수컷,경상남도 함안군,함안군유기동물보호소
2025-04-07,개,진도견,수컷,경상남도 함안군,함안군유기동물보호소
2025-04-07,개,진도견,수컷,경상남도 함안군,함안군유기동물보호소
2025-04-07,개,진도견,수컷,경상남도 함안군,함안군유기동물보호소
2025-04-07,개,믹스견,수컷,경상남도 함안군,함안군유기동물보호소
2025-04-07,개,믹스견,암컷,경상남도 함안군,함안군유기동물보호소
2025-04-07,개,믹스견,수컷,경상남도 함안군,함안군유기동물보호소
2025-04-07,개,믹스견,수컷,경상남도 함안군,함안군유기동물보호소
2025-04-07,개,믹스견,수컷,경상남도 함안군,함안군유기동물보호소
2025-04-07,개,믹스견,수컷,경상남도 함안군,함안군유기동물보호소
2025-04-07,개,믹스견,수컷,경상남도 함안군,함안군유기동물보호소
2025-04-07,개,믹스견,암컷,경상남도 함안군,함안군유기동물보호소
2025-04-07,개,믹스견,암컷,경상남도 함안군,함안군유기동물보호소
2025-04-07,개,믹스견,암컷,경상남도 함안군,함안군유기동물보호소
2025-04-07,개,믹스견,수컷,경상남도 의령군,의령군 동물보호센터
2025-04-07,개,믹스견,수컷,경상남도 거제시,거제시유기동물보호소
2025-04-07,개,아메리칸불리,수컷,경상남도 밀양시,밀양시 동물보호센터
2025-04-07,개,믹스견,암컷,경상남도 통영시,통영시동물보호센터
2025-04-07,개,믹스견,암컷,경상남도 통영시,통영시동물보호센터
2025-04-07,개,믹스견,암컷,경상남도 통영시,통영시동물보호센터
2025-04-07,개,믹스견,수컷,경상남도 통영시,통영시동물보호센터
2025-04-07,개,믹스견,암컷,경상북도 청도군,청도군동물보호센터
2025-04-07,개,믹스견,암컷,경상북도 청도군,청도군동물보호센터
2025-04-07,개,믹스견,수컷,경상북도 청도군,청도군동물보호센터
2025-04-07,개,믹스견,암컷,경상북도 청도군,청도군동물보호센터
2025-04-07,개,믹스견,암컷,경상북도 청도군,청도군동물보호센터
2025-04-07,개,믹스견,수컷,경상북도 경산시,경산시유기동물보호소
2025-04-07,개,믹스견,암컷,경상북도 경산시,경산시유기동물보호소
2025-04-07,개,믹스견,수컷,경상북도 김천시,김천시 동물보호센터
2025-04-07,개,믹스견,암컷,경상북도 경주시,경주동물사랑보호센터
2025-04-07,개,믹스견,암컷,전라남도 광양시,광양시 임시보호소
2025-04-07,개,믹스견,수컷,전라남도 광양시,광양시 임시보호소
2025-04-07,개,믹스견,수컷,전라남도 여수시,유기동물보호소
2025-04-07,개,믹스견,수컷,전북특별자치도 부안군,부안군 동물보호센터
2025-04-07,개,믹스견,암컷,전북특별자치도 부안군,부안군 동물보호센터
2025-04-07,개,믹스견,암컷,전북특별자치도 부안군,부안군 동물보호센터
2025-04-07,개,믹스견,수컷,전북특별자치도 부안군,부안군 동물보호센터
2025-04-07,개,믹스견,수컷,전북특별자치도 부안군,부안군 동물보호센터
2025-04-07,개,믹스견,수컷,전북특별자치도 부안군,부안군 동물보호센터
2025-04-07,개,믹스견,수컷,전북특별자치도 부안군,부안군 동물보호센터
2025-04-07,개,믹스견,암컷,전북특별자치도 부안군,부안군 동물보호센터
2025-04-07,개,믹스견,암컷,전북특별자치도 부안군,부안군 동물보호센터
2025-04-07,개,믹스견,암컷,전북특별자치도 부안군,부안군 동물보호센터
2025-04-07,개,믹스견,암컷,전북특별자치도 부안군,부안군 동물보호센터
2025-04-07,개,믹스견,암컷,전북특별자치도 장수군,장수군 보호소
2025-04-07,개,믹스견,암컷,전북특별자치도 김제시,전북말산업복합센터
2025-04-07,개,믹스견,암컷,전북특별자치도 김제시,전북말산업복합센터
2025-04-07,개,믹스견,암컷,전북특별자치도 군산시,군산유기동물보호센터
2025-04-07,개,믹스견,암컷,전북특별자치도 군산시,군산유기동물보호센터
2025-04-07,개,믹스견,수컷,충청남도 당진시,당진시동물보호소
2025-04-07,개,믹스견,암컷,충청남도 당진시,당진시동물보호소
2025-04-07,개,믹스견,수컷,충청남도 천안시,천안시 동물보호센터
2025-04-07,개,믹스견,암컷,충청남도 천안시,천안시 동물보호센터
2025-04-07,개,핏불테리어 믹스견,암컷,충청북도 청주시,반려동물보호센터
2025-04-07,개,믹스견,수컷,충청북도 음성군,금왕동물병원
2025-04-07,개,믹스견,암컷,충청북도 음성군,금왕동물병원
2025-04-07,개,믹스견,수컷,충청북도 충주시,충주시동물보호센터
2025-04-07,개,믹스견,수컷,충청북도 충주시,충주시동물보호센터
2025-04-07,개,믹스견,암컷,충청북도 충주시,충주시동물보호센터
2025-04-07,개,믹스견,암컷,충청북도 충주시,충주시동물보호센터
2025-04-07,개,믹스견,암컷,충청북도 충주시,충주시동물보호센터
2025-04-07,개,믹스견,암컷,충청북도 충주시,충주시동물보호센터
2025-04-07,개,믹스견,수컷,강원특별자치도 철원군,철원군
2025-04-07,개,말라뮤트,수컷,경기도 광주시,광주TNR동물병원초월
2025-04-07,개,말라뮤트,암컷,경기도 광주시,광주TNR동물병원초월
2025-04-07,개,믹스견,수컷,경기도 광주시,광주TNR동물병원초월
2025-04-07,개,믹스견,암컷,경기도 화성시,화성동물보호센터
2025-04-07,개,믹스견,수컷,경기도 화성시,화성동물보호센터
2025-04-07,개,믹스견,암컷,경기도 화성시,화성동물보호센터
2025-04-07,개,믹스견,수컷,경기도 가평군,가평군유기동물보호소
2025-04-07,개,믹스견,수컷,경기도 안성시,안성시 동물보호센터
2025-04-07,개,믹스견,암컷,경기도 안성시,안성시 동물보호센터
2025-04-07,개,믹스견,수컷,경기도 안성시,안성시 동물보호센터
2025-04-07,개,믹스견,수컷,경기도 안성시,안성시 동물보호센터
2025-04-07,개,믹스견,수컷,경기도 안성시,안성시 동물보호센터
2025-04-07,개,믹스견,암컷,경기도 안성시,안성시 동물보호센터
2025-04-07,개,믹스견,암컷,경기도 용인시,용인시 동물보호센터
2025-04-07,개,웰시 코기 펨브로크,수컷,경기도 시흥시,시흥동물누리보호센터
2025-04-07,개,믹스견,수컷,경기도 시흥시,시흥동물누리보호센터
2025-04-07,개,말티즈,수컷,경기도 평택시,평택시유기동물보호소
2025-04-07,개,믹스견,암컷,경기도 평택시,평택시유기동물보호소
2025-04-07,개,믹스견,수컷,경기도 평택시,평택시유기동물보호소
2025-04-07,개,믹스견,수컷,경기도 평택시,평택시유기동물보호소
2025-04-07,개,푸들,수컷,경기도 평택시,평택시유기동물보호소
2025-04-07,개,푸들,수컷,경기도 광명시,한국야생동물보호협회
2025-04-07,개,말티즈,암컷,광주광역시 북구,광주동물보호센터
2025-04-07,개,믹스견,수컷,인천광역시 서구,우리동물병원
2025-04-06,개,웰시 코기 카디건,암컷,부산광역시 서구,부산동물보호센터
2025-04-06,개,믹스견,수컷,충청남도 논산시,논산시 동물보호센터
2025-04-06,개,셰퍼드,암컷,강원특별자치도 원주시,원주시동물보호센터
2025-04-06,기타,토끼,미상,인천광역시 중구,신공항동물병원
2025-04-06,기타,토끼,미상,인천광역시 중구,신공항동물병원
2025-04-06,기타,토끼,미상,인천광역시 중구,신공항동물병원
2025-04-06,기타,토끼,미상,인천광역시 중구,신공항동물병원
2025-04-06,기타,토끼,미상,인천광역시 중구,신공항동물병원
2025-04-06,기타,토끼,미상,인천광역시 중구,신공항동물병원
2025-04-06,기타,토끼,미상,인천광역시 중구,신공항동물병원
2025-04-06,기타,토끼,미상,인천광역시 중구,신공항동물병원
2025-04-06,개,믹스견,수컷,경상남도 김해시,(사)동물보호관리협회
2025-04-06,개,믹스견,수컷,경상북도 포항시,(사)영일동물플러스
2025-04-06,개,믹스견,수컷,전라남도 영광군,영광동물보호센터
2025-04-06,개,믹스견,수컷,전라남도 목포시,목포시유기동물보호소
2025-04-06,고양이,믹스묘,암컷,전북특별자치도 군산시,군산유기동물보호센터
2025-04-06,개,프렌치 불독,암컷,충청남도 아산시,아산동물복지지원센터
2025-04-06,개,믹스견,암컷,충청북도 영동군,최종주동물병원
2025-04-06,개,믹스견,암컷,울산광역시 울주군,울산유기동물보호센터
2025-04-06,개,믹스견,수컷,울산광역시 울주군,울산유기동물보호센터
2025-04-06,개,스탠다드 닥스훈트,수컷,서울특별시 서대문구,내품애센터
2025-04-06,개,믹스견,수컷,전라남도 함평군,학교임시동물보호센터
2025-04-06,개,믹스견,암컷,전북특별자치도 군산시,군산유기동물보호센터
2025-04-06,개,믹스견,암컷,충청남도 부여군,남부여동물보호소
2025-04-06,개,믹스견,암컷,강원특별자치도 강릉시,강릉시 동물사랑센터
2025-04-06,개,믹스견,수컷,경기도 남양주시,남양주시동물보호센터
2025-04-06,개,시베리안 허스키,암컷,광주광역시 북구,광주동물보호센터
2025-04-05,개,믹스견,수컷,부산광역시 강서구,(사)하얀비둘기
2025-04-05,개,믹스견,암컷,경상북도 예천군,예천군유기동물보호소
2025-04-05,개,믹스견,수컷,부산광역시 사하구,(사)하얀비둘기
2025-04-05,개,믹스견,암컷,부산광역시 서구,부산동물보호센터
2025-04-05,개,믹스견,수컷,부산광역시 서구,부산동물보호센터
2025-04-05,개,믹스견,수컷,대전광역시 대덕구,대전동물보호센터
2025-04-05,개,믹스견,수컷,대전광역시 동구,대전동물보호센터
2025-04-05,개,믹스견,수컷,부산광역시 강서구,(사)하얀비둘기
2025-04-05,고양이,한국 고양이,미상,서울특별시 강동구,GD동물병원
2025-04-05,개,믹스견,암컷,전라남도 해남군,해남유기동물보호센터
2025-04-05,개,믹스견,수컷,전라남도 여수시,유기동물보호소
2025-04-05,개,믹스견,암컷,전북특별자치도 부안군,부안군 동물보호센터
2025-04-05,개,진도견,암컷,전북특별자치도 익산시,익산유기동물보호소
2025-04-05,개,진도견,암컷,전북특별자치도 익산시,익산유기동물보호소
2025-04-05,개,진도견,암컷,전북특별자치도 익산시,익산유기동물보호소
2025-04-05,고양이,한국 고양이,암컷,전북특별자치도 익산시,익산유기동물보호소
2025-04-05,고양이,한국 고양이,수컷,전북특별자치도 익산시,익산유기동물보호소
2025-04-05,고양이,한국 고양이,수컷,전북특별자치도 익산시,익산유기동물보호소
2025-04-05,개,믹스견,암컷,충청북도 영동군,최종주동물병원
2025-04-05,개,믹스견,암컷,충청북도 영동군,최종주동물병원
2025-04-05,개,믹스견,수컷,충청북도 영동군,최종주동물병원
2025-04-05,개,믹스견,암컷,경기도 수원시,수원시 동물보호센터
2025-04-05,개,믹스견,수컷,울산광역시 울주군,울산유기동물보호센터
2025-04-05,개,믹스견,수컷,광주광역시 광산구,첨단우리동물병원
2025-04-05,고양이,한국 고양이,수컷,인천광역시 계양구,신영재동물병원
2025-04-05,고양이,한국 고양이,암컷,인천광역시 계양구,신영재동물병원
2025-04-05,고양이,믹스묘,수컷,부산광역시 남구,(사)동부동물보호협회
2025-04-05,고양이,믹스묘,수컷,부산광역시 남구,(사)동부동물보호협회
2025-04-05,고양이,믹스묘,수컷,부산광역시 남구,(사)동부동물보호협회
2025-04-05,고양이,믹스묘,수컷,부산광역시 남구,(사)동부동물보호협회
2025-04-05,고양이,믹스묘,수컷,부산광역시 남구,(사)동부동물보호협회
2025-04-05,개,말티즈,암컷,서울특별시 강남구,한국동물구조관리협회
2025-04-05,개,말티즈,수컷,서울특별시 강남구,한국동물구조관리협회
2025-04-05,개,말티즈,수컷,서울특별시 강남구,한국동물구조관리협회
2025-04-05,개,믹스견,수컷,전라남도 신안군,신안군유기동물보호소
2025-04-05,개,믹스견,암컷,강원특별자치도 강릉시,강릉시 동물사랑센터
2025-04-05,고양이,한국 고양이,수컷,인천광역시 서구,우리동물병원
2025-04-05,개,믹스견,암컷,세종특별자치시 세종특별자치시,세종유기동물보호센터
2025-04-05,개,믹스견,수컷,세종특별자치시 세종특별자치시,세종유기동물보호센터
2025-04-05,고양이,한국 고양이,암컷,경상남도 창녕군,창녕 유기동물보호소
2025-04-05,개,믹스견,수컷,경상남도 창녕군,창녕 유기동물보호소
2025-04-05,개,스탠다드 푸들,수컷,경상북도 경산시,경산시유기동물보호소
2025-04-05,개,믹스견,암컷,경상북도 경산시,경산시유기동물보호소
2025-04-05,개,믹스견,암컷,경상북도 경산시,경산시유기동물보호소
2025-04-05,개,믹스견,암컷,경상북도 경주시,경주동물사랑보호센터
2025-04-05,개,믹스견,암컷,경상북도 경주시,경주동물사랑보호센터
2025-04-05,개,믹스견,수컷,경상북도 경주시,경주동물사랑보호센터
2025-04-05,개,믹스견,수컷,전라남도 함평군,학교임시동물보호센터
2025-04-05,개,믹스견,수컷,전라남도 함평군,학교임시동물보호센터
2025-04-05,개,믹스견,암컷,전라남도 함평군,학교임시동물보호센터
2025-04-05,개,믹스견,암컷,충청남도 부여군,남부여동물보호소
2025-04-05,개,믹스견,암컷,강원특별자치도 춘천시,춘천시 동물보호센터
2025-04-05,개,믹스견,암컷,경기도 양평군,양평군유기동물보호소
2025-04-05,개,시츄,암컷,경기도 시흥시,시흥동물누리보호센터
2025-04-05,개,믹스견,수컷,경기도 성남시,펫앤쉘터동물병원
2025-04-05,개,믹스견,암컷,인천광역시 강화군,디디동물병원
2025-04-05,개,믹스견,수컷,서울특별시 강남구,한국동물구조관리협회
2025-04-04,개,믹스견,수컷,강원특별자치도 양양군,양양군유기동물보호소
2025-04-04,개,믹스견,수컷,강원특별자치도 양양군,양양군유기동물보호소
2025-04-04,개,믹스견,수컷,강원특별자치도 양양군,양양군유기동물보호소
2025-04-04,개,믹스견,암컷,강원특별자치도 양양군,양양군유기동물보호소
2025-04-04,개,믹스견,암컷,강원특별자치도 횡성군,횡성유기동물보호센터
2025-04-04,개,믹스견,수컷,충청북도 괴산군,괴산증평동물보호센터
2025-04-04,개,믹스견,수컷,충청북도 괴산군,괴산증평동물보호센터
2025-04-04,개,믹스견,암컷,충청남도 논산시,논산시 동물보호센터
2025-04-04,개,믹스견,암컷,충청남도 논산시,논산시 동물보호센터
2025-04-04,개,믹스견,암컷,충청남도 논산시,논산시 동물보호센터
2025-04-04,개,믹스견,수컷,충청남도 논산시,논산시 동물보호센터
2025-04-04,개,믹스견,수컷,충청남도 논산시,논산시 동물보호센터
2025-04-04,개,믹스견,암컷,충청남도 논산시,논산시 동물보호센터
2025-04-04,개,웰시 코기 펨브로크,수컷,경상남도 양산시,양산시 동물보호센터
2025-04-04,개,믹스견,수컷,경상남도 김해시,(사)동물보호관리협회
2025-04-04,개,믹스견,수컷,경상남도 김해시,(사)동물보호관리협회
2025-04-04,개,믹스견,암컷,전북특별자치도 부안군,부안군 동물보호센터
2025-04-04,개,믹스견,수컷,전북특별자치도 장수군,장수군 보호소
2025-04-04,개,믹스견,암컷,전북특별자치도 장수군,장수군 보호소
2025-04-04,개,믹스견,수컷,전북특별자치도 장수군,장수군 보호소
2025-04-04,개,믹스견,수컷,전북특별자치도 장수군,장수군 보호소
2025-04-04,개,믹스견,암컷,전북특별자치도 장수군,장수군 보호소
2025-04-04,개,믹스견,수컷,전북특별자치도 장수군,장수군 보호소
2025-04-04,개,믹스견,암컷,전북특별자치도 장수군,장수군 보호소
2025-04-04,개,믹스견,암컷,전북특별자치도 장수군,장수군 보호소
2025-04-04,개,믹스견,암컷,전북특별자치도 장수군,장수군 보호소
2025-04-04,개,웰시코기,암컷,전북특별자치도 장수군,장수군 보호소
2025-04-04,개,믹스견,암컷,전북특별자치도 익산시,익산유기동물보호소
2025-04-04,개,믹스견,수컷,전북특별자치도 익산시,익산유기동물보호소
2025-04-04,개,믹스견,수컷,전북특별자치도 익산시,익산유기동물보호소
2025-04-04,개,믹스견,암컷,충청북도 영동군,최종주동물병원
2025-04-04,고양이,한국 고양이,암컷,인천광역시 계양구,신영재동물병원
2025-04-04,개,믹스견,수컷,인천광역시 계양구,신영재동물병원
2025-04-04,개,믹스견,수컷,인천광역시 계양구,신영재동물병원
2025-04-04,개,믹스견,수컷,인천광역시 계양구,신영재동물병원
2025-04-04,기타,토끼,수컷,부산광역시 사상구,(사)하얀비둘기
2025-04-04,개,믹스견,암컷,제주특별자치도 제주특별자치도,제주 동물보호센터
2025-04-04,개,믹스견,암컷,제주특별자치도 제주특별자치도,제주 동물보호센터
2025-04-04,개,믹스견,암컷,제주특별자치도 제주특별자치도,제주 동물보호센터
2025-04-04,개,믹스견,암컷,전라남도 해남군,해남유기동물보호센터
2025-04-04,개,믹스견,암컷,전라남도 해남군,해남유기동물보호센터
2025-04-04,개,푸들,수컷,울산광역시 북구,울산유기동물보호센터
2025-04-04,개,믹스견,수컷,대구광역시 달서구,대구유기동물보호협회
2025-04-04,고양이,한국 고양이,암컷,세종특별자치시 세종특별자치시,세종유기동물보호센터
2025-04-04,개,포메라니안,암컷,세종특별자치시 세종특별자치시,세종유기동물보호센터
2025-04-04,개,믹스견,암컷,세종특별자치시 세종특별자치시,세종유기동물보호센터
2025-04-04,개,믹스견,수컷,경상남도 창녕군,창녕 유기동물보호소
2025-04-04,개,믹스견,수컷,경상남도 사천시,사천시 동물보호센터
2025-04-04,개,믹스견,수컷,경상북도 예천군,예천군유기동물보호소
2025-04-04,개,믹스견,암컷,경상북도 칠곡군,칠곡유기동물보호센터
2025-04-04,개,믹스견,수컷,경상북도 영양군,영양군유기동물보호소
2025-04-04,개,믹스견,수컷,경상북도 영양군,영양군유기동물보호소
2025-04-04,개,믹스견,암컷,경상북도 경주시,경주동물사랑보호센터
2025-04-04,개,차우차우,암컷,경상북도 포항시,(사)영일동물플러스
2025-04-04,개,믹스견,암컷,경상북도 포항시,(사)영일동물플러스
2025-04-04,고양이,터키시 앙고라,암컷,경상북도 포항시,(사)영일동물플러스
2025-04-04,개,믹스견,수컷,전라남도 영광군,영광동물보호센터
2025-04-04,개,믹스견,수컷,전라남도 영광군,영광동물보호센터
2025-04-04,개,믹스견,암컷,전라남도 영광군,영광동물보호센터
2025-04-04,개,믹스견,암컷,전라남도 영광군,영광동물보호센터
2025-04-04,개,믹스견,암컷,전라남도 영광군,영광동물보호센터
2025-04-04,개,믹스견,수컷,전라남도 영광군,영광동물보호센터
2025-04-04,개,믹스견,수컷,전라남도 영광군,영광동물보호센터
2025-04-04,개,믹스견,수컷,전라남도 영광군,영광동물보호센터
2025-04-04,개,믹스견,수컷,전라남도 함평군,학교임시동물보호센터
2025-04-04,개,믹스견,암컷,전라남도 함평군,학교임시동물보호센터
2025-04-04,개,믹스견,수컷,전라남도 함평군,학교임시동물보호센터
2025-04-04,개,믹스견,수컷,전라남도 함평군,학교임시동물보호센터
2025-04-04,개,믹스견,암컷,전라남도 함평군,학교임시동물보호센터
2025-04-04,개,믹스견,암컷,전라남도 강진군,강진군 유기견 보호소
2025-04-04,개,믹스견,암컷,전라남도 화순군,화순군유기동물보호소
2025-04-04,개,믹스견,암컷,전라남도 화순군,화순군유기동물보호소
2025-04-04,개,믹스견,암컷,전라남도 화순군,화순군유기동물보호소
2025-04-04,개,진도견,암컷,전라남도 화순군,화순군유기동물보호소
2025-04-04,개,라브라도 리트리버,암컷,전라남도 화순군,화순군유기동물보호소
2025-04-04,개,믹스견,수컷,전라남도 화순군,화순군유기동물보호소
2025-04-04,개,믹스견,수컷,전라남도 화순군,화순군유기동물보호소
2025-04-04,개,믹스견,수컷,전라남도 화순군,화순군유기동물보호소
2025-04-04,개,믹스견,암컷,전라남도 화순군,화순군유기동물보호소
2025-04-04,개,믹스견,암컷,전라남도 화순군,화순군유기동물보호소
2025-04-04,개,믹스견,수컷,전라남도 구례군,구례군동물보호센터
2025-04-04,개,비숑 프리제,암컷,전라남도 광양시,광양시 임시보호소
2025-04-04,개,믹스견,암컷,전북특별자치도 부안군,부안군 동물보호센터
2025-04-04,개,믹스견,수컷,전북특별자치도 완주군,완주군유기동물보호소
2025-04-04,개,믹스견,암컷,전북특별자치도 군산시,군산유기동물보호센터
2025-04-04,개,믹스견,암컷,충청북도 청주시,반려동물보호센터
2025-04-04,개,말티즈,수컷,충청북도 청주시,반려동물보호센터
2025-04-04,개,믹스견,수컷,강원특별자치도 정선군,정선가축병원
2025-04-04,개,믹스견,수컷,경기도 화성시,화성동물보호센터
2025-04-04,개,믹스견,암컷,경기도 화성시,화성동물보호센터
2025-04-04,개,믹스견,암컷,경기도 화성시,화성동물보호센터
2025-04-04,개,믹스견,수컷,경기도 화성시,화성동물보호센터
2025-04-04,개,믹스견,암컷,경기도 군포시,한국야생동물보호협회
2025-04-04,기타,토끼,암컷,경기도 안산시,한국야생동물보호협회
2025-04-04,기타,토끼,암컷,경기도 안산시,한국야생동물보호협회
2025-04-04,개,믹스견,암컷,경기도 평택시,평택시유기동물보호소
2025-04-04,개,믹스견,수컷,경기도 평택시,평택시유기동물보호소
2025-04-04,개,믹스견,수컷,경기도 평택시,평택시유기동물보호소
2025-04-04,개,포메라니안,수컷,경기도 광명시,한국야생동물보호협회
2025-04-04,고양이,믹스묘,수컷,인천광역시 서구,우리동물병원
2025-04-04,개,푸들,암컷,경상남도 창원시,창원유기동물보호소
2025-04-04,개,푸들,암컷,경상남도 창원시,창원유기동물보호소
2025-04-04,개,말티즈,수컷,경상남도 창원시,창원유기동물보호소
2025-04-04,개,시츄,수컷,경상남도 창원시,창원유기동물보호소
2025-04-03,개,믹스견,수컷,전라남도 장흥군,장흥군 동물보호센터
2025-04-03,개,믹스견,암컷,전라남도 장흥군,장흥군 동물보호센터
2025-04-03,개,믹스견,암컷,전라남도 장흥군,장흥군 동물보호센터
2025-04-03,개,믹스견,암컷,경상남도 합천군,태민동물보호센터
2025-04-03,개,믹스견,암컷,인천광역시 계양구,신영재동물병원
2025-04-03,개,포메라니안,암컷,인천광역시 계양구,신영재동물병원
2025-04-03,개,믹스견,암컷,부산광역시 서구,부산동물보호센터
2025-04-03,개,믹스견,암컷,경상남도 창녕군,창녕 유기동물보호소
2025-04-03,개,믹스견,암컷,경상남도 창녕군,창녕 유기동물보호소
2025-04-03,개,믹스견,수컷,경상북도 예천군,예천군유기동물보호소
2025-04-03,개,믹스견,암컷,전라남도 영암군,유기동물 삼호 보호소
2025-04-03,개,요크셔 테리어,수컷,전북특별자치도 익산시,익산유기동물보호소
2025-04-03,개,믹스견,암컷,전북특별자치도 익산시,익산유기동물보호소
2025-04-03,개,믹스견,수컷,전북특별자치도 익산시,익산유기동물보호소
2025-04-03,개,믹스견,수컷,전북특별자치도 익산시,익산유기동물보호소
2025-04-03,개,믹스견,수컷,충청남도 논산시,논산시 동물보호센터
2025-04-03,개,믹스견,수컷,충청남도 논산시,논산시 동물보호센터
2025-04-03,개,믹스견,암컷,충청남도 논산시,논산시 동물보호센터
2025-04-03,개,믹스견,수컷,충청남도 아산시,아산동물복지지원센터
2025-04-03,개,믹스견,수컷,충청북도 충주시,충주시동물보호센터
2025-04-03,개,믹스견,수컷,경기도 파주시,한국동물구조관리협회
2025-04-03,개,믹스견,암컷,경기도 파주시,한국동물구조관리협회
2025-04-03,개,믹스견,암컷,경기도 파주시,한국동물구조관리협회
2025-04-03,개,믹스견,암컷,경기도 파주시,한국동물구조관리협회
2025-04-03,개,믹스견,암컷,경기도 수원시,수원시 동물보호센터
2025-04-03,고양이,한국 고양이,미상,부산광역시 영도구,부산동물보호센터
2025-04-03,고양이,한국 고양이,미상,부산광역시 영도구,부산동물보호센터
2025-04-03,개,말티즈,수컷,경상남도 창원시,창원유기동물보호소
2025-04-03,개,믹스견,수컷,경상남도 창원시,창원유기동물보호소
2025-04-03,개,믹스견,수컷,경상남도 남해군,남해군동물보호센터
2025-04-03,개,믹스견,수컷,경상남도 사천시,사천시 동물보호센터
2025-04-03,개,믹스견,암컷,경상남도 진주시,진주시동물보호센터
2025-04-03,개,믹스견,암컷,경상북도 경산시,경산시유기동물보호소
2025-04-03,개,말티즈,암컷,경상북도 경산시,경산시유기동물보호소
2025-04-03,개,믹스견,수컷,경상북도 경산시,경산시유기동물보호소
2025-04-03,개,믹스견,암컷,경상북도 경주시,경주동물사랑보호센터
2025-04-03,개,믹스견,암컷,경상북도 포항시,(사)영일동물플러스
2025-04-03,개,믹스견,암컷,경상북도 포항시,(사)영일동물플러스
2025-04-03,개,말티즈,암컷,전라남도 나주시,나주유기동물보호센터
2025-04-03,개,믹스견,수컷,전라남도 나주시,나주유기동물보호센터
2025-04-03,개,믹스견,수컷,전라남도 나주시,나주유기동물보호센터
2025-04-03,개,믹스견,암컷,전라남도 나주시,나주유기동물보호센터
2025-04-03,개,믹스견,암컷,전라남도 나주시,나주유기동물보호센터
2025-04-03,개,말티즈,암컷,전라남도 나주시,나주유기동물보호센터
2025-04-03,개,말티즈,암컷,전라남도 나주시,나주유기동물보호센터
2025-04-03,개,믹스견,암컷,전라남도 나주시,나주유기동물보호센터
2025-04-03,개,푸들,암컷,전라남도 나주시,나주유기동물보호센터
2025-04-03,개,말티즈,암컷,전라남도 나주시,나주유기동물보호센터
2025-04-03,개,믹스견,암컷,전라남도 순천시,순천시유기동물보호소
2025-04-03,개,믹스견,수컷,전북특별자치도 정읍시,정읍시 동물보호소
2025-04-03,개,믹스견,암컷,전북특별자치도 군산시,군산유기동물보호센터
2025-04-03,개,믹스견,암컷,전북특별자치도 군산시,군산유기동물보호센터
2025-04-03,개,믹스견,암컷,충청남도 서산시,서산시 동물보호센터
2025-04-03,개,믹스견,암컷,충청남도 공주시,공주시 동물보호센터
2025-04-03,개,믹스견,수컷,충청남도 공주시,공주시 동물보호센터
2025-04-03,개,믹스견,수컷,충청남도 공주시,공주시 동물보호센터
2025-04-03,개,믹스견,수컷,충청북도 음성군,금왕동물병원
2025-04-03,개,믹스견,수컷,충청북도 음성군,금왕동물병원
2025-04-03,개,믹스견,수컷,충청북도 제천시,제천시 동물보호센터
2025-04-03,개,비숑 프리제,암컷,충청북도 제천시,제천시 동물보호센터
2025-04-03,개,믹스견,수컷,강원특별자치도 인제군,인제군동물보호센터
2025-04-03,개,믹스견,암컷,강원특별자치도 철원군,철원군
2025-04-03,개,믹스견,수컷,강원특별자치도 원주시,원주시동물보호센터
2025-04-03,개,믹스견,수컷,경기도 화성시,화성동물보호센터
2025-04-03,개,믹스견,암컷,경기도 용인시,용인시 동물보호센터
2025-04-03,개,믹스견,암컷,경기도 하남시,하남동물보호센터
2025-04-03,개,믹스견,수컷,경기도 고양시,고양시동물보호센터
2025-04-03,개,믹스견,암컷,경기도 평택시,평택시유기동물보호소
2025-04-03,개,믹스견,암컷,경기도 평택시,평택시유기동물보호소
2025-04-03,개,믹스견,암컷,경기도 평택시,평택시유기동물보호소
2025-04-03,개,믹스견,암컷,경기도 평택시,평택시유기동물보호소
2025-04-03,개,믹스견,수컷,경기도 평택시,평택시유기동물보호소
2025-04-03,개,믹스견,암컷,경기도 평택시,평택시유기동물보호소
2025-04-03,개,포메라니안,수컷,경기도 성남시,펫앤쉘터동물병원
2025-04-03,개,믹스견,수컷,울산광역시 울주군,울산유기동물보호센터
2025-04-03,개,믹스견,암컷,광주광역시 북구,광주동물보호센터
2025-04-03,개,믹스견,수컷,광주광역시 서구,광주동물보호센터
2025-04-03,개,믹스견,암컷,인천광역시 중구,신공항동물병원
2025-04-03,고양이,한국 고양이,수컷,서울특별시 동대문구,동대문구청
2025-04-03,개,믹스견,암컷,경기도 화성시,화성동물보호센터
2025-04-03,개,믹스견,암컷,대전광역시 서구,대전동물보호센터
2025-04-02,개,믹스견,암컷,경상북도 청송군,점곡동물보호센터
2025-04-02,개,믹스견,암컷,강원특별자치도 정선군,다나동물병원
2025-04-02,개,믹스견,수컷,강원특별자치도 정선군,다나동물병원
2025-04-02,개,믹스견,암컷,경상북도 상주시,상주시 동물보호센터
2025-04-02,개,믹스견,수컷,경상남도 통영시,통영시동물보호센터
2025-04-02,고양이,한국 고양이,수컷,인천광역시 계양구,신영재동물병원
2025-04-02,개,믹스견,수컷,경상북도 영천시,영천유기동물보호센터
2025-04-02,개,믹스견,암컷,경기도 용인시,용인시 동물보호센터
2025-04-02,개,믹스견,암컷,경기도 용인시,용인시 동물보호센터
2025-04-02,개,믹스견,수컷,경기도 용인시,용인시 동물보호센터
2025-04-02,개,믹스견,수컷,경상남도 양산시,양산시 동물보호센터
2025-04-02,개,믹스견,암컷,경상남도 양산시,양산시 동물보호센터
2025-04-02,개,믹스견,암컷,경상남도 김해시,(사)동물보호관리협회
2025-04-02,개,믹스견,암컷,경상남도 김해시,(사)동물보호관리협회
2025-04-02,개,믹스견,암컷,경상북도 울진군,울진군동물보호센터
2025-04-02,개,믹스견,수컷,경상북도 김천시,김천시 동물보호센터
2025-04-02,개,푸들,암컷,전라남도 장흥군,장흥군 동물보호센터
2025-04-02,개,믹스견,암컷,전라남도 담양군,담양군 동물보호센터
2025-04-02,개,믹스견,수컷,전라남도 담양군,담양군 동물보호센터
2025-04-02,개,믹스견,암컷,전라남도 담양군,담양군 동물보호센터
2025-04-02,개,믹스견,암컷,전라남도 담양군,담양군 동물보호센터
2025-04-02,개,믹스견,암컷,전라남도 담양군,담양군 동물보호센터
2025-04-02,개,믹스견,수컷,전라남도 담양군,담양군 동물보호센터
2025-04-02,개,믹스견,수컷,전라남도 담양군,담양군 동물보호센터
2025-04-02,개,포메라니안,수컷,충청남도 아산시,아산동물복지지원센터
2025-04-02,개,믹스견,암컷,울산광역시 울주군,울산유기동물보호센터
2025-04-02,개,스피츠,수컷,인천광역시 계양구,신영재동물병원
2025-04-02,개,믹스견,암컷,인천광역시 미추홀구,인천광역시수의사회
2025-04-02,개,믹스견,수컷,인천광역시 미추홀구,인천광역시수의사회
2025-04-02,개,믹스견,수컷,인천광역시 미추홀구,인천광역시수의사회
2025-04-02,고양이,믹스묘,수컷,부산광역시 해운대구,동부유기동물보호협회
2025-04-02,고양이,믹스묘,암컷,부산광역시 남구,(사)동부동물보호협회
2025-04-02,개,믹스견,암컷,부산광역시 남구,(사)동부동물보호협회
2025-04-02,개,믹스견,암컷,서울특별시 강서구,한국동물구조관리협회
2025-04-02,개,믹스견,암컷,세종특별자치시 세종특별자치시,세종유기동물보호센터
2025-04-02,개,믹스견,수컷,경상남도 산청군,산청동물보호센터
2025-04-02,개,믹스견,암컷,경상남도 산청군,산청동물보호센터
2025-04-02,개,믹스견,암컷,경상남도 의령군,의령군 동물보호센터
2025-04-02,개,믹스견,암컷,경상남도 거제시,거제시유기동물보호소
2025-04-02,개,믹스견,암컷,경상남도 거제시,거제시유기동물보호소
2025-04-02,개,믹스견,수컷,경상남도 진주시,진주시동물보호센터
2025-04-02,개,믹스견,수컷,경상북도 경주시,경주동물사랑보호센터
2025-04-02,개,믹스견,암컷,경상북도 경주시,경주동물사랑보호센터
2025-04-02,개,믹스견,암컷,경상북도 경주시,경주동물사랑보호센터
2025-04-02,개,믹스견,수컷,경상북도 포항시,(사)영일동물플러스
2025-04-02,개,믹스견,암컷,경상북도 포항시,(사)영일동물플러스
2025-04-02,개,믹스견,암컷,전라남도 장성군,장성군동물보호센터
2025-04-02,개,말티즈,수컷,전라남도 강진군,강진군 유기견 보호소
2025-04-02,개,믹스견,수컷,전라남도 나주시,나주유기동물보호센터
2025-04-02,개,믹스견,수컷,전북특별자치도 부안군,부안군 동물보호센터
2025-04-02,개,믹스견,암컷,전북특별자치도 남원시,인월동물병원
2025-04-02,개,골든 리트리버,수컷,전북특별자치도 정읍시,정읍시 동물보호소
2025-04-02,개,믹스견,수컷,전북특별자치도 정읍시,정읍시 동물보호소
2025-04-02,개,믹스견,암컷,전북특별자치도 정읍시,정읍시 동물보호소
2025-04-02,개,믹스견,수컷,전북특별자치도 정읍시,정읍시 동물보호소
2025-04-02,개,믹스견,암컷,전북특별자치도 정읍시,정읍시 동물보호소
2025-04-02,개,믹스견,수컷,전북특별자치도 정읍시,정읍시 동물보호소
2025-04-02,개,푸들,암컷,전북특별자치도 전주시,링크늘푸른동물병원
2025-04-02,개,믹스견,암컷,충청남도 홍성군,금일동물보호센터
2025-04-02,개,믹스견,암컷,충청남도 홍성군,금일동물보호센터
2025-04-02,개,믹스견,수컷,충청남도 홍성군,금일동물보호센터
2025-04-02,개,믹스견,수컷,충청남도 홍성군,금일동물보호센터
2025-04-02,개,믹스견,암컷,충청남도 홍성군,금일동물보호센터
2025-04-02,개,믹스견,암컷,충청남도 부여군,남부여동물보호소
2025-04-02,개,믹스견,암컷,충청북도 청주시,반려동물보호센터
2025-04-02,개,믹스견,수컷,강원특별자치도 고성군,유기견임시보호소
2025-04-02,개,말티즈 믹스 추정,암컷,강원특별자치도 철원군,철원군
2025-04-02,개,말티즈,암컷,강원특별자치도 평창군,평창군유기동물보호소
2025-04-02,개,믹스견,수컷,강원특별자치도 평창군,평창군유기동물보호소
2025-04-02,개,믹스견,암컷,경기도 여주시,위더스 동물보호센터
2025-04-02,개,믹스견,암컷,경기도 여주시,위더스 동물보호센터
2025-04-02,개,믹스견,암컷,경기도 여주시,위더스 동물보호센터
2025-04-02,개,믹스견,수컷,경기도 여주시,위더스 동물보호센터
2025-04-02,개,말티즈,암컷,경기도 여주시,위더스 동물보호센터
2025-04-02,개,믹스견,암컷,경기도 여주시,위더스 동물보호센터
2025-04-02,개,스피츠,암컷,경기도 화성시,화성동물보호센터
2025-04-02,개,믹스견,암컷,경기도 화성시,화성동물보호센터
2025-04-02,개,믹스견,수컷,경기도 시흥시,시흥동물누리보호센터
2025-04-02,개,믹스견,암컷,경기도 시흥시,시흥동물누리보호센터
2025-04-02,개,믹스견,암컷,경기도 오산시,오산 유기동물보호소
2025-04-02,개,믹스견,수컷,경기도 남양주시,남양주시동물보호센터
2025-04-02,개,믹스견,수컷,경기도 평택시,평택시유기동물보호소
2025-04-02,기타,닭,암컷,경기도 평택시,평택시유기동물보호소
2025-04-02,기타,토끼,수컷,경기도 부천시,가나동물병원
2025-04-02,고양이,한국 고양이,암컷,인천광역시 서구,우리동물병원
2025-04-02,고양이,한국 고양이,수컷,대구광역시 수성구,세인트동물병원
2025-04-02,개,포메라니안,수컷,서울특별시 동대문구,동대문구청
2025-04-02,개,스피츠,수컷,서울특별시 동대문구,동대문구청
2025-04-01,개,믹스견,수컷,전라남도 장흥군,장흥군 동물보호센터
2025-04-01,개,믹스견,미상,인천광역시 강화군,디디동물병원
2025-04-01,개,삽살개,수컷,강원특별자치도 횡성군,횡성유기동물보호센터
2025-04-01,개,믹스견,수컷,경상남도 하동군,하동군유기동물보호소
2025-04-01,개,말티즈,수컷,대전광역시 동구,대전동물보호센터
2025-04-01,개,믹스견,미상,전라남도 곡성군,곡성군동물보호소
2025-04-01,개,믹스견,수컷,전북특별자치도 익산시,익산유기동물보호소
2025-04-01,개,믹스견,암컷,충청남도 논산시,논산시 동물보호센터
2025-04-01,개,믹스견,수컷,인천광역시 계양구,신영재동물병원
2025-04-01,개,믹스견,암컷,경상북도 문경시,종합축산
2025-04-01,개,믹스견,수컷,경상북도 영주시,영주시 동물보호센터
2025-04-01,개,믹스견,수컷,경상북도 구미시,구미시 동물보호센터
2025-04-01,개,믹스견,암컷,전라남도 영광군,영광동물보호센터
2025-04-01,고양이,믹스묘,암컷,전라남도 영광군,영광동물보호센터
2025-04-01,고양이,한국 고양이,수컷,전라남도 영광군,영광동물보호센터
2025-04-01,개,믹스견,수컷,전라남도 해남군,해남유기동물보호센터
2025-04-01,개,시바,암컷,전라남도 보성군,보성유기동물보호센터
2025-04-01,개,믹스견,수컷,전북특별자치도 군산시,군산유기동물보호센터
2025-04-01,고양이,믹스묘,암컷,전북특별자치도 군산시,군산유기동물보호센터
2025-04-01,개,믹스견,암컷,전북특별자치도 군산시,군산유기동물보호센터
2025-04-01,개,믹스견,수컷,전북특별자치도 군산시,군산유기동물보호센터
2025-04-01,개,포메라니안,수컷,충청남도 공주시,공주시 동물보호센터
2025-04-01,개,믹스견,수컷,충청북도 충주시,충주시동물보호센터
2025-04-01,개,믹스견,암컷,충청북도 충주시,충주시동물보호센터
2025-04-01,개,보더 콜리,수컷,충청북도 충주시,충주시동물보호센터
2025-04-01,개,믹스견,수컷,경기도 안성시,안성시 동물보호센터
2025-04-01,개,시츄,수컷,경기도 고양시,고양시동물보호센터
2025-04-01,개,치와와,암컷,울산광역시 울주군,울산유기동물보호센터
2025-04-01,개,믹스견,암컷,인천광역시 강화군,디디동물병원
2025-04-01,개,믹스견,수컷,인천광역시 강화군,디디동물병원
2025-04-01,고양이,한국 고양이,미상,인천광역시 강화군,디디동물병원
2025-04-01,개,포메라니안,수컷,인천광역시 미추홀구,인천광역시수의사회
2025-04-01,개,믹스견,수컷,대구광역시 군위군,군위종합동물병원
2025-04-01,개,포메라니안,수컷,부산광역시 북구,부산동물보호센터
2025-04-01,개,말티즈,수컷,부산광역시 부산진구,동물보호관리협회
2025-04-01,개,믹스견,암컷,경상남도 거창군,나래동물병원
2025-04-01,개,믹스견,암컷,경상남도 거제시,거제시유기동물보호소
2025-04-01,개,믹스견,수컷,경상남도 밀양시,밀양시 동물보호센터
2025-04-01,개,믹스견,암컷,경상남도 사천시,사천시 동물보호센터
2025-04-01,개,믹스견,수컷,경상남도 사천시,사천시 동물보호센터
2025-04-01,개,믹스견,암컷,경상남도 사천시,사천시 동물보호센터
2025-04-01,개,믹스견,암컷,경상북도 청도군,청도군동물보호센터
2025-04-01,개,믹스견,수컷,경상북도 청도군,청도군동물보호센터
2025-04-01,개,라이카,수컷,경상북도 영덕군,영덕유기동물보호센터
2025-04-01,개,믹스견,암컷,경상북도 김천시,김천시 동물보호센터
2025-04-01,개,믹스견,암컷,경상북도 김천시,김천시 동물보호센터
2025-04-01,개,믹스견,암컷,경상북도 김천시,김천시 동물보호센터
2025-04-01,개,믹스견,암컷,경상북도 김천시,김천시 동물보호센터
2025-04-01,개,믹스견,암컷,경상북도 김천시,김천시 동물보호센터
2025-04-01,개,믹스견,수컷,경상북도 김천시,김천시 동물보호센터
2025-04-01,개,믹스견,수컷,경상북도 김천시,김천시 동물보호센터
2025-04-01,개,믹스견,수컷,경상북도 김천시,김천시 동물보호센터
2025-04-01,개,믹스견,수컷,전북특별자치도 부안군,부안군 동물보호센터
2025-04-01,개,믹스견,수컷,전북특별자치도 고창군,더나은동물병원
2025-04-01,개,믹스견,수컷,전북특별자치도 고창군,더나은동물병원
2025-04-01,개,믹스견,수컷,전북특별자치도 김제시,전북말산업복합센터
2025-04-01,개,믹스견,수컷,전북특별자치도 김제시,전북말산업복합센터
2025-04-01,개,믹스견,수컷,전북특별자치도 정읍시,정읍시 동물보호소
2025-04-01,개,믹스견,암컷,전북특별자치도 익산시,익산유기동물보호소
2025-04-01,개,푸들,암컷,전북특별자치도 전주시,효자동물병원
2025-04-01,개,믹스견,수컷,충청남도 홍성군,금일동물보호센터
2025-04-01,개,믹스견,암컷,충청남도 부여군,남부여동물보호소
2025-04-01,개,믹스견,수컷,충청남도 부여군,남부여동물보호소
2025-04-01,개,믹스견,수컷,충청북도 청주시,반려동물보호센터
2025-04-01,개,믹스견,암컷,충청북도 청주시,반려동물보호센터
2025-04-01,개,믹스견,암컷,충청북도 청주시,반려동물보호센터
2025-04-01,개,믹스견,암컷,충청북도 청주시,반려동물보호센터
2025-04-01,개,믹스견,수컷,충청북도 음성군,금왕동물병원
2025-04-01,고양이,믹스묘,암컷,충청북도 음성군,금왕동물병원
2025-04-01,고양이,스코티시폴드믹스,암컷,충청북도 제천시,제천시 동물보호센터
2025-04-01,개,라브라도 리트리버,수컷,경기도 광주시,광주TNR동물병원초월
2025-04-01,개,믹스견,수컷,경기도 파주시,한국동물구조관리협회
2025-04-01,개,믹스견,수컷,경기도 용인시,용인시 동물보호센터
2025-04-01,개,믹스견,암컷,경기도 용인시,용인시 동물보호센터
2025-04-01,개,믹스견,수컷,경기도 용인시,용인시 동물보호센터
2025-04-01,개,믹스견,암컷,경기도 용인시,용인시 동물보호센터
2025-04-01,개,믹스견,수컷,경기도 군포시,한국야생동물보호협회
2025-04-01,기타,토끼,미상,경기도 시흥시,시흥동물누리보호센터
2025-04-01,개,믹스견,암컷,경기도 남양주시,남양주시동물보호센터
2025-04-01,개,믹스견,수컷,경기도 남양주시,남양주시동물보호센터
2025-04-01,개,믹스견,암컷,경기도 고양시,고양시동물보호센터
2025-04-01,개,푸들,수컷,경기도 평택시,평택시유기동물보호소
2025-04-01,개,믹스견,암컷,경기도 평택시,평택시유기동물보호소
2025-04-01,개,말티즈,수컷,경기도 부천시,정샘동물병원
2025-04-01,개,믹스견,수컷,경기도 안양시,한국야생동물보호협회
2025-04-01,개,믹스견,암컷,대전광역시 서구,대전동물보호센터
2025-04-01,고양이,한국 고양이,암컷,대구광역시 수성구,세인트동물병원
2025-04-01,개,믹스견,암컷,강원특별자치도 동해시,동해시동물보호센터
2025-03-31,개,믹스견,암컷,경상남도 합천군,태민동물보호센터
2025-03-31,개,믹스견,암컷,경상남도 합천군,태민동물보호센터
2025-03-31,개,삽살개,수컷,강원특별자치도 홍천군,홍천군유기동물보호소
2025-03-31,개,믹스견,수컷,경상북도 영천시,영천유기동물보호센터
2025-03-31,개,믹스견,수컷,경상북도 영천시,영천유기동물보호센터
2025-03-31,고양이,한국 고양이,수컷,부산광역시 영도구,부산동물보호센터
2025-03-31,개,믹스견,암컷,전라남도 완도군,유기동물임시보호센터
2025-03-31,개,믹스견,수컷,전북특별자치도 군산시,군산유기동물보호센터
2025-03-31,개,믹스견,암컷,전북특별자치도 군산시,군산유기동물보호센터
2025-03-31,개,믹스견,암컷,전북특별자치도 군산시,군산유기동물보호센터
2025-03-31,개,믹스견,수컷,인천광역시 계양구,신영재동물병원
2025-03-31,개,믹스견,수컷,인천광역시 계양구,신영재동물병원
2025-03-31,개,믹스견,암컷,인천광역시 계양구,신영재동물병원
2025-03-31,개,믹스견,암컷,인천광역시 계양구,신영재동물병원
2025-03-31,개,믹스견,수컷,인천광역시 계양구,신영재동물병원
2025-03-31,고양이,믹스묘,수컷,부산광역시 수영구,(사)동부동물보호협회
2025-03-31,고양이,믹스묘,수컷,부산광역시 수영구,(사)동부동물보호협회
2025-03-31,고양이,한국 고양이,미상,부산광역시 북구,부산동물보호센터
2025-03-31,개,믹스견,수컷,제주특별자치도 제주특별자치도,제주 동물보호센터
2025-03-31,개,믹스견,수컷,경상남도 하동군,하동군유기동물보호소
2025-03-31,개,핏불테리어,미상,경상남도 고성군,고성군유기동물보호소
2025-03-31,개,믹스견,암컷,경상남도 양산시,양산시 동물보호센터
2025-03-31,고양이,한국 고양이,암컷,경상남도 김해시,(사)동물보호관리협회
2025-03-31,개,믹스견,암컷,경상남도 김해시,(사)동물보호관리협회
2025-03-31,개,믹스견,암컷,경상남도 김해시,(사)동물보호관리협회
2025-03-31,개,믹스견,암컷,충청남도 논산시,논산시 동물보호센터
2025-03-31,개,믹스견,수컷,경기도 화성시,화성동물보호센터
2025-03-31,개,믹스견,암컷,경기도 고양시,고양시동물보호센터
2025-03-31,개,믹스견,암컷,울산광역시 울주군,울산유기동물보호센터
2025-03-31,개,웰시 코기 펨브로크,암컷,대전광역시 서구,대전동물보호센터
2025-03-31,개,라브라도 리트리버,수컷,인천광역시 남동구,인천광역시수의사회
2025-03-31,고양이,한국 고양이,미상,부산광역시 중구,부산동물보호센터
2025-03-31,개,믹스견,수컷,세종특별자치시 세종특별자치시,세종유기동물보호센터
2025-03-31,개,믹스견,수컷,경상남도 창원시,창원유기동물보호소
2025-03-31,개,믹스견,암컷,경상남도 산청군,산청동물보호센터
2025-03-31,개,푸들,암컷,경상남도 거제시,거제시유기동물보호소
2025-03-31,개,믹스견,암컷,경상남도 진주시,진주시동물보호센터
2025-03-31,개,믹스견,암컷,경상북도 고령군,고령군 유기견 보호소
2025-03-31,개,믹스견,수컷,경상북도 고령군,고령군 유기견 보호소
2025-03-31,개,믹스견,암컷,경상북도 의성군,의성동물보호센터
2025-03-31,개,믹스견,수컷,경상북도 의성군,의성동물보호센터
2025-03-31,개,믹스견,암컷,경상북도 의성군,의성동물보호센터
2025-03-31,개,믹스견,수컷,경상북도 의성군,의성동물보호센터
2025-03-31,개,믹스견,수컷,경상북도 의성군,의성동물보호센터
2025-03-31,개,믹스견,암컷,경상북도 의성군,의성동물보호센터
2025-03-31,개,믹스견,수컷,경상북도 의성군,의성동물보호센터
2025-03-31,개,믹스견,암컷,경상북도 의성군,의성동물보호센터
2025-03-31,개,믹스견,수컷,경상북도 의성군,의성동물보호센터
2025-03-31,개,믹스견,수컷,경상북도 의성군,의성동물보호센터
2025-03-31,개,믹스견,암컷,경상북도 의성군,의성동물보호센터
2025-03-31,개,믹스견,암컷,경상북도 경산시,경산시유기동물보호소
2025-03-31,개,포메라니안,암컷,경상북도 포항시,(사)영일동물플러스
2025-03-31,개,믹스견,수컷,전라남도 장성군,장성군동물보호센터
2025-03-31,개,믹스견,암컷,전라남도 광양시,광양시 임시보호소
2025-03-31,개,믹스견,수컷,전라남도 순천시,순천시유기동물보호소
2025-03-31,개,믹스견,암컷,전라남도 순천시,순천시유기동물보호소
2025-03-31,개,믹스견,암컷,전북특별자치도 김제시,전북말산업복합센터
2025-03-31,개,믹스견,수컷,전북특별자치도 김제시,전북말산업복합센터
2025-03-31,개,믹스견,수컷,전북특별자치도 전주시,프렌즈동물병원
2025-03-31,개,믹스견,암컷,전북특별자치도 전주시,효자동물병원
2025-03-31,개,믹스견,수컷,전북특별자치도 전주시,링크늘푸른동물병원
2025-03-31,개,푸들,수컷,충청남도 홍성군,금일동물보호센터
2025-03-31,개,푸들,암컷,충청남도 홍성군,금일동물보호센터
2025-03-31,개,믹스견,암컷,충청남도 논산시,논산시 동물보호센터
2025-03-31,개,푸들,수컷,충청북도 청주시,반려동물보호센터
2025-03-31,개,믹스견,수컷,충청북도 청주시,반려동물보호센터
2025-03-31,개,믹스견,수컷,충청북도 청주시,반려동물보호센터
2025-03-31,개,믹스견,암컷,충청북도 청주시,반려동물보호센터
2025-03-31,개,믹스견,수컷,충청북도 음성군,금왕동물병원
2025-03-31,개,믹스견,암컷,충청북도 음성군,금왕동물병원
2025-03-31,개,믹스견,암컷,충청북도 음성군,금왕동물병원
2025-03-31,개,믹스견,암컷,충청북도 음성군,금왕동물병원
2025-03-31,개,믹스견,수컷,충청북도 음성군,금왕동물병원
2025-03-31,개,믹스견,수컷,충청북도 음성군,금왕동물병원
2025-03-31,개,믹스견,수컷,충청북도 음성군,금왕동물병원
2025-03-31,개,믹스견,수컷,충청북도 음성군,금왕동물병원
2025-03-31,개,믹스견,수컷,경기도 화성시,화성동물보호센터
2025-03-31,개,믹스견,수컷,경기도 화성시,화성동물보호센터
2025-03-31,개,믹스견,암컷,경기도 화성시,화성동물보호센터
2025-03-31,개,믹스견,수컷,경기도 양평군,양평군유기동물보호소
2025-03-31,개,믹스견,수컷,경기도 시흥시,시흥동물누리보호센터
2025-03-31,개,믹스견,수컷,경기도 안산시,한국야생동물보호협회
2025-03-31,개,믹스견,암컷,경기도 평택시,평택시유기동물보호소
2025-03-31,개,믹스견,수컷,경기도 평택시,평택시유기동물보호소
2025-03-31,개,믹스견,수컷,경기도 평택시,평택시유기동물보호소
2025-03-31,개,믹스견,수컷,경기도 평택시,평택시유기동물보호소
2025-03-31,개,믹스견,수컷,광주광역시 광산구,광주동물보호센터
2025-03-31,개,믹스견,수컷,대구광역시 군위군,군위종합동물병원
2025-03-30,고양이,한국 고양이,암컷,부산광역시 영도구,부산동물보호센터
2025-03-30,개,믹스견,수컷,인천광역시 계양구,신영재동물병원
2025-03-30,개,믹스견,수컷,인천광역시 계양구,신영재동물병원
2025-03-30,개,믹스견,암컷,전북특별자치도 익산시,익산유기동물보호소
2025-03-30,개,믹스견,암컷,전북특별자치도 익산시,익산유기동물보호소
2025-03-30,개,믹스견,수컷,전북특별자치도 익산시,익산유기동물보호소
2025-03-30,개,믹스견,암컷,전북특별자치도 익산시,익산유기동물보호소
2025-03-30,개,믹스견,암컷,전북특별자치도 익산시,익산유기동물보호소
2025-03-30,개,믹스견,암컷,충청남도 보령시,보령시유기동물보호소
2025-03-30,고양이,한국 고양이,미상,부산광역시 북구,부산동물보호센터
2025-03-30,고양이,한국 고양이,미상,부산광역시 북구,부산동물보호센터
2025-03-30,개,믹스견,수컷,경상북도 안동시,유기동물보호센터
2025-03-30,개,믹스견,암컷,경상북도 안동시,유기동물보호센터
2025-03-30,개,푸들,암컷,전라남도 나주시,나주유기동물보호센터
2025-03-30,개,믹스견,암컷,전북특별자치도 부안군,부안군 동물보호센터
2025-03-30,개,믹스견,암컷,전북특별자치도 부안군,부안군 동물보호센터
2025-03-30,개,믹스견,암컷,전북특별자치도 부안군,부안군 동물보호센터
2025-03-30,개,믹스견,암컷,전북특별자치도 부안군,부안군 동물보호센터
2025-03-30,개,믹스견,암컷,전북특별자치도 부안군,부안군 동물보호센터
2025-03-30,개,믹스견,암컷,전북특별자치도 부안군,부안군 동물보호센터
2025-03-30,개,믹스견,수컷,인천광역시 미추홀구,인천광역시수의사회
2025-03-30,개,믹스견,암컷,부산광역시 사하구,(사)하얀비둘기
2025-03-30,고양이,한국 고양이,암컷,부산광역시 중구,부산동물보호센터
2025-03-30,고양이,믹스묘,암컷,전북특별자치도 군산시,군산유기동물보호센터
2025-03-30,개,믹스견,수컷,충청북도 음성군,금왕동물병원
2025-03-30,개,불독,수컷,충청북도 제천시,제천시 동물보호센터
2025-03-30,개,진도견,수컷,경기도 이천시,위더스 동물보호센터
2025-03-30,고양이,한국 고양이,수컷,경기도 이천시,위더스 동물보호센터
2025-03-30,고양이,한국 고양이,암컷,경기도 이천시,위더스 동물보호센터
2025-03-30,개,믹스견,암컷,경기도 이천시,위더스 동물보호센터
2025-03-30,개,믹스견,암컷,경기도 이천시,위더스 동물보호센터
2025-03-30,개,믹스견,수컷,경기도 남양주시,남양주시동물보호센터
2025-03-30,개,치와와,수컷,경기도 부천시,24시아이동물메디컬
2025-03-30,고양이,한국 고양이,수컷,경기도 성남시,펫앤쉘터동물병원
2025-03-29,개,믹스견,수컷,부산광역시 기장군,사단법인 동부
2025-03-29,개,믹스견,수컷,경상남도 양산시,양산시 동물보호센터
2025-03-29,개,믹스견,암컷,경상남도 김해시,(사)동물보호관리협회
2025-03-29,개,믹스견,암컷,충청남도 논산시,논산시 동물보호센터
2025-03-29,개,믹스견,수컷,충청남도 논산시,논산시 동물보호센터
2025-03-29,개,믹스견,수컷,충청남도 논산시,논산시 동물보호센터
2025-03-29,개,믹스견,수컷,인천광역시 서구,우리동물병원
2025-03-29,개,믹스견,암컷,경상남도 창녕군,창녕 유기동물보호소
2025-03-29,개,믹스견,암컷,경상남도 거제시,거제시유기동물보호소
2025-03-29,개,믹스견,수컷,경상북도 영덕군,영덕유기동물보호센터
2025-03-29,개,믹스견,수컷,경상북도 포항시,(사)영일동물플러스
2025-03-29,개,믹스견,수컷,경상북도 포항시,(사)영일동물플러스
2025-03-29,개,믹스견,수컷,강원특별자치도 춘천시,춘천시 동물보호센터
2025-03-29,개,믹스견,수컷,경기도 양평군,양평군유기동물보호소
2025-03-29,고양이,아비시니안,수컷,경기도 부천시,정샘동물병원
2025-03-29,개,믹스견,수컷,경기도 부천시,가나동물병원
2025-03-28,개,믹스견,암컷,강원특별자치도 영월군,영월군 동물보호센터
2025-03-28,개,믹스견,암컷,강원특별자치도 횡성군,횡성유기동물보호센터
2025-03-28,개,믹스견,암컷,부산광역시 북구,부산동물보호센터
2025-03-28,개,믹스견,암컷,경상남도 김해시,(사)동물보호관리협회
2025-03-28,개,믹스견,암컷,전북특별자치도 임실군,임실유기동물보호센터
2025-03-28,개,믹스견,수컷,충청남도 공주시,공주시 동물보호센터
2025-03-28,개,치와와,수컷,인천광역시 미추홀구,인천광역시수의사회
2025-03-28,고양이,한국 고양이,암컷,부산광역시 중구,부산동물보호센터
2025-03-28,고양이,한국 고양이,미상,부산광역시 중구,부산동물보호센터
2025-03-28,개,믹스견,수컷,제주특별자치도 제주특별자치도,제주 동물보호센터
2025-03-28,개,믹스견,수컷,전라남도 해남군,해남유기동물보호센터
2025-03-28,개,믹스견,암컷,전북특별자치도 익산시,익산유기동물보호소
2025-03-28,개,믹스견,수컷,전북특별자치도 익산시,익산유기동물보호소
2025-03-28,개,믹스견,수컷,충청북도 충주시,충주시동물보호센터
2025-03-28,개,말티즈,수컷,울산광역시 동구,울산유기동물보호센터
2025-03-28,개,믹스견,수컷,대구광역시 군위군,군위종합동물병원
2025-03-28,개,믹스견,수컷,경상남도 창원시,창원유기동물보호소
2025-03-28,개,믹스견,수컷,경상남도 양산시,양산시 동물보호센터
2025-03-28,개,믹스견,수컷,경상남도 사천시,사천시 동물보호센터
2025-03-28,개,믹스견,수컷,경상북도 봉화군,봉화군유기동물보호소
2025-03-28,개,믹스견,수컷,경상북도 봉화군,봉화군유기동물보호소
2025-03-28,개,포메라니안믹스견,암컷,경상북도 성주군,성주유기동물보호센터
2025-03-28,개,믹스견,암컷,경상북도 청도군,청도군동물보호센터
2025-03-28,개,믹스견,암컷,경상북도 청도군,청도군동물보호센터
2025-03-28,개,믹스견,수컷,경상북도 청도군,청도군동물보호센터
2025-03-28,개,믹스견,수컷,경상북도 청도군,청도군동물보호센터
2025-03-28,개,풍산견,수컷,경상북도 영덕군,영덕유기동물보호센터
2025-03-28,개,믹스견,암컷,경상북도 영덕군,영덕유기동물보호센터
2025-03-28,개,믹스견,암컷,경상북도 영덕군,영덕유기동물보호센터
2025-03-28,개,믹스견,수컷,경상북도 영덕군,영덕유기동물보호센터
2025-03-28,개,믹스견,암컷,경상북도 영덕군,영덕유기동물보호센터
2025-03-28,개,믹스견,수컷,경상북도 김천시,김천시 동물보호센터
2025-03-28,개,믹스견,암컷,경상북도 포항시,(사)영일동물플러스
2025-03-28,개,치와와,수컷,경상북도 포항시,(사)영일동물플러스
2025-03-28,개,믹스견,암컷,전라남도 신안군,신안군유기동물보호소
2025-03-28,개,믹스견,암컷,전라남도 신안군,신안군유기동물보호소
2025-03-28,개,포인터,수컷,전라남도 함평군,학교임시동물보호센터
2025-03-28,개,믹스견,암컷,전라남도 광양시,광양시 임시보호소
2025-03-28,개,믹스견,암컷,전라남도 순천시,순천시유기동물보호소
2025-03-28,개,믹스견,암컷,전라남도 순천시,순천시유기동물보호소
2025-03-28,개,믹스견,암컷,전라남도 순천시,순천시유기동물보호소
2025-03-28,개,믹스견,암컷,전라남도 순천시,순천시유기동물보호소
2025-03-28,고양이,믹스묘,수컷,전북특별자치도 군산시,군산유기동물보호센터
2025-03-28,개,믹스견,암컷,전북특별자치도 전주시,21세기동물병원
2025-03-28,개,믹스견,암컷,충청남도 당진시,당진시동물보호소
2025-03-28,개,믹스견,수컷,충청남도 당진시,당진시동물보호소
2025-03-28,개,믹스견,수컷,충청남도 부여군,남부여동물보호소
2025-03-28,개,푸들,수컷,충청남도 서산시,서산시 동물보호센터
2025-03-28,개,포메라니안,수컷,충청남도 아산시,아산동물복지지원센터
2025-03-28,고양이,한국 고양이,수컷,충청남도 보령시,보령길고양이보호협회
2025-03-28,고양이,믹스묘,수컷,충청북도 음성군,금왕동물병원
2025-03-28,고양이,믹스묘,암컷,충청북도 음성군,금왕동물병원
2025-03-28,고양이,믹스묘,암컷,충청북도 음성군,금왕동물병원
2025-03-28,고양이,믹스묘,수컷,충청북도 음성군,금왕동물병원
2025-03-28,고양이,믹스묘,암컷,충청북도 음성군,금왕동물병원
2025-03-28,개,믹스견,암컷,강원특별자치도 철원군,철원군
2025-03-28,개,믹스견,수컷,경기도 군포시,한국야생동물보호협회
2025-03-28,개,믹스견,암컷,경기도 평택시,평택시유기동물보호소
2025-03-28,개,믹스견,수컷,경기도 평택시,평택시유기동물보호소
2025-03-28,개,믹스견,암컷,경기도 평택시,평택시유기동물보호소
2025-03-28,개,믹스견,수컷,인천광역시 강화군,디디동물병원
2025-03-28,개,믹스견,수컷,대구광역시 군위군,군위종합동물병원
2025-03-28,개,믹스견,수컷,대구광역시 군위군,군위종합동물병원
2025-03-28,개,믹스견,수컷,대구광역시 군위군,군위종합동물병원
2025-03-28,개,믹스견,수컷,대구광역시 군위군,군위종합동물병원
2025-03-28,개,믹스견,수컷,대구광역시 군위군,군위종합동물병원
2025-03-28,개,믹스견,암컷,대구광역시 군위군,군위종합동물병원
2025-03-27,개,진도견,수컷,경상남도 거창군,나래동물병원
2025-03-27,개,말라뮤트,수컷,경상북도 안동시,유기동물보호센터
2025-03-27,개,말라뮤트,수컷,경상북도 안동시,유기동물보호센터
2025-03-27,개,믹스견,미상,경상북도 안동시,유기동물보호센터
2025-03-27,개,믹스견,수컷,경상북도 안동시,유기동물보호센터
2025-03-27,개,믹스견,암컷,부산광역시 해운대구,동부유기동물보호협회
2025-03-27,개,믹스견,수컷,부산광역시 해운대구,동부유기동물보호협회
2025-03-27,개,믹스견,수컷,부산광역시 해운대구,동부유기동물보호협회
2025-03-27,개,믹스견,암컷,경기도 광주시,광주TNR동물병원초월
2025-03-27,개,믹스견,수컷,전라남도 해남군,해남유기동물보호센터
2025-03-27,개,믹스견,암컷,전라남도 해남군,해남유기동물보호센터
2025-03-27,개,믹스견,수컷,전라남도 해남군,해남유기동물보호센터
2025-03-27,개,믹스견,암컷,전라남도 해남군,해남유기동물보호센터
2025-03-27,개,믹스견,암컷,전라남도 강진군,강진군 유기견 보호소
2025-03-27,고양이,믹스묘,수컷,충청남도 아산시,아산동물복지지원센터
2025-03-27,개,믹스견,수컷,충청남도 공주시,공주시 동물보호센터
2025-03-27,개,믹스견,수컷,충청남도 공주시,공주시 동물보호센터
2025-03-27,개,믹스견,암컷,강원특별자치도 강릉시,강릉시 동물사랑센터
2025-03-27,고양이,한국 고양이,수컷,서울특별시 강동구,둔촌동물병원
2025-03-27,개,스피츠,수컷,서울특별시 동작구,디아크동물종합병원
2025-03-27,기타,돼지,수컷,세종특별자치시 세종특별자치시,세종유기동물보호센터
2025-03-27,개,믹스견,암컷,경상남도 창원시,창원유기동물보호소
2025-03-27,개,믹스견,수컷,경상남도 창원시,창원유기동물보호소
2025-03-27,개,믹스견,암컷,경상남도 합천군,태민동물보호센터
2025-03-27,개,믹스견,암컷,경상남도 합천군,태민동물보호센터
2025-03-27,개,믹스견,수컷,경상남도 합천군,태민동물보호센터
2025-03-27,개,믹스견,수컷,경상남도 합천군,태민동물보호센터
2025-03-27,개,믹스견,암컷,경상남도 합천군,태민동물보호센터
2025-03-27,개,믹스견,암컷,경상남도 남해군,남해군동물보호센터
2025-03-27,개,믹스견,암컷,경상남도 창녕군,창녕 유기동물보호소
2025-03-27,개,믹스견,암컷,경상남도 창녕군,창녕 유기동물보호소
2025-03-27,개,믹스견,암컷,경상남도 창녕군,창녕 유기동물보호소
2025-03-27,개,믹스견,수컷,경상남도 사천시,사천시 동물보호센터
2025-03-27,개,믹스견,암컷,경상남도 진주시,진주시동물보호센터
2025-03-27,개,믹스견,암컷,경상북도 김천시,김천시 동물보호센터
2025-03-27,개,믹스견,수컷,경상북도 김천시,김천시 동물보호센터
2025-03-27,개,믹스견,수컷,경상북도 김천시,김천시 동물보호센터
2025-03-27,개,믹스견,암컷,경상북도 포항시,(사)영일동물플러스
2025-03-27,개,믹스견,암컷,경상북도 포항시,(사)영일동물플러스
2025-03-27,개,믹스견,암컷,전라남도 고흥군,고흥군임시보호센터
2025-03-27,개,믹스견,암컷,전라남도 고흥군,고흥군임시보호센터
2025-03-27,개,믹스견,수컷,전라남도 고흥군,고흥군임시보호센터
2025-03-27,개,믹스견,암컷,전라남도 고흥군,고흥군임시보호센터
2025-03-27,개,믹스견,암컷,전라남도 고흥군,고흥군임시보호센터
2025-03-27,개,믹스견,수컷,전라남도 고흥군,고흥군임시보호센터
2025-03-27,개,믹스견,암컷,전라남도 고흥군,고흥군임시보호센터
2025-03-27,개,믹스견,수컷,전라남도 고흥군,고흥군임시보호센터
2025-03-27,개,믹스견,암컷,전라남도 고흥군,고흥군임시보호센터
2025-03-27,개,믹스견,암컷,전라남도 고흥군,고흥군임시보호센터
2025-03-27,개,믹스견,암컷,전라남도 고흥군,고흥군임시보호센터
2025-03-27,개,믹스견,암컷,전라남도 고흥군,고흥군임시보호센터
2025-03-27,개,믹스견,수컷,전라남도 고흥군,고흥군임시보호센터
2025-03-27,개,믹스견,암컷,전라남도 고흥군,고흥군임시보호센터
2025-03-27,개,믹스견,암컷,전라남도 고흥군,고흥군임시보호센터
2025-03-27,개,믹스견,암컷,전라남도 고흥군,고흥군임시보호센터
2025-03-27,개,믹스견,수컷,전라남도 고흥군,고흥군임시보호센터
2025-03-27,개,믹스견,암컷,전라남도 고흥군,고흥군임시보호센터
2025-03-27,개,믹스견,암컷,충청남도 홍성군,금일동물보호센터
2025-03-27,개,믹스견,수컷,충청남도 홍성군,금일동물보호센터
2025-03-27,개,믹스견,암컷,충청남도 홍성군,금일동물보호센터
2025-03-27,개,믹스견,암컷,충청북도 음성군,금왕동물병원
2025-03-27,개,믹스견,암컷,충청북도 음성군,금왕동물병원
2025-03-27,개,믹스견,수컷,충청북도 음성군,금왕동물병원
2025-03-27,개,믹스견,수컷,충청북도 음성군,금왕동물병원
2025-03-27,개,믹스견,암컷,경기도 화성시,화성동물보호센터
2025-03-27,개,믹스견,암컷,경기도 화성시,화성동물보호센터
2025-03-27,개,믹스견,수컷,경기도 화성시,화성동물보호센터
2025-03-27,개,믹스견,암컷,경기도 화성시,화성동물보호센터
2025-03-27,개,믹스견,수컷,경기도 화성시,화성동물보호센터
2025-03-27,개,푸들,수컷,경기도 시흥시,시흥동물누리보호센터
2025-03-27,개,말티즈,수컷,경기도 시흥시,시흥동물누리보호센터
2025-03-27,개,비숑 프리제,수컷,경기도 시흥시,시흥동물누리보호센터
2025-03-27,개,포메라니안,암컷,경기도 안산시,한국야생동물보호협회
2025-03-27,개,믹스견,암컷,경기도 평택시,평택시유기동물보호소
2025-03-27,개,믹스견,수컷,경기도 평택시,평택시유기동물보호소
2025-03-27,개,믹스견,수컷,경기도 평택시,평택시유기동물보호소
2025-03-27,개,믹스견,암컷,경기도 평택시,평택시유기동물보호소
2025-03-27,개,믹스견,수컷,울산광역시 북구,울산유기동물보호센터
2025-03-27,개,미니어쳐 핀셔,수컷,울산광역시 남구,울산유기동물보호센터
2025-03-27,개,진도견,암컷,인천광역시 서구,가정동물병원
2025-03-27,기타,토끼,미상,서울특별시 동대문구,동대문구청
2025-03-27,기타,토끼,미상,서울특별시 동대문구,동대문구청
2025-03-27,기타,토끼,미상,서울특별시 동대문구,동대문구청
2025-03-27,기타,토끼,미상,서울특별시 동대문구,동대문구청
2025-03-27,기타,토끼,미상,서울특별시 동대문구,동대문구청
2025-03-27,기타,토끼,미상,서울특별시 동대문구,동대문구청
2025-03-27,고양이,한국 고양이,암컷,서울특별시 동대문구,동대문구청
2025-03-27,고양이,한국 고양이,암컷,서울특별시 동대문구,동대문구청
2025-03-26,개,믹스견,수컷,전라남도 담양군,담양군 동물보호센터
2025-03-26,개,믹스견,암컷,전라남도 곡성군,곡성군동물보호소
2025-03-26,개,믹스견,수컷,대전광역시 중구,대전동물보호센터
2025-03-26,개,믹스견,수컷,경상북도 경산시,경산시유기동물보호소
2025-03-26,개,믹스견,암컷,경상남도 합천군,태민동물보호센터
2025-03-26,개,믹스견,암컷,경상남도 합천군,태민동물보호센터
2025-03-26,개,믹스견,수컷,경상남도 합천군,태민동물보호센터
2025-03-26,개,믹스견,암컷,경상남도 합천군,태민동물보호센터
2025-03-26,개,믹스견,수컷,경상남도 합천군,태민동물보호센터
2025-03-26,개,믹스견,암컷,경상남도 합천군,태민동물보호센터
2025-03-26,개,믹스견,수컷,경상남도 양산시,양산시 동물보호센터
2025-03-26,개,믹스견,수컷,경상남도 양산시,양산시 동물보호센터
2025-03-26,개,믹스견,수컷,경상남도 김해시,(사)동물보호관리협회
2025-03-26,개,믹스견,암컷,경상남도 김해시,(사)동물보호관리협회
2025-03-26,개,믹스견,수컷,경상북도 울진군,울진군동물보호센터
2025-03-26,개,믹스견,수컷,전라남도 해남군,해남유기동물보호센터
2025-03-26,개,믹스견,암컷,전라남도 해남군,해남유기동물보호센터
2025-03-26,개,믹스견,암컷,전라남도 해남군,해남유기동물보호센터
2025-03-26,개,믹스견,수컷,전라남도 해남군,해남유기동물보호센터
2025-03-26,개,믹스견,암컷,전라남도 해남군,해남유기동물보호센터
2025-03-26,개,믹스견,암컷,전북특별자치도 익산시,익산유기동물보호소
2025-03-26,개,캐벌리어 킹 찰스 스파니엘,수컷,충청남도 아산시,아산동물복지지원센터
2025-03-26,개,믹스견,수컷,경기도 안성시,안성시 동물보호센터
2025-03-26,개,믹스견,수컷,경기도 안성시,안성시 동물보호센터
2025-03-26,개,믹스견,암컷,경기도 파주시,한국동물구조관리협회
2025-03-26,개,믹스견,수컷,경기도 용인시,용인시 동물보호센터
2025-03-26,고양이,한국 고양이,수컷,경기도 수원시,수원시 동물보호센터
2025-03-26,개,믹스견,수컷,인천광역시 미추홀구,인천광역시수의사회
2025-03-26,개,믹스견,암컷,인천광역시 미추홀구,인천광역시수의사회
2025-03-26,개,믹스견,암컷,부산광역시 중구,부산동물보호센터
2025-03-26,개,푸들,암컷,강원특별자치도 춘천시,춘천시 동물보호센터
2025-03-26,개,믹스견,암컷,경상남도 창원시,창원유기동물보호소
2025-03-26,개,믹스견,암컷,경상남도 창녕군,창녕 유기동물보호소
2025-03-26,개,믹스견,수컷,경상남도 창녕군,창녕 유기동물보호소
2025-03-26,개,믹스견,암컷,경상남도 거제시,거제시유기동물보호소
2025-03-26,개,믹스견,암컷,경상남도 거제시,거제시유기동물보호소
2025-03-26,개,믹스견,암컷,경상남도 사천시,사천시 동물보호센터
2025-03-26,고양이,한국 고양이,수컷,경상북도 경산시,경산시유기동물보호소
2025-03-26,개,믹스견,암컷,경상북도 경산시,경산시유기동물보호소
2025-03-26,개,믹스견,암컷,경상북도 경산시,경산시유기동물보호소
2025-03-26,개,믹스견,수컷,경상북도 경산시,경산시유기동물보호소
2025-03-26,개,믹스견,수컷,경상북도 김천시,김천시 동물보호센터
2025-03-26,개,믹스견,암컷,경상북도 포항시,(사)영일동물플러스
2025-03-26,개,믹스견,암컷,경상북도 포항시,(사)영일동물플러스
2025-03-26,개,믹스견,암컷,경상북도 포항시,(사)영일동물플러스
2025-03-26,개,믹스견,암컷,경상북도 포항시,(사)영일동물플러스
2025-03-26,개,믹스견,수컷,경상북도 포항시,(사)영일동물플러스
2025-03-26,개,믹스견,암컷,전라남도 장성군,장성군동물보호센터
2025-03-26,개,믹스견,수컷,전라남도 장성군,장성군동물보호센터
2025-03-26,개,믹스견,암컷,전라남도 장성군,장성군동물보호센터
2025-03-26,개,푸들,암컷,전라남도 화순군,화순군유기동물보호소
2025-03-26,개,포메라니안,암컷,전라남도 목포시,목포시유기동물보호소
2025-03-26,개,믹스견,수컷,전라남도 목포시,목포시유기동물보호소
2025-03-26,개,믹스견,암컷,전라남도 목포시,목포시유기동물보호소
2025-03-26,개,믹스견,수컷,전북특별자치도 부안군,부안군 동물보호센터
2025-03-26,개,믹스견,암컷,전북특별자치도 김제시,전북말산업복합센터
2025-03-26,개,믹스견,암컷,강원특별자치도 고성군,유기견임시보호소
2025-03-26,개,믹스견,암컷,강원특별자치도 속초시,속초시유기동물보호소
2025-03-26,개,믹스견,수컷,경기도 화성시,화성동물보호센터
2025-03-26,개,믹스견,암컷,경기도 화성시,화성동물보호센터
2025-03-26,개,스탠다드 푸들,수컷,경기도 양평군,양평군유기동물보호소
2025-03-26,개,믹스견,암컷,경기도 고양시,고양시동물보호센터
2025-03-26,고양이,한국 고양이,수컷,경기도 평택시,평택시유기동물보호소
2025-03-26,개,믹스견,암컷,경기도 평택시,평택시유기동물보호소
2025-03-26,개,믹스견,암컷,경기도 평택시,평택시유기동물보호소
2025-03-26,개,믹스견,수컷,경기도 평택시,평택시유기동물보호소
2025-03-26,개,말티즈,수컷,경기도 평택시,평택시유기동물보호소
2025-03-25,기타,말,수컷,제주특별자치도 제주시,제주에니멀119(주)
2025-03-25,개,믹스견,암컷,경상북도 울진군,울진군동물보호센터
2025-03-25,개,믹스견,수컷,경상북도 울진군,울진군동물보호센터
2025-03-25,개,믹스견,암컷,전북특별자치도 익산시,익산유기동물보호소
2025-03-25,개,푸들,수컷,강원특별자치도 원주시,원주시동물보호센터
2025-03-25,고양이,믹스묘,암컷,부산광역시 해운대구,동부유기동물보호협회
2025-03-25,개,믹스견,수컷,경상북도 포항시,(사)영일동물플러스
2025-03-25,개,믹스견,수컷,전라남도 해남군,해남유기동물보호센터
2025-03-25,개,믹스견,수컷,전라남도 해남군,해남유기동물보호센터
2025-03-25,개,믹스견,암컷,충청남도 홍성군,금일동물보호센터
2025-03-25,개,믹스견,수컷,충청남도 홍성군,금일동물보호센터
2025-03-25,개,믹스견,수컷,충청남도 홍성군,금일동물보호센터
2025-03-25,개,믹스견,수컷,충청남도 홍성군,금일동물보호센터
2025-03-25,개,믹스견,수컷,충청남도 홍성군,금일동물보호센터
2025-03-25,개,믹스견,수컷,충청남도 홍성군,금일동물보호센터
2025-03-25,개,믹스견,암컷,충청남도 홍성군,금일동물보호센터
2025-03-25,개,믹스견,암컷,충청남도 홍성군,금일동물보호센터
2025-03-25,개,믹스견,암컷,충청남도 홍성군,금일동물보호센터
2025-03-25,개,믹스견,암컷,충청남도 논산시,논산시 동물보호센터
2025-03-25,개,믹스견,수컷,강원특별자치도 삼척시,삼척시동물보호센터
2025-03-25,개,믹스견,수컷,경기도 고양시,고양시동물보호센터
2025-03-25,개,믹스견,암컷,경기도 고양시,고양시동물보호센터
2025-03-25,개,믹스견,수컷,경기도 고양시,고양시동물보호센터
2025-03-25,개,믹스견,수컷,경기도 고양시,고양시동물보호센터
2025-03-25,개,믹스견,암컷,경기도 고양시,고양시동물보호센터
2025-03-25,개,믹스견,수컷,경기도 안산시,한국야생동물보호협회
2025-03-25,고양이,한국 고양이,수컷,경기도 안산시,한국야생동물보호협회
2025-03-25,개,믹스견,암컷,울산광역시 울주군,울산유기동물보호센터
2025-03-25,개,믹스견,수컷,인천광역시 옹진군,인천수의사회유기동물
2025-03-25,고양이,믹스묘,암컷,부산광역시 금정구,동부동물보호협회
2025-03-25,고양이,믹스묘,수컷,부산광역시 금정구,동부동물보호협회
2025-03-25,기타,말,수컷,제주특별자치도 제주시,제주에니멀119(주)
2025-03-25,개,믹스견,수컷,경상남도 의령군,의령군 동물보호센터
2025-03-25,개,믹스견,암컷,경상남도 의령군,의령군 동물보호센터
2025-03-25,개,믹스견,수컷,경상남도 사천시,사천시 동물보호센터
2025-03-25,개,믹스견,암컷,경상남도 사천시,사천시 동물보호센터
2025-03-25,개,믹스견,암컷,경상남도 사천시,사천시 동물보호센터
2025-03-25,개,믹스견,암컷,경상남도 진주시,진주시동물보호센터
2025-03-25,개,풍산견,수컷,경상남도 진주시,진주시동물보호센터
2025-03-25,개,믹스견,암컷,경상남도 진주시,진주시동물보호센터
2025-03-25,개,믹스견,수컷,경상북도 성주군,성주유기동물보호센터
2025-03-25,개,믹스견,암컷,경상북도 성주군,성주유기동물보호센터
2025-03-25,개,믹스견,수컷,경상북도 포항시,(사)영일동물플러스
2025-03-25,개,믹스견,암컷,경상북도 포항시,(사)영일동물플러스
2025-03-25,개,믹스견,암컷,전라남도 광양시,광양시 임시보호소
2025-03-25,개,믹스견,수컷,전라남도 순천시,순천시유기동물보호소
2025-03-25,개,비숑 프리제,암컷,전라남도 목포시,목포시유기동물보호소
2025-03-25,개,믹스견,암컷,전북특별자치도 완주군,완주군유기동물보호소
2025-03-25,개,믹스견,암컷,전북특별자치도 남원시,하나동물병원
2025-03-25,개,믹스견,수컷,전북특별자치도 정읍시,정읍시 동물보호소
2025-03-25,개,믹스견,수컷,전북특별자치도 정읍시,정읍시 동물보호소
2025-03-25,개,믹스견,암컷,전북특별자치도 정읍시,정읍시 동물보호소
2025-03-25,개,믹스견,수컷,전북특별자치도 전주시,박영재동물병원
2025-03-25,고양이,페르시안,암컷,충청북도 청주시,반려동물보호센터
2025-03-25,개,믹스견,암컷,충청북도 음성군,금왕동물병원
2025-03-25,개,믹스견,암컷,충청북도 음성군,금왕동물병원
2025-03-25,개,믹스견,암컷,충청북도 제천시,제천시 동물보호센터
2025-03-25,개,믹스견,수컷,충청북도 제천시,제천시 동물보호센터
2025-03-25,개,믹스견,수컷,강원특별자치도 동해시,동해시동물보호센터
2025-03-25,개,믹스견,암컷,경기도 광주시,광주TNR동물병원초월
2025-03-25,개,믹스견,암컷,경기도 광주시,광주TNR동물병원초월
2025-03-25,개,포메라니안,수컷,경기도 화성시,화성동물보호센터
2025-03-25,개,비글,암컷,경기도 화성시,화성동물보호센터
2025-03-25,개,믹스견,암컷,경기도 양평군,양평군유기동물보호소
2025-03-25,개,믹스견,암컷,경기도 양평군,양평군유기동물보호소
2025-03-25,개,믹스견,암컷,경기도 양평군,양평군유기동물보호소
2025-03-25,개,믹스견,암컷,경기도 양평군,양평군유기동물보호소
2025-03-25,개,믹스견,암컷,경기도 양평군,양평군유기동물보호소
2025-03-25,개,믹스견,암컷,경기도 양평군,양평군유기동물보호소
2025-03-25,개,믹스견,암컷,경기도 양평군,양평군유기동물보호소
2025-03-25,개,믹스견,암컷,경기도 양평군,양평군유기동물보호소
2025-03-25,개,믹스견,수컷,경기도 시흥시,시흥동물누리보호센터
2025-03-25,개,믹스견,수컷,경기도 시흥시,시흥동물누리보호센터
2025-03-25,개,믹스견,수컷,경기도 시흥시,시흥동물누리보호센터
2025-03-25,개,믹스견,암컷,경기도 시흥시,시흥동물누리보호센터
2025-03-25,개,믹스견,수컷,경기도 시흥시,시흥동물누리보호센터
2025-03-25,개,믹스견,암컷,경기도 시흥시,시흥동물누리보호센터
2025-03-25,개,믹스견,암컷,경기도 고양시,고양시동물보호센터
2025-03-25,개,믹스견,수컷,경기도 평택시,평택시유기동물보호소
2025-03-25,개,믹스견,암컷,경기도 평택시,평택시유기동물보호소
2025-03-25,개,믹스견,수컷,경기도 평택시,평택시유기동물보호소
2025-03-25,개,믹스견,암컷,경기도 평택시,평택시유기동물보호소
2025-03-25,개,믹스견,암컷,경기도 평택시,평택시유기동물보호소
2025-03-25,개,요크셔 테리어,암컷,경기도 평택시,평택시유기동물보호소
2025-03-25,개,믹스견,암컷,광주광역시 광산구,광주동물보호센터
2025-03-25,개,믹스견,수컷,광주광역시 광산구,광주동물보호센터
2025-03-25,개,믹스견,미상,인천광역시 강화군,디디동물병원
2025-03-25,고양이,한국 고양이,암컷,인천광역시 서구,우리동물병원
2025-03-24,개,진도견,암컷,충청북도 괴산군,괴산증평동물보호센터
2025-03-24,개,믹스견,수컷,전북특별자치도 진안군,진안군유기동물보호소
2025-03-24,개,믹스견,암컷,경상북도 영천시,영천유기동물보호센터
2025-03-24,개,믹스견,암컷,경상남도 양산시,양산시 동물보호센터
2025-03-24,개,믹스견,암컷,경상북도 울진군,울진군동물보호센터
2025-03-24,개,믹스견,암컷,경상북도 울진군,울진군동물보호센터
2025-03-24,개,믹스견,암컷,경상북도 울진군,울진군동물보호센터
2025-03-24,개,믹스견,암컷,경상북도 울진군,울진군동물보호센터
2025-03-24,개,믹스견,수컷,전라남도 해남군,해남유기동물보호센터
2025-03-24,개,믹스견,수컷,전라남도 여수시,유기동물보호소
2025-03-24,개,진도견,수컷,전북특별자치도 익산시,익산유기동물보호소
2025-03-24,개,믹스견,암컷,전북특별자치도 군산시,군산유기동물보호센터
2025-03-24,개,믹스견,수컷,충청남도 홍성군,금일동물보호센터
2025-03-24,개,믹스견,암컷,충청남도 논산시,논산시 동물보호센터
2025-03-24,개,믹스견,수컷,충청남도 보령시,보령시유기동물보호소
2025-03-24,개,믹스견,수컷,충청남도 보령시,보령시유기동물보호소
2025-03-24,개,말티즈,수컷,충청북도 제천시,제천시 동물보호센터
2025-03-24,개,믹스견,암컷,경기도 고양시,고양시동물보호센터
2025-03-24,개,믹스견,암컷,울산광역시 남구,울산유기동물보호센터
2025-03-24,개,믹스견,수컷,대전광역시 대덕구,대전동물보호센터
2025-03-24,개,믹스견,수컷,인천광역시 남동구,인천광역시수의사회
2025-03-24,개,믹스견,수컷,경상남도 사천시,사천시 동물보호센터
2025-03-24,개,믹스견,암컷,경상남도 사천시,사천시 동물보호센터
2025-03-24,개,믹스견,수컷,경상남도 진주시,진주시동물보호센터
2025-03-24,개,믹스견,암컷,경상남도 진주시,진주시동물보호센터
2025-03-24,개,믹스견,수컷,경상남도 진주시,진주시동물보호센터
2025-03-24,개,믹스견,수컷,경상남도 진주시,진주시동물보호센터
2025-03-24,개,믹스견,수컷,경상남도 진주시,진주시동물보호센터
2025-03-24,개,믹스견,암컷,경상남도 진주시,진주시동물보호센터
2025-03-24,개,믹스견,수컷,경상남도 진주시,진주시동물보호센터
2025-03-24,개,믹스견,수컷,경상남도 진주시,진주시동물보호센터
2025-03-24,개,믹스견,수컷,경상북도 봉화군,봉화군유기동물보호소
2025-03-24,개,믹스견,수컷,경상북도 고령군,고령군 유기견 보호소
2025-03-24,개,믹스견,수컷,경상북도 고령군,고령군 유기견 보호소
2025-03-24,개,믹스견,암컷,경상북도 고령군,고령군 유기견 보호소
2025-03-24,개,믹스견,수컷,경상북도 김천시,김천시 동물보호센터
2025-03-24,개,믹스견,암컷,전라남도 함평군,학교임시동물보호센터
2025-03-24,개,믹스견,수컷,전라남도 구례군,구례군동물보호센터
2025-03-24,개,믹스견,수컷,전라남도 목포시,목포시유기동물보호소
2025-03-24,개,믹스견,암컷,전북특별자치도 부안군,부안군 동물보호센터
2025-03-24,개,믹스견,수컷,전북특별자치도 부안군,부안군 동물보호센터
2025-03-24,개,믹스견,수컷,전북특별자치도 군산시,군산유기동물보호센터
2025-03-24,개,믹스견,암컷,전북특별자치도 군산시,군산유기동물보호센터
2025-03-24,고양이,믹스묘,수컷,전북특별자치도 군산시,군산유기동물보호센터
2025-03-24,개,믹스견,암컷,충청남도 당진시,당진시동물보호소
2025-03-24,개,믹스견,수컷,충청남도 부여군,남부여동물보호소
2025-03-24,개,믹스견,암컷,충청남도 서산시,서산시 동물보호센터
2025-03-24,개,믹스견,수컷,충청남도 아산시,아산동물복지지원센터
2025-03-24,개,시베리안 허스키,암컷,충청남도 천안시,천안시 동물보호센터
2025-03-24,개,믹스견,수컷,충청남도 천안시,천안시 동물보호센터
2025-03-24,개,푸들,수컷,충청남도 천안시,천안시 동물보호센터
2025-03-24,개,믹스견,암컷,충청북도 청주시,반려동물보호센터
2025-03-24,개,믹스견,암컷,충청북도 청주시,반려동물보호센터
2025-03-24,개,믹스견,수컷,충청북도 음성군,금왕동물병원
2025-03-24,개,믹스견,암컷,충청북도 음성군,금왕동물병원
2025-03-24,고양이,믹스묘,암컷,충청북도 음성군,금왕동물병원
2025-03-24,개,믹스견,암컷,충청북도 음성군,금왕동물병원
2025-03-24,개,믹스견,수컷,충청북도 음성군,금왕동물병원
2025-03-24,개,믹스견,암컷,충청북도 음성군,금왕동물병원
2025-03-24,개,푸들,수컷,강원특별자치도 강릉시,강릉시 동물사랑센터
2025-03-24,개,믹스견,수컷,강원특별자치도 춘천시,춘천시 동물보호센터
2025-03-24,개,스피츠,암컷,경기도 화성시,화성동물보호센터
2025-03-24,개,믹스견,암컷,경기도 화성시,화성동물보호센터
2025-03-24,개,믹스견,수컷,경기도 군포시,한국야생동물보호협회
2025-03-24,개,포메라니안,암컷,경기도 시흥시,시흥동물누리보호센터
2025-03-24,개,믹스견,수컷,경기도 오산시,오산 유기동물보호소
2025-03-24,고양이,한국 고양이,미상,경기도 안산시,한국야생동물보호협회
2025-03-24,개,치와와,수컷,경기도 광명시,한국야생동물보호협회
2025-03-24,개,치와와,암컷,경기도 부천시,정샘동물병원
2025-03-24,개,믹스견,암컷,경기도 성남시,펫앤쉘터동물병원
2025-03-24,개,믹스견,수컷,광주광역시 광산구,광주동물보호센터
2025-03-24,개,믹스견,암컷,서울특별시 동대문구,동대문구청
2025-03-24,고양이,한국 고양이,암컷,서울특별시 동대문구,동대문구청
2025-03-24,개,믹스견,암컷,전북특별자치도 정읍시,정읍시 동물보호소
2025-03-24,개,믹스견,암컷,전북특별자치도 정읍시,정읍시 동물보호소
2025-03-23,개,믹스견,암컷,충청남도 홍성군,금일동물보호센터
2025-03-23,개,믹스견,암컷,충청남도 홍성군,금일동물보호센터
2025-03-23,개,믹스견,암컷,경상남도 양산시,양산시 동물보호센터
2025-03-23,개,믹스견,암컷,경상북도 구미시,구미시 동물보호센터
2025-03-23,개,믹스견,암컷,전라남도 해남군,해남유기동물보호센터
2025-03-23,개,믹스견,암컷,전북특별자치도 임실군,임실유기동물보호센터
2025-03-23,개,믹스견,암컷,강원특별자치도 태백시,태백시유기동물보호소
2025-03-23,개,믹스견,암컷,강원특별자치도 태백시,태백시유기동물보호소
2025-03-23,개,믹스견,수컷,경기도 남양주시,남양주시동물보호센터
2025-03-23,개,믹스견,수컷,경기도 수원시,수원시 동물보호센터
2025-03-23,개,믹스견,암컷,광주광역시 광산구,광주동물보호센터
2025-03-23,개,믹스견,수컷,광주광역시 남구,광주동물보호센터
2025-03-23,개,믹스견,암컷,광주광역시 남구,광주동물보호센터
2025-03-23,고양이,한국 고양이,암컷,인천광역시 서구,우리동물병원
2025-03-23,개,말티즈,수컷,인천광역시 부평구,조재진동물병원
2025-03-23,개,믹스견,수컷,인천광역시 중구,경동동물병원
2025-03-23,개,믹스견,암컷,경상북도 경산시,경산시유기동물보호소
2025-03-23,개,믹스견,수컷,강원특별자치도 강릉시,강릉시 동물사랑센터
2025-03-23,개,믹스견,수컷,강원특별자치도 원주시,원주시동물보호센터
2025-03-23,개,믹스견,암컷,경기도 여주시,위더스 동물보호센터
2025-03-23,고양이,한국 고양이,수컷,경기도 이천시,위더스 동물보호센터
2025-03-23,개,미니어쳐 핀셔,암컷,경기도 부천시,24시아이동물메디컬
2025-03-23,고양이,한국 고양이,수컷,광주광역시 북구,광주동물보호센터
2025-03-23,고양이,한국 고양이,수컷,광주광역시 북구,광주동물보호센터
2025-03-23,고양이,한국 고양이,수컷,광주광역시 북구,광주동물보호센터
2025-03-23,고양이,한국 고양이,암컷,경상북도 경산시,경산시유기동물보호소
2025-03-23,고양이,한국 고양이,암컷,경상북도 경산시,경산시유기동물보호소
2025-03-23,고양이,한국 고양이,수컷,경상북도 경산시,경산시유기동물보호소
2025-03-22,개,믹스견,암컷,부산광역시 사하구,(사)하얀비둘기
2025-03-22,개,믹스견,수컷,충청북도 괴산군,괴산증평동물보호센터
2025-03-22,개,진도견,미상,충청북도 괴산군,괴산증평동물보호센터
2025-03-22,개,믹스견,암컷,경상북도 예천군,예천군유기동물보호소
2025-03-22,개,푸들,수컷,전라남도 여수시,유기동물보호소
2025-03-22,개,믹스견,암컷,전북특별자치도 부안군,부안군 동물보호센터
2025-03-22,개,믹스견,수컷,전북특별자치도 부안군,부안군 동물보호센터
2025-03-22,개,믹스견,수컷,전북특별자치도 부안군,부안군 동물보호센터
2025-03-22,개,진도견,수컷,전북특별자치도 익산시,익산유기동물보호소
2025-03-22,개,믹스견,암컷,전북특별자치도 익산시,익산유기동물보호소
2025-03-22,개,믹스견,암컷,전북특별자치도 익산시,익산유기동물보호소
2025-03-22,개,믹스견,암컷,전북특별자치도 익산시,익산유기동물보호소
2025-03-22,개,믹스견,수컷,전북특별자치도 익산시,익산유기동물보호소
2025-03-22,개,믹스견,수컷,전북특별자치도 익산시,익산유기동물보호소
2025-03-22,개,믹스견,수컷,전북특별자치도 익산시,익산유기동물보호소
2025-03-22,개,믹스견,암컷,전북특별자치도 군산시,군산유기동물보호센터
2025-03-22,개,믹스견,암컷,충청남도 보령시,보령시유기동물보호소
2025-03-22,개,믹스견,암컷,충청남도 보령시,보령시유기동물보호소
2025-03-22,개,믹스견,수컷,인천광역시 부평구,조재진동물병원
2025-03-22,개,믹스견,수컷,경상북도 영덕군,영덕유기동물보호센터
2025-03-22,개,미니어쳐 핀셔,암컷,세종특별자치시 세종특별자치시,세종유기동물보호센터
2025-03-22,개,믹스견,암컷,경상북도 영덕군,영덕유기동물보호센터
2025-03-22,개,믹스견,암컷,경상북도 상주시,상주시 동물보호센터
2025-03-22,개,믹스견,암컷,경상북도 상주시,상주시 동물보호센터
2025-03-22,개,믹스견,수컷,경상북도 포항시,(사)영일동물플러스
2025-03-22,개,믹스견,수컷,경상북도 포항시,(사)영일동물플러스
2025-03-22,개,믹스견,암컷,경상북도 포항시,(사)영일동물플러스
2025-03-22,개,믹스견,암컷,경상북도 포항시,(사)영일동물플러스
2025-03-22,개,믹스견,암컷,경상북도 포항시,(사)영일동물플러스
2025-03-22,개,믹스견,암컷,전라남도 함평군,학교임시동물보호센터
2025-03-22,개,말티즈,수컷,충청북도 청주시,반려동물보호센터
2025-03-22,개,믹스견,암컷,강원특별자치도 강릉시,강릉시 동물사랑센터
2025-03-22,개,푸들,암컷,경기도 고양시,고양시동물보호센터
2025-03-22,개,믹스견,암컷,경기도 평택시,평택시유기동물보호소
2025-03-22,개,믹스견,수컷,경기도 부천시,24시아이동물메디컬
2025-03-21,개,믹스견,암컷,경상남도 하동군,하동군유기동물보호소
2025-03-21,개,믹스견,수컷,경상북도 영주시,영주시 동물보호센터
2025-03-21,개,믹스견,암컷,경상남도 합천군,태민동물보호센터
2025-03-21,개,믹스견,암컷,경상남도 합천군,태민동물보호센터
2025-03-21,개,믹스견,암컷,경상남도 합천군,태민동물보호센터
2025-03-21,개,믹스견,암컷,경상남도 합천군,태민동물보호센터
2025-03-21,개,믹스견,암컷,경상남도 합천군,태민동물보호센터
2025-03-21,개,믹스견,암컷,경상남도 합천군,태민동물보호센터
2025-03-21,개,믹스견,암컷,경상남도 합천군,태민동물보호센터
2025-03-21,개,믹스견,수컷,경상남도 합천군,태민동물보호센터
2025-03-21,개,믹스견,암컷,경상남도 합천군,태민동물보호센터
2025-03-21,개,믹스견,암컷,경상남도 합천군,태민동물보호센터
2025-03-21,개,믹스견,수컷,경상남도 통영시,통영시동물보호센터
2025-03-21,개,믹스견,수컷,경상남도 통영시,통영시동물보호센터
2025-03-21,개,믹스견,암컷,경상북도 울진군,울진군동물보호센터
2025-03-21,개,믹스견,수컷,경상북도 울진군,울진군동물보호센터
2025-03-21,개,믹스견,수컷,경상북도 청송군,점곡동물보호센터
2025-03-21,개,믹스견,수컷,전라남도 무안군,무안군유기동물보호소
2025-03-21,개,믹스견,수컷,경기도 안성시,안성시 동물보호센터
2025-03-21,개,믹스견,수컷,울산광역시 울주군,울산유기동물보호센터
2025-03-21,개,믹스견,수컷,울산광역시 울주군,울산유기동물보호센터
2025-03-21,개,믹스견,수컷,인천광역시 계양구,신영재동물병원
2025-03-21,개,믹스견,암컷,부산광역시 강서구,(사)하얀비둘기
2025-03-21,개,믹스견,수컷,부산광역시 강서구,(사)하얀비둘기
2025-03-21,개,믹스견,암컷,제주특별자치도 제주특별자치도,제주 동물보호센터
2025-03-21,개,믹스견,암컷,제주특별자치도 제주특별자치도,제주 동물보호센터
2025-03-21,개,믹스견,암컷,제주특별자치도 제주특별자치도,제주 동물보호센터
2025-03-21,개,믹스견,수컷,제주특별자치도 제주특별자치도,제주 동물보호센터
2025-03-21,개,믹스견,수컷,경상남도 창원시,진해유기동물보호소
2025-03-21,개,믹스견,암컷,경상북도 포항시,(사)영일동물플러스
2025-03-21,개,믹스견,암컷,경상북도 포항시,(사)영일동물플러스
2025-03-21,개,믹스견,수컷,전라남도 목포시,목포시유기동물보호소
2025-03-21,개,믹스견,수컷,전라남도 목포시,목포시유기동물보호소
2025-03-21,개,믹스견,암컷,충청남도 홍성군,금일동물보호센터
2025-03-21,개,믹스견,수컷,충청남도 홍성군,금일동물보호센터
2025-03-21,개,믹스견,암컷,충청남도 홍성군,금일동물보호센터
2025-03-21,개,믹스견,암컷,경기도 고양시,고양시동물보호센터
2025-03-21,개,믹스견,암컷,경기도 고양시,고양시동물보호센터
2025-03-21,개,믹스견,수컷,울산광역시 울주군,울산유기동물보호센터
2025-03-21,개,믹스견,암컷,세종특별자치시 세종특별자치시,세종유기동물보호센터
2025-03-21,개,믹스견,수컷,경상북도 고령군,고령군 유기견 보호소
2025-03-21,개,믹스견,암컷,경상북도 고령군,고령군 유기견 보호소
2025-03-21,개,믹스견,암컷,경상북도 고령군,고령군 유기견 보호소
2025-03-21,개,믹스견,암컷,경상북도 문경시,종합축산
2025-03-21,개,믹스견,수컷,전라남도 강진군,강진군 유기견 보호소
2025-03-21,개,믹스견,암컷,전라남도 강진군,강진군 유기견 보호소
2025-03-21,개,믹스견,암컷,전라남도 고흥군,고흥군임시보호센터
2025-03-21,개,믹스견,수컷,전라남도 고흥군,고흥군임시보호센터
2025-03-21,개,믹스견,수컷,전라남도 고흥군,고흥군임시보호센터
2025-03-21,개,믹스견,수컷,전라남도 고흥군,고흥군임시보호센터
2025-03-21,개,믹스견,암컷,전라남도 고흥군,고흥군임시보호센터
2025-03-21,개,믹스견,수컷,전라남도 고흥군,고흥군임시보호센터
2025-03-21,개,믹스견,수컷,전라남도 고흥군,고흥군임시보호센터
2025-03-21,개,믹스견,수컷,전라남도 고흥군,고흥군임시보호센터
2025-03-21,개,믹스견,암컷,전라남도 고흥군,고흥군임시보호센터
2025-03-21,개,믹스견,암컷,전라남도 고흥군,고흥군임시보호센터
2025-03-21,개,믹스견,수컷,전라남도 구례군,구례군동물보호센터
2025-03-21,개,믹스견,수컷,전라남도 구례군,구례군동물보호센터
2025-03-21,개,믹스견,수컷,전라남도 구례군,구례군동물보호센터
2025-03-21,개,믹스견,암컷,전라남도 구례군,구례군동물보호센터
2025-03-21,개,믹스견,암컷,전라남도 구례군,구례군동물보호센터
2025-03-21,개,믹스견,수컷,전라남도 순천시,순천시유기동물보호소
2025-03-21,개,믹스견,수컷,전북특별자치도 부안군,부안군 동물보호센터
2025-03-21,개,믹스견,암컷,전북특별자치도 임실군,임실유기동물보호센터
2025-03-21,개,믹스견,암컷,전북특별자치도 남원시,하나동물병원
2025-03-21,개,믹스견,암컷,전북특별자치도 정읍시,정읍시 동물보호소
2025-03-21,개,믹스견,암컷,전북특별자치도 정읍시,정읍시 동물보호소
2025-03-21,개,믹스견,암컷,충청남도 아산시,아산동물복지지원센터
2025-03-21,개,믹스견,수컷,충청남도 아산시,아산동물복지지원센터
2025-03-21,고양이,믹스묘,수컷,충청남도 아산시,아산동물복지지원센터
2025-03-21,개,믹스견,수컷,충청남도 천안시,천안시 동물보호센터
2025-03-21,개,믹스견,수컷,충청남도 천안시,천안시 동물보호센터
2025-03-21,개,믹스견,암컷,충청북도 청주시,반려동물보호센터
2025-03-21,개,믹스견,암컷,충청북도 청주시,반려동물보호센터
2025-03-21,개,믹스견,암컷,충청북도 청주시,반려동물보호센터
2025-03-21,개,믹스견,수컷,충청북도 청주시,반려동물보호센터
2025-03-21,개,믹스견,수컷,충청북도 음성군,금왕동물병원
2025-03-21,개,믹스견,수컷,충청북도 음성군,금왕동물병원
2025-03-21,개,믹스견,수컷,강원특별자치도 철원군,철원군
2025-03-21,개,믹스견,수컷,경기도 용인시,용인시 동물보호센터
2025-03-21,개,푸들,암컷,경기도 시흥시,시흥동물누리보호센터
2025-03-21,개,믹스견,수컷,대전광역시 대덕구,대전동물보호센터
2025-03-21,개,믹스견,수컷,광주광역시 서구,광주동물보호센터
2025-03-21,개,믹스견,암컷,광주광역시 서구,광주동물보호센터
2025-03-21,개,믹스견,암컷,광주광역시 서구,광주동물보호센터
2025-03-21,고양이,한국 고양이,암컷,인천광역시 서구,우리동물병원
2025-03-21,고양이,한국 고양이,수컷,인천광역시 서구,우리동물병원
2025-03-20,개,믹스견,암컷,강원특별자치도 홍천군,홍천군유기동물보호소
2025-03-20,개,믹스견,암컷,강원특별자치도 홍천군,홍천군유기동물보호소
2025-03-20,개,믹스견,암컷,강원특별자치도 홍천군,홍천군유기동물보호소
2025-03-20,개,믹스견,암컷,강원특별자치도 홍천군,홍천군유기동물보호소
2025-03-20,개,믹스견,수컷,경기도 화성시,화성동물보호센터
2025-03-20,개,믹스견,수컷,전라남도 완도군,유기동물임시보호센터
2025-03-20,개,믹스견,수컷,전라남도 순천시,순천시유기동물보호소
2025-03-20,개,믹스견,수컷,충청북도 괴산군,괴산증평동물보호센터
2025-03-20,개,믹스견,암컷,경상북도 청송군,점곡동물보호센터
2025-03-20,개,믹스견,수컷,경상북도 청송군,점곡동물보호센터
2025-03-20,개,믹스견,암컷,경상북도 청송군,점곡동물보호센터
2025-03-20,개,믹스견,암컷,전라남도 무안군,무안군유기동물보호소
2025-03-20,개,믹스견,암컷,전라남도 목포시,목포시유기동물보호소
2025-03-20,개,믹스견,수컷,충청남도 홍성군,금일동물보호센터
2025-03-20,개,믹스견,암컷,전라남도 해남군,해남유기동물보호센터
2025-03-20,개,믹스견,암컷,전라남도 고흥군,고흥군임시보호센터
2025-03-20,개,믹스견,암컷,전라남도 고흥군,고흥군임시보호센터
2025-03-20,개,믹스견,수컷,충청남도 청양군,청양보호소
2025-03-20,개,진도견,수컷,충청남도 서산시,서산시 동물보호센터
2025-03-20,개,믹스견,수컷,충청남도 아산시,아산동물복지지원센터
2025-03-20,개,믹스견,암컷,충청남도 아산시,아산동물복지지원센터
2025-03-20,개,믹스견,암컷,충청남도 아산시,아산동물복지지원센터
2025-03-20,기타,토끼,수컷,경기도 수원시,수원시 동물보호센터
2025-03-20,고양이,한국 고양이,수컷,인천광역시 계양구,신영재동물병원
2025-03-20,개,푸들,암컷,세종특별자치시 세종특별자치시,세종유기동물보호센터
2025-03-20,개,믹스견,암컷,경상남도 창원시,창원유기동물보호소
2025-03-20,개,믹스견,암컷,경상남도 거창군,나래동물병원
2025-03-20,개,믹스견,수컷,경상남도 창녕군,창녕 유기동물보호소
2025-03-20,개,믹스견,수컷,경상남도 사천시,사천시 동물보호센터
2025-03-20,개,믹스견,수컷,경상남도 사천시,사천시 동물보호센터
2025-03-20,개,믹스견,암컷,경상남도 사천시,사천시 동물보호센터
2025-03-20,개,믹스견,암컷,경상남도 진주시,진주시동물보호센터
2025-03-20,개,믹스견,수컷,경상북도 칠곡군,칠곡유기동물보호센터
2025-03-20,개,믹스견,암컷,경상북도 포항시,(사)영일동물플러스
2025-03-20,개,믹스견,암컷,전라남도 장성군,장성군동물보호센터
2025-03-20,개,믹스견,암컷,전라남도 장성군,장성군동물보호센터
2025-03-20,개,믹스견,수컷,전라남도 장성군,장성군동물보호센터
2025-03-20,개,믹스견,암컷,전라남도 장성군,장성군동물보호센터
2025-03-20,개,믹스견,수컷,전라남도 강진군,강진군 유기견 보호소
2025-03-20,개,믹스견,암컷,전라남도 고흥군,고흥군임시보호센터
2025-03-20,개,믹스견,수컷,전라남도 고흥군,고흥군임시보호센터
2025-03-20,개,믹스견,암컷,전라남도 고흥군,고흥군임시보호센터
2025-03-20,개,믹스견,수컷,전라남도 고흥군,고흥군임시보호센터
2025-03-20,개,믹스견,암컷,전라남도 고흥군,고흥군임시보호센터
2025-03-20,개,믹스견,수컷,전라남도 고흥군,고흥군임시보호센터
2025-03-20,개,믹스견,수컷,전라남도 고흥군,고흥군임시보호센터
2025-03-20,개,믹스견,암컷,전라남도 고흥군,고흥군임시보호센터
2025-03-20,개,믹스견,암컷,전라남도 광양시,광양시 임시보호소
2025-03-20,개,믹스견,수컷,전라남도 순천시,순천시유기동물보호소
2025-03-20,개,믹스견,암컷,전라남도 순천시,순천시유기동물보호소
2025-03-20,개,믹스견,암컷,전라남도 순천시,순천시유기동물보호소
2025-03-20,개,믹스견,암컷,전라남도 순천시,순천시유기동물보호소
2025-03-20,고양이,샴,수컷,전라남도 순천시,대한동물사랑협회
2025-03-20,개,믹스견,암컷,전라남도 여수시,유기동물보호소
2025-03-20,개,믹스견,수컷,전북특별자치도 부안군,부안군 동물보호센터
2025-03-20,개,믹스견,암컷,전북특별자치도 부안군,부안군 동물보호센터
2025-03-20,개,믹스견,수컷,전북특별자치도 부안군,부안군 동물보호센터
2025-03-20,개,믹스견,암컷,전북특별자치도 부안군,부안군 동물보호센터
2025-03-20,개,믹스견,수컷,전북특별자치도 장수군,장수군 보호소
2025-03-20,개,믹스견,암컷,전북특별자치도 장수군,장수군 보호소
2025-03-20,개,믹스견,수컷,전북특별자치도 김제시,전북말산업복합센터
2025-03-20,개,믹스견,암컷,전북특별자치도 김제시,전북말산업복합센터
2025-03-20,개,믹스견,수컷,전북특별자치도 정읍시,정읍시 동물보호소
2025-03-20,개,믹스견,수컷,전북특별자치도 정읍시,정읍시 동물보호소
2025-03-20,개,믹스견,암컷,전북특별자치도 정읍시,정읍시 동물보호소
2025-03-20,개,믹스견,암컷,전북특별자치도 정읍시,정읍시 동물보호소
2025-03-20,개,믹스견,수컷,전북특별자치도 정읍시,정읍시 동물보호소
2025-03-20,개,믹스견,암컷,전북특별자치도 정읍시,정읍시 동물보호소
2025-03-20,개,믹스견,암컷,전북특별자치도 정읍시,정읍시 동물보호소
2025-03-20,개,믹스견,암컷,전북특별자치도 정읍시,정읍시 동물보호소
2025-03-20,개,믹스견,수컷,전북특별자치도 군산시,군산유기동물보호센터
2025-03-20,개,믹스견,수컷,전북특별자치도 전주시,행복한동물병원
2025-03-20,개,믹스견,암컷,전북특별자치도 전주시,행복한동물병원
2025-03-20,개,믹스견,암컷,충청남도 홍성군,금일동물보호센터
2025-03-20,개,믹스견,수컷,충청남도 홍성군,금일동물보호센터
2025-03-20,개,믹스견,암컷,충청북도 음성군,금왕동물병원
2025-03-20,개,믹스견,암컷,충청북도 음성군,금왕동물병원
2025-03-20,개,믹스견,수컷,충청북도 음성군,금왕동물병원
2025-03-20,개,믹스견,수컷,충청북도 음성군,금왕동물병원
2025-03-20,개,믹스견,수컷,충청북도 음성군,금왕동물병원
2025-03-20,개,믹스견,수컷,충청북도 음성군,금왕동물병원
2025-03-20,개,믹스견,암컷,충청북도 음성군,금왕동물병원
2025-03-20,개,믹스견,암컷,충청북도 음성군,금왕동물병원
2025-03-20,개,믹스견,암컷,충청북도 음성군,금왕동물병원
2025-03-20,개,믹스견,수컷,충청북도 음성군,금왕동물병원
2025-03-20,개,믹스견,암컷,충청북도 충주시,충주시동물보호센터
2025-03-20,개,믹스견,암컷,강원특별자치도 철원군,철원군
2025-03-20,개,믹스견,수컷,강원특별자치도 철원군,철원군
2025-03-20,개,믹스견,암컷,강원특별자치도 속초시,속초시유기동물보호소
2025-03-20,개,믹스견,암컷,강원특별자치도 춘천시,춘천시 동물보호센터
2025-03-20,개,믹스견,수컷,경기도 평택시,평택시유기동물보호소
2025-03-20,개,믹스견,수컷,경기도 평택시,평택시유기동물보호소
2025-03-20,개,진도견,암컷,대전광역시 대덕구,대전동물보호센터
2025-03-20,개,진도견,암컷,대전광역시 서구,대전동물보호센터
2025-03-20,개,믹스견,암컷,광주광역시 광산구,광주동물보호센터
2025-03-20,개,믹스견,암컷,광주광역시 남구,광주동물보호센터
2025-03-20,개,말티즈,암컷,부산광역시 동구,동구종합동물병원
2025-03-20,고양이,한국 고양이,수컷,서울특별시 강동구,둔촌동물병원
2025-03-20,고양이,한국 고양이,암컷,서울특별시 동대문구,동대문구청
2025-03-19,개,믹스견,암컷,전라남도 장흥군,장흥군 동물보호센터
2025-03-19,개,믹스견,암컷,인천광역시 강화군,디디동물병원
2025-03-19,개,믹스견,수컷,인천광역시 강화군,디디동물병원
2025-03-19,개,믹스견,암컷,인천광역시 강화군,디디동물병원
2025-03-19,개,믹스견,암컷,전라남도 담양군,담양군 동물보호센터
2025-03-19,개,믹스견,암컷,전라남도 담양군,담양군 동물보호센터
2025-03-19,개,믹스견,수컷,강원특별자치도 원주시,원주시동물보호센터
2025-03-19,개,믹스견,수컷,경상남도 하동군,하동군유기동물보호소
2025-03-19,개,믹스견,암컷,경상북도 예천군,예천군유기동물보호소
2025-03-19,개,믹스견,암컷,경상북도 상주시,상주시 동물보호센터
2025-03-19,개,믹스견,암컷,강원특별자치도 태백시,태백시유기동물보호소
2025-03-19,개,믹스견,암컷,경기도 남양주시,남양주시동물보호센터
2025-03-19,개,푸들,수컷,경상남도 창원시,진해유기동물보호소
2025-03-19,개,믹스견,암컷,전라남도 완도군,유기동물임시보호센터
2025-03-19,개,믹스견,암컷,전라남도 강진군,강진군 유기견 보호소
2025-03-19,개,진도견,암컷,전북특별자치도 익산시,익산유기동물보호소
2025-03-19,개,믹스견,암컷,충청북도 제천시,제천시 동물보호센터
2025-03-19,개,믹스견,암컷,충청북도 제천시,제천시 동물보호센터
2025-03-19,개,믹스견,암컷,충청북도 제천시,제천시 동물보호센터
2025-03-19,개,믹스견,수컷,경기도 고양시,고양시동물보호센터
2025-03-19,개,진도견,수컷,대전광역시 동구,대전동물보호센터
2025-03-19,개,믹스견,수컷,인천광역시 계양구,신영재동물병원
2025-03-19,개,믹스견,암컷,대구광역시 남구,대구유기동물보호협회
2025-03-19,개,믹스견,수컷,세종특별자치시 세종특별자치시,세종유기동물보호센터
2025-03-19,개,시베리안 허스키,암컷,경상남도 함안군,함안군유기동물보호소
2025-03-19,개,믹스견,암컷,경상남도 함안군,함안군유기동물보호소
2025-03-19,개,믹스견,수컷,경상남도 함안군,함안군유기동물보호소
2025-03-19,개,믹스견,암컷,경상남도 함안군,함안군유기동물보호소
2025-03-19,개,믹스견,암컷,경상남도 함안군,함안군유기동물보호소
2025-03-19,개,믹스견,수컷,경상남도 함안군,함안군유기동물보호소
2025-03-19,개,진도견,암컷,경상남도 함안군,함안군유기동물보호소
2025-03-19,개,믹스견,수컷,경상남도 함안군,함안군유기동물보호소
2025-03-19,개,믹스견,암컷,경상남도 함안군,함안군유기동물보호소
2025-03-19,개,믹스견,암컷,경상남도 함안군,함안군유기동물보호소
2025-03-19,개,믹스견,수컷,경상남도 함안군,함안군유기동물보호소
2025-03-19,개,믹스견,수컷,경상남도 함안군,함안군유기동물보호소
2025-03-19,개,믹스견,수컷,경상남도 함안군,함안군유기동물보호소
2025-03-19,개,믹스견,수컷,경상남도 통영시,통영시동물보호센터
2025-03-19,개,믹스견,암컷,경상남도 통영시,통영시동물보호센터
2025-03-19,고양이,믹스묘,암컷,경상북도 성주군,성주유기동물보호센터
2025-03-19,개,믹스견,암컷,경상북도 영양군,영양군유기동물보호소
2025-03-19,개,믹스견,수컷,경상북도 경산시,경산시유기동물보호소
2025-03-19,개,믹스견,수컷,경상북도 경산시,경산시유기동물보호소
2025-03-19,개,믹스견,수컷,경상북도 경산시,경산시유기동물보호소
2025-03-19,개,믹스견,수컷,경상북도 경산시,경산시유기동물보호소
2025-03-19,개,믹스견,암컷,경상북도 김천시,김천시 동물보호센터
2025-03-19,개,믹스견,수컷,전라남도 담양군,담양군 동물보호센터
2025-03-19,개,믹스견,암컷,전라남도 여수시,유기동물보호소
2025-03-19,개,믹스견,수컷,전북특별자치도 부안군,부안군 동물보호센터
2025-03-19,개,믹스견,수컷,전북특별자치도 부안군,부안군 동물보호센터
2025-03-19,개,믹스견,수컷,전북특별자치도 부안군,부안군 동물보호센터
2025-03-19,개,믹스견,암컷,전북특별자치도 정읍시,정읍시 동물보호소
2025-03-19,개,말티즈,수컷,전북특별자치도 전주시,링크늘푸른동물병원
2025-03-19,개,라브라도 리트리버,암컷,충청남도 홍성군,금일동물보호센터
2025-03-19,개,믹스견,수컷,충청남도 청양군,청양보호소
2025-03-19,개,믹스견,수컷,충청북도 청주시,반려동물보호센터
2025-03-19,개,믹스견,암컷,충청북도 음성군,금왕동물병원
2025-03-19,개,믹스견,수컷,강원특별자치도 동해시,동해시동물보호센터
2025-03-19,개,믹스견,암컷,강원특별자치도 원주시,원주시동물보호센터
2025-03-19,개,믹스견,암컷,강원특별자치도 원주시,원주시동물보호센터
2025-03-19,개,믹스견,수컷,강원특별자치도 춘천시,춘천시 동물보호센터
2025-03-19,개,믹스견,수컷,경기도 화성시,화성동물보호센터
2025-03-19,개,믹스견,수컷,경기도 양평군,양평군유기동물보호소
2025-03-19,개,믹스견,암컷,경기도 양평군,양평군유기동물보호소
2025-03-19,개,믹스견,수컷,경기도 용인시,용인시 동물보호센터
2025-03-19,개,믹스견,수컷,경기도 용인시,용인시 동물보호센터
2025-03-19,개,푸들,암컷,경기도 군포시,한국야생동물보호협회
2025-03-19,개,믹스견,수컷,경기도 시흥시,시흥동물누리보호센터
2025-03-19,개,믹스견,암컷,경기도 남양주시,남양주시동물보호센터
2025-03-19,개,믹스견,암컷,경기도 안산시,한국야생동물보호협회
2025-03-19,개,믹스견,암컷,경기도 안산시,한국야생동물보호협회
2025-03-19,개,믹스견,암컷,경기도 평택시,평택시유기동물보호소
2025-03-19,개,믹스견,수컷,경기도 평택시,평택시유기동물보호소
2025-03-19,개,믹스견,수컷,경기도 평택시,평택시유기동물보호소
2025-03-19,개,믹스견,수컷,경기도 부천시,24시아이동물메디컬
2025-03-19,개,믹스견,암컷,울산광역시 울주군,울산유기동물보호센터
2025-03-19,개,믹스견,암컷,울산광역시 울주군,울산유기동물보호센터
2025-03-19,개,진도견,암컷,대전광역시 대덕구,대전동물보호센터
2025-03-19,개,믹스견,수컷,대구광역시 군위군,군위종합동물병원
2025-03-19,개,믹스견,암컷,대구광역시 군위군,군위종합동물병원
2025-03-19,개,믹스견,수컷,대구광역시 군위군,군위종합동물병원
2025-03-19,개,믹스견,수컷,서울특별시 서대문구,내품애센터
2025-03-18,개,믹스견,암컷,전라남도 진도군,진도군임시보호소
2025-03-18,고양이,한국 고양이,미상,울산광역시 울주군,울산유기동물보호센터
2025-03-18,개,믹스견,수컷,전라남도 완도군,유기동물임시보호센터
2025-03-18,개,믹스견,암컷,전북특별자치도 익산시,익산유기동물보호소
2025-03-18,개,치와와,암컷,대전광역시 중구,대전동물보호센터
2025-03-18,개,믹스견,암컷,제주특별자치도 제주특별자치도,제주 동물보호센터
2025-03-18,개,믹스견,수컷,경상북도 울진군,울진군동물보호센터
2025-03-18,개,믹스견,암컷,충청남도 홍성군,금일동물보호센터
2025-03-18,개,믹스견,수컷,충청남도 홍성군,금일동물보호센터
2025-03-18,개,믹스견,수컷,충청남도 논산시,논산시 동물보호센터
2025-03-18,개,믹스견,암컷,충청남도 서산시,서산시 동물보호센터
2025-03-18,개,믹스견,암컷,강원특별자치도 홍천군,홍천군유기동물보호소
2025-03-18,개,믹스견,암컷,강원특별자치도 홍천군,홍천군유기동물보호소
2025-03-18,개,믹스견,수컷,강원특별자치도 홍천군,홍천군유기동물보호소
2025-03-18,고양이,한국 고양이,암컷,인천광역시 서구,우리동물병원
2025-03-18,고양이,한국 고양이,미상,부산광역시 서구,부산동물보호센터
2025-03-18,개,믹스견,수컷,세종특별자치시 세종특별자치시,세종유기동물보호센터
2025-03-18,개,믹스견,암컷,경상남도 산청군,산청동물보호센터
2025-03-18,개,믹스견,수컷,경상남도 산청군,산청동물보호센터
2025-03-18,개,믹스견,암컷,경상북도 청도군,청도군동물보호센터
2025-03-18,개,믹스견,암컷,경상북도 포항시,(사)영일동물플러스
2025-03-18,개,믹스견,암컷,경상북도 포항시,(사)영일동물플러스
2025-03-18,개,믹스견,암컷,경상북도 포항시,(사)영일동물플러스
2025-03-18,개,믹스견,암컷,전라남도 영광군,영광동물보호센터
2025-03-18,개,믹스견,암컷,전라남도 영광군,영광동물보호센터
2025-03-18,개,믹스견,수컷,전라남도 영광군,영광동물보호센터
2025-03-18,개,믹스견,암컷,전라남도 영광군,영광동물보호센터
2025-03-18,개,믹스견,수컷,전라남도 영광군,영광동물보호센터
2025-03-18,개,믹스견,수컷,전라남도 영광군,영광동물보호센터
2025-03-18,개,믹스견,암컷,전라남도 목포시,목포시유기동물보호소
2025-03-18,개,믹스견,암컷,전북특별자치도 부안군,부안군 동물보호센터
2025-03-18,개,믹스견,수컷,전북특별자치도 부안군,부안군 동물보호센터
2025-03-18,개,믹스견,암컷,전북특별자치도 부안군,부안군 동물보호센터
2025-03-18,개,믹스견,암컷,전북특별자치도 부안군,부안군 동물보호센터
2025-03-18,개,믹스견,암컷,전북특별자치도 부안군,부안군 동물보호센터
2025-03-18,개,믹스견,암컷,전북특별자치도 부안군,부안군 동물보호센터
2025-03-18,개,믹스견,암컷,전북특별자치도 김제시,전북말산업복합센터
2025-03-18,개,믹스견,암컷,전북특별자치도 김제시,전북말산업복합센터
2025-03-18,개,믹스견,암컷,전북특별자치도 정읍시,정읍시 동물보호소
2025-03-18,개,믹스견,수컷,전북특별자치도 정읍시,정읍시 동물보호소
2025-03-18,개,믹스견,암컷,충청북도 청주시,반려동물보호센터
2025-03-18,개,믹스견,암컷,충청북도 음성군,금왕동물병원
2025-03-18,개,믹스견,암컷,충청북도 음성군,금왕동물병원
2025-03-18,개,믹스견,암컷,충청북도 음성군,금왕동물병원
2025-03-18,개,믹스견,암컷,충청북도 음성군,금왕동물병원
2025-03-18,개,믹스견,수컷,충청북도 음성군,금왕동물병원
2025-03-18,개,믹스견,수컷,충청북도 음성군,금왕동물병원
2025-03-18,개,믹스견,수컷,충청북도 음성군,금왕동물병원
2025-03-18,개,믹스견,수컷,충청북도 음성군,금왕동물병원
2025-03-18,개,믹스견,수컷,충청북도 음성군,금왕동물병원
2025-03-18,개,믹스견,암컷,충청북도 영동군,최종주동물병원
2025-03-18,개,믹스견,수컷,충청북도 제천시,제천시 동물보호센터
2025-03-18,개,믹스견,암컷,충청북도 충주시,충주시동물보호센터
2025-03-18,개,믹스견,암컷,충청북도 충주시,충주시동물보호센터
2025-03-18,개,믹스견,암컷,충청북도 충주시,충주시동물보호센터
2025-03-18,개,믹스견,암컷,충청북도 충주시,충주시동물보호센터
2025-03-18,개,믹스견,암컷,충청북도 충주시,충주시동물보호센터
2025-03-18,개,믹스견,암컷,충청북도 충주시,충주시동물보호센터
2025-03-18,개,믹스견,수컷,충청북도 충주시,충주시동물보호센터
2025-03-18,개,믹스견,수컷,충청북도 충주시,충주시동물보호센터
2025-03-18,개,스피츠,암컷,강원특별자치도 평창군,평창군유기동물보호소
2025-03-18,개,믹스견,암컷,강원특별자치도 강릉시,강릉시 동물사랑센터
2025-03-18,개,믹스견,수컷,강원특별자치도 원주시,원주시동물보호센터
2025-03-18,개,믹스견,수컷,강원특별자치도 춘천시,춘천시 동물보호센터
2025-03-18,개,믹스견,수컷,강원특별자치도 춘천시,춘천시 동물보호센터
2025-03-18,개,믹스견,암컷,경기도 여주시,위더스 동물보호센터
2025-03-18,개,믹스견,암컷,경기도 여주시,위더스 동물보호센터
2025-03-18,개,믹스견,암컷,경기도 평택시,평택시유기동물보호소
2025-03-18,개,믹스견,암컷,경기도 평택시,평택시유기동물보호소
2025-03-18,개,믹스견,암컷,경기도 평택시,평택시유기동물보호소
2025-03-18,개,믹스견,암컷,경기도 평택시,평택시유기동물보호소
2025-03-18,개,믹스견,암컷,경기도 평택시,평택시유기동물보호소
2025-03-18,개,믹스견,수컷,경기도 평택시,평택시유기동물보호소
2025-03-18,개,믹스견,암컷,경기도 평택시,평택시유기동물보호소
2025-03-18,고양이,한국 고양이,수컷,광주광역시 북구,광주동물보호센터
2025-03-17,개,믹스견,암컷,전라남도 장흥군,장흥군 동물보호센터
2025-03-17,개,믹스견,수컷,전라남도 장흥군,장흥군 동물보호센터
2025-03-17,개,믹스견,수컷,전북특별자치도 순창군,순창유기동물보호소
2025-03-17,개,믹스견,미상,전라남도 무안군,무안군유기동물보호소
2025-03-17,개,믹스견,암컷,대전광역시 동구,대전동물보호센터
2025-03-17,개,믹스견,수컷,전라남도 진도군,진도군임시보호소
2025-03-17,개,믹스견,암컷,전라남도 담양군,담양군 동물보호센터
2025-03-17,개,믹스견,암컷,전라남도 담양군,담양군 동물보호센터
2025-03-17,개,믹스견,암컷,전라남도 담양군,담양군 동물보호센터
2025-03-17,개,믹스견,암컷,전라남도 담양군,담양군 동물보호센터
2025-03-17,개,믹스견,수컷,부산광역시 서구,부산동물보호센터
2025-03-17,개,믹스견,수컷,부산광역시 서구,부산동물보호센터
2025-03-17,개,믹스견,암컷,부산광역시 서구,부산동물보호센터
2025-03-17,개,믹스견,수컷,부산광역시 서구,부산동물보호센터
2025-03-17,개,믹스견,수컷,부산광역시 서구,부산동물보호센터
2025-03-17,개,믹스견,수컷,세종특별자치시 세종특별자치시,세종유기동물보호센터
2025-03-17,개,믹스견,수컷,경상북도 영천시,영천유기동물보호센터
2025-03-17,개,믹스견,수컷,경상북도 구미시,구미시 동물보호센터
2025-03-17,개,믹스견,암컷,전라남도 해남군,해남유기동물보호센터
2025-03-17,개,믹스견,암컷,전북특별자치도 익산시,익산유기동물보호소
2025-03-17,개,믹스견,암컷,충청남도 아산시,아산동물복지지원센터
2025-03-17,개,믹스견,수컷,충청남도 아산시,아산동물복지지원센터
2025-03-17,개,믹스견,수컷,충청북도 괴산군,괴산증평동물보호센터
2025-03-17,개,믹스견,수컷,충청북도 괴산군,괴산증평동물보호센터
2025-03-17,개,믹스견,암컷,충청북도 괴산군,괴산증평동물보호센터
2025-03-17,개,토이 푸들,암컷,강원특별자치도 삼척시,삼척시동물보호센터
2025-03-17,고양이,한국 고양이,암컷,인천광역시 강화군,디디동물병원
2025-03-17,개,믹스견,암컷,인천광역시 강화군,디디동물병원
2025-03-17,개,믹스견,암컷,세종특별자치시 세종특별자치시,세종유기동물보호센터
2025-03-17,개,믹스견,수컷,세종특별자치시 세종특별자치시,세종유기동물보호센터
2025-03-17,개,믹스견,수컷,경상남도 창원시,창원유기동물보호소
2025-03-17,개,믹스견,수컷,경상남도 통영시,통영시동물보호센터
2025-03-17,개,믹스견,암컷,경상남도 통영시,통영시동물보호센터
2025-03-17,개,믹스견,암컷,전라남도 장성군,장성군동물보호센터
2025-03-17,개,믹스견,수컷,전라남도 영광군,영광동물보호센터
2025-03-17,개,믹스견,수컷,전라남도 영광군,영광동물보호센터
2025-03-17,개,믹스견,수컷,전라남도 영광군,영광동물보호센터
2025-03-17,개,믹스견,암컷,전라남도 영광군,영광동물보호센터
2025-03-17,개,믹스견,암컷,전라남도 영광군,영광동물보호센터
2025-03-17,개,믹스견,암컷,전라남도 함평군,학교임시동물보호센터
2025-03-17,개,믹스견,암컷,전라남도 고흥군,고흥군임시보호센터
2025-03-17,개,믹스견,암컷,전라남도 고흥군,고흥군임시보호센터
2025-03-17,개,믹스견,암컷,전라남도 고흥군,고흥군임시보호센터
2025-03-17,개,믹스견,암컷,전라남도 고흥군,고흥군임시보호센터
2025-03-17,개,믹스견,수컷,전라남도 고흥군,고흥군임시보호센터
2025-03-17,개,믹스견,수컷,전라남도 고흥군,고흥군임시보호센터
2025-03-17,개,믹스견,암컷,전라남도 고흥군,고흥군임시보호센터
2025-03-17,개,믹스견,수컷,전라남도 여수시,유기동물보호소
2025-03-17,개,믹스견,수컷,전라남도 여수시,유기동물보호소
2025-03-17,개,믹스견,수컷,전북특별자치도 부안군,부안군 동물보호센터
2025-03-17,개,믹스견,암컷,전북특별자치도 김제시,전북말산업복합센터
2025-03-17,개,믹스견,수컷,전북특별자치도 김제시,전북말산업복합센터
2025-03-17,개,믹스견,수컷,전북특별자치도 남원시,하나동물병원
2025-03-17,개,믹스견,암컷,충청남도 청양군,청양보호소
2025-03-17,개,믹스견,수컷,충청남도 공주시,공주시 동물보호센터
2025-03-17,개,요크셔 테리어,수컷,충청남도 천안시,천안시 동물보호센터
2025-03-17,개,믹스견,수컷,충청북도 음성군,금왕동물병원
2025-03-17,개,믹스견,암컷,충청북도 음성군,금왕동물병원
2025-03-17,개,믹스견,암컷,충청북도 음성군,금왕동물병원
2025-03-17,개,믹스견,암컷,충청북도 제천시,제천시 동물보호센터
2025-03-17,개,믹스견,수컷,강원특별자치도 강릉시,강릉시 동물사랑센터
2025-03-17,개,믹스견,암컷,강원특별자치도 강릉시,강릉시 동물사랑센터
2025-03-17,개,믹스견,수컷,강원특별자치도 춘천시,춘천시 동물보호센터
2025-03-17,개,믹스견,암컷,강원특별자치도 춘천시,춘천시 동물보호센터
2025-03-17,개,믹스견,암컷,경기도 이천시,위더스 동물보호센터
2025-03-17,고양이,한국 고양이,암컷,경기도 이천시,위더스 동물보호센터
2025-03-17,개,진도견,수컷,경기도 이천시,위더스 동물보호센터
2025-03-17,개,믹스견,암컷,경기도 이천시,위더스 동물보호센터
2025-03-17,개,믹스견,암컷,경기도 이천시,위더스 동물보호센터
2025-03-17,개,믹스견,암컷,경기도 이천시,위더스 동물보호센터
2025-03-17,개,믹스견,수컷,경기도 오산시,오산 유기동물보호소
2025-03-17,개,믹스견,암컷,경기도 평택시,평택시유기동물보호소
2025-03-17,개,믹스견,암컷,경기도 평택시,평택시유기동물보호소
2025-03-17,개,믹스견,수컷,경기도 평택시,평택시유기동물보호소
2025-03-17,개,믹스견,암컷,대전광역시 대덕구,대전동물보호센터
2025-03-17,고양이,한국 고양이,암컷,광주광역시 광산구,광주동물보호센터
2025-03-17,개,믹스견,수컷,광주광역시 광산구,광주동물보호센터
2025-03-17,개,믹스견,수컷,인천광역시 서구,우리동물병원
2025-03-17,고양이,한국 고양이,수컷,서울특별시 동대문구,동대문구청
2025-03-16,개,믹스견,수컷,전북특별자치도 군산시,군산유기동물보호센터
2025-03-16,개,믹스견,암컷,전북특별자치도 군산시,군산유기동물보호센터
2025-03-16,개,믹스견,수컷,경상북도 구미시,구미시 동물보호센터
2025-03-16,개,믹스견,암컷,경기도 고양시,고양시동물보호센터
2025-03-16,고양이,한국 고양이,암컷,부산광역시 사하구,(사)하얀비둘기
2025-03-16,개,믹스견,수컷,전라남도 완도군,유기동물임시보호센터
2025-03-16,개,믹스견,암컷,전라남도 완도군,유기동물임시보호센터
2025-03-16,개,믹스견,암컷,전라남도 영광군,영광동물보호센터
2025-03-16,개,믹스견,수컷,전라남도 영광군,영광동물보호센터
2025-03-16,개,믹스견,수컷,전라남도 영광군,영광동물보호센터
2025-03-16,개,믹스견,수컷,전라남도 영광군,영광동물보호센터
2025-03-16,개,믹스견,수컷,전라남도 영광군,영광동물보호센터
2025-03-16,개,믹스견,암컷,전라남도 영광군,영광동물보호센터
2025-03-16,개,믹스견,암컷,전라남도 영광군,영광동물보호센터
2025-03-16,개,믹스견,수컷,충청남도 홍성군,금일동물보호센터
2025-03-16,개,믹스견,수컷,경기도 남양주시,남양주시동물보호센터
2025-03-16,고양이,한국 고양이,미상,부산광역시 북구,부산동물보호센터
2025-03-16,개,믹스견,수컷,경상남도 창녕군,창녕 유기동물보호소
2025-03-16,개,믹스견,수컷,경상북도 포항시,(사)영일동물플러스
2025-03-16,개,믹스견,암컷,경상북도 포항시,(사)영일동물플러스
2025-03-16,개,믹스견,암컷,충청남도 당진시,당진시동물보호소
2025-03-16,개,믹스견,암컷,충청남도 당진시,당진시동물보호소
2025-03-16,개,믹스견,암컷,충청남도 당진시,당진시동물보호소
2025-03-16,개,믹스견,암컷,충청남도 당진시,당진시동물보호소
2025-03-16,개,믹스견,암컷,충청남도 당진시,당진시동물보호소
2025-03-16,개,믹스견,암컷,경기도 평택시,평택시유기동물보호소
2025-03-16,개,믹스견,암컷,경기도 평택시,평택시유기동물보호소
2025-03-16,개,믹스견,수컷,경기도 평택시,평택시유기동물보호소
2025-03-16,개,믹스견,암컷,경기도 평택시,평택시유기동물보호소
2025-03-16,개,믹스견,수컷,경기도 평택시,평택시유기동물보호소
2025-03-15,개,믹스견,암컷,경상남도 김해시,(사)동물보호관리협회
2025-03-15,개,믹스견,수컷,전북특별자치도 임실군,임실유기동물보호센터
2025-03-15,개,믹스견,암컷,전북특별자치도 임실군,임실유기동물보호센터
2025-03-15,개,믹스견,암컷,전북특별자치도 임실군,임실유기동물보호센터
2025-03-15,개,믹스견,수컷,전북특별자치도 임실군,임실유기동물보호센터
2025-03-15,개,진도견,암컷,전북특별자치도 익산시,익산유기동물보호소
2025-03-15,개,믹스견,수컷,충청남도 홍성군,금일동물보호센터
2025-03-15,개,믹스견,수컷,충청남도 아산시,아산동물복지지원센터
2025-03-15,개,말티즈,수컷,경기도 수원시,수원시 동물보호센터
2025-03-15,개,믹스견,암컷,전라남도 신안군,신안군유기동물보호소
2025-03-15,개,진도견,암컷,충청북도 청주시,반려동물보호센터
2025-03-15,개,믹스견,수컷,경기도 여주시,위더스 동물보호센터
2025-03-15,개,믹스견,암컷,경기도 여주시,위더스 동물보호센터
2025-03-15,개,믹스견,수컷,경기도 광주시,광주TNR동물병원초월
2025-03-15,개,믹스견,수컷,경기도 이천시,위더스 동물보호센터
2025-03-15,개,믹스견,수컷,경기도 이천시,위더스 동물보호센터
2025-03-15,개,포인터,암컷,경기도 이천시,위더스 동물보호센터
2025-03-15,개,믹스견,암컷,경기도 이천시,위더스 동물보호센터
2025-03-15,개,믹스견,암컷,경기도 시흥시,시흥동물누리보호센터
2025-03-15,개,포메라니안,암컷,경기도 광명시,한국야생동물보호협회
2025-03-14,개,믹스견,암컷,강원특별자치도 양양군,양양군유기동물보호소
2025-03-14,개,믹스견,암컷,전라남도 곡성군,곡성군동물보호소
2025-03-14,개,말티즈,암컷,강원특별자치도 삼척시,삼척시동물보호센터
2025-03-14,개,믹스견,암컷,강원특별자치도 삼척시,삼척시동물보호센터
2025-03-14,개,믹스견,미상,부산광역시 사상구,(사)하얀비둘기
2025-03-14,개,믹스견,암컷,경상남도 통영시,통영시동물보호센터
2025-03-14,개,믹스견,수컷,전북특별자치도 임실군,임실유기동물보호센터
2025-03-14,개,믹스견,수컷,전북특별자치도 임실군,임실유기동물보호센터
2025-03-14,개,믹스견,수컷,전북특별자치도 임실군,임실유기동물보호센터
2025-03-14,개,믹스견,수컷,전북특별자치도 임실군,임실유기동물보호센터
2025-03-14,개,믹스견,수컷,전북특별자치도 익산시,익산유기동물보호소
2025-03-14,개,비숑 프리제,수컷,충청남도 홍성군,금일동물보호센터
2025-03-14,개,믹스견,암컷,충청남도 논산시,논산시 동물보호센터
2025-03-14,개,장모치와와,암컷,충청남도 아산시,아산동물복지지원센터
2025-03-14,개,믹스견,수컷,충청남도 아산시,아산동물복지지원센터
2025-03-14,개,믹스견,암컷,충청북도 증평군,가정견훈련소
2025-03-14,개,믹스견,암컷,충청북도 증평군,가정견훈련소
2025-03-14,개,믹스견,암컷,충청북도 증평군,가정견훈련소
2025-03-14,개,믹스견,수컷,충청북도 증평군,가정견훈련소
2025-03-14,개,믹스견,수컷,충청북도 증평군,가정견훈련소
2025-03-14,개,믹스견,암컷,인천광역시 남동구,인천광역시수의사회
2025-03-14,개,믹스견,수컷,대구광역시 남구,대구유기동물보호협회
2025-03-14,개,믹스견,암컷,경상남도 창녕군,창녕 유기동물보호소
2025-03-14,개,믹스견,미상,경상북도 칠곡군,칠곡유기동물보호센터
2025-03-14,개,믹스견,암컷,경상북도 칠곡군,칠곡유기동물보호센터
2025-03-14,개,믹스견,암컷,경상북도 경산시,경산시유기동물보호소
2025-03-14,개,믹스견,암컷,경상북도 경산시,경산시유기동물보호소
2025-03-14,개,믹스견,수컷,경상북도 경산시,경산시유기동물보호소
2025-03-14,개,믹스견,수컷,경상북도 경산시,경산시유기동물보호소
2025-03-14,개,믹스견,암컷,경상북도 영주시,영주시 동물보호센터
2025-03-14,개,믹스견,암컷,경상북도 영주시,영주시 동물보호센터
2025-03-14,개,믹스견,수컷,경상북도 영주시,영주시 동물보호센터
2025-03-14,개,믹스견,수컷,전라남도 장성군,장성군동물보호센터
2025-03-14,개,믹스견,암컷,전라남도 장성군,장성군동물보호센터
2025-03-14,개,믹스견,암컷,전라남도 장성군,장성군동물보호센터
2025-03-14,개,믹스견,수컷,전라남도 보성군,보성유기동물보호센터
2025-03-14,개,믹스견,수컷,전라남도 보성군,보성유기동물보호센터
2025-03-14,개,믹스견,수컷,전라남도 보성군,보성유기동물보호센터
2025-03-14,개,믹스견,암컷,전라남도 순천시,순천시유기동물보호소
2025-03-14,개,믹스견,암컷,전라남도 순천시,순천시유기동물보호소
2025-03-14,개,믹스견,암컷,전라남도 순천시,순천시유기동물보호소
2025-03-14,개,믹스견,암컷,전라남도 순천시,순천시유기동물보호소
2025-03-14,개,믹스견,암컷,전라남도 순천시,순천시유기동물보호소
2025-03-14,개,믹스견,암컷,전라남도 순천시,순천시유기동물보호소
2025-03-14,개,믹스견,수컷,전라남도 순천시,순천시유기동물보호소
2025-03-14,개,믹스견,수컷,전라남도 순천시,순천시유기동물보호소
2025-03-14,개,믹스견,암컷,전라남도 순천시,순천시유기동물보호소
2025-03-14,개,믹스견,수컷,전라남도 순천시,순천시유기동물보호소
2025-03-14,개,믹스견,암컷,전라남도 순천시,순천시유기동물보호소
2025-03-14,개,믹스견,암컷,전라남도 순천시,순천시유기동물보호소
2025-03-14,개,믹스견,암컷,전라남도 여수시,유기동물보호소
2025-03-14,개,믹스견,암컷,전라남도 여수시,유기동물보호소
2025-03-14,개,믹스견,암컷,전라남도 목포시,목포시유기동물보호소
2025-03-14,개,믹스견,수컷,충청북도 청주시,반려동물보호센터
2025-03-14,개,믹스견,암컷,충청북도 음성군,금왕동물병원
2025-03-14,개,믹스견,암컷,충청북도 음성군,금왕동물병원
2025-03-14,개,믹스견,수컷,충청북도 음성군,금왕동물병원
2025-03-14,개,믹스견,수컷,충청북도 음성군,금왕동물병원
2025-03-14,개,믹스견,수컷,충청북도 음성군,금왕동물병원
2025-03-14,개,믹스견,수컷,충청북도 음성군,금왕동물병원
2025-03-14,개,믹스견,암컷,강원특별자치도 춘천시,춘천시 동물보호센터
2025-03-14,개,믹스견,암컷,강원특별자치도 춘천시,춘천시 동물보호센터
2025-03-14,개,믹스견,암컷,강원특별자치도 춘천시,춘천시 동물보호센터
2025-03-14,개,믹스견,수컷,경기도 여주시,위더스 동물보호센터
2025-03-14,개,믹스견,암컷,경기도 여주시,위더스 동물보호센터
2025-03-14,개,믹스견,암컷,경기도 여주시,위더스 동물보호센터
2025-03-14,개,믹스견,암컷,경기도 오산시,오산 유기동물보호소
2025-03-14,개,믹스견,암컷,경기도 오산시,오산 유기동물보호소
2025-03-14,개,믹스견,암컷,경기도 오산시,오산 유기동물보호소
2025-03-14,개,믹스견,수컷,경기도 고양시,고양시동물보호센터
2025-03-14,개,믹스견,수컷,경기도 안산시,한국야생동물보호협회
2025-03-14,개,믹스견,수컷,경기도 안산시,한국야생동물보호협회
2025-03-14,개,믹스견,수컷,경기도 안산시,한국야생동물보호협회
2025-03-14,개,믹스견,수컷,경기도 평택시,평택시유기동물보호소
2025-03-14,개,믹스견,수컷,경기도 평택시,평택시유기동물보호소
2025-03-14,개,믹스견,암컷,경기도 안양시,한국야생동물보호협회
2025-03-14,개,믹스견,암컷,울산광역시 울주군,울산유기동물보호센터
2025-03-14,고양이,한국 고양이,미상,대전광역시 서구,대전동물보호센터
2025-03-14,고양이,러시안 블루,암컷,인천광역시 서구,우리동물병원
2025-03-14,개,믹스견,암컷,대구광역시 군위군,군위종합동물병원
2025-03-14,개,믹스견,수컷,대구광역시 군위군,군위종합동물병원
2025-03-14,개,믹스견,수컷,대구광역시 군위군,군위종합동물병원
2025-03-14,개,믹스견,수컷,대구광역시 군위군,군위종합동물병원
2025-03-14,개,믹스견,수컷,대구광역시 군위군,군위종합동물병원
2025-03-14,개,믹스견,암컷,대구광역시 군위군,군위종합동물병원
2025-03-14,개,믹스견,수컷,대구광역시 군위군,군위종합동물병원
2025-03-14,개,믹스견,암컷,대구광역시 군위군,군위종합동물병원
2025-03-14,개,믹스견,암컷,대구광역시 군위군,군위종합동물병원
2025-03-14,개,믹스견,수컷,대구광역시 군위군,군위종합동물병원
2025-03-13,개,믹스견,암컷,충청북도 괴산군,괴산증평동물보호센터
2025-03-13,개,치와와,암컷,부산광역시 영도구,부산동물보호센터
2025-03-13,개,믹스견,암컷,충청북도 진천군,증평 가정견 훈련소
2025-03-13,개,치와와,암컷,경기도 양주시,한국동물구조관리협회
2025-03-13,개,믹스견,수컷,경상남도 밀양시,밀양시 동물보호센터
2025-03-13,개,믹스견,수컷,경상남도 밀양시,밀양시 동물보호센터
2025-03-13,개,믹스견,수컷,경상남도 밀양시,밀양시 동물보호센터
2025-03-13,개,믹스견,암컷,경상남도 밀양시,밀양시 동물보호센터
2025-03-13,고양이,믹스묘,암컷,전북특별자치도 군산시,군산유기동물보호센터
2025-03-13,개,믹스견,수컷,부산광역시 동래구,(사)동부동물보호협회
2025-03-13,개,믹스견,암컷,부산광역시 동래구,(사)동부동물보호협회
2025-03-13,개,믹스견,암컷,전라남도 완도군,유기동물임시보호센터
2025-03-13,개,믹스견,암컷,경상남도 합천군,태민동물보호센터
2025-03-13,개,믹스견,암컷,경상남도 합천군,태민동물보호센터
2025-03-13,개,믹스견,수컷,전북특별자치도 정읍시,정읍시 동물보호소
2025-03-13,개,믹스견,암컷,전북특별자치도 익산시,익산유기동물보호소
2025-03-13,개,믹스견,수컷,전북특별자치도 전주시,패밀리동물병원
2025-03-13,개,믹스견,수컷,충청남도 서산시,서산시 동물보호센터
2025-03-13,개,믹스견,수컷,충청남도 아산시,아산동물복지지원센터
2025-03-13,개,포메라니안,수컷,충청남도 아산시,아산동물복지지원센터
2025-03-13,개,말티즈,수컷,강원특별자치도 강릉시,강릉시 동물사랑센터
2025-03-13,개,믹스견,암컷,경기도 수원시,수원시 동물보호센터
2025-03-13,개,믹스견,암컷,경기도 수원시,수원시 동물보호센터
2025-03-13,개,푸들,암컷,울산광역시 울주군,울산유기동물보호센터
2025-03-13,고양이,터키시 앙고라,암컷,대전광역시 서구,대전동물보호센터
2025-03-13,개,믹스견,수컷,대전광역시 동구,대전동물보호센터
2025-03-13,개,믹스견,암컷,대전광역시 동구,대전동물보호센터
2025-03-13,개,믹스견,암컷,인천광역시 강화군,디디동물병원
2025-03-13,고양이,한국 고양이,수컷,인천광역시 서구,가정동물병원
2025-03-13,개,믹스견,암컷,부산광역시 금정구,동부동물보호협회
2025-03-13,개,믹스견,수컷,부산광역시 북구,부산동물보호센터
2025-03-13,개,믹스견,암컷,경상남도 함안군,함안군유기동물보호소
2025-03-13,개,믹스견,수컷,경상남도 함안군,함안군유기동물보호소
2025-03-13,개,믹스견,암컷,경상남도 함안군,함안군유기동물보호소
2025-03-13,개,믹스견,수컷,경상남도 함안군,함안군유기동물보호소
2025-03-13,개,믹스견,수컷,경상남도 함안군,함안군유기동물보호소
2025-03-13,개,믹스견,암컷,경상남도 함안군,함안군유기동물보호소
2025-03-13,개,믹스견,암컷,경상남도 함안군,함안군유기동물보호소
2025-03-13,개,믹스견,암컷,경상남도 함안군,함안군유기동물보호소
2025-03-13,개,믹스견,수컷,경상남도 함안군,함안군유기동물보호소
2025-03-13,개,믹스견,암컷,경상남도 함안군,함안군유기동물보호소
2025-03-13,개,믹스견,수컷,경상남도 함안군,함안군유기동물보호소
2025-03-13,개,믹스견,수컷,경상남도 함안군,함안군유기동물보호소
2025-03-13,개,믹스견,암컷,경상남도 함안군,함안군유기동물보호소
2025-03-13,개,진도견,암컷,경상남도 함안군,함안군유기동물보호소
2025-03-13,개,진도견,암컷,경상남도 함안군,함안군유기동물보호소
2025-03-13,개,진도견,암컷,경상남도 함안군,함안군유기동물보호소
2025-03-13,개,믹스견,암컷,경상남도 함안군,함안군유기동물보호소
2025-03-13,개,믹스견,수컷,경상남도 함안군,함안군유기동물보호소
2025-03-13,개,믹스견,암컷,경상남도 함안군,함안군유기동물보호소
2025-03-13,개,믹스견,암컷,경상남도 함안군,함안군유기동물보호소
2025-03-13,개,믹스견,암컷,경상남도 밀양시,밀양시 동물보호센터
2025-03-13,개,믹스견,암컷,경상남도 밀양시,밀양시 동물보호센터
2025-03-13,개,믹스견,암컷,경상남도 밀양시,밀양시 동물보호센터
2025-03-13,개,믹스견,수컷,경상남도 밀양시,밀양시 동물보호센터
2025-03-13,개,믹스견,암컷,경상남도 밀양시,밀양시 동물보호센터
2025-03-13,개,믹스견,암컷,경상남도 밀양시,밀양시 동물보호센터
2025-03-13,개,믹스견,암컷,경상남도 밀양시,밀양시 동물보호센터
2025-03-13,개,믹스견,암컷,경상남도 밀양시,밀양시 동물보호센터
2025-03-13,개,믹스견,수컷,경상북도 고령군,고령군 유기견 보호소
2025-03-13,개,믹스견,암컷,경상북도 고령군,고령군 유기견 보호소
2025-03-13,개,믹스견,수컷,경상북도 경산시,경산시유기동물보호소
2025-03-13,개,믹스견,암컷,경상북도 포항시,(사)영일동물플러스
2025-03-13,개,믹스견,수컷,전라남도 담양군,담양군 동물보호센터
2025-03-13,개,믹스견,수컷,전라남도 담양군,담양군 동물보호센터
2025-03-13,개,믹스견,암컷,전라남도 담양군,담양군 동물보호센터
2025-03-13,개,믹스견,수컷,전라남도 여수시,유기동물보호소
2025-03-13,개,믹스견,수컷,전북특별자치도 남원시,하나동물병원
2025-03-13,개,믹스견,수컷,전북특별자치도 정읍시,정읍시 동물보호소
2025-03-13,개,믹스견,암컷,전북특별자치도 정읍시,정읍시 동물보호소
2025-03-13,개,믹스견,수컷,전북특별자치도 정읍시,정읍시 동물보호소
2025-03-13,개,믹스견,암컷,전북특별자치도 전주시,패밀리동물병원
2025-03-13,개,믹스견,수컷,충청남도 당진시,당진시동물보호소
2025-03-13,개,믹스견,암컷,충청남도 아산시,아산동물복지지원센터
2025-03-13,개,믹스견,암컷,충청남도 아산시,아산동물복지지원센터
2025-03-13,개,믹스견,암컷,충청남도 보령시,보령시유기동물보호소
2025-03-13,개,믹스견,수컷,강원특별자치도 고성군,유기견임시보호소
2025-03-13,개,사모예드,암컷,강원특별자치도 원주시,원주시동물보호센터
2025-03-13,개,믹스견,수컷,경기도 고양시,고양시동물보호센터
2025-03-13,개,믹스견,암컷,경기도 평택시,평택시유기동물보호소
2025-03-13,개,믹스견,암컷,경기도 평택시,평택시유기동물보호소
2025-03-13,개,믹스견,수컷,경기도 광명시,한국야생동물보호협회
2025-03-12,개,믹스견,수컷,강원특별자치도 양양군,양양군유기동물보호소
2025-03-12,개,믹스견,수컷,강원특별자치도 횡성군,횡성유기동물보호센터
2025-03-12,개,믹스견,수컷,경상북도 영천시,영천유기동물보호센터
2025-03-12,개,믹스견,수컷,경상북도 영천시,영천유기동물보호센터
2025-03-12,개,믹스견,수컷,경상남도 하동군,하동군유기동물보호소
2025-03-12,개,믹스견,수컷,경상남도 하동군,하동군유기동물보호소
2025-03-12,개,믹스견,암컷,전라남도 무안군,무안군유기동물보호소
2025-03-12,개,믹스견,수컷,전라남도 무안군,무안군유기동물보호소
2025-03-12,개,믹스견,수컷,전라남도 무안군,무안군유기동물보호소
2025-03-12,개,믹스견,수컷,경상남도 합천군,태민동물보호센터
2025-03-12,개,믹스견,암컷,경상남도 합천군,태민동물보호센터
2025-03-12,개,믹스견,암컷,경상남도 합천군,태민동물보호센터
2025-03-12,개,믹스견,암컷,경상남도 합천군,태민동물보호센터
2025-03-12,개,믹스견,수컷,경상남도 합천군,태민동물보호센터
2025-03-12,개,믹스견,암컷,경상남도 합천군,태민동물보호센터
2025-03-12,개,믹스견,암컷,경상남도 합천군,태민동물보호센터
2025-03-12,개,웰시 코기 펨브로크,수컷,부산광역시 중구,부산동물보호센터
2025-03-12,개,믹스견,암컷,제주특별자치도 제주특별자치도,제주 동물보호센터
2025-03-12,개,믹스견,수컷,경상남도 밀양시,밀양시 동물보호센터
2025-03-12,개,믹스견,암컷,경상남도 밀양시,밀양시 동물보호센터
2025-03-12,개,믹스견,암컷,경상남도 밀양시,밀양시 동물보호센터
2025-03-12,개,믹스견,암컷,경상남도 밀양시,밀양시 동물보호센터
2025-03-12,개,믹스견,암컷,경상남도 밀양시,밀양시 동물보호센터
2025-03-12,개,믹스견,수컷,경상남도 밀양시,밀양시 동물보호센터
2025-03-12,개,믹스견,암컷,경상남도 밀양시,밀양시 동물보호센터
2025-03-12,개,믹스견,암컷,전라남도 목포시,목포시유기동물보호소
2025-03-12,개,믹스견,암컷,충청남도 홍성군,금일동물보호센터
2025-03-12,개,믹스견,수컷,충청남도 홍성군,금일동물보호센터
2025-03-12,개,믹스견,수컷,충청남도 홍성군,금일동물보호센터
2025-03-12,개,믹스견,수컷,경기도 수원시,수원시 동물보호센터
2025-03-12,개,믹스견,수컷,세종특별자치시 세종특별자치시,세종유기동물보호센터
2025-03-12,개,믹스견,암컷,세종특별자치시 세종특별자치시,세종유기동물보호센터
2025-03-12,개,믹스견,수컷,경상남도 창녕군,창녕 유기동물보호소
2025-03-12,개,믹스견,수컷,경상남도 창녕군,창녕 유기동물보호소
2025-03-12,개,믹스견,암컷,경상남도 거제시,거제시유기동물보호소
2025-03-12,개,믹스견,수컷,경상남도 거제시,거제시유기동물보호소
2025-03-12,개,믹스견,수컷,경상남도 거제시,거제시유기동물보호소
2025-03-12,개,푸들,수컷,경상남도 진주시,진주시동물보호센터
2025-03-12,개,믹스견,수컷,경상북도 고령군,고령군 유기견 보호소
2025-03-12,개,믹스견,암컷,경상북도 청도군,청도군동물보호센터
2025-03-12,개,믹스견,수컷,전라남도 함평군,학교임시동물보호센터
2025-03-12,개,믹스견,암컷,전라남도 순천시,순천시유기동물보호소
2025-03-12,개,믹스견,암컷,전라남도 순천시,순천시유기동물보호소
2025-03-12,개,믹스견,암컷,전라남도 여수시,유기동물보호소
2025-03-12,개,믹스견,암컷,전북특별자치도 김제시,전북말산업복합센터
2025-03-12,개,믹스견,암컷,전북특별자치도 김제시,전북말산업복합센터
2025-03-12,개,믹스견,암컷,전북특별자치도 김제시,전북말산업복합센터
2025-03-12,개,믹스견,암컷,전북특별자치도 김제시,전북말산업복합센터
2025-03-12,개,포메라니안,수컷,전북특별자치도 남원시,하나동물병원
2025-03-12,개,믹스견,암컷,전북특별자치도 남원시,하나동물병원
2025-03-12,개,믹스견,수컷,전북특별자치도 남원시,하나동물병원
2025-03-12,개,믹스견,암컷,전북특별자치도 남원시,하나동물병원
2025-03-12,개,믹스견,수컷,전북특별자치도 남원시,하나동물병원
2025-03-12,개,포메라니안,수컷,전북특별자치도 남원시,하나동물병원
2025-03-12,개,믹스견,수컷,전북특별자치도 군산시,군산유기동물보호센터
2025-03-12,개,믹스견,수컷,전북특별자치도 군산시,군산유기동물보호센터
2025-03-12,개,믹스견,수컷,전북특별자치도 군산시,군산유기동물보호센터
2025-03-12,고양이,믹스묘,암컷,충청남도 아산시,아산동물복지지원센터
2025-03-12,개,믹스견,암컷,경기도 양평군,양평군유기동물보호소
2025-03-12,개,믹스견,암컷,경기도 파주시,한국동물구조관리협회
2025-03-12,개,믹스견,암컷,경기도 파주시,한국동물구조관리협회
2025-03-12,개,믹스견,암컷,경기도 파주시,한국동물구조관리협회
2025-03-12,개,믹스견,미상,경기도 파주시,한국동물구조관리협회
2025-03-12,개,믹스견,미상,경기도 파주시,한국동물구조관리협회
2025-03-12,개,믹스견,미상,경기도 파주시,한국동물구조관리협회
2025-03-12,개,믹스견,미상,경기도 파주시,한국동물구조관리협회
2025-03-12,개,믹스견,미상,경기도 파주시,한국동물구조관리협회
2025-03-12,개,믹스견,암컷,경기도 파주시,한국동물구조관리협회
2025-03-12,개,믹스견,암컷,경기도 파주시,한국동물구조관리협회
2025-03-12,고양이,한국 고양이,수컷,경기도 용인시,용인시 동물보호센터
2025-03-12,개,믹스견,암컷,경기도 고양시,고양시동물보호센터
2025-03-12,개,믹스견,암컷,경기도 평택시,평택시유기동물보호소
2025-03-12,개,믹스견,암컷,경기도 평택시,평택시유기동물보호소
2025-03-12,개,믹스견,암컷,경기도 평택시,평택시유기동물보호소
2025-03-12,개,믹스견,수컷,경기도 평택시,평택시유기동물보호소
2025-03-12,개,믹스견,수컷,경기도 평택시,평택시유기동물보호소
2025-03-12,개,믹스견,암컷,경기도 평택시,평택시유기동물보호소
2025-03-12,개,믹스견,암컷,경기도 평택시,평택시유기동물보호소
2025-03-12,개,믹스견,암컷,울산광역시 울주군,울산유기동물보호센터
2025-03-11,개,믹스견,암컷,전라남도 장흥군,장흥군 동물보호센터
2025-03-11,개,믹스견,수컷,전라남도 무안군,무안군유기동물보호소
2025-03-11,개,믹스견,암컷,경상남도 산청군,산청동물보호센터
2025-03-11,개,믹스견,수컷,경상남도 김해시,(사)동물보호관리협회
2025-03-11,개,믹스견,암컷,충청남도 금산군,제일동물병원
2025-03-11,개,믹스견,수컷,충청남도 논산시,논산시 동물보호센터
2025-03-11,고양이,한국 고양이,암컷,제주특별자치도 제주특별자치도,제주 동물보호센터
2025-03-11,개,믹스견,암컷,경상북도 울진군,울진군동물보호센터
2025-03-11,개,믹스견,암컷,전라남도 해남군,해남유기동물보호센터
2025-03-11,개,믹스견,암컷,전라남도 해남군,해남유기동물보호센터
2025-03-11,개,믹스견,수컷,전라남도 해남군,해남유기동물보호센터
2025-03-11,개,믹스견,암컷,전라남도 구례군,구례군동물보호센터
2025-03-11,개,믹스견,수컷,전북특별자치도 익산시,익산유기동물보호소
2025-03-11,개,믹스견,수컷,충청북도 괴산군,괴산증평동물보호센터
2025-03-11,개,믹스견,수컷,강원특별자치도 원주시,원주시동물보호센터
2025-03-11,고양이,한국 고양이,수컷,경기도 수원시,수원시 동물보호센터
2025-03-11,개,믹스견,미상,울산광역시 울주군,울산유기동물보호센터
2025-03-11,개,믹스견,암컷,울산광역시 북구,울산유기동물보호센터
2025-03-11,개,믹스견,암컷,울산광역시 북구,울산유기동물보호센터
2025-03-11,개,믹스견,수컷,울산광역시 북구,울산유기동물보호센터
2025-03-11,개,믹스견,암컷,울산광역시 북구,울산유기동물보호센터
2025-03-11,개,포메라니안,수컷,인천광역시 미추홀구,인천광역시수의사회
2025-03-11,개,믹스견,수컷,부산광역시 남구,(사)동부동물보호협회
2025-03-11,고양이,한국 고양이,암컷,부산광역시 중구,부산동물보호센터
2025-03-11,개,믹스견,암컷,세종특별자치시 세종특별자치시,세종유기동물보호센터
2025-03-11,개,믹스견,수컷,경상남도 창녕군,창녕 유기동물보호소
2025-03-11,개,믹스견,암컷,경상남도 밀양시,밀양시 동물보호센터
2025-03-11,개,믹스견,암컷,경상남도 밀양시,밀양시 동물보호센터
2025-03-11,개,믹스견,암컷,경상남도 밀양시,밀양시 동물보호센터
2025-03-11,개,믹스견,암컷,경상남도 진주시,진주시동물보호센터
2025-03-11,개,믹스견,암컷,경상남도 진주시,진주시동물보호센터
2025-03-11,개,믹스견,암컷,경상남도 진주시,진주시동물보호센터
2025-03-11,개,믹스견,수컷,경상남도 진주시,진주시동물보호센터
2025-03-11,개,웰시코기믹스,암컷,경상북도 성주군,성주유기동물보호센터
2025-03-11,개,믹스견,암컷,경상북도 경산시,경산시유기동물보호소
2025-03-11,개,믹스견,암컷,경상북도 경산시,경산시유기동물보호소
2025-03-11,개,믹스견,수컷,경상북도 영주시,영주시 동물보호센터
2025-03-11,개,믹스견,수컷,경상북도 김천시,김천시 동물보호센터
2025-03-11,개,믹스견,수컷,경상북도 포항시,(사)영일동물플러스
2025-03-11,개,믹스견,수컷,전라남도 곡성군,곡성군동물보호소
2025-03-11,개,말티즈,수컷,전라남도 담양군,담양군 동물보호센터
2025-03-11,개,믹스견,암컷,전라남도 순천시,순천시유기동물보호소
2025-03-11,개,믹스견,암컷,전북특별자치도 부안군,부안군 동물보호센터
2025-03-11,개,믹스견,암컷,전북특별자치도 군산시,군산유기동물보호센터
2025-03-11,개,진도견,수컷,충청남도 서산시,서산시 동물보호센터
2025-03-11,개,믹스견,수컷,충청남도 천안시,천안시 동물보호센터
2025-03-11,개,믹스견,수컷,강원특별자치도 인제군,인제군동물보호센터
2025-03-11,개,믹스견,수컷,경기도 화성시,화성동물보호센터
2025-03-11,개,믹스견,암컷,경기도 양평군,양평군유기동물보호소
2025-03-11,개,믹스견,수컷,경기도 양평군,양평군유기동물보호소
2025-03-11,고양이,한국 고양이,암컷,경기도 이천시,위더스 동물보호센터
2025-03-11,개,믹스견,수컷,경기도 의왕시,한국야생동물보호협회
2025-03-11,개,믹스견,암컷,경기도 의왕시,한국야생동물보호협회
2025-03-11,개,믹스견,수컷,경기도 군포시,한국야생동물보호협회
2025-03-11,개,잉글리쉬 세터,수컷,경기도 시흥시,시흥동물누리보호센터
2025-03-11,개,믹스견,암컷,경기도 시흥시,시흥동물누리보호센터
2025-03-11,개,믹스견,암컷,경기도 고양시,고양시동물보호센터
2025-03-11,개,믹스견,수컷,경기도 고양시,고양시동물보호센터
2025-03-11,개,믹스견,암컷,경기도 평택시,평택시유기동물보호소
2025-03-11,개,믹스견,암컷,대전광역시 동구,대전동물보호센터
2025-03-11,개,믹스견,암컷,광주광역시 광산구,광주동물보호센터
2025-03-11,개,믹스견,암컷,인천광역시 서구,가정동물병원
2025-03-11,개,믹스견,암컷,인천광역시 부평구,늘푸른동물병원
2025-03-11,개,믹스견,암컷,대구광역시 군위군,군위종합동물병원
2025-03-11,개,믹스견,암컷,대구광역시 군위군,군위종합동물병원
2025-03-11,개,믹스견,암컷,대구광역시 군위군,군위종합동물병원
2025-03-11,개,시바,수컷,대구광역시 군위군,군위종합동물병원
2025-03-11,개,믹스견,암컷,대구광역시 군위군,군위종합동물병원
2025-03-11,개,믹스견,암컷,대구광역시 군위군,군위종합동물병원
2025-03-11,개,믹스견,암컷,대구광역시 군위군,군위종합동물병원
2025-03-11,고양이,한국 고양이,수컷,서울특별시 동대문구,동대문구청
2025-03-11,개,믹스견,암컷,대전광역시 서구,대전동물보호센터
2025-03-10,개,믹스견,암컷,전라남도 장흥군,장흥군 동물보호센터
2025-03-10,개,믹스견,수컷,경상남도 하동군,하동군유기동물보호소
2025-03-10,개,믹스견,수컷,경상남도 하동군,하동군유기동물보호소
2025-03-10,개,믹스견,암컷,강원특별자치도 횡성군,횡성유기동물보호센터
2025-03-10,개,믹스견,암컷,경상북도 영천시,영천유기동물보호센터
2025-03-10,개,믹스견,수컷,경상남도 양산시,양산시 동물보호센터
2025-03-10,개,믹스견,수컷,경상남도 밀양시,밀양시 동물보호센터
2025-03-10,개,믹스견,암컷,경상남도 밀양시,밀양시 동물보호센터
2025-03-10,개,믹스견,암컷,경상남도 통영시,통영시동물보호센터
2025-03-10,개,믹스견,암컷,경상남도 통영시,통영시동물보호센터
2025-03-10,개,믹스견,수컷,경상남도 통영시,통영시동물보호센터
2025-03-10,개,믹스견,수컷,경상남도 통영시,통영시동물보호센터
2025-03-10,개,믹스견,암컷,경상남도 통영시,통영시동물보호센터
2025-03-10,개,믹스견,수컷,경상남도 통영시,통영시동물보호센터
2025-03-10,개,믹스견,수컷,경상북도 울진군,울진군동물보호센터
2025-03-10,개,믹스견,암컷,경상북도 울진군,울진군동물보호센터
2025-03-10,개,믹스견,암컷,전라남도 무안군,무안군유기동물보호소
2025-03-10,개,믹스견,암컷,전라남도 무안군,무안군유기동물보호소
2025-03-10,개,믹스견,수컷,전라남도 해남군,해남유기동물보호센터
2025-03-10,개,믹스견,수컷,전라남도 해남군,해남유기동물보호센터
2025-03-10,개,믹스견,수컷,충청남도 예산군,예산임시동물보호센터
2025-03-10,개,믹스견,암컷,충청남도 예산군,예산임시동물보호센터
2025-03-10,개,믹스견,수컷,충청남도 홍성군,금일동물보호센터
2025-03-10,개,믹스견,수컷,충청남도 공주시,공주시 동물보호센터
2025-03-10,개,믹스견,수컷,충청남도 공주시,공주시 동물보호센터
2025-03-10,개,믹스견,수컷,충청남도 공주시,공주시 동물보호센터
2025-03-10,개,믹스견,수컷,충청남도 공주시,공주시 동물보호센터
2025-03-10,개,푸들,암컷,강원특별자치도 태백시,태백시유기동물보호소
2025-03-10,개,믹스견,암컷,인천광역시 강화군,디디동물병원
2025-03-10,고양이,믹스묘,암컷,부산광역시 수영구,(사)동부동물보호협회
2025-03-10,개,믹스견,암컷,부산광역시 서구,부산동물보호센터
2025-03-10,개,믹스견,암컷,부산광역시 서구,부산동물보호센터
2025-03-10,개,믹스견,수컷,부산광역시 서구,부산동물보호센터
2025-03-10,개,믹스견,수컷,부산광역시 서구,부산동물보호센터
2025-03-10,개,진도견,암컷,세종특별자치시 세종특별자치시,세종유기동물보호센터
2025-03-10,개,진도견,암컷,세종특별자치시 세종특별자치시,세종유기동물보호센터
2025-03-10,개,믹스견,암컷,경상남도 창원시,창원유기동물보호소
2025-03-10,개,믹스견,암컷,경상남도 창원시,창원유기동물보호소
2025-03-10,개,믹스견,암컷,경상남도 창녕군,창녕 유기동물보호소
2025-03-10,개,믹스견,암컷,경상남도 사천시,사천시 동물보호센터
2025-03-10,개,믹스견,수컷,경상남도 사천시,사천시 동물보호센터
2025-03-10,개,믹스견,수컷,경상북도 고령군,고령군 유기견 보호소
2025-03-10,개,믹스견,암컷,경상북도 구미시,구미시 동물보호센터
2025-03-10,개,믹스견,암컷,경상북도 구미시,구미시 동물보호센터
2025-03-10,개,믹스견,암컷,전라남도 장성군,장성군동물보호센터
2025-03-10,개,믹스견,암컷,전라남도 장성군,장성군동물보호센터
2025-03-10,개,믹스견,암컷,전라남도 강진군,강진군 유기견 보호소
2025-03-10,개,믹스견,수컷,전북특별자치도 부안군,부안군 동물보호센터
2025-03-10,개,진도견,수컷,전북특별자치도 완주군,완주군유기동물보호소
2025-03-10,개,믹스견,암컷,전북특별자치도 김제시,전북말산업복합센터
2025-03-10,개,믹스견,수컷,전북특별자치도 김제시,전북말산업복합센터
2025-03-10,개,믹스견,수컷,충청남도 청양군,청양보호소
2025-03-10,개,믹스견,암컷,충청남도 천안시,천안시 동물보호센터
2025-03-10,개,믹스견,암컷,충청북도 음성군,금왕동물병원
2025-03-10,개,믹스견,수컷,충청북도 음성군,금왕동물병원
2025-03-10,고양이,믹스묘,수컷,충청북도 음성군,금왕동물병원
2025-03-10,고양이,한국 고양이,암컷,경기도 광주시,광주TNR동물병원송정
2025-03-10,개,믹스견,수컷,경기도 용인시,용인시 동물보호센터
2025-03-10,개,믹스견,수컷,경기도 용인시,용인시 동물보호센터
2025-03-10,개,믹스견,수컷,경기도 군포시,한국야생동물보호협회
2025-03-10,개,믹스견,암컷,경기도 시흥시,시흥동물누리보호센터
2025-03-10,고양이,스코티시폴드,암컷,경기도 시흥시,시흥동물누리보호센터
2025-03-10,개,프렌치 불독,수컷,경기도 시흥시,시흥동물누리보호센터
2025-03-10,개,믹스견,수컷,경기도 평택시,평택시유기동물보호소
2025-03-10,개,믹스견,암컷,경기도 평택시,평택시유기동물보호소
2025-03-10,개,믹스견,암컷,경기도 평택시,평택시유기동물보호소
2025-03-10,개,믹스견,수컷,경기도 평택시,평택시유기동물보호소
2025-03-10,개,믹스견,암컷,경기도 평택시,평택시유기동물보호소
2025-03-10,기타,닭,수컷,경기도 평택시,평택시유기동물보호소
2025-03-10,개,믹스견,암컷,대전광역시 유성구,대전동물보호센터
2025-03-10,고양이,한국 고양이,암컷,서울특별시 강동구,둔촌동물병원
2025-03-10,고양이,페르시안,암컷,서울특별시 동대문구,동대문구청
2025-03-10,고양이,한국 고양이,수컷,광주광역시 광산구,광주동물보호센터
2025-03-10,개,믹스견,암컷,전북특별자치도 완주군,완주군유기동물보호소
2025-03-10,개,믹스견,수컷,전북특별자치도 완주군,완주군유기동물보호소
2025-03-09,개,믹스견,암컷,경기도 양평군,양평군유기동물보호소
2025-03-09,개,믹스견,암컷,경기도 양평군,양평군유기동물보호소
2025-03-09,개,믹스견,암컷,경기도 양평군,양평군유기동물보호소
2025-03-09,개,믹스견,암컷,경기도 양평군,양평군유기동물보호소
2025-03-09,개,믹스견,암컷,경기도 양평군,양평군유기동물보호소
2025-03-09,개,믹스견,수컷,경기도 양평군,양평군유기동물보호소
2025-03-09,개,믹스견,암컷,강원특별자치도 원주시,원주시동물보호센터
2025-03-09,개,믹스견,암컷,강원특별자치도 원주시,원주시동물보호센터
2025-03-09,개,믹스견,암컷,전라남도 완도군,유기동물임시보호센터
2025-03-09,개,믹스견,수컷,전북특별자치도 군산시,군산유기동물보호센터
2025-03-09,개,믹스견,암컷,전북특별자치도 군산시,군산유기동물보호센터
2025-03-09,개,믹스견,암컷,전라남도 해남군,해남유기동물보호센터
2025-03-09,개,믹스견,암컷,전라남도 해남군,해남유기동물보호센터
2025-03-09,개,믹스견,암컷,전라남도 해남군,해남유기동물보호센터
2025-03-09,개,믹스견,암컷,전라남도 보성군,보성유기동물보호센터
2025-03-09,개,믹스견,수컷,전라남도 곡성군,곡성군동물보호소
2025-03-09,개,믹스견,암컷,전북특별자치도 부안군,부안군 동물보호센터
2025-03-09,개,믹스견,암컷,전북특별자치도 부안군,부안군 동물보호센터
2025-03-09,개,믹스견,암컷,충청남도 홍성군,금일동물보호센터
2025-03-09,개,믹스견,암컷,대전광역시 유성구,대전동물보호센터
2025-03-09,개,프렌치 불독,수컷,대전광역시 서구,대전동물보호센터
2025-03-09,개,진도견,수컷,경상남도 창원시,진해유기동물보호소
2025-03-09,개,믹스견,암컷,경상북도 청도군,청도군동물보호센터
2025-03-09,개,믹스견,암컷,경상북도 청도군,청도군동물보호센터
2025-03-09,개,믹스견,수컷,경상북도 청도군,청도군동물보호센터
2025-03-09,개,믹스견,암컷,전북특별자치도 남원시,하나동물병원
2025-03-09,개,믹스견,수컷,충청남도 당진시,당진시동물보호소
2025-03-09,개,믹스견,수컷,충청북도 청주시,반려동물보호센터
2025-03-09,개,믹스견,암컷,광주광역시 남구,광주동물보호센터
2025-03-08,개,믹스견,수컷,경상북도 영천시,영천유기동물보호센터
2025-03-08,개,믹스견,수컷,강원특별자치도 원주시,원주시동물보호센터
2025-03-08,개,믹스견,수컷,강원특별자치도 원주시,원주시동물보호센터
2025-03-08,개,믹스견,암컷,충청남도 금산군,제일동물병원
2025-03-08,개,믹스견,암컷,충청남도 아산시,아산동물복지지원센터
2025-03-08,개,믹스견,수컷,전라남도 보성군,보성유기동물보호센터
2025-03-08,개,믹스견,암컷,전북특별자치도 익산시,익산유기동물보호소
2025-03-08,개,믹스견,암컷,전북특별자치도 익산시,익산유기동물보호소
2025-03-08,개,믹스견,암컷,전북특별자치도 익산시,익산유기동물보호소
2025-03-08,개,진도견,암컷,충청남도 예산군,예산임시동물보호센터
2025-03-08,개,믹스견,수컷,충청남도 예산군,예산임시동물보호센터
2025-03-08,개,믹스견,암컷,충청남도 홍성군,금일동물보호센터
2025-03-08,고양이,한국 고양이,암컷,인천광역시 서구,우리동물병원
2025-03-08,고양이,한국 고양이,암컷,인천광역시 서구,우리동물병원
2025-03-08,고양이,한국 고양이,수컷,인천광역시 서구,우리동물병원
2025-03-08,개,말티즈,수컷,충청북도 제천시,제천시 동물보호센터
2025-03-08,개,포메라니안,수컷,강원특별자치도 춘천시,춘천시 동물보호센터
2025-03-08,개,믹스견,수컷,울산광역시 울주군,울산유기동물보호센터
2025-03-08,개,믹스견,암컷,울산광역시 울주군,울산유기동물보호센터
2025-03-08,개,믹스견,암컷,울산광역시 울주군,울산유기동물보호센터
2025-03-08,개,믹스견,수컷,울산광역시 울주군,울산유기동물보호센터
2025-03-08,개,믹스견,수컷,울산광역시 울주군,울산유기동물보호센터
2025-03-08,개,믹스견,암컷,경상남도 창녕군,창녕 유기동물보호소
2025-03-08,개,믹스견,수컷,경상남도 창녕군,창녕 유기동물보호소
2025-03-08,개,믹스견,암컷,경상남도 창녕군,창녕 유기동물보호소
2025-03-08,개,믹스견,암컷,경상남도 거제시,거제시유기동물보호소
2025-03-08,개,믹스견,암컷,경상북도 영덕군,영덕유기동물보호센터
2025-03-08,개,진도견,수컷,경상북도 구미시,구미시 동물보호센터
2025-03-08,개,믹스견,암컷,전라남도 순천시,순천시유기동물보호소
2025-03-08,개,믹스견,암컷,전라남도 순천시,순천시유기동물보호소
2025-03-08,기타,토끼,암컷,충청북도 청주시,반려동물보호센터
2025-03-08,고양이,한국 고양이,암컷,경기도 부천시,24시아이동물메디컬
2025-03-07,개,믹스견,암컷,강원특별자치도 횡성군,횡성유기동물보호센터
2025-03-07,개,믹스견,암컷,전라남도 담양군,담양군 동물보호센터
2025-03-07,개,믹스견,암컷,충청남도 논산시,논산시 동물보호센터
2025-03-07,개,믹스견,암컷,충청남도 논산시,논산시 동물보호센터
2025-03-07,개,말티푸,암컷,충청남도 논산시,논산시 동물보호센터
2025-03-07,개,믹스견,암컷,전북특별자치도 익산시,익산유기동물보호소
2025-03-07,개,믹스견,암컷,충청남도 홍성군,금일동물보호센터
2025-03-07,개,믹스견,암컷,강원특별자치도 홍천군,홍천군유기동물보호소
2025-03-07,개,믹스견,수컷,인천광역시 남동구,인천광역시수의사회
2025-03-07,개,웰시 코기 펨브로크,암컷,인천광역시 미추홀구,인천광역시수의사회
2025-03-07,개,믹스견,수컷,울산광역시 울주군,울산유기동물보호센터
2025-03-07,개,믹스견,미상,울산광역시 울주군,울산유기동물보호센터
2025-03-07,개,믹스견,암컷,울산광역시 울주군,울산유기동물보호센터
2025-03-07,개,믹스견,암컷,울산광역시 울주군,울산유기동물보호센터
2025-03-07,개,믹스견,수컷,울산광역시 울주군,울산유기동물보호센터
2025-03-07,개,믹스견,암컷,울산광역시 동구,울산유기동물보호센터
2025-03-07,개,푸들,암컷,울산광역시 남구,울산유기동물보호센터
2025-03-07,개,믹스견,수컷,울산광역시 남구,울산유기동물보호센터
2025-03-07,개,믹스견,수컷,울산광역시 남구,울산유기동물보호센터
2025-03-07,개,믹스견,수컷,경상남도 밀양시,밀양시 동물보호센터
2025-03-07,개,믹스견,암컷,전라남도 해남군,해남유기동물보호센터
2025-03-07,개,믹스견,수컷,전북특별자치도 군산시,군산유기동물보호센터
2025-03-07,개,치와와,암컷,경기도 양평군,양평군유기동물보호소
2025-03-07,개,치와와,수컷,경기도 양평군,양평군유기동물보호소
2025-03-07,개,믹스견,수컷,경상남도 창원시,창원유기동물보호소
2025-03-07,개,믹스견,수컷,경상남도 창녕군,창녕 유기동물보호소
2025-03-07,개,믹스견,수컷,경상남도 창녕군,창녕 유기동물보호소
2025-03-07,개,믹스견,암컷,경상남도 거제시,거제시유기동물보호소
2025-03-07,개,믹스견,수컷,경상남도 거제시,거제시유기동물보호소
2025-03-07,개,진도견,암컷,경상남도 사천시,사천시 동물보호센터
2025-03-07,개,믹스견,암컷,경상북도 봉화군,봉화군유기동물보호소
2025-03-07,개,믹스견,암컷,경상북도 고령군,고령군 유기견 보호소
2025-03-07,개,믹스견,수컷,경상북도 고령군,고령군 유기견 보호소
2025-03-07,개,믹스견,암컷,경상북도 고령군,고령군 유기견 보호소
2025-03-07,개,믹스견,암컷,경상북도 고령군,고령군 유기견 보호소
2025-03-07,개,믹스견,암컷,경상북도 상주시,상주시 동물보호센터
2025-03-07,개,믹스견,수컷,경상북도 상주시,상주시 동물보호센터
2025-03-07,개,믹스견,수컷,경상북도 포항시,(사)영일동물플러스
2025-03-07,개,동경견,수컷,경상북도 포항시,(사)영일동물플러스
2025-03-07,개,믹스견,암컷,경상북도 포항시,(사)영일동물플러스
2025-03-07,개,믹스견,암컷,경상북도 포항시,(사)영일동물플러스
2025-03-07,개,믹스견,암컷,경상북도 포항시,(사)영일동물플러스
2025-03-07,개,믹스견,암컷,전라남도 영광군,영광동물보호센터
2025-03-07,개,믹스견,암컷,전라남도 여수시,유기동물보호소
2025-03-07,개,믹스견,수컷,전북특별자치도 부안군,부안군 동물보호센터
2025-03-07,개,믹스견,암컷,전북특별자치도 부안군,부안군 동물보호센터
2025-03-07,개,푸들,수컷,전북특별자치도 부안군,부안군 동물보호센터
2025-03-07,개,믹스견,수컷,전북특별자치도 김제시,전북말산업복합센터
2025-03-07,개,믹스견,암컷,전북특별자치도 김제시,전북말산업복합센터
2025-03-07,개,믹스견,암컷,전북특별자치도 김제시,전북말산업복합센터
2025-03-07,개,믹스견,암컷,전북특별자치도 김제시,전북말산업복합센터
2025-03-07,개,믹스견,수컷,전북특별자치도 김제시,전북말산업복합센터
2025-03-07,개,믹스견,수컷,전북특별자치도 남원시,하나동물병원
2025-03-07,개,믹스견,수컷,전북특별자치도 남원시,하나동물병원
2025-03-07,개,시베리안 허스키,수컷,전북특별자치도 정읍시,정읍시 동물보호소
2025-03-07,개,허스키믹스,암컷,충청남도 당진시,당진시동물보호소
2025-03-07,개,믹스견,암컷,충청남도 천안시,천안시 동물보호센터
2025-03-07,개,믹스견,암컷,충청북도 청주시,반려동물보호센터
2025-03-07,개,믹스견,암컷,충청북도 음성군,금왕동물병원
2025-03-07,개,믹스견,암컷,충청북도 음성군,금왕동물병원
2025-03-07,개,믹스견,암컷,충청북도 음성군,금왕동물병원
2025-03-07,개,믹스견,수컷,충청북도 음성군,금왕동물병원
2025-03-07,개,믹스견,수컷,충청북도 음성군,금왕동물병원
2025-03-07,개,믹스견,수컷,충청북도 음성군,금왕동물병원
2025-03-07,개,믹스견,수컷,충청북도 음성군,금왕동물병원
2025-03-07,개,골든 리트리버,수컷,충청북도 음성군,금왕동물병원
2025-03-07,개,믹스견,수컷,경기도 광주시,광주TNR동물병원초월
2025-03-07,개,믹스견,수컷,경기도 광주시,광주TNR동물병원초월
2025-03-07,개,믹스견,암컷,경기도 용인시,용인시 동물보호센터
2025-03-07,개,믹스견,암컷,경기도 용인시,용인시 동물보호센터
2025-03-07,개,믹스견,수컷,경기도 시흥시,시흥동물누리보호센터
2025-03-07,개,믹스견,암컷,경기도 시흥시,시흥동물누리보호센터
2025-03-07,개,믹스견,암컷,경기도 시흥시,시흥동물누리보호센터
2025-03-07,개,믹스견,수컷,경기도 시흥시,시흥동물누리보호센터
2025-03-07,개,삽살개,암컷,경기도 고양시,고양시동물보호센터
2025-03-07,개,믹스견,수컷,경기도 안산시,한국야생동물보호협회
2025-03-07,개,믹스견,수컷,경기도 평택시,평택시유기동물보호소
2025-03-07,개,믹스견,수컷,경기도 평택시,평택시유기동물보호소
2025-03-07,개,믹스견,수컷,경기도 평택시,평택시유기동물보호소
2025-03-07,개,믹스견,수컷,경기도 평택시,평택시유기동물보호소
2025-03-07,개,믹스견,암컷,경기도 평택시,평택시유기동물보호소
2025-03-07,고양이,한국 고양이,수컷,광주광역시 광산구,광주동물보호센터
2025-03-07,개,믹스견,암컷,대전광역시 서구,대전동물보호센터
2025-03-07,고양이,한국 고양이,수컷,광주광역시 광산구,광주동물보호센터
2025-03-07,개,믹스견,암컷,강원특별자치도 인제군,인제군동물보호센터
2025-03-06,개,믹스견,암컷,강원특별자치도 양양군,양양군유기동물보호소
2025-03-06,개,믹스견,암컷,강원특별자치도 양양군,양양군유기동물보호소
2025-03-06,개,믹스견,수컷,강원특별자치도 양양군,양양군유기동물보호소
2025-03-06,개,믹스견,수컷,경상북도 영천시,영천유기동물보호센터
2025-03-06,개,믹스견,수컷,경상북도 영천시,영천유기동물보호센터
2025-03-06,개,믹스견,암컷,대전광역시 동구,대전동물보호센터
2025-03-06,개,진도견,수컷,대전광역시 동구,대전동물보호센터
2025-03-06,개,믹스견,암컷,전라남도 영암군,유기동물 삼호 보호소
2025-03-06,개,믹스견,수컷,충청남도 홍성군,금일동물보호센터
2025-03-06,개,믹스견,수컷,경상북도 울진군,울진군동물보호센터
2025-03-06,개,믹스견,수컷,전라남도 영광군,영광동물보호센터
2025-03-06,개,믹스견,암컷,전라남도 영광군,영광동물보호센터
2025-03-06,개,믹스견,암컷,전북특별자치도 정읍시,정읍시 동물보호소
2025-03-06,개,믹스견,수컷,전북특별자치도 익산시,익산유기동물보호소
2025-03-06,개,믹스견,암컷,전북특별자치도 군산시,군산유기동물보호센터
2025-03-06,개,믹스견,암컷,전북특별자치도 군산시,군산유기동물보호센터
2025-03-06,개,믹스견,수컷,전북특별자치도 군산시,군산유기동물보호센터
2025-03-06,개,믹스견,암컷,충청남도 홍성군,금일동물보호센터
2025-03-06,개,스피츠,암컷,충청남도 금산군,제일동물병원
2025-03-06,개,웰시 코기 펨브로크,암컷,부산광역시 해운대구,동부유기동물보호협회
2025-03-06,개,믹스견,수컷,부산광역시 해운대구,동부유기동물보호협회
2025-03-06,개,믹스견,암컷,부산광역시 해운대구,동부유기동물보호협회
2025-03-06,개,믹스견,암컷,경상남도 창녕군,창녕 유기동물보호소
2025-03-06,개,믹스견,암컷,경상남도 의령군,의령군 동물보호센터
2025-03-06,개,믹스견,암컷,경상북도 영덕군,영덕유기동물보호센터
2025-03-06,개,믹스견,수컷,전북특별자치도 부안군,부안군 동물보호센터
2025-03-06,개,믹스견,암컷,전북특별자치도 김제시,전북말산업복합센터
2025-03-06,개,믹스견,수컷,전북특별자치도 정읍시,정읍시 동물보호소
2025-03-06,개,믹스견,수컷,전북특별자치도 정읍시,정읍시 동물보호소
2025-03-06,개,믹스견,암컷,충청남도 당진시,당진시동물보호소
2025-03-06,개,믹스견,수컷,충청남도 청양군,청양보호소
2025-03-06,개,믹스견,암컷,충청남도 청양군,청양보호소
2025-03-06,개,믹스견,암컷,충청북도 청주시,반려동물보호센터
2025-03-06,개,믹스견,수컷,강원특별자치도 양구군,양구군유기동물보호소
2025-03-06,개,믹스견,암컷,강원특별자치도 양구군,양구군유기동물보호소
2025-03-06,고양이,한국 고양이,미상,강원특별자치도 동해시,동해시동물보호센터
2025-03-06,개,믹스견,수컷,강원특별자치도 춘천시,춘천시 동물보호센터
2025-03-06,개,믹스견,암컷,강원특별자치도 춘천시,춘천시 동물보호센터
2025-03-06,개,믹스견,수컷,강원특별자치도 춘천시,춘천시 동물보호센터
2025-03-06,개,믹스견,암컷,경기도 여주시,위더스 동물보호센터
2025-03-06,고양이,한국 고양이,수컷,경기도 여주시,위더스 동물보호센터
2025-03-06,개,믹스견,수컷,경기도 광주시,광주TNR동물병원초월
2025-03-06,개,믹스견,암컷,경기도 용인시,용인시 동물보호센터
2025-03-06,개,프렌치 불독,수컷,경기도 시흥시,시흥동물누리보호센터
2025-03-06,고양이,믹스묘,수컷,경기도 안산시,한국야생동물보호협회
2025-03-06,개,믹스견,암컷,경기도 평택시,평택시유기동물보호소
2025-03-06,개,믹스견,암컷,경기도 평택시,평택시유기동물보호소
2025-03-06,개,믹스견,수컷,경기도 평택시,평택시유기동물보호소
2025-03-06,개,믹스견,수컷,경기도 평택시,평택시유기동물보호소
2025-03-06,개,믹스견,암컷,경기도 평택시,평택시유기동물보호소
2025-03-06,개,믹스견,암컷,경기도 평택시,평택시유기동물보호소
2025-03-06,개,믹스견,수컷,경기도 평택시,평택시유기동물보호소
2025-03-06,개,믹스견,수컷,대전광역시 유성구,대전동물보호센터
2025-03-06,고양이,한국 고양이,미상,인천광역시 중구,신공항동물병원
2025-03-06,개,믹스견,수컷,대구광역시 서구,대구시수의사회(삼성)
2025-03-06,개,믹스견,수컷,대전광역시 서구,대전동물보호센터
2025-03-06,개,믹스견,암컷,대전광역시 서구,대전동물보호센터
2025-03-06,개,푸들,수컷,강원특별자치도 원주시,원주시동물보호센터
2025-03-06,개,푸들,암컷,강원특별자치도 원주시,원주시동물보호센터
2025-03-05,개,믹스견,암컷,경상북도 성주군,성주유기동물보호센터
2025-03-05,개,믹스견,암컷,전북특별자치도 익산시,익산유기동물보호소
2025-03-05,개,믹스견,암컷,전북특별자치도 익산시,익산유기동물보호소
2025-03-05,개,믹스견,수컷,전북특별자치도 익산시,익산유기동물보호소
2025-03-05,개,믹스견,수컷,전북특별자치도 익산시,익산유기동물보호소
2025-03-05,개,믹스견,암컷,충청남도 홍성군,금일동물보호센터
2025-03-05,개,믹스견,암컷,충청남도 홍성군,금일동물보호센터
2025-03-05,개,믹스견,수컷,충청남도 홍성군,금일동물보호센터
2025-03-05,개,믹스견,수컷,충청남도 홍성군,금일동물보호센터
2025-03-05,개,믹스견,수컷,충청남도 홍성군,금일동물보호센터
2025-03-05,개,믹스견,암컷,충청남도 홍성군,금일동물보호센터
2025-03-05,개,믹스견,암컷,광주광역시 남구,광주동물보호센터
2025-03-05,개,믹스견,수컷,광주광역시 남구,광주동물보호센터
2025-03-05,개,믹스견,암컷,광주광역시 남구,광주동물보호센터
2025-03-05,개,믹스견,수컷,광주광역시 남구,광주동물보호센터
2025-03-05,개,믹스견,수컷,부산광역시 해운대구,동부유기동물보호협회
2025-03-05,개,믹스견,암컷,제주특별자치도 제주특별자치도,제주 동물보호센터
2025-03-05,개,믹스견,암컷,제주특별자치도 제주특별자치도,제주 동물보호센터
2025-03-05,개,믹스견,수컷,제주특별자치도 제주특별자치도,제주 동물보호센터
2025-03-05,개,믹스견,수컷,경상남도 창녕군,창녕 유기동물보호소
2025-03-05,개,믹스견,수컷,전라남도 여수시,유기동물보호소
2025-03-05,개,믹스견,암컷,충청남도 공주시,공주시 동물보호센터
2025-03-05,개,믹스견,암컷,충청남도 공주시,공주시 동물보호센터
2025-03-05,개,믹스견,수컷,충청남도 공주시,공주시 동물보호센터
2025-03-05,개,믹스견,암컷,충청남도 공주시,공주시 동물보호센터
2025-03-05,고양이,한국 고양이,수컷,강원특별자치도 원주시,원주시동물보호센터
2025-03-05,개,믹스견,암컷,강원특별자치도 춘천시,춘천시 동물보호센터
2025-03-05,고양이,한국 고양이,암컷,인천광역시 서구,우리동물병원
2025-03-05,개,믹스견,수컷,인천광역시 계양구,신영재동물병원
2025-03-05,개,믹스견,암컷,경상남도 창녕군,창녕 유기동물보호소
2025-03-05,개,믹스견,수컷,경상북도 경산시,경산시유기동물보호소
2025-03-05,개,믹스견,수컷,전북특별자치도 부안군,부안군 동물보호센터
2025-03-05,개,믹스견,수컷,전북특별자치도 완주군,완주군유기동물보호소
2025-03-05,개,믹스견,암컷,전북특별자치도 김제시,전북말산업복합센터
2025-03-05,개,믹스견,수컷,전북특별자치도 남원시,하나동물병원
2025-03-05,개,믹스견,암컷,전북특별자치도 정읍시,정읍시 동물보호소
2025-03-05,개,믹스견,수컷,전북특별자치도 정읍시,정읍시 동물보호소
2025-03-05,개,진도견,수컷,전북특별자치도 정읍시,정읍시 동물보호소
2025-03-05,개,믹스견,암컷,충청남도 천안시,천안시 동물보호센터
2025-03-05,개,믹스견,암컷,충청남도 천안시,천안시 동물보호센터
2025-03-05,개,믹스견,암컷,충청남도 천안시,천안시 동물보호센터
2025-03-05,개,믹스견,수컷,충청남도 천안시,천안시 동물보호센터
2025-03-05,개,믹스견,암컷,충청남도 천안시,천안시 동물보호센터
2025-03-05,개,믹스견,수컷,충청남도 천안시,천안시 동물보호센터
2025-03-05,개,믹스견,수컷,충청남도 천안시,천안시 동물보호센터
2025-03-05,개,믹스견,수컷,충청남도 천안시,천안시 동물보호센터
2025-03-05,개,믹스견,암컷,충청남도 천안시,천안시 동물보호센터
2025-03-05,개,믹스견,수컷,충청남도 천안시,천안시 동물보호센터
2025-03-05,개,믹스견,암컷,충청북도 청주시,반려동물보호센터
2025-03-05,고양이,터키시 앙고라,암컷,강원특별자치도 속초시,속초시유기동물보호소
2025-03-05,고양이,터키시 앙고라,암컷,강원특별자치도 속초시,속초시유기동물보호소
2025-03-05,개,믹스견,수컷,강원특별자치도 강릉시,강릉시 동물사랑센터
2025-03-05,개,믹스견,수컷,강원특별자치도 춘천시,춘천시 동물보호센터
2025-03-05,개,믹스견,수컷,경기도 양평군,양평군유기동물보호소
2025-03-05,개,라브라도 리트리버,암컷,경기도 양평군,양평군유기동물보호소
2025-03-05,개,믹스견,암컷,경기도 군포시,한국야생동물보호협회
2025-03-05,개,믹스견,암컷,경기도 남양주시,남양주시동물보호센터
2025-03-05,개,믹스견,수컷,경기도 고양시,고양시동물보호센터
2025-03-05,개,믹스견,수컷,경기도 평택시,평택시유기동물보호소
2025-03-05,개,믹스견,암컷,경기도 부천시,가나동물병원
2025-03-05,개,믹스견,수컷,대전광역시 중구,대전동물보호센터
2025-03-05,개,믹스견,수컷,광주광역시 서구,광주동물보호센터
2025-03-05,개,믹스견,암컷,광주광역시 서구,광주동물보호센터
2025-03-05,개,믹스견,암컷,인천광역시 부평구,늘푸른동물병원
2025-03-05,개,믹스견,암컷,대전광역시 서구,대전동물보호센터
2025-03-04,개,믹스견,암컷,전북특별자치도 군산시,군산유기동물보호센터
2025-03-04,개,믹스견,미상,전라남도 무안군,무안군유기동물보호소
2025-03-04,개,믹스견,수컷,전북특별자치도 익산시,익산유기동물보호소
2025-03-04,개,진도견,수컷,전북특별자치도 익산시,익산유기동물보호소
2025-03-04,개,믹스견,암컷,전북특별자치도 익산시,익산유기동물보호소
2025-03-04,개,믹스견,암컷,전북특별자치도 익산시,익산유기동물보호소
2025-03-04,개,믹스견,수컷,전북특별자치도 익산시,익산유기동물보호소
2025-03-04,개,믹스견,수컷,전북특별자치도 군산시,군산유기동물보호센터
2025-03-04,개,믹스견,수컷,경상북도 영천시,영천유기동물보호센터
2025-03-04,개,믹스견,수컷,경상북도 영천시,영천유기동물보호센터
2025-03-04,개,믹스견,수컷,전라남도 완도군,유기동물임시보호센터
2025-03-04,개,믹스견,수컷,충청남도 논산시,논산시 동물보호센터
2025-03-04,개,믹스견,암컷,충청남도 논산시,논산시 동물보호센터
2025-03-04,개,믹스견,암컷,충청남도 논산시,논산시 동물보호센터
2025-03-04,개,믹스견,수컷,충청남도 논산시,논산시 동물보호센터
2025-03-04,개,믹스견,수컷,충청남도 논산시,논산시 동물보호센터
2025-03-04,개,믹스견,암컷,충청남도 논산시,논산시 동물보호센터
2025-03-04,개,믹스견,암컷,충청남도 논산시,논산시 동물보호센터
2025-03-04,개,믹스견,수컷,충청남도 논산시,논산시 동물보호센터
2025-03-04,개,믹스견,수컷,충청남도 논산시,논산시 동물보호센터
2025-03-04,개,믹스견,수컷,강원특별자치도 횡성군,횡성유기동물보호센터
2025-03-04,개,믹스견,암컷,경상남도 창녕군,창녕 유기동물보호소
2025-03-04,개,믹스견,수컷,경상남도 양산시,양산시 동물보호센터
2025-03-04,개,믹스견,암컷,전라남도 목포시,목포시유기동물보호소
2025-03-04,개,믹스견,수컷,전북특별자치도 부안군,부안군 동물보호센터
2025-03-04,개,믹스견,암컷,전북특별자치도 부안군,부안군 동물보호센터
2025-03-04,개,믹스견,암컷,전북특별자치도 부안군,부안군 동물보호센터
2025-03-04,개,믹스견,암컷,전북특별자치도 부안군,부안군 동물보호센터
2025-03-04,개,믹스견,수컷,전북특별자치도 군산시,군산유기동물보호센터
2025-03-04,개,보스턴 테리어,암컷,충청북도 제천시,제천시 동물보호센터
2025-03-04,개,믹스견,수컷,강원특별자치도 원주시,원주시동물보호센터
2025-03-04,개,믹스견,암컷,강원특별자치도 원주시,원주시동물보호센터
2025-03-04,개,믹스견,암컷,강원특별자치도 원주시,원주시동물보호센터
2025-03-04,고양이,한국 고양이,수컷,강원특별자치도 원주시,원주시동물보호센터
2025-03-04,개,믹스견,수컷,경기도 파주시,한국동물구조관리협회
2025-03-04,개,푸들,수컷,광주광역시 광산구,광주동물보호센터
2025-03-04,개,믹스견,암컷,대전광역시 서구,대전동물보호센터
2025-03-04,개,믹스견,암컷,경상남도 밀양시,밀양시 동물보호센터
2025-03-04,개,믹스견,수컷,전라남도 담양군,담양군 동물보호센터
2025-03-04,개,믹스견,수컷,전북특별자치도 김제시,전북말산업복합센터
2025-03-04,개,믹스견,암컷,충청남도 태안군,태안 동물보호소
2025-03-04,개,믹스견,수컷,충청남도 청양군,청양보호소
2025-03-04,고양이,한국 고양이,수컷,충청남도 천안시,천안시 동물보호센터
2025-03-04,개,믹스견,암컷,충청남도 천안시,천안시 동물보호센터
2025-03-04,개,믹스견,암컷,충청남도 천안시,천안시 동물보호센터
2025-03-04,개,믹스견,수컷,충청남도 천안시,천안시 동물보호센터
2025-03-04,개,믹스견,암컷,강원특별자치도 동해시,동해시동물보호센터
2025-03-04,개,믹스견,수컷,강원특별자치도 동해시,동해시동물보호센터
2025-03-04,개,믹스견,수컷,경기도 여주시,위더스 동물보호센터
2025-03-04,개,믹스견,암컷,경기도 여주시,위더스 동물보호센터
2025-03-04,개,믹스견,수컷,경기도 여주시,위더스 동물보호센터
2025-03-04,고양이,한국 고양이,암컷,경기도 여주시,위더스 동물보호센터
2025-03-04,개,잉글리쉬 포인터,암컷,경기도 화성시,화성동물보호센터
2025-03-04,개,믹스견,암컷,경기도 이천시,위더스 동물보호센터
2025-03-04,개,믹스견,암컷,경기도 이천시,위더스 동물보호센터
2025-03-04,개,믹스견,암컷,경기도 이천시,위더스 동물보호센터
2025-03-04,개,믹스견,수컷,경기도 군포시,한국야생동물보호협회
2025-03-04,개,믹스견,수컷,경기도 시흥시,시흥동물누리보호센터
2025-03-04,개,믹스견,암컷,경기도 시흥시,시흥동물누리보호센터
2025-03-04,개,믹스견,수컷,경기도 시흥시,시흥동물누리보호센터
2025-03-04,개,믹스견,수컷,경기도 시흥시,시흥동물누리보호센터
2025-03-04,개,믹스견,암컷,경기도 평택시,평택시유기동물보호소
2025-03-04,기타,토끼,수컷,경기도 수원시,수원시 동물보호센터
2025-03-04,고양이,한국 고양이,암컷,광주광역시 광산구,광주동물보호센터
2025-03-04,개,믹스견,수컷,강원특별자치도 화천군,화천군농업기술센터
2025-03-03,개,믹스견,수컷,경상북도 안동시,유기동물보호센터
2025-03-03,개,믹스견,수컷,경상북도 안동시,유기동물보호센터
2025-03-03,개,믹스견,수컷,경상남도 양산시,양산시 동물보호센터
2025-03-03,개,믹스견,수컷,인천광역시 서구,우리동물병원
2025-03-03,개,믹스견,암컷,경상남도 밀양시,밀양시 동물보호센터
2025-03-03,개,믹스견,수컷,전북특별자치도 익산시,익산유기동물보호소
2025-03-03,개,믹스견,수컷,전북특별자치도 익산시,익산유기동물보호소
2025-03-03,개,믹스견,수컷,전북특별자치도 익산시,익산유기동물보호소
2025-03-03,개,믹스견,암컷,충청남도 금산군,제일동물병원
2025-03-03,개,진도견,암컷,경기도 광주시,광주TNR동물병원초월
2025-03-03,개,믹스견,암컷,경기도 남양주시,남양주시동물보호센터
2025-03-03,개,믹스견,암컷,부산광역시 강서구,(사)하얀비둘기
2025-03-03,개,믹스견,수컷,경상북도 경산시,경산시유기동물보호소
2025-03-03,개,믹스견,수컷,경상북도 포항시,(사)영일동물플러스
2025-03-03,고양이,한국 고양이,수컷,대구광역시 서구,대구시수의사회(삼성)
2025-03-03,개,믹스견,암컷,서울특별시 서대문구,내품애센터
2025-03-03,개,믹스견,수컷,광주광역시 북구,광주동물보호센터
2025-03-03,개,믹스견,암컷,경상남도 창원시,창원유기동물보호소
2025-03-03,개,믹스견,암컷,경상남도 창원시,창원유기동물보호소
2025-03-02,개,믹스견,암컷,경기도 양평군,양평군유기동물보호소
2025-03-02,개,믹스견,암컷,경기도 양평군,양평군유기동물보호소
2025-03-02,개,믹스견,수컷,전라남도 무안군,무안군유기동물보호소
2025-03-02,개,믹스견,미상,전라남도 무안군,무안군유기동물보호소
2025-03-02,개,믹스견,미상,전라남도 무안군,무안군유기동물보호소
2025-03-02,개,푸들,수컷,강원특별자치도 원주시,원주시동물보호센터
2025-03-02,개,믹스견,암컷,경상북도 구미시,구미시 동물보호센터
2025-03-02,개,푸들,수컷,경기도 수원시,수원시 동물보호센터
2025-03-02,개,믹스견,암컷,부산광역시 사상구,(사)하얀비둘기
2025-03-02,개,믹스견,수컷,광주광역시 남구,광주동물보호센터
2025-03-02,개,믹스견,암컷,충청북도 청주시,반려동물보호센터
2025-03-01,개,믹스견,수컷,전북특별자치도 익산시,익산유기동물보호소
2025-03-01,고양이,믹스묘,암컷,충청남도 아산시,아산동물복지지원센터
2025-03-01,고양이,한국 고양이,암컷,경기도 수원시,수원시 동물보호센터
2025-03-01,개,믹스견,미상,울산광역시 울주군,울산유기동물보호센터
2025-03-01,개,믹스견,암컷,울산광역시 울주군,울산유기동물보호센터
2025-03-01,개,믹스견,암컷,대전광역시 유성구,대전동물보호센터
2025-03-01,개,믹스견,수컷,경상남도 합천군,태민동물보호센터
2025-03-01,개,믹스견,수컷,경상남도 합천군,태민동물보호센터
2025-03-01,개,믹스견,암컷,충청남도 홍성군,금일동물보호센터
2025-03-01,개,믹스견,수컷,충청남도 홍성군,금일동물보호센터
2025-03-01,개,믹스견,수컷,충청남도 홍성군,금일동물보호센터
2025-03-01,개,믹스견,암컷,경상남도 진주시,진주시동물보호센터
2025-03-01,개,믹스견,수컷,경상북도 경산시,경산시유기동물보호소
2025-03-01,개,믹스견,수컷,경상북도 경산시,경산시유기동물보호소
2025-03-01,개,믹스견,암컷,경상북도 경산시,경산시유기동물보호소
2025-03-01,개,삽살개,암컷,경기도 여주시,위더스 동물보호센터
2025-03-01,개,믹스견,수컷,경기도 화성시,화성동물보호센터
2025-03-01,고양이,한국 고양이,암컷,경기도 이천시,위더스 동물보호센터
2025-03-01,개,저먼 포인터,암컷,경기도 이천시,위더스 동물보호센터
2025-03-01,개,믹스견,수컷,경기도 남양주시,남양주시동물보호센터
2025-03-01,개,푸들,수컷,광주광역시 북구,광주동물보호센터
2025-02-28,개,믹스견,수컷,전북특별자치도 정읍시,정읍시 동물보호소
2025-02-28,개,믹스견,수컷,전북특별자치도 정읍시,정읍시 동물보호소
2025-02-28,개,믹스견,수컷,전북특별자치도 정읍시,정읍시 동물보호소
2025-02-28,개,믹스견,암컷,전북특별자치도 부안군,부안군 동물보호센터
2025-02-28,개,믹스견,수컷,경상남도 고성군,고성군유기동물보호소
2025-02-28,개,믹스견,암컷,경상남도 고성군,고성군유기동물보호소
2025-02-28,개,믹스견,수컷,전라남도 담양군,담양군 동물보호센터
2025-02-28,개,믹스견,암컷,전북특별자치도 진안군,진안군유기동물보호소
2025-02-28,개,포메라니안,수컷,충청남도 금산군,제일동물병원
2025-02-28,개,믹스견,수컷,울산광역시 울주군,울산유기동물보호센터
2025-02-28,고양이,한국 고양이,암컷,부산광역시 사상구,(사)하얀비둘기
2025-02-28,개,믹스견,수컷,부산광역시 북구,부산동물보호센터
2025-02-28,개,믹스견,수컷,부산광역시 북구,부산동물보호센터
2025-02-28,개,믹스견,암컷,부산광역시 북구,부산동물보호센터
2025-02-28,개,믹스견,수컷,부산광역시 북구,부산동물보호센터
2025-02-28,개,믹스견,암컷,부산광역시 북구,부산동물보호센터
2025-02-28,개,믹스견,수컷,경기도 광주시,광주TNR동물병원초월
2025-02-28,개,믹스견,암컷,전라남도 해남군,해남유기동물보호센터
2025-02-28,개,믹스견,수컷,강원특별자치도 원주시,원주시동물보호센터
2025-02-28,개,믹스견,수컷,강원특별자치도 원주시,원주시동물보호센터
2025-02-28,개,믹스견,수컷,경상남도 창녕군,창녕 유기동물보호소
2025-02-28,개,믹스견,수컷,경상남도 거제시,거제시유기동물보호소
2025-02-28,개,믹스견,암컷,경상남도 거제시,거제시유기동물보호소
2025-02-28,개,엄마는 치와와,암컷,경상북도 성주군,성주유기동물보호센터
2025-02-28,개,엄마는 치와와,암컷,경상북도 성주군,성주유기동물보호센터
2025-02-28,개,믹스견,암컷,전라남도 장성군,장성군동물보호센터
2025-02-28,개,믹스견,암컷,전라남도 장성군,장성군동물보호센터
2025-02-28,개,믹스견,암컷,전라남도 장성군,장성군동물보호센터
2025-02-28,개,믹스견,수컷,전라남도 장성군,장성군동물보호센터
2025-02-28,개,믹스견,암컷,전라남도 장성군,장성군동물보호센터
2025-02-28,개,믹스견,수컷,전라남도 담양군,담양군 동물보호센터
2025-02-28,개,믹스견,암컷,전라남도 담양군,담양군 동물보호센터
2025-02-28,개,믹스견,암컷,전라남도 담양군,담양군 동물보호센터
2025-02-28,개,믹스견,수컷,전북특별자치도 남원시,하나동물병원
2025-02-28,개,믹스견,암컷,전북특별자치도 남원시,하나동물병원
2025-02-28,개,믹스견,암컷,전북특별자치도 남원시,하나동물병원
2025-02-28,개,믹스견,수컷,전북특별자치도 남원시,하나동물병원
2025-02-28,개,믹스견,암컷,전북특별자치도 남원시,하나동물병원
2025-02-28,개,믹스견,수컷,전북특별자치도 남원시,하나동물병원
2025-02-28,개,믹스견,수컷,전북특별자치도 남원시,하나동물병원
2025-02-28,개,믹스견,암컷,전북특별자치도 남원시,하나동물병원
2025-02-28,개,믹스견,수컷,전북특별자치도 남원시,하나동물병원
2025-02-28,개,믹스견,수컷,전북특별자치도 남원시,하나동물병원
2025-02-28,개,믹스견,수컷,전북특별자치도 남원시,하나동물병원
2025-02-28,개,믹스견,암컷,전북특별자치도 남원시,하나동물병원
2025-02-28,개,믹스견,암컷,전북특별자치도 정읍시,정읍시 동물보호소
2025-02-28,개,믹스견,암컷,전북특별자치도 정읍시,정읍시 동물보호소
2025-02-28,개,믹스견,암컷,충청남도 당진시,당진시동물보호소
2025-02-28,개,믹스견,암컷,충청남도 당진시,당진시동물보호소
2025-02-28,개,믹스견,수컷,충청남도 홍성군,금일동물보호센터
2025-02-28,개,믹스견,수컷,충청남도 아산시,아산동물복지지원센터
2025-02-28,개,믹스견,암컷,충청남도 아산시,아산동물복지지원센터
2025-02-28,개,믹스견,수컷,충청남도 아산시,아산동물복지지원센터
2025-02-28,기타,사랑앵무,미상,충청북도 청주시,반려동물보호센터
2025-02-28,고양이,한국 고양이,암컷,충청북도 보은군,보은군동물보호센터
2025-02-28,개,포인터,수컷,강원특별자치도 횡성군,횡성유기동물보호센터
2025-02-28,개,사모예드,수컷,경기도 양평군,양평군유기동물보호소
2025-02-28,고양이,한국 고양이,미상,경기도 고양시,고양시동물보호센터
2025-02-28,개,믹스견,암컷,경기도 부천시,정샘동물병원
2025-02-28,개,믹스견,암컷,울산광역시 울주군,울산유기동물보호센터
2025-02-28,개,믹스견,수컷,울산광역시 울주군,울산유기동물보호센터
2025-02-28,개,믹스견,수컷,대전광역시 서구,대전동물보호센터
2025-02-28,개,믹스견,암컷,광주광역시 광산구,광주동물보호센터
2025-02-28,개,믹스견,암컷,대구광역시 군위군,군위종합동물병원
2025-02-28,개,그레이 하운드,수컷,대구광역시 군위군,군위종합동물병원
2025-02-28,개,믹스견,수컷,대구광역시 군위군,군위종합동물병원
2025-02-28,개,믹스견,암컷,대구광역시 군위군,군위종합동물병원
2025-02-28,개,믹스견,암컷,대구광역시 군위군,군위종합동물병원
2025-02-28,고양이,믹스묘,수컷,대구광역시 군위군,군위종합동물병원
2025-02-28,개,믹스견,암컷,대구광역시 군위군,군위종합동물병원
2025-02-28,개,믹스견,암컷,대구광역시 군위군,군위종합동물병원
2025-02-28,개,믹스견,수컷,대구광역시 군위군,군위종합동물병원
2025-02-28,개,믹스견,수컷,대구광역시 군위군,군위종합동물병원
2025-02-28,개,믹스견,수컷,대구광역시 군위군,군위종합동물병원
2025-02-28,개,믹스견,암컷,대구광역시 군위군,군위종합동물병원
2025-02-28,개,믹스견,수컷,대구광역시 군위군,군위종합동물병원
2025-02-28,고양이,한국 고양이,암컷,대구광역시 수성구,멘토동물병원
2025-02-28,개,믹스견,암컷,대구광역시 북구,대구유기동물보호협회
2025-02-27,개,믹스견,암컷,경상북도 영천시,영천유기동물보호센터
2025-02-27,개,믹스견,수컷,전북특별자치도 부안군,부안군 동물보호센터
2025-02-27,개,믹스견,암컷,경상남도 양산시,양산시 동물보호센터
2025-02-27,개,믹스견,수컷,경상남도 김해시,(사)동물보호관리협회
2025-02-27,개,믹스견,암컷,전라남도 완도군,유기동물임시보호센터
2025-02-27,개,믹스견,수컷,전라남도 완도군,유기동물임시보호센터
2025-02-27,개,믹스견,수컷,전라남도 여수시,유기동물보호소
2025-02-27,개,믹스견,암컷,전북특별자치도 익산시,익산유기동물보호소
2025-02-27,개,믹스견,암컷,충청남도 금산군,제일동물병원
2025-02-27,개,믹스견,암컷,충청남도 논산시,논산시 동물보호센터
2025-02-27,개,믹스견,수컷,충청남도 아산시,아산동물복지지원센터
2025-02-27,개,믹스견,수컷,충청남도 아산시,아산동물복지지원센터
2025-02-27,개,믹스견,수컷,강원특별자치도 원주시,원주시동물보호센터
2025-02-27,고양이,한국 고양이,미상,경기도 고양시,고양시동물보호센터
2025-02-27,개,포메라니안,수컷,경기도 안산시,한국야생동물보호협회
2025-02-27,개,믹스견,수컷,부산광역시 해운대구,동부유기동물보호협회
2025-02-27,개,믹스견,암컷,경상남도 산청군,산청동물보호센터
2025-02-27,개,믹스견,암컷,경상남도 의령군,의령군 동물보호센터
2025-02-27,개,믹스견,암컷,경상북도 고령군,고령군 유기견 보호소
2025-02-27,개,믹스견,수컷,경상북도 고령군,고령군 유기견 보호소
2025-02-27,개,믹스견,수컷,경상북도 김천시,김천시 동물보호센터
2025-02-27,개,믹스견,수컷,경상북도 김천시,김천시 동물보호센터
2025-02-27,개,믹스견,암컷,경상북도 김천시,김천시 동물보호센터
2025-02-27,개,믹스견,수컷,전북특별자치도 진안군,진안군유기동물보호소
2025-02-27,개,믹스견,암컷,전북특별자치도 진안군,진안군유기동물보호소
2025-02-27,개,믹스견,암컷,전북특별자치도 군산시,군산유기동물보호센터
2025-02-27,개,말티즈,수컷,충청남도 부여군,남부여동물보호소
2025-02-27,고양이,한국 고양이,수컷,충청남도 보령시,보령길고양이보호협회
2025-02-27,개,믹스견,수컷,충청남도 천안시,천안시 동물보호센터
2025-02-27,개,푸들,수컷,충청북도 청주시,반려동물보호센터
2025-02-27,개,믹스견,수컷,강원특별자치도 인제군,인제군동물보호센터
2025-02-27,개,믹스견,암컷,강원특별자치도 속초시,속초시유기동물보호소
2025-02-27,개,믹스견,수컷,경기도 여주시,위더스 동물보호센터
2025-02-27,개,진도견,암컷,경기도 이천시,위더스 동물보호센터
2025-02-27,개,믹스견,수컷,경기도 이천시,위더스 동물보호센터
2025-02-27,개,진도견,암컷,경기도 이천시,위더스 동물보호센터
2025-02-27,개,믹스견,암컷,경기도 이천시,위더스 동물보호센터
2025-02-27,개,웰시 코기 펨브로크,암컷,경기도 남양주시,남양주시동물보호센터
2025-02-27,개,믹스견,암컷,경기도 고양시,고양시동물보호센터
2025-02-27,개,믹스견,수컷,경기도 부천시,부천시수의사회
2025-02-27,개,믹스견,암컷,경기도 수원시,수원시 동물보호센터
2025-02-27,개,말티즈,암컷,대전광역시 대덕구,대전동물보호센터
2025-02-26,개,믹스견,암컷,경상북도 예천군,예천군유기동물보호소
2025-02-26,개,믹스견,암컷,전북특별자치도 임실군,임실유기동물보호센터
2025-02-26,개,믹스견,암컷,전북특별자치도 임실군,임실유기동물보호센터
2025-02-26,개,믹스견,암컷,전북특별자치도 임실군,임실유기동물보호센터
2025-02-26,개,믹스견,암컷,전북특별자치도 임실군,임실유기동물보호센터
2025-02-26,개,믹스견,수컷,전북특별자치도 임실군,임실유기동물보호센터
2025-02-26,개,믹스견,암컷,경상남도 합천군,태민동물보호센터
2025-02-26,개,믹스견,암컷,경상남도 합천군,태민동물보호센터
2025-02-26,개,믹스견,암컷,경상남도 합천군,태민동물보호센터
2025-02-26,개,믹스견,암컷,경상남도 합천군,태민동물보호센터
2025-02-26,개,믹스견,암컷,경상남도 합천군,태민동물보호센터
2025-02-26,개,믹스견,암컷,경상남도 합천군,태민동물보호센터
2025-02-26,개,믹스견,암컷,경상남도 합천군,태민동물보호센터
2025-02-26,개,믹스견,수컷,경상남도 합천군,태민동물보호센터
2025-02-26,개,믹스견,수컷,경상남도 합천군,태민동물보호센터
2025-02-26,개,믹스견,암컷,전라남도 곡성군,곡성군동물보호소
2025-02-26,개,믹스견,암컷,충청남도 금산군,제일동물병원
2025-02-26,고양이,한국 고양이,암컷,강원특별자치도 원주시,원주시동물보호센터
2025-02-26,개,믹스견,암컷,부산광역시 기장군,사단법인 동부
2025-02-26,개,믹스견,수컷,경상남도 함양군,함양군위탁보호소
2025-02-26,개,믹스견,수컷,경상남도 함양군,함양군위탁보호소
2025-02-26,개,믹스견,암컷,경상남도 의령군,의령군 동물보호센터
2025-02-26,개,믹스견,수컷,경상남도 양산시,양산시 동물보호센터
2025-02-26,개,믹스견,암컷,경상북도 울진군,울진군동물보호센터
2025-02-26,개,믹스견,암컷,경상북도 울진군,울진군동물보호센터
2025-02-26,개,믹스견,수컷,경상북도 구미시,구미시 동물보호센터
2025-02-26,개,믹스견,수컷,전라남도 진도군,진도군임시보호소
2025-02-26,개,믹스견,수컷,전라남도 해남군,해남유기동물보호센터
2025-02-26,개,믹스견,암컷,충청북도 청주시,반려동물보호센터
2025-02-26,고양이,한국 고양이,미상,울산광역시 울주군,울산유기동물보호센터
2025-02-26,개,믹스견,수컷,경상남도 창원시,창원유기동물보호소
2025-02-26,개,믹스견,수컷,경상남도 창원시,창원유기동물보호소
2025-02-26,개,믹스견,수컷,경상남도 창녕군,창녕 유기동물보호소
2025-02-26,개,믹스견,암컷,경상남도 의령군,의령군 동물보호센터
2025-02-26,개,믹스견,암컷,경상남도 거제시,거제시유기동물보호소
2025-02-26,개,믹스견,암컷,경상남도 거제시,거제시유기동물보호소
2025-02-26,개,믹스견,수컷,경상남도 거제시,거제시유기동물보호소
2025-02-26,개,믹스견,수컷,경상남도 밀양시,밀양시 동물보호센터
2025-02-26,개,믹스견,암컷,경상남도 밀양시,밀양시 동물보호센터
2025-02-26,개,믹스견,암컷,경상남도 사천시,사천시 동물보호센터
2025-02-26,개,믹스견,암컷,경상남도 사천시,사천시 동물보호센터
2025-02-26,개,믹스견,암컷,경상남도 사천시,사천시 동물보호센터
2025-02-26,개,믹스견,수컷,경상남도 사천시,사천시 동물보호센터
2025-02-26,개,믹스견,수컷,경상남도 사천시,사천시 동물보호센터
2025-02-26,개,믹스견,암컷,경상남도 진주시,진주시동물보호센터
2025-02-26,개,믹스견,수컷,경상북도 경산시,경산시유기동물보호소
2025-02-26,개,믹스견,암컷,경상북도 경산시,경산시유기동물보호소
2025-02-26,개,믹스견,암컷,경상북도 경산시,경산시유기동물보호소
2025-02-26,개,믹스견,암컷,경상북도 포항시,(사)영일동물플러스
2025-02-26,개,믹스견,수컷,전라남도 함평군,학교임시동물보호센터
2025-02-26,개,믹스견,수컷,전라남도 보성군,보성유기동물보호센터
2025-02-26,개,믹스견,수컷,전라남도 나주시,나주유기동물보호센터
2025-02-26,개,믹스견,암컷,전라남도 순천시,순천시유기동물보호소
2025-02-26,개,믹스견,암컷,전라남도 순천시,순천시유기동물보호소
2025-02-26,개,믹스견,암컷,전라남도 목포시,목포시유기동물보호소
2025-02-26,개,믹스견,암컷,전북특별자치도 부안군,부안군 동물보호센터
2025-02-26,개,믹스견,암컷,전북특별자치도 부안군,부안군 동물보호센터
2025-02-26,개,믹스견,암컷,전북특별자치도 부안군,부안군 동물보호센터
2025-02-26,개,믹스견,수컷,전북특별자치도 부안군,부안군 동물보호센터
2025-02-26,개,믹스견,암컷,충청남도 당진시,당진시동물보호소
2025-02-26,개,믹스견,암컷,충청남도 당진시,당진시동물보호소
2025-02-26,개,믹스견,수컷,충청남도 당진시,당진시동물보호소
2025-02-26,개,믹스견,암컷,충청남도 서산시,서산시 동물보호센터
2025-02-26,개,믹스견,수컷,충청남도 천안시,천안시 동물보호센터
2025-02-26,개,믹스견,암컷,충청남도 천안시,천안시 동물보호센터
2025-02-26,개,믹스견,수컷,충청북도 청주시,반려동물보호센터
2025-02-26,개,믹스견,수컷,충청북도 청주시,반려동물보호센터
2025-02-26,개,믹스견,암컷,강원특별자치도 철원군,철원군
2025-02-26,개,풍산견,수컷,경기도 여주시,위더스 동물보호센터
2025-02-26,개,믹스견,수컷,경기도 여주시,위더스 동물보호센터
2025-02-26,개,믹스견,수컷,경기도 이천시,위더스 동물보호센터
2025-02-26,개,믹스견,수컷,경기도 용인시,용인시 동물보호센터
2025-02-26,개,믹스견,수컷,경기도 고양시,고양시동물보호센터
2025-02-26,개,푸들,수컷,대전광역시 대덕구,대전동물보호센터
2025-02-26,개,믹스견,수컷,인천광역시 서구,우리동물병원
2025-02-26,개,믹스견,수컷,인천광역시 서구,우리동물병원
2025-02-26,개,그레이 하운드,수컷,대구광역시 군위군,군위종합동물병원
2025-02-25,개,믹스견,암컷,전북특별자치도 군산시,군산유기동물보호센터
2025-02-25,개,믹스견,암컷,전라남도 무안군,무안군유기동물보호소
2025-02-25,개,믹스견,수컷,전라남도 무안군,무안군유기동물보호소
2025-02-25,개,코카 스파니엘,암컷,경상남도 밀양시,밀양시 동물보호센터
2025-02-25,개,믹스견,암컷,충청남도 홍성군,금일동물보호센터
2025-02-25,개,믹스견,암컷,강원특별자치도 삼척시,삼척시동물보호센터
2025-02-25,개,믹스견,암컷,강원특별자치도 삼척시,삼척시동물보호센터
2025-02-25,개,믹스견,암컷,강원특별자치도 삼척시,삼척시동물보호센터
2025-02-25,개,믹스견,암컷,강원특별자치도 삼척시,삼척시동물보호센터
2025-02-25,개,믹스견,수컷,강원특별자치도 삼척시,삼척시동물보호센터
2025-02-25,개,믹스견,암컷,강원특별자치도 삼척시,삼척시동물보호센터
2025-02-25,개,믹스견,암컷,강원특별자치도 삼척시,삼척시동물보호센터
2025-02-25,개,믹스견,암컷,강원특별자치도 삼척시,삼척시동물보호센터
2025-02-25,개,믹스견,수컷,강원특별자치도 삼척시,삼척시동물보호센터
2025-02-25,개,믹스견,암컷,강원특별자치도 삼척시,삼척시동물보호센터
2025-02-25,개,믹스견,미상,부산광역시 기장군,사단법인 동부
2025-02-25,개,믹스견,암컷,부산광역시 기장군,사단법인 동부
2025-02-25,개,시베리안 허스키,수컷,경상남도 창녕군,창녕 유기동물보호소
2025-02-25,개,믹스견,암컷,경상북도 영천시,영천유기동물보호센터
2025-02-25,개,믹스견,수컷,전라남도 진도군,진도군임시보호소
2025-02-25,개,믹스견,암컷,전북특별자치도 임실군,임실유기동물보호센터
2025-02-25,개,믹스견,암컷,전북특별자치도 임실군,임실유기동물보호센터
2025-02-25,개,믹스견,수컷,전북특별자치도 임실군,임실유기동물보호센터
2025-02-25,개,믹스견,암컷,전북특별자치도 익산시,익산유기동물보호소
2025-02-25,개,믹스견,수컷,전북특별자치도 익산시,익산유기동물보호소
2025-02-25,개,진도견,암컷,전북특별자치도 익산시,익산유기동물보호소
2025-02-25,개,진도견,수컷,전북특별자치도 익산시,익산유기동물보호소
2025-02-25,개,믹스견,암컷,인천광역시 서구,가정동물병원
2025-02-25,고양이,한국 고양이,암컷,인천광역시 계양구,신영재동물병원
2025-02-25,개,믹스견,암컷,인천광역시 미추홀구,인천광역시수의사회
2025-02-25,개,믹스견,암컷,경상남도 창녕군,창녕 유기동물보호소
2025-02-25,개,믹스견,수컷,경상남도 거제시,거제시유기동물보호소
2025-02-25,개,믹스견,암컷,경상남도 밀양시,밀양시 동물보호센터
2025-02-25,개,믹스견,암컷,경상남도 통영시,통영시동물보호센터
2025-02-25,개,믹스견,암컷,경상북도 청송군,점곡동물보호센터
2025-02-25,개,믹스견,암컷,전북특별자치도 진안군,진안군유기동물보호소
2025-02-25,개,믹스견,수컷,전북특별자치도 김제시,전북말산업복합센터
2025-02-25,개,믹스견,수컷,전북특별자치도 군산시,군산유기동물보호센터
2025-02-25,개,믹스견,암컷,전북특별자치도 군산시,군산유기동물보호센터
2025-02-25,개,믹스견,수컷,충청남도 당진시,당진시동물보호소
2025-02-25,개,푸들,암컷,충청남도 부여군,남부여동물보호소
2025-02-25,개,믹스견,암컷,강원특별자치도 철원군,철원군
2025-02-25,개,믹스견,수컷,강원특별자치도 철원군,철원군
2025-02-25,개,믹스견,암컷,강원특별자치도 동해시,동해시동물보호센터
2025-02-25,개,믹스견,수컷,강원특별자치도 춘천시,춘천시 동물보호센터
2025-02-25,개,믹스견,암컷,경기도 양평군,양평군유기동물보호소
2025-02-25,개,믹스견,암컷,경기도 고양시,고양시동물보호센터
2025-02-25,개,믹스견,암컷,경기도 고양시,고양시동물보호센터
2025-02-25,개,믹스견,암컷,경기도 고양시,고양시동물보호센터
2025-02-25,개,믹스견,암컷,경기도 고양시,고양시동물보호센터
2025-02-25,개,믹스견,수컷,경기도 고양시,고양시동물보호센터
2025-02-25,개,믹스견,수컷,경기도 고양시,고양시동물보호센터
2025-02-25,개,믹스견,수컷,경기도 고양시,고양시동물보호센터
2025-02-25,개,믹스견,암컷,경기도 고양시,고양시동물보호센터
2025-02-25,개,믹스견,암컷,경기도 고양시,고양시동물보호센터
2025-02-25,개,믹스견,암컷,경기도 부천시,정샘동물병원
2025-02-25,개,말티즈,수컷,인천광역시 서구,우리동물병원
2025-02-25,개,믹스견,암컷,충청남도 아산시,아산동물복지지원센터
2025-02-25,개,믹스견,암컷,충청남도 아산시,아산동물복지지원센터
2025-02-25,개,믹스견,수컷,충청남도 아산시,아산동물복지지원센터
2025-02-25,개,믹스견,수컷,충청남도 아산시,아산동물복지지원센터
2025-02-25,개,믹스견,암컷,부산광역시 서구,부산동물보호센터
2025-02-25,개,믹스견,암컷,부산광역시 서구,부산동물보호센터
2025-02-25,개,믹스견,암컷,부산광역시 서구,부산동물보호센터
2025-02-25,개,믹스견,수컷,부산광역시 서구,부산동물보호센터
2025-02-25,개,믹스견,암컷,부산광역시 서구,부산동물보호센터
2025-02-25,개,믹스견,암컷,부산광역시 서구,부산동물보호센터
2025-02-25,개,믹스견,암컷,부산광역시 서구,부산동물보호센터
2025-02-24,개,믹스견,암컷,부산광역시 북구,부산동물보호센터
2025-02-24,개,진도견,수컷,경상북도 안동시,유기동물보호센터
2025-02-24,개,진도견,수컷,경상북도 안동시,유기동물보호센터
2025-02-24,개,진도견,암컷,경상북도 안동시,유기동물보호센터
2025-02-24,개,진도견,암컷,경상북도 안동시,유기동물보호센터
2025-02-24,개,진도견,암컷,경상북도 안동시,유기동물보호센터
2025-02-24,개,믹스견,수컷,경상남도 함양군,함양군위탁보호소
2025-02-24,개,믹스견,암컷,경상북도 구미시,구미시 동물보호센터
2025-02-24,개,진도견,수컷,전북특별자치도 익산시,익산유기동물보호소
2025-02-24,개,믹스견,암컷,전북특별자치도 익산시,익산유기동물보호소
2025-02-24,개,믹스견,수컷,경상남도 양산시,양산시 동물보호센터
2025-02-24,개,믹스견,수컷,경상북도 구미시,구미시 동물보호센터
2025-02-24,개,믹스견,암컷,전라남도 해남군,해남유기동물보호센터
2025-02-24,개,믹스견,암컷,전라남도 해남군,해남유기동물보호센터
2025-02-24,개,믹스견,암컷,전라남도 해남군,해남유기동물보호센터
2025-02-24,개,믹스견,수컷,충청남도 금산군,제일동물병원
2025-02-24,고양이,한국 고양이,암컷,충청남도 논산시,논산시 동물보호센터
2025-02-24,개,믹스견,수컷,충청남도 공주시,공주시 동물보호센터
2025-02-24,개,믹스견,암컷,충청남도 공주시,공주시 동물보호센터
2025-02-24,개,믹스견,수컷,충청남도 공주시,공주시 동물보호센터
2025-02-24,개,믹스견,수컷,대전광역시 중구,대전동물보호센터
2025-02-24,개,믹스견,암컷,세종특별자치시 세종특별자치시,세종유기동물보호센터
2025-02-24,개,믹스견,수컷,경상남도 창녕군,창녕 유기동물보호소
2025-02-24,개,믹스견,암컷,경상남도 밀양시,밀양시 동물보호센터
2025-02-24,개,믹스견,암컷,경상남도 밀양시,밀양시 동물보호센터
2025-02-24,개,믹스견,수컷,경상남도 밀양시,밀양시 동물보호센터
2025-02-24,개,믹스견,암컷,경상남도 진주시,진주시동물보호센터
2025-02-24,개,믹스견,수컷,경상북도 경산시,경산시유기동물보호소
2025-02-24,개,믹스견,수컷,경상북도 경산시,경산시유기동물보호소
2025-02-24,개,믹스견,수컷,경상북도 경산시,경산시유기동물보호소
2025-02-24,개,믹스견,수컷,경상북도 경산시,경산시유기동물보호소
2025-02-24,개,믹스견,암컷,경상북도 경산시,경산시유기동물보호소
2025-02-24,개,믹스견,암컷,경상북도 김천시,김천시 동물보호센터
2025-02-24,개,믹스견,암컷,전라남도 장성군,장성군동물보호센터
2025-02-24,개,믹스견,수컷,전북특별자치도 부안군,부안군 동물보호센터
2025-02-24,개,믹스견,암컷,전북특별자치도 김제시,전북말산업복합센터
2025-02-24,개,믹스견,암컷,전북특별자치도 김제시,전북말산업복합센터
2025-02-24,개,믹스견,수컷,전북특별자치도 군산시,군산유기동물보호센터
2025-02-24,개,믹스견,암컷,전북특별자치도 군산시,군산유기동물보호센터
2025-02-24,개,믹스견,암컷,충청남도 홍성군,금일동물보호센터
2025-02-24,개,믹스견,수컷,충청남도 홍성군,금일동물보호센터
2025-02-24,개,믹스견,수컷,충청남도 홍성군,금일동물보호센터
2025-02-24,개,푸들,수컷,충청남도 서산시,서산시 동물보호센터
2025-02-24,개,믹스견,수컷,충청남도 천안시,천안시 동물보호센터
2025-02-24,개,믹스견,수컷,강원특별자치도 양양군,양양군유기동물보호소
2025-02-24,개,믹스견,암컷,강원특별자치도 양양군,양양군유기동물보호소
2025-02-24,개,믹스견,수컷,강원특별자치도 강릉시,강릉시 동물사랑센터
2025-02-24,개,스피츠,수컷,강원특별자치도 춘천시,춘천시 동물보호센터
2025-02-24,개,믹스견,수컷,강원특별자치도 춘천시,춘천시 동물보호센터
2025-02-24,개,믹스견,암컷,경기도 광주시,광주TNR동물병원초월
2025-02-24,개,믹스견,암컷,경기도 양평군,양평군유기동물보호소
2025-02-24,기타,흑염소,미상,경기도 군포시,한국야생동물보호협회
2025-02-24,고양이,벵갈,수컷,광주광역시 광산구,광주동물보호센터
2025-02-24,고양이,터키시 앙고라,암컷,서울특별시 동대문구,동대문구청
2025-02-24,고양이,스코티시폴드,암컷,서울특별시 동대문구,동대문구청
2025-02-24,고양이,스핑크스,암컷,서울특별시 동대문구,동대문구청
2025-02-24,기타,오골계,미상,부산광역시 서구,부산동물보호센터
2025-02-23,개,푸들,암컷,경상북도 안동시,유기동물보호센터
2025-02-23,개,믹스견,암컷,경상남도 양산시,양산시 동물보호센터
2025-02-23,개,믹스견,수컷,경상남도 밀양시,밀양시 동물보호센터
2025-02-23,개,믹스견,암컷,경상남도 밀양시,밀양시 동물보호센터
2025-02-23,개,믹스견,수컷,경상북도 구미시,구미시 동물보호센터
2025-02-23,개,믹스견,암컷,전라남도 곡성군,곡성군동물보호소
2025-02-23,개,믹스견,수컷,전북특별자치도 정읍시,정읍시 동물보호소
2025-02-23,개,진도견,암컷,전북특별자치도 전주시,링크늘푸른동물병원
2025-02-23,개,믹스견,수컷,강원특별자치도 춘천시,춘천시 동물보호센터
2025-02-23,개,요크셔 테리어,암컷,경상남도 창원시,창원유기동물보호소
2025-02-23,개,믹스견,수컷,강원특별자치도 원주시,원주시동물보호센터
2025-02-22,개,믹스견,수컷,부산광역시 서구,부산동물보호센터
2025-02-22,개,웰시 코기 펨브로크,암컷,부산광역시 서구,부산동물보호센터
2025-02-22,개,믹스견,암컷,충청북도 괴산군,괴산증평동물보호센터
2025-02-22,개,믹스견,암컷,충청북도 괴산군,괴산증평동물보호센터
2025-02-22,개,믹스견,수컷,경상남도 양산시,양산시 동물보호센터
2025-02-22,개,믹스견,수컷,경상남도 양산시,양산시 동물보호센터
2025-02-22,개,믹스견,암컷,경상남도 밀양시,밀양시 동물보호센터
2025-02-22,개,믹스견,암컷,경상남도 밀양시,밀양시 동물보호센터
2025-02-22,개,믹스견,수컷,경상남도 밀양시,밀양시 동물보호센터
2025-02-22,고양이,믹스묘,수컷,전북특별자치도 군산시,군산유기동물보호센터
2025-02-22,고양이,믹스묘,수컷,충청남도 아산시,아산동물복지지원센터
2025-02-22,개,믹스견,수컷,울산광역시 울주군,울산유기동물보호센터
2025-02-22,개,믹스견,수컷,울산광역시 울주군,울산유기동물보호센터
2025-02-22,개,믹스견,암컷,울산광역시 울주군,울산유기동물보호센터
2025-02-22,개,진도견,암컷,대전광역시 대덕구,대전동물보호센터
2025-02-22,개,믹스견,수컷,경상북도 상주시,상주시 동물보호센터
2025-02-22,개,라브라도 리트리버,수컷,충청북도 청주시,반려동물보호센터
2025-02-22,개,믹스견,암컷,경기도 이천시,위더스 동물보호센터
2025-02-22,고양이,한국 고양이,수컷,경기도 안산시,한국야생동물보호협회
2025-02-21,고양이,한국 고양이,미상,부산광역시 서구,부산동물보호센터
2025-02-21,고양이,한국 고양이,미상,부산광역시 서구,부산동물보호센터
2025-02-21,고양이,한국 고양이,미상,부산광역시 서구,부산동물보호센터
2025-02-21,고양이,한국 고양이,미상,부산광역시 서구,부산동물보호센터
2025-02-21,개,믹스견,암컷,인천광역시 계양구,신영재동물병원
2025-02-21,개,믹스견,암컷,전라남도 곡성군,곡성군동물보호소
2025-02-21,개,믹스견,수컷,울산광역시 울주군,울산유기동물보호센터
2025-02-21,개,믹스견,암컷,경상남도 거제시,거제시유기동물보호소
2025-02-21,개,믹스견,수컷,경상북도 구미시,구미시 동물보호센터
2025-02-21,개,믹스견,암컷,전라남도 나주시,나주유기동물보호센터
2025-02-21,개,말티즈,암컷,경상남도 창원시,창원유기동물보호소
2025-02-21,개,믹스견,암컷,경상남도 산청군,산청동물보호센터
2025-02-21,개,믹스견,암컷,경상남도 산청군,산청동물보호센터
2025-02-21,개,믹스견,수컷,경상남도 밀양시,밀양시 동물보호센터
2025-02-21,개,믹스견,암컷,경상남도 밀양시,밀양시 동물보호센터
2025-02-21,개,믹스견,암컷,경상남도 통영시,통영시동물보호센터
2025-02-21,개,믹스견,암컷,전라남도 장성군,장성군동물보호센터
2025-02-21,개,믹스견,수컷,전라남도 장성군,장성군동물보호센터
2025-02-21,개,믹스견,암컷,전라남도 곡성군,곡성군동물보호소
2025-02-21,개,믹스견,수컷,전북특별자치도 부안군,부안군 동물보호센터
2025-02-21,개,믹스견,수컷,충청남도 천안시,천안시 동물보호센터
2025-02-21,개,믹스견,수컷,충청남도 천안시,천안시 동물보호센터
2025-02-21,개,믹스견,수컷,강원특별자치도 화천군,화천군농업기술센터
2025-02-21,개,믹스견,수컷,강원특별자치도 동해시,동해시동물보호센터
2025-02-21,개,믹스견,암컷,경기도 시흥시,시흥동물누리보호센터
2025-02-21,개,믹스견,수컷,대전광역시 유성구,대전동물보호센터
2025-02-21,개,푸들,암컷,광주광역시 남구,광주동물보호센터
2025-02-20,개,믹스견,암컷,부산광역시 서구,부산동물보호센터
2025-02-20,개,믹스견,암컷,전북특별자치도 익산시,익산유기동물보호소
2025-02-20,개,믹스견,암컷,충청남도 논산시,논산시 동물보호센터
2025-02-20,개,믹스견,암컷,충청남도 홍성군,금일동물보호센터
2025-02-20,개,믹스견,암컷,충청남도 홍성군,금일동물보호센터
2025-02-20,개,믹스견,수컷,충청남도 홍성군,금일동물보호센터
2025-02-20,개,믹스견,수컷,충청남도 홍성군,금일동물보호센터
2025-02-20,개,믹스견,미상,경상북도 청송군,점곡동물보호센터
2025-02-20,개,믹스견,미상,경상북도 청송군,점곡동물보호센터
2025-02-20,개,믹스견,암컷,충청남도 아산시,아산동물복지지원센터
2025-02-20,개,잉글리쉬 세터,암컷,충청남도 아산시,아산동물복지지원센터
2025-02-20,개,믹스견,암컷,부산광역시 북구,부산동물보호센터
2025-02-20,개,믹스견,수컷,경상남도 거제시,거제시유기동물보호소
2025-02-20,개,믹스견,암컷,경상남도 밀양시,밀양시 동물보호센터
2025-02-20,개,믹스견,암컷,경상남도 진주시,진주시동물보호센터
2025-02-20,고양이,믹스묘,미상,경상북도 성주군,성주유기동물보호센터
2025-02-20,개,믹스견,수컷,경상북도 고령군,고령군 유기견 보호소
2025-02-20,개,믹스견,암컷,경상북도 고령군,고령군 유기견 보호소
2025-02-20,개,믹스견,암컷,경상북도 김천시,김천시 동물보호센터
2025-02-20,개,믹스견,수컷,경상북도 김천시,김천시 동물보호센터
2025-02-20,개,믹스견,암컷,전라남도 순천시,순천시유기동물보호소
2025-02-20,개,믹스견,암컷,전북특별자치도 부안군,부안군 동물보호센터
2025-02-20,개,믹스견,암컷,전북특별자치도 부안군,부안군 동물보호센터
2025-02-20,개,믹스견,암컷,전북특별자치도 부안군,부안군 동물보호센터
2025-02-20,개,믹스견,암컷,전북특별자치도 부안군,부안군 동물보호센터
2025-02-20,개,믹스견,암컷,전북특별자치도 김제시,전북말산업복합센터
2025-02-20,개,믹스견,암컷,전북특별자치도 군산시,군산유기동물보호센터
2025-02-20,개,믹스견,수컷,전북특별자치도 전주시,프렌즈동물병원
2025-02-20,개,믹스견,수컷,충청남도 당진시,당진시동물보호소
2025-02-20,개,믹스견,수컷,충청남도 당진시,당진시동물보호소
2025-02-20,개,믹스견,수컷,충청남도 홍성군,금일동물보호센터
2025-02-20,개,믹스견,수컷,충청남도 부여군,남부여동물보호소
2025-02-20,개,믹스견,암컷,충청남도 공주시,공주시 동물보호센터
2025-02-20,개,웰시 코기 펨브로크,암컷,충청남도 천안시,천안시 동물보호센터
2025-02-20,개,믹스견,수컷,강원특별자치도 춘천시,춘천시 동물보호센터
2025-02-20,개,믹스견,암컷,경기도 남양주시,남양주시동물보호센터
2025-02-20,개,믹스견,암컷,대전광역시 유성구,대전동물보호센터
2025-02-20,개,베들링턴 테리어,암컷,대전광역시 유성구,대전동물보호센터
2025-02-20,개,스피츠,수컷,인천광역시 서구,가정동물병원
2025-02-20,고양이,한국 고양이,수컷,광주광역시 광산구,광주동물보호센터
2025-02-19,고양이,한국 고양이,수컷,충청북도 제천시,제천시 동물보호센터
2025-02-19,개,믹스견,암컷,충청북도 제천시,제천시 동물보호센터
2025-02-19,개,믹스견,수컷,충청북도 제천시,제천시 동물보호센터
2025-02-19,개,믹스견,수컷,충청북도 제천시,제천시 동물보호센터
2025-02-19,개,믹스견,암컷,충청북도 제천시,제천시 동물보호센터
2025-02-19,개,믹스견,암컷,충청북도 제천시,제천시 동물보호센터
2025-02-19,개,말티즈,암컷,충청북도 제천시,제천시 동물보호센터
2025-02-19,개,말티즈,암컷,충청북도 제천시,제천시 동물보호센터
2025-02-19,개,믹스견,암컷,대구광역시 군위군,군위종합동물병원
2025-02-19,개,믹스견,수컷,강원특별자치도 횡성군,횡성유기동물보호센터
2025-02-19,개,믹스견,수컷,전라남도 완도군,유기동물임시보호센터
2025-02-19,개,믹스견,암컷,전라남도 완도군,유기동물임시보호센터
2025-02-19,개,믹스견,암컷,전라남도 완도군,유기동물임시보호센터
2025-02-19,개,믹스견,암컷,전라남도 담양군,담양군 동물보호센터
2025-02-19,개,믹스견,암컷,전라남도 담양군,담양군 동물보호센터
2025-02-19,개,믹스견,암컷,전라남도 해남군,해남유기동물보호센터
2025-02-19,개,믹스견,암컷,전라남도 해남군,해남유기동물보호센터
2025-02-19,개,푸들,수컷,울산광역시 울주군,울산유기동물보호센터
2025-02-19,개,믹스견,암컷,경상남도 산청군,산청동물보호센터
2025-02-19,개,믹스견,암컷,경상남도 산청군,산청동물보호센터
2025-02-19,개,미니어쳐 푸들,암컷,경상남도 창녕군,창녕 유기동물보호소
2025-02-19,개,믹스견,암컷,경상남도 거제시,거제시유기동물보호소
2025-02-19,개,믹스견,암컷,경상북도 봉화군,봉화군유기동물보호소
2025-02-19,개,믹스견,수컷,경상북도 봉화군,봉화군유기동물보호소
2025-02-19,개,믹스견,암컷,경상북도 청도군,청도군동물보호센터
2025-02-19,개,믹스견,수컷,경상북도 청도군,청도군동물보호센터
2025-02-19,개,믹스견,암컷,경상북도 청도군,청도군동물보호센터
2025-02-19,개,믹스견,암컷,경상북도 청도군,청도군동물보호센터
2025-02-19,개,믹스견,암컷,경상북도 상주시,상주시 동물보호센터
2025-02-19,개,믹스견,수컷,경상북도 김천시,김천시 동물보호센터
2025-02-19,개,믹스견,암컷,전라남도 강진군,강진군 유기견 보호소
2025-02-19,개,믹스견,암컷,전북특별자치도 정읍시,정읍시 동물보호소
2025-02-19,개,믹스견,암컷,전북특별자치도 정읍시,정읍시 동물보호소
2025-02-19,개,믹스견,수컷,전북특별자치도 정읍시,정읍시 동물보호소
2025-02-19,개,믹스견,암컷,전북특별자치도 정읍시,정읍시 동물보호소
2025-02-19,개,믹스견,암컷,전북특별자치도 정읍시,정읍시 동물보호소
2025-02-19,개,믹스견,암컷,전북특별자치도 군산시,군산유기동물보호센터
2025-02-19,개,믹스견,암컷,전북특별자치도 군산시,군산유기동물보호센터
2025-02-19,개,믹스견,수컷,전북특별자치도 군산시,군산유기동물보호센터
2025-02-19,개,믹스견,암컷,전북특별자치도 전주시,프렌즈동물병원
2025-02-19,개,믹스견,수컷,충청남도 서산시,서산시 동물보호센터
2025-02-19,개,믹스견,암컷,충청남도 공주시,공주시 동물보호센터
2025-02-19,개,믹스견,수컷,충청남도 천안시,천안시 동물보호센터
2025-02-19,개,믹스견,암컷,충청남도 천안시,천안시 동물보호센터
2025-02-19,개,믹스견,수컷,강원특별자치도 춘천시,춘천시 동물보호센터
2025-02-19,개,믹스견,수컷,강원특별자치도 춘천시,춘천시 동물보호센터
2025-02-19,개,믹스견,수컷,경기도 양평군,양평군유기동물보호소
2025-02-19,개,믹스견,암컷,경기도 양평군,양평군유기동물보호소
2025-02-19,개,믹스견,암컷,경기도 이천시,위더스 동물보호센터
2025-02-19,개,믹스견,수컷,경기도 용인시,용인시 동물보호센터
2025-02-19,개,믹스견,암컷,경기도 의왕시,한국야생동물보호협회
2025-02-19,고양이,믹스묘,수컷,경기도 수원시,수원시 동물보호센터
2025-02-19,개,진도견,수컷,대전광역시 대덕구,대전동물보호센터
2025-02-19,개,스피츠,수컷,광주광역시 북구,광주동물보호센터
2025-02-19,개,믹스견,수컷,인천광역시 서구,우리동물병원
2025-02-19,개,믹스견,암컷,대구광역시 군위군,군위종합동물병원
2025-02-19,개,믹스견,암컷,대구광역시 군위군,군위종합동물병원
2025-02-19,개,믹스견,수컷,대구광역시 군위군,군위종합동물병원
2025-02-19,개,믹스견,암컷,대구광역시 군위군,군위종합동물병원
2025-02-19,개,믹스견,수컷,대구광역시 군위군,군위종합동물병원
2025-02-19,개,믹스견,수컷,대구광역시 군위군,군위종합동물병원
2025-02-19,개,믹스견,암컷,대구광역시 군위군,군위종합동물병원
2025-02-19,개,믹스견,수컷,대구광역시 군위군,군위종합동물병원
2025-02-19,고양이,한국 고양이,암컷,대구광역시 서구,대구시수의사회(삼성)
2025-02-19,기타,토끼,암컷,서울특별시 동대문구,동대문구청
2025-02-18,개,믹스견,암컷,전북특별자치도 장수군,장수군 보호소
2025-02-18,개,푸들,암컷,전북특별자치도 장수군,장수군 보호소
2025-02-18,개,믹스견,암컷,전북특별자치도 장수군,장수군 보호소
2025-02-18,개,믹스견,수컷,전북특별자치도 장수군,장수군 보호소
2025-02-18,고양이,믹스묘,수컷,전북특별자치도 군산시,군산유기동물보호센터
2025-02-18,개,믹스견,암컷,대구광역시 군위군,군위종합동물병원
2025-02-18,개,믹스견,수컷,전북특별자치도 익산시,익산유기동물보호소
2025-02-18,개,믹스견,암컷,강원특별자치도 양양군,양양군유기동물보호소
2025-02-18,개,믹스견,수컷,충청남도 논산시,논산시 동물보호센터
2025-02-18,개,믹스견,암컷,전라남도 담양군,담양군 동물보호센터
2025-02-18,개,믹스견,암컷,전라남도 담양군,담양군 동물보호센터
2025-02-18,개,믹스견,수컷,경상남도 통영시,통영시동물보호센터
2025-02-18,개,믹스견,암컷,경상남도 통영시,통영시동물보호센터
2025-02-18,개,믹스견,암컷,경상남도 통영시,통영시동물보호센터
2025-02-18,개,믹스견,암컷,전라남도 해남군,해남유기동물보호센터
2025-02-18,개,믹스견,암컷,전북특별자치도 익산시,익산유기동물보호소
2025-02-18,개,믹스견,수컷,충청남도 홍성군,금일동물보호센터
2025-02-18,개,믹스견,암컷,울산광역시 울주군,울산유기동물보호센터
2025-02-18,개,믹스견,암컷,울산광역시 울주군,울산유기동물보호센터
2025-02-18,개,푸들,수컷,인천광역시 남동구,인천광역시수의사회
2025-02-18,개,믹스견,암컷,인천광역시 미추홀구,인천광역시수의사회
2025-02-18,개,믹스견,암컷,경상남도 사천시,사천시 동물보호센터
2025-02-18,개,믹스견,암컷,경상남도 진주시,진주시동물보호센터
2025-02-18,개,믹스견,암컷,경상북도 울진군,울진군동물보호센터
2025-02-18,개,진도견,암컷,경상북도 성주군,성주유기동물보호센터
2025-02-18,개,믹스견,암컷,경상북도 포항시,(사)영일동물플러스
2025-02-18,개,믹스견,암컷,경상북도 포항시,(사)영일동물플러스
2025-02-18,개,믹스견,수컷,경상북도 포항시,(사)영일동물플러스
2025-02-18,개,믹스견,수컷,전라남도 강진군,강진군 유기견 보호소
2025-02-18,개,믹스견,암컷,전라남도 여수시,유기동물보호소
2025-02-18,개,믹스견,수컷,전라남도 여수시,유기동물보호소
2025-02-18,개,믹스견,수컷,전북특별자치도 장수군,장수군 보호소
2025-02-18,개,믹스견,암컷,전북특별자치도 장수군,장수군 보호소
2025-02-18,개,믹스견,암컷,전북특별자치도 장수군,장수군 보호소
2025-02-18,개,믹스견,암컷,전북특별자치도 장수군,장수군 보호소
2025-02-18,개,믹스견,암컷,전북특별자치도 완주군,완주군유기동물보호소
2025-02-18,개,믹스견,암컷,전북특별자치도 정읍시,정읍시 동물보호소
2025-02-18,개,믹스견,암컷,충청남도 부여군,남부여동물보호소
2025-02-18,개,믹스견,수컷,충청남도 논산시,논산시 동물보호센터
2025-02-18,개,믹스견,수컷,충청남도 천안시,천안시 동물보호센터
2025-02-18,개,믹스견,수컷,강원특별자치도 철원군,철원군
2025-02-18,개,믹스견,수컷,강원특별자치도 철원군,철원군
2025-02-18,개,믹스견,암컷,강원특별자치도 철원군,철원군
2025-02-18,개,믹스견,암컷,강원특별자치도 강릉시,강릉시 동물사랑센터
2025-02-18,개,푸들,암컷,강원특별자치도 원주시,원주시동물보호센터
2025-02-18,개,믹스견,암컷,경기도 여주시,위더스 동물보호센터
2025-02-18,개,믹스견,암컷,경기도 고양시,고양시동물보호센터
2025-02-18,개,믹스견,수컷,광주광역시 서구,광주동물보호센터
2025-02-18,고양이,믹스묘,암컷,인천광역시 서구,우리동물병원
2025-02-17,개,스피츠,암컷,전라남도 무안군,무안군유기동물보호소
2025-02-17,개,믹스견,미상,전라남도 무안군,무안군유기동물보호소
2025-02-17,개,믹스견,수컷,경상북도 영양군,영양군유기동물보호소
2025-02-17,개,믹스견,수컷,강원특별자치도 횡성군,횡성유기동물보호센터
2025-02-17,개,믹스견,수컷,강원특별자치도 횡성군,횡성유기동물보호센터
2025-02-17,개,믹스견,수컷,강원특별자치도 횡성군,횡성유기동물보호센터
2025-02-17,개,믹스견,암컷,강원특별자치도 횡성군,횡성유기동물보호센터
2025-02-17,개,믹스견,암컷,전북특별자치도 익산시,익산유기동물보호소
2025-02-17,개,믹스견,수컷,전북특별자치도 익산시,익산유기동물보호소
2025-02-17,고양이,한국 고양이,암컷,부산광역시 사하구,(사)하얀비둘기
2025-02-17,개,믹스견,암컷,제주특별자치도 제주특별자치도,제주 동물보호센터
2025-02-17,개,믹스견,수컷,경상남도 밀양시,밀양시 동물보호센터
2025-02-17,개,믹스견,수컷,경상북도 울진군,울진군동물보호센터
2025-02-17,개,믹스견,수컷,경상북도 울진군,울진군동물보호센터
2025-02-17,개,믹스견,수컷,충청남도 논산시,논산시 동물보호센터
2025-02-17,개,믹스견,암컷,충청남도 아산시,아산동물복지지원센터
2025-02-17,개,믹스견,암컷,충청남도 아산시,아산동물복지지원센터
2025-02-17,개,믹스견,수컷,충청남도 아산시,아산동물복지지원센터
2025-02-17,개,믹스견,수컷,충청남도 아산시,아산동물복지지원센터
2025-02-17,개,믹스견,수컷,강원특별자치도 철원군,철원군
2025-02-17,개,믹스견,수컷,강원특별자치도 철원군,철원군
2025-02-17,개,사냥견,암컷,강원특별자치도 원주시,원주시동물보호센터
2025-02-17,개,사냥견,암컷,강원특별자치도 원주시,원주시동물보호센터
2025-02-17,개,라브라도 리트리버,암컷,경기도 수원시,수원시 동물보호센터
2025-02-17,개,믹스견,수컷,경상남도 합천군,태민동물보호센터
2025-02-17,개,믹스견,암컷,경상남도 통영시,통영시동물보호센터
2025-02-17,개,믹스견,수컷,경상남도 통영시,통영시동물보호센터
2025-02-17,개,믹스견,암컷,경상남도 진주시,진주시동물보호센터
2025-02-17,개,믹스견,암컷,경상남도 진주시,진주시동물보호센터
2025-02-17,개,믹스견,암컷,경상북도 청도군,청도군동물보호센터
2025-02-17,개,믹스견,암컷,경상북도 김천시,김천시 동물보호센터
2025-02-17,개,믹스견,암컷,전라남도 곡성군,곡성군동물보호소
2025-02-17,개,믹스견,암컷,전북특별자치도 부안군,부안군 동물보호센터
2025-02-17,개,믹스견,수컷,전북특별자치도 부안군,부안군 동물보호센터
2025-02-17,개,진도견,암컷,전북특별자치도 완주군,완주군유기동물보호소
2025-02-17,개,믹스견,암컷,충청남도 당진시,당진시동물보호소
2025-02-17,개,믹스견,수컷,충청남도 당진시,당진시동물보호소
2025-02-17,개,믹스견,수컷,충청남도 당진시,당진시동물보호소
2025-02-17,개,믹스견,암컷,충청남도 당진시,당진시동물보호소
2025-02-17,개,믹스견,수컷,충청남도 당진시,당진시동물보호소
2025-02-17,개,믹스견,암컷,충청남도 천안시,천안시 동물보호센터
2025-02-17,개,믹스견,암컷,충청남도 천안시,천안시 동물보호센터
2025-02-17,개,믹스견,암컷,충청남도 천안시,천안시 동물보호센터
2025-02-17,개,믹스견,수컷,충청남도 천안시,천안시 동물보호센터
2025-02-17,개,믹스견,수컷,충청남도 천안시,천안시 동물보호센터
2025-02-17,고양이,한국 고양이,암컷,충청남도 천안시,천안시 동물보호센터
2025-02-17,개,믹스견,수컷,충청남도 천안시,천안시 동물보호센터
2025-02-17,개,믹스견,암컷,충청남도 천안시,천안시 동물보호센터
2025-02-17,개,믹스견,암컷,충청북도 청주시,반려동물보호센터
2025-02-17,개,말티즈,수컷,강원특별자치도 평창군,평창군유기동물보호소
2025-02-17,개,믹스견,암컷,강원특별자치도 평창군,평창군유기동물보호소
2025-02-17,개,믹스견,수컷,강원특별자치도 평창군,평창군유기동물보호소
2025-02-17,개,믹스견,수컷,강원특별자치도 춘천시,춘천시 동물보호센터
2025-02-17,개,믹스견,암컷,경기도 광주시,광주TNR동물병원초월
2025-02-17,개,믹스견,수컷,경기도 광주시,광주TNR동물병원초월
2025-02-17,개,믹스견,암컷,경기도 광주시,광주TNR동물병원초월
2025-02-17,개,믹스견,암컷,경기도 광주시,광주TNR동물병원초월
2025-02-17,개,믹스견,수컷,경기도 광주시,광주TNR동물병원초월
2025-02-17,개,믹스견,수컷,경기도 광주시,광주TNR동물병원초월
2025-02-17,개,믹스견,수컷,경기도 양평군,양평군유기동물보호소
2025-02-17,개,믹스견,암컷,경기도 양평군,양평군유기동물보호소
2025-02-17,개,믹스견,암컷,경기도 고양시,고양시동물보호센터
2025-02-17,고양이,코숏,암컷,대전광역시 동구,대전동물보호센터
2025-02-17,개,믹스견,수컷,광주광역시 광산구,광주동물보호센터
2025-02-17,개,믹스견,수컷,광주광역시 동구,광주동물보호센터
2025-02-17,개,믹스견,암컷,광주광역시 동구,광주동물보호센터
2025-02-17,개,믹스견,암컷,광주광역시 동구,광주동물보호센터
2025-02-17,고양이,한국 고양이,수컷,강원특별자치도 삼척시,삼척시동물보호센터
2025-02-17,개,믹스견,암컷,전북특별자치도 완주군,완주군유기동물보호소
2025-02-16,개,믹스견,암컷,전북특별자치도 부안군,부안군 동물보호센터
2025-02-16,개,믹스견,암컷,충청남도 홍성군,금일동물보호센터
2025-02-16,개,믹스견,암컷,충청남도 홍성군,금일동물보호센터
2025-02-16,개,믹스견,수컷,충청남도 홍성군,금일동물보호센터
2025-02-16,개,믹스견,암컷,전북특별자치도 전주시,행복한동물병원
2025-02-16,개,믹스견,수컷,강원특별자치도 춘천시,춘천시 동물보호센터
2025-02-15,개,믹스견,암컷,울산광역시 울주군,울산유기동물보호센터
2025-02-15,고양이,레그돌,미상,서울특별시 강동구,둔촌동물병원
2025-02-15,개,믹스견,수컷,전북특별자치도 군산시,군산유기동물보호센터
2025-02-15,개,믹스견,암컷,전북특별자치도 임실군,임실유기동물보호센터
2025-02-15,개,믹스견,수컷,강원특별자치도 삼척시,삼척시동물보호센터
2025-02-15,개,믹스견,수컷,강원특별자치도 삼척시,삼척시동물보호센터
2025-02-15,개,믹스견,수컷,경상남도 밀양시,밀양시 동물보호센터
2025-02-15,개,믹스견,암컷,경상남도 밀양시,밀양시 동물보호센터
2025-02-15,개,믹스견,암컷,경상남도 밀양시,밀양시 동물보호센터
2025-02-15,개,믹스견,암컷,전라남도 여수시,유기동물보호소
2025-02-15,개,믹스견,암컷,전북특별자치도 부안군,부안군 동물보호센터
2025-02-15,개,믹스견,수컷,충청남도 홍성군,금일동물보호센터
2025-02-15,개,믹스견,암컷,강원특별자치도 태백시,태백시유기동물보호소
2025-02-15,개,푸들,수컷,경기도 수원시,수원시 동물보호센터
2025-02-15,개,치와와,암컷,부산광역시 해운대구,동부유기동물보호협회
2025-02-15,개,믹스견,암컷,경상북도 경산시,경산시유기동물보호소
2025-02-15,개,믹스견,수컷,경상북도 경산시,경산시유기동물보호소
2025-02-15,개,믹스견,암컷,경상북도 경산시,경산시유기동물보호소
2025-02-15,개,시바,암컷,경기도 시흥시,시흥동물누리보호센터
2025-02-15,개,믹스견,암컷,경기도 고양시,고양시동물보호센터
2025-02-15,개,믹스견,수컷,전북특별자치도 완주군,완주군유기동물보호소
2025-02-14,개,믹스견,암컷,경상북도 청송군,점곡동물보호센터
2025-02-14,개,믹스견,암컷,경상북도 울진군,울진군동물보호센터
2025-02-14,개,믹스견,수컷,경상남도 통영시,통영시동물보호센터
2025-02-14,개,믹스견,암컷,경상남도 통영시,통영시동물보호센터
2025-02-14,개,믹스견,암컷,경상남도 통영시,통영시동물보호센터
2025-02-14,개,믹스견,암컷,전북특별자치도 부안군,부안군 동물보호센터
2025-02-14,개,믹스견,수컷,전북특별자치도 부안군,부안군 동물보호센터
2025-02-14,개,믹스견,암컷,충청남도 아산시,아산동물복지지원센터
2025-02-14,개,마리노이즈,암컷,울산광역시 울주군,울산유기동물보호센터
2025-02-14,개,푸들,암컷,대전광역시 중구,대전동물보호센터
2025-02-14,개,믹스견,수컷,경상북도 울진군,울진군동물보호센터
2025-02-14,개,믹스견,수컷,경상북도 울진군,울진군동물보호센터
2025-02-14,개,믹스견,암컷,강원특별자치도 원주시,원주시동물보호센터
2025-02-14,개,말티즈,수컷,세종특별자치시 세종특별자치시,세종유기동물보호센터
2025-02-14,개,믹스견,암컷,경상남도 산청군,산청동물보호센터
2025-02-14,개,믹스견,암컷,경상남도 산청군,산청동물보호센터
2025-02-14,개,믹스견,암컷,경상남도 산청군,산청동물보호센터
2025-02-14,개,진도,수컷,경상남도 사천시,사천시 동물보호센터
2025-02-14,개,믹스견,암컷,경상남도 진주시,진주시동물보호센터
2025-02-14,개,믹스견,암컷,전라남도 순천시,순천시유기동물보호소
2025-02-14,고양이,한국 고양이,암컷,전라남도 순천시,대한동물사랑협회
2025-02-14,개,믹스견,수컷,전북특별자치도 전주시,행복한동물병원
2025-02-14,개,믹스견,암컷,충청남도 당진시,당진시동물보호소
2025-02-14,개,믹스견,암컷,충청남도 당진시,당진시동물보호소
2025-02-14,개,믹스견,암컷,충청남도 부여군,남부여동물보호소
2025-02-14,개,믹스견,수컷,충청남도 부여군,남부여동물보호소
2025-02-14,개,믹스견,암컷,충청남도 아산시,아산동물복지지원센터
2025-02-14,개,믹스견,수컷,충청남도 아산시,아산동물복지지원센터
2025-02-14,개,믹스견,수컷,충청북도 청주시,반려동물보호센터
2025-02-14,개,믹스견,수컷,충청북도 청주시,반려동물보호센터
2025-02-13,개,셰퍼드,수컷,전라남도 장흥군,장흥군 동물보호센터
2025-02-13,개,믹스견,암컷,강원특별자치도 원주시,원주시동물보호센터
2025-02-13,개,믹스견,암컷,강원특별자치도 원주시,원주시동물보호센터
2025-02-13,개,믹스견,수컷,울산광역시 남구,울산유기동물보호센터
2025-02-13,개,시베리안 허스키,수컷,전라남도 해남군,해남유기동물보호센터
2025-02-13,개,믹스견,암컷,울산광역시 울주군,울산유기동물보호센터
2025-02-13,고양이,한국 고양이,암컷,인천광역시 서구,우리동물병원
2025-02-13,개,믹스견,암컷,부산광역시 수영구,(사)동부동물보호협회
2025-02-13,개,푸들,암컷,경상남도 의령군,의령군 동물보호센터
2025-02-13,개,믹스견,수컷,전북특별자치도 부안군,부안군 동물보호센터
2025-02-13,개,믹스견,암컷,전북특별자치도 부안군,부안군 동물보호센터
2025-02-13,개,믹스견,암컷,전북특별자치도 김제시,전북말산업복합센터
2025-02-13,개,믹스견,수컷,충청남도 예산군,예산임시동물보호센터
2025-02-13,개,믹스견,암컷,강원특별자치도 정선군,다나동물병원
2025-02-13,개,믹스견,수컷,강원특별자치도 원주시,원주시동물보호센터
2025-02-13,개,믹스견,수컷,강원특별자치도 춘천시,춘천시 동물보호센터
2025-02-13,개,믹스견,수컷,경기도 이천시,위더스 동물보호센터
2025-02-13,고양이,한국 고양이,암컷,경기도 이천시,위더스 동물보호센터
2025-02-13,개,믹스견,수컷,경기도 수원시,수원시 동물보호센터
2025-02-13,개,믹스견,수컷,울산광역시 울주군,울산유기동물보호센터
2025-02-13,고양이,한국 고양이,수컷,서울특별시 강동구,둔촌동물병원
2025-02-12,개,믹스견,수컷,전라남도 무안군,무안군유기동물보호소
2025-02-12,개,믹스견,암컷,전라남도 완도군,유기동물임시보호센터
2025-02-12,개,믹스견,암컷,강원특별자치도 원주시,원주시동물보호센터
2025-02-12,개,믹스견,암컷,경기도 남양주시,남양주시동물보호센터
2025-02-12,개,믹스견,수컷,인천광역시 옹진군,인천수의사회유기동물
2025-02-12,개,믹스견,수컷,경상남도 거창군,나래동물병원
2025-02-12,개,믹스견,암컷,경상남도 거창군,나래동물병원
2025-02-12,개,믹스견,수컷,경상남도 거창군,나래동물병원
2025-02-12,개,믹스견,암컷,경상남도 진주시,진주시동물보호센터
2025-02-12,고양이,페르시안,암컷,경상북도 포항시,(사)영일동물플러스
2025-02-12,개,믹스견,암컷,전라남도 구례군,구례군동물보호센터
2025-02-12,개,믹스견,수컷,전북특별자치도 장수군,장수군 보호소
2025-02-12,개,믹스견,수컷,전북특별자치도 김제시,전북말산업복합센터
2025-02-12,개,믹스견,암컷,충청남도 당진시,당진시동물보호소
2025-02-12,개,믹스견,암컷,충청남도 당진시,당진시동물보호소
2025-02-12,개,믹스견,수컷,충청남도 당진시,당진시동물보호소
2025-02-12,개,믹스견,수컷,충청남도 당진시,당진시동물보호소
2025-02-12,개,믹스견,수컷,충청남도 당진시,당진시동물보호소
2025-02-12,개,믹스견,암컷,충청남도 예산군,예산임시동물보호센터
2025-02-12,개,믹스견,암컷,충청남도 부여군,남부여동물보호소
2025-02-12,개,믹스견,암컷,충청남도 부여군,남부여동물보호소
2025-02-12,개,믹스견,암컷,충청남도 아산시,아산동물복지지원센터
2025-02-12,개,믹스견,수컷,충청남도 아산시,아산동물복지지원센터
2025-02-12,개,믹스견,수컷,충청남도 아산시,아산동물복지지원센터
2025-02-12,개,믹스견,수컷,충청남도 천안시,천안시 동물보호센터
2025-02-12,개,믹스견,수컷,충청남도 천안시,천안시 동물보호센터
2025-02-12,개,믹스견,수컷,충청남도 천안시,천안시 동물보호센터
2025-02-12,개,믹스견,암컷,광주광역시 광산구,광주동물보호센터
2025-02-12,개,믹스견,암컷,인천광역시 남동구,인천광역시수의사회
2025-02-11,개,믹스견,암컷,전북특별자치도 군산시,군산유기동물보호센터
2025-02-11,개,믹스견,암컷,충청남도 홍성군,금일동물보호센터
2025-02-11,개,라이카,암컷,울산광역시 북구,울산유기동물보호센터
2025-02-11,개,믹스견,암컷,전북특별자치도 부안군,부안군 동물보호센터
2025-02-11,개,믹스견,암컷,전북특별자치도 익산시,익산유기동물보호소
2025-02-11,개,믹스견,암컷,전북특별자치도 익산시,익산유기동물보호소
2025-02-11,개,믹스견,암컷,전북특별자치도 익산시,익산유기동물보호소
2025-02-11,개,푸들,수컷,강원특별자치도 원주시,원주시동물보호센터
2025-02-11,개,믹스견,암컷,강원특별자치도 원주시,원주시동물보호센터
2025-02-11,개,믹스견,수컷,강원특별자치도 원주시,원주시동물보호센터
2025-02-11,개,믹스견,수컷,경기도 고양시,고양시동물보호센터
2025-02-11,개,믹스견,암컷,경기도 고양시,고양시동물보호센터
2025-02-11,개,믹스견,수컷,경기도 고양시,고양시동물보호센터
2025-02-11,개,믹스견,수컷,경기도 고양시,고양시동물보호센터
2025-02-11,개,믹스견,미상,경기도 고양시,고양시동물보호센터
2025-02-11,고양이,코숏,미상,대전광역시 동구,대전동물보호센터
2025-02-11,개,믹스견,수컷,인천광역시 서구,가정동물병원
2025-02-11,개,믹스견,암컷,부산광역시 기장군,사단법인 동부
2025-02-11,개,믹스견,암컷,부산광역시 기장군,사단법인 동부
2025-02-11,개,믹스견,암컷,세종특별자치시 세종특별자치시,세종유기동물보호센터
2025-02-11,개,믹스견,암컷,경상남도 의령군,의령군 동물보호센터
2025-02-11,개,믹스견,수컷,경상남도 밀양시,밀양시 동물보호센터
2025-02-11,개,믹스견,암컷,경상남도 진주시,진주시동물보호센터
2025-02-11,개,믹스견,암컷,경상남도 진주시,진주시동물보호센터
2025-02-11,개,믹스견,암컷,경상북도 성주군,성주유기동물보호센터
2025-02-11,개,믹스견,암컷,전라남도 장성군,장성군동물보호센터
2025-02-11,개,믹스견,암컷,전라남도 순천시,순천시유기동물보호소
2025-02-11,개,믹스견,수컷,전북특별자치도 김제시,전북말산업복합센터
2025-02-11,개,믹스견,암컷,전북특별자치도 김제시,전북말산업복합센터
2025-02-11,고양이,한국 고양이,암컷,충청남도 보령시,보령길고양이보호협회
2025-02-11,개,믹스견,수컷,충청남도 천안시,천안시 동물보호센터
2025-02-11,개,믹스견,수컷,충청남도 천안시,천안시 동물보호센터
2025-02-11,개,믹스견,암컷,충청북도 청주시,반려동물보호센터
2025-02-11,개,진도견,암컷,충청북도 청주시,반려동물보호센터
2025-02-11,개,믹스견,암컷,충청북도 괴산군,괴산증평동물보호센터
2025-02-11,개,믹스견,암컷,충청북도 충주시,충주시동물보호센터
2025-02-11,개,믹스견,수컷,강원특별자치도 철원군,철원군
2025-02-11,개,믹스견,암컷,강원특별자치도 강릉시,강릉시 동물사랑센터
2025-02-11,개,믹스견,수컷,경기도 시흥시,시흥동물누리보호센터
2025-02-11,개,도사 믹스견,암컷,경기도 고양시,고양시동물보호센터
2025-02-11,개,믹스견,암컷,경기도 안산시,한국야생동물보호협회
2025-02-11,개,믹스견,수컷,대전광역시 유성구,대전동물보호센터
2025-02-11,개,믹스견,수컷,광주광역시 광산구,광주동물보호센터
2025-02-11,고양이,한국 고양이,암컷,인천광역시 서구,우리동물병원
2025-02-11,개,믹스견,암컷,인천광역시 부평구,조재진동물병원
2025-02-11,개,믹스견,수컷,인천광역시 부평구,조재진동물병원
2025-02-11,고양이,한국 고양이,수컷,광주광역시 광산구,광주동물보호센터
2025-02-11,개,믹스견,암컷,강원특별자치도 화천군,화천군농업기술센터
2025-02-11,고양이,한국 고양이,암컷,광주광역시 서구,광주동물보호센터
2025-02-10,개,믹스견,암컷,전라남도 무안군,무안군유기동물보호소
2025-02-10,개,믹스견,암컷,전라남도 무안군,무안군유기동물보호소
2025-02-10,개,믹스견,수컷,전라남도 무안군,무안군유기동물보호소
2025-02-10,고양이,한국 고양이,수컷,서울특별시 강동구,둔촌동물병원
2025-02-10,개,믹스견,암컷,경상북도 울진군,울진군동물보호센터
2025-02-10,개,믹스견,수컷,전북특별자치도 익산시,익산유기동물보호소
2025-02-10,개,믹스견,수컷,전북특별자치도 익산시,익산유기동물보호소
2025-02-10,개,믹스견,수컷,전북특별자치도 익산시,익산유기동물보호소
2025-02-10,개,믹스견,암컷,경상남도 밀양시,밀양시 동물보호센터
2025-02-10,개,믹스견,암컷,경상남도 밀양시,밀양시 동물보호센터
2025-02-10,개,믹스견,수컷,경상남도 밀양시,밀양시 동물보호센터
2025-02-10,개,믹스견,암컷,경상남도 밀양시,밀양시 동물보호센터
2025-02-10,개,믹스견,수컷,경상남도 통영시,통영시동물보호센터
2025-02-10,개,믹스견,암컷,경상북도 구미시,구미시 동물보호센터
2025-02-10,개,믹스견,암컷,전라남도 담양군,담양군 동물보호센터
2025-02-10,개,믹스견,수컷,전라남도 담양군,담양군 동물보호센터
2025-02-10,개,믹스견,암컷,전라남도 목포시,목포시유기동물보호소
2025-02-10,개,믹스견,수컷,전북특별자치도 군산시,군산유기동물보호센터
2025-02-10,개,믹스견,수컷,강원특별자치도 삼척시,삼척시동물보호센터
2025-02-10,개,믹스견,암컷,강원특별자치도 원주시,원주시동물보호센터
2025-02-10,개,믹스견,수컷,강원특별자치도 원주시,원주시동물보호센터
2025-02-10,개,믹스견,수컷,강원특별자치도 원주시,원주시동물보호센터
2025-02-10,개,믹스견,암컷,강원특별자치도 원주시,원주시동물보호센터
2025-02-10,개,믹스견,암컷,서울특별시 강남구,한국동물구조관리협회
2025-02-10,개,보더 콜리,암컷,세종특별자치시 세종특별자치시,세종유기동물보호센터
2025-02-10,개,믹스견,암컷,경상남도 남해군,남해군동물보호센터
2025-02-10,개,믹스견,암컷,경상남도 남해군,남해군동물보호센터
2025-02-10,개,믹스견,암컷,경상남도 남해군,남해군동물보호센터
2025-02-10,개,믹스견,수컷,경상남도 남해군,남해군동물보호센터
2025-02-10,개,믹스견,암컷,경상남도 의령군,의령군 동물보호센터
2025-02-10,개,믹스견,암컷,경상남도 의령군,의령군 동물보호센터
2025-02-10,개,믹스견,암컷,경상남도 의령군,의령군 동물보호센터
2025-02-10,개,믹스견,암컷,경상남도 의령군,의령군 동물보호센터
2025-02-10,개,믹스견,암컷,경상북도 경산시,경산시유기동물보호소
2025-02-10,개,믹스견,암컷,경상북도 포항시,(사)영일동물플러스
2025-02-10,개,믹스견,수컷,전라남도 광양시,광양시 임시보호소
2025-02-10,개,믹스견,수컷,전북특별자치도 부안군,부안군 동물보호센터
2025-02-10,개,믹스견,수컷,전북특별자치도 정읍시,정읍시 동물보호소
2025-02-10,개,믹스견,암컷,충청남도 당진시,당진시동물보호소
2025-02-10,개,믹스견,암컷,충청남도 부여군,남부여동물보호소
2025-02-10,개,믹스견,수컷,충청남도 부여군,남부여동물보호소
2025-02-10,개,믹스견,수컷,충청남도 부여군,남부여동물보호소
2025-02-10,개,믹스견,암컷,충청남도 부여군,남부여동물보호소
2025-02-10,고양이,한국 고양이,수컷,충청남도 천안시,천안시 동물보호센터
2025-02-10,개,믹스견,암컷,충청남도 천안시,천안시 동물보호센터
2025-02-10,개,믹스견,수컷,충청남도 천안시,천안시 동물보호센터
2025-02-10,개,믹스견,암컷,충청남도 천안시,천안시 동물보호센터
2025-02-10,개,진도견,수컷,충청북도 청주시,반려동물보호센터
2025-02-10,개,믹스견,수컷,강원특별자치도 동해시,동해시동물보호센터
2025-02-09,개,믹스견,암컷,경상북도 청송군,점곡동물보호센터
2025-02-09,개,믹스견,수컷,전북특별자치도 부안군,부안군 동물보호센터
2025-02-09,개,진도견,수컷,전북특별자치도 익산시,익산유기동물보호소
2025-02-09,개,믹스견,수컷,경기도 수원시,수원시 동물보호센터
2025-02-09,개,믹스견,수컷,경기도 수원시,수원시 동물보호센터
2025-02-09,개,믹스견,암컷,인천광역시 남동구,인천광역시수의사회
2025-02-09,개,믹스견,암컷,부산광역시 강서구,(사)하얀비둘기
2025-02-09,개,말티즈,암컷,경상남도 창녕군,창녕 유기동물보호소
2025-02-09,개,믹스견,수컷,경상북도 포항시,(사)영일동물플러스
2025-02-09,개,믹스견,암컷,경상북도 포항시,(사)영일동물플러스
2025-02-09,고양이,한국 고양이,암컷,경기도 이천시,위더스 동물보호센터
2025-02-08,개,믹스견,암컷,경상남도 밀양시,밀양시 동물보호센터
2025-02-08,개,믹스견,수컷,경상남도 밀양시,밀양시 동물보호센터
2025-02-08,개,믹스견,수컷,경상남도 밀양시,밀양시 동물보호센터
2025-02-08,개,믹스견,암컷,전북특별자치도 부안군,부안군 동물보호센터
2025-02-08,개,믹스견,암컷,전북특별자치도 부안군,부안군 동물보호센터
2025-02-08,개,믹스견,수컷,전북특별자치도 부안군,부안군 동물보호센터
2025-02-08,개,믹스견,암컷,전북특별자치도 익산시,익산유기동물보호소
2025-02-08,개,믹스견,수컷,울산광역시 울주군,울산유기동물보호센터
2025-02-08,개,믹스견,수컷,울산광역시 울주군,울산유기동물보호센터
2025-02-08,개,믹스견,수컷,울산광역시 동구,울산유기동물보호센터
2025-02-08,고양이,한국 고양이,수컷,부산광역시 북구,부산동물보호센터
2025-02-08,개,믹스견,암컷,전북특별자치도 완주군,완주군유기동물보호소
2025-02-08,개,믹스견,수컷,충청북도 청주시,반려동물보호센터
2025-02-08,고양이,페르시안,수컷,충청북도 제천시,제천시 동물보호센터
2025-02-07,개,믹스견,암컷,강원특별자치도 양양군,양양군유기동물보호소
2025-02-07,개,믹스견,암컷,경상북도 영천시,영천유기동물보호센터
2025-02-07,개,믹스견,암컷,경상북도 영천시,영천유기동물보호센터
2025-02-07,개,믹스견,수컷,경상북도 영천시,영천유기동물보호센터
2025-02-07,개,믹스견,수컷,경상북도 영천시,영천유기동물보호센터
2025-02-07,개,믹스견,수컷,전라남도 보성군,보성유기동물보호센터
2025-02-07,개,믹스견,수컷,전북특별자치도 부안군,부안군 동물보호센터
2025-02-07,개,믹스견,암컷,울산광역시 울주군,울산유기동물보호센터
2025-02-07,개,믹스견,암컷,울산광역시 울주군,울산유기동물보호센터
2025-02-07,개,믹스견,수컷,울산광역시 울주군,울산유기동물보호센터
2025-02-07,고양이,한국 고양이,미상,대전광역시 유성구,대전동물보호센터
2025-02-07,개,믹스견,암컷,대전광역시 유성구,대전동물보호센터
2025-02-07,개,믹스견,수컷,전라남도 해남군,해남유기동물보호센터
2025-02-07,개,믹스견,암컷,경기도 고양시,고양시동물보호센터
2025-02-07,개,믹스견,암컷,경상남도 의령군,의령군 동물보호센터
2025-02-07,개,믹스견,암컷,경상북도 의성군,의성동물보호센터
2025-02-07,개,믹스견,암컷,경상북도 의성군,의성동물보호센터
2025-02-07,개,믹스견,암컷,경상북도 의성군,의성동물보호센터
2025-02-07,개,믹스견,암컷,경상북도 의성군,의성동물보호센터
2025-02-07,개,믹스견,암컷,경상북도 의성군,의성동물보호센터
2025-02-07,개,믹스견,수컷,경상북도 경산시,경산시유기동물보호소
2025-02-07,개,믹스견,암컷,경상북도 상주시,상주시 동물보호센터
2025-02-07,개,믹스견,수컷,경상북도 포항시,(사)영일동물플러스
2025-02-07,개,믹스견,암컷,전라남도 영광군,영광동물보호센터
2025-02-07,개,믹스견,수컷,전라남도 영광군,영광동물보호센터
2025-02-07,개,믹스견,수컷,전라남도 곡성군,곡성군동물보호소
2025-02-07,개,믹스견,수컷,전북특별자치도 정읍시,정읍시 동물보호소
2025-02-07,개,믹스견,암컷,전북특별자치도 정읍시,정읍시 동물보호소
2025-02-07,개,믹스견,수컷,강원특별자치도 강릉시,강릉시 동물사랑센터
2025-02-07,개,진도견,암컷,경기도 여주시,위더스 동물보호센터
2025-02-07,개,믹스견,수컷,경기도 여주시,위더스 동물보호센터
2025-02-07,개,믹스견,암컷,경기도 여주시,위더스 동물보호센터
2025-02-07,고양이,한국 고양이,암컷,경기도 이천시,위더스 동물보호센터
2025-02-07,개,믹스견,암컷,경상북도 경산시,경산시유기동물보호소
2025-02-06,개,믹스견,암컷,강원특별자치도 홍천군,홍천군유기동물보호소
2025-02-06,개,믹스견,암컷,강원특별자치도 횡성군,횡성유기동물보호센터
2025-02-06,개,믹스견,암컷,충청남도 금산군,제일동물병원
2025-02-06,개,믹스견,암컷,충청남도 논산시,논산시 동물보호센터
2025-02-06,고양이,페르시안,암컷,경상남도 통영시,고양이보호분양센터
2025-02-06,개,믹스견,수컷,전북특별자치도 익산시,익산유기동물보호소
2025-02-06,개,믹스견,암컷,전북특별자치도 익산시,익산유기동물보호소
2025-02-06,개,믹스견,암컷,전북특별자치도 익산시,익산유기동물보호소
2025-02-06,개,믹스견,수컷,전북특별자치도 익산시,익산유기동물보호소
2025-02-06,개,믹스견,수컷,강원특별자치도 영월군,영월군 동물보호센터
2025-02-06,개,믹스견,수컷,부산광역시 북구,부산동물보호센터
2025-02-06,개,믹스견,수컷,부산광역시 북구,부산동물보호센터
2025-02-06,개,믹스견,수컷,경상남도 창녕군,창녕 유기동물보호소
2025-02-06,개,믹스견,수컷,경상남도 창녕군,창녕 유기동물보호소
2025-02-06,개,믹스견,암컷,경상남도 창녕군,창녕 유기동물보호소
2025-02-06,개,믹스견,암컷,경상남도 진주시,진주시동물보호센터
2025-02-06,개,믹스견,수컷,경상북도 경산시,경산시유기동물보호소
2025-02-06,개,믹스견,수컷,경상북도 경산시,경산시유기동물보호소
2025-02-06,개,믹스견,수컷,경상북도 포항시,(사)영일동물플러스
2025-02-06,개,믹스견,암컷,전라남도 영광군,영광동물보호센터
2025-02-06,개,믹스견,수컷,전라남도 영광군,영광동물보호센터
2025-02-06,개,믹스견,암컷,전라남도 영광군,영광동물보호센터
2025-02-06,개,믹스견,수컷,전라남도 영광군,영광동물보호센터
2025-02-06,고양이,한국 고양이,암컷,전라남도 영광군,영광동물보호센터
2025-02-06,개,믹스견,수컷,전북특별자치도 부안군,부안군 동물보호센터
2025-02-06,개,믹스견,수컷,전북특별자치도 부안군,부안군 동물보호센터
2025-02-06,개,믹스견,수컷,전북특별자치도 김제시,전북말산업복합센터
2025-02-06,개,믹스견,암컷,전북특별자치도 김제시,전북말산업복합센터
2025-02-06,개,믹스견,암컷,전북특별자치도 전주시,사랑플러스동물병원
2025-02-06,개,믹스견,암컷,충청남도 홍성군,금일동물보호센터
2025-02-06,개,믹스견,수컷,충청남도 홍성군,금일동물보호센터
2025-02-06,개,믹스견,수컷,충청남도 홍성군,금일동물보호센터
2025-02-06,개,믹스견,암컷,충청남도 천안시,천안시 동물보호센터
2025-02-06,개,믹스견,암컷,충청남도 천안시,천안시 동물보호센터
2025-02-06,개,믹스견,수컷,충청남도 천안시,천안시 동물보호센터
2025-02-06,개,믹스견,수컷,충청남도 천안시,천안시 동물보호센터
2025-02-06,개,믹스견,암컷,충청남도 천안시,천안시 동물보호센터
2025-02-06,개,믹스견,수컷,충청남도 천안시,천안시 동물보호센터
2025-02-06,개,믹스견,암컷,충청남도 천안시,천안시 동물보호센터
2025-02-06,개,믹스견,암컷,충청북도 청주시,반려동물보호센터
2025-02-06,개,믹스견,수컷,충청북도 청주시,반려동물보호센터
2025-02-06,개,믹스견,암컷,경기도 부천시,부천시수의사회
2025-02-06,개,진도견,수컷,경기도 수원시,수원시 동물보호센터
2025-02-06,개,믹스견,암컷,대구광역시 군위군,군위종합동물병원
2025-02-06,개,믹스견,암컷,대구광역시 군위군,군위종합동물병원
2025-02-06,개,믹스견,암컷,대구광역시 군위군,군위종합동물병원
2025-02-06,개,믹스견,암컷,대구광역시 군위군,군위종합동물병원
2025-02-06,개,믹스견,수컷,대구광역시 군위군,군위종합동물병원
2025-02-06,개,믹스견,수컷,대구광역시 군위군,군위종합동물병원
2025-02-06,개,믹스견,암컷,대구광역시 군위군,군위종합동물병원
2025-02-06,개,믹스견,암컷,대구광역시 군위군,군위종합동물병원
2025-02-06,개,믹스견,암컷,대구광역시 군위군,군위종합동물병원
2025-02-06,개,믹스견,수컷,대구광역시 군위군,군위종합동물병원
2025-02-06,개,믹스견,수컷,경상북도 경산시,경산시유기동물보호소
2025-02-06,개,믹스견,암컷,경상북도 경산시,경산시유기동물보호소
2025-02-06,개,믹스견,암컷,경상북도 경산시,경산시유기동물보호소
2025-02-06,개,믹스견,암컷,전북특별자치도 완주군,완주군유기동물보호소
2025-02-06,개,보더 콜리,암컷,경기도 양평군,양평군유기동물보호소
2025-02-05,개,믹스견,수컷,전라남도 무안군,무안군유기동물보호소
2025-02-05,개,믹스견,수컷,전라남도 고흥군,고흥군임시보호센터
2025-02-05,개,믹스견,수컷,전라남도 무안군,무안군유기동물보호소
2025-02-05,개,믹스견,암컷,강원특별자치도 양양군,양양군유기동물보호소
2025-02-05,개,믹스견,암컷,강원특별자치도 양양군,양양군유기동물보호소
2025-02-05,개,믹스견,암컷,경상북도 울진군,울진군동물보호센터
2025-02-05,개,믹스견,수컷,전라남도 나주시,나주유기동물보호센터
2025-02-05,개,믹스견,수컷,경상남도 거제시,거제시유기동물보호소
2025-02-05,개,믹스견,암컷,경상남도 거제시,거제시유기동물보호소
2025-02-05,개,믹스견,수컷,충청남도 논산시,논산시 동물보호센터
2025-02-05,개,믹스견,수컷,울산광역시 남구,울산유기동물보호센터
2025-02-05,개,믹스견,수컷,대전광역시 유성구,대전동물보호센터
2025-02-05,고양이,믹스묘,수컷,충청남도 아산시,아산동물복지지원센터
2025-02-05,고양이,믹스묘,수컷,충청남도 아산시,아산동물복지지원센터
2025-02-05,개,믹스견,수컷,경상남도 밀양시,밀양시 동물보호센터
2025-02-05,개,믹스견,암컷,경상북도 고령군,고령군 유기견 보호소
2025-02-05,개,믹스견,암컷,경상북도 고령군,고령군 유기견 보호소
2025-02-05,개,믹스견,수컷,경상북도 의성군,의성동물보호센터
2025-02-05,개,믹스견,암컷,전라남도 고흥군,고흥군임시보호센터
2025-02-05,개,믹스견,수컷,전라남도 구례군,구례군동물보호센터
2025-02-05,개,믹스견,암컷,전라남도 순천시,순천시유기동물보호소
2025-02-05,개,믹스견,암컷,충청남도 당진시,당진시동물보호소
2025-02-05,개,믹스견,암컷,충청남도 서산시,서산시 동물보호센터
2025-02-05,개,믹스견,수컷,충청남도 아산시,아산동물복지지원센터
2025-02-05,개,믹스견,암컷,강원특별자치도 화천군,화천군농업기술센터
2025-02-05,개,믹스견,암컷,경기도 여주시,위더스 동물보호센터
2025-02-05,개,믹스견,수컷,경기도 광주시,광주TNR동물병원초월
2025-02-05,개,믹스견,수컷,경기도 양평군,양평군유기동물보호소
2025-02-04,개,믹스견,암컷,경기도 용인시,용인시 동물보호센터
2025-02-04,개,믹스견,수컷,전라남도 곡성군,곡성군동물보호소
2025-02-04,개,믹스견,수컷,충청남도 금산군,제일동물병원
2025-02-04,개,믹스견,암컷,울산광역시 울주군,울산유기동물보호센터
2025-02-04,개,믹스견,수컷,울산광역시 울주군,울산유기동물보호센터
2025-02-04,개,믹스견,암컷,울산광역시 울주군,울산유기동물보호센터
2025-02-04,개,믹스견,수컷,울산광역시 울주군,울산유기동물보호센터
2025-02-04,개,믹스견,암컷,울산광역시 울주군,울산유기동물보호센터
2025-02-04,개,믹스견,수컷,울산광역시 울주군,울산유기동물보호센터
2025-02-04,개,믹스견,수컷,울산광역시 중구,울산유기동물보호센터
2025-02-04,개,믹스견,암컷,전북특별자치도 익산시,익산유기동물보호소
2025-02-04,개,믹스견,수컷,전북특별자치도 군산시,군산유기동물보호센터
2025-02-04,개,믹스견,암컷,전북특별자치도 군산시,군산유기동물보호센터
2025-02-04,개,믹스견,암컷,전북특별자치도 군산시,군산유기동물보호센터
2025-02-04,고양이,한국 고양이,암컷,충청북도 보은군,보은군동물보호센터
2025-02-04,개,믹스견,수컷,경상남도 함안군,함안군유기동물보호소
2025-02-04,개,믹스견,암컷,경상남도 밀양시,밀양시 동물보호센터
2025-02-04,개,말티즈,수컷,경상남도 진주시,진주시동물보호센터
2025-02-04,개,믹스견,수컷,경상북도 성주군,성주유기동물보호센터
2025-02-04,개,믹스견,수컷,전라남도 장성군,장성군동물보호센터
2025-02-04,개,믹스견,수컷,전라남도 순천시,순천시유기동물보호소
2025-02-04,개,믹스견,수컷,전라남도 순천시,순천시유기동물보호소
2025-02-04,개,믹스견,수컷,전북특별자치도 김제시,전북말산업복합센터
2025-02-04,개,믹스견,암컷,전북특별자치도 김제시,전북말산업복합센터
2025-02-04,개,믹스견,암컷,전북특별자치도 김제시,전북말산업복합센터
2025-02-04,개,믹스견,수컷,전북특별자치도 김제시,전북말산업복합센터
2025-02-04,개,믹스견,수컷,전북특별자치도 김제시,전북말산업복합센터
2025-02-04,개,믹스견,암컷,전북특별자치도 김제시,전북말산업복합센터
2025-02-04,개,믹스견,수컷,충청남도 천안시,천안시 동물보호센터
2025-02-04,개,믹스견,암컷,충청남도 천안시,천안시 동물보호센터
2025-02-04,개,믹스견,암컷,충청남도 천안시,천안시 동물보호센터
2025-02-04,개,믹스견,암컷,충청남도 천안시,천안시 동물보호센터
2025-02-04,개,믹스견,암컷,충청남도 천안시,천안시 동물보호센터
2025-02-04,고양이,한국 고양이,수컷,충청북도 청주시,반려동물보호센터
2025-02-04,개,믹스견,암컷,충청북도 충주시,충주시동물보호센터
2025-02-04,개,믹스견,수컷,경기도 광주시,광주TNR동물병원초월
2025-02-04,개,믹스견,암컷,경기도 시흥시,시흥동물누리보호센터
2025-02-04,개,믹스견,수컷,경기도 고양시,고양시동물보호센터
2025-02-04,개,믹스견,수컷,광주광역시 서구,광주동물보호센터
2025-02-04,개,믹스견,암컷,대구광역시 군위군,군위종합동물병원
2025-02-04,개,믹스견,암컷,대구광역시 군위군,군위종합동물병원
2025-02-04,개,믹스견,암컷,대구광역시 군위군,군위종합동물병원
2025-02-04,개,믹스견,암컷,대구광역시 군위군,군위종합동물병원
2025-02-04,개,믹스견,암컷,대구광역시 군위군,군위종합동물병원
2025-02-04,개,믹스견,수컷,전북특별자치도 완주군,완주군유기동물보호소
2025-02-04,개,믹스견,암컷,전북특별자치도 완주군,완주군유기동물보호소
2025-02-03,개,믹스견,수컷,전라남도 완도군,유기동물임시보호센터
2025-02-03,개,믹스견,암컷,경상남도 하동군,하동군유기동물보호소
2025-02-03,개,골든 리트리버,수컷,충청남도 홍성군,금일동물보호센터
2025-02-03,개,믹스견,암컷,경상북도 구미시,구미시 동물보호센터
2025-02-03,개,믹스견,수컷,경상북도 구미시,구미시 동물보호센터
2025-02-03,개,믹스견,수컷,전라남도 영광군,영광동물보호센터
2025-02-03,개,믹스견,암컷,전라남도 영광군,영광동물보호센터
2025-02-03,개,믹스견,수컷,전라남도 영광군,영광동물보호센터
2025-02-03,개,믹스견,암컷,전라남도 영광군,영광동물보호센터
2025-02-03,개,믹스견,암컷,전라남도 영광군,영광동물보호센터
2025-02-03,개,믹스견,수컷,전라남도 영광군,영광동물보호센터
2025-02-03,개,믹스견,암컷,전라남도 영광군,영광동물보호센터
2025-02-03,개,믹스견,암컷,전라남도 영광군,영광동물보호센터
2025-02-03,개,믹스견,수컷,전라남도 영광군,영광동물보호센터
2025-02-03,개,믹스견,암컷,전라남도 영광군,영광동물보호센터
2025-02-03,개,믹스견,암컷,전라남도 영광군,영광동물보호센터
2025-02-03,개,믹스견,수컷,전라남도 영광군,영광동물보호센터
2025-02-03,개,믹스견,수컷,전북특별자치도 익산시,익산유기동물보호소
2025-02-03,개,믹스견,수컷,전북특별자치도 익산시,익산유기동물보호소
2025-02-03,기타,염소,미상,경기도 안산시,한국야생동물보호협회
2025-02-03,개,믹스견,미상,울산광역시 울주군,울산유기동물보호센터
2025-02-03,개,믹스견,암컷,울산광역시 울주군,울산유기동물보호센터
2025-02-03,개,믹스견,수컷,세종특별자치시 세종특별자치시,세종유기동물보호센터
2025-02-03,개,믹스견,암컷,세종특별자치시 세종특별자치시,세종유기동물보호센터
2025-02-03,개,믹스견,수컷,경상남도 창원시,창원유기동물보호소
2025-02-03,개,믹스견,수컷,경상남도 거창군,나래동물병원
2025-02-03,개,믹스견,수컷,경상남도 거창군,나래동물병원
2025-02-03,개,믹스견,수컷,경상남도 거창군,나래동물병원
2025-02-03,개,믹스견,수컷,경상남도 거창군,나래동물병원
2025-02-03,개,믹스견,암컷,경상남도 거창군,나래동물병원
2025-02-03,개,믹스견,암컷,경상남도 산청군,산청동물보호센터
2025-02-03,개,믹스견,암컷,경상남도 산청군,산청동물보호센터
2025-02-03,개,믹스견,암컷,경상남도 진주시,진주시동물보호센터
2025-02-03,개,믹스견,암컷,경상북도 김천시,김천시 동물보호센터
2025-02-03,개,시바,수컷,전라남도 화순군,화순군유기동물보호소
2025-02-03,개,믹스견,암컷,전북특별자치도 부안군,부안군 동물보호센터
2025-02-03,개,믹스견,암컷,전북특별자치도 전주시,행복한동물병원
2025-02-03,개,믹스견,수컷,충청남도 홍성군,금일동물보호센터
2025-02-03,개,믹스견,암컷,충청남도 서산시,서산시 동물보호센터
2025-02-03,개,믹스견,수컷,충청남도 천안시,천안시 동물보호센터
2025-02-03,개,믹스견,수컷,강원특별자치도 속초시,속초시유기동물보호소
2025-02-03,개,푸들,수컷,경기도 양평군,양평군유기동물보호소
2025-02-03,개,믹스견,수컷,경기도 용인시,용인시 동물보호센터
2025-02-03,개,믹스견,수컷,경기도 시흥시,시흥동물누리보호센터
2025-02-03,개,믹스견,수컷,경기도 고양시,고양시동물보호센터
2025-02-03,개,믹스견,수컷,인천광역시 남동구,인천광역시수의사회
2025-02-03,개,믹스견,암컷,경상북도 경산시,경산시유기동물보호소
2025-02-02,개,믹스견,암컷,강원특별자치도 횡성군,횡성유기동물보호센터
2025-02-02,개,믹스견,암컷,경상북도 안동시,유기동물보호센터
2025-02-02,개,믹스견,수컷,경기도 안산시,한국야생동물보호협회
2025-02-02,개,믹스견,수컷,부산광역시 수영구,(사)동부동물보호협회
2025-02-02,개,믹스견,암컷,부산광역시 수영구,(사)동부동물보호협회
2025-02-02,개,믹스견,암컷,부산광역시 수영구,(사)동부동물보호협회
2025-02-02,개,믹스견,암컷,부산광역시 수영구,(사)동부동물보호협회
2025-02-02,개,믹스견,암컷,충청북도 청주시,반려동물보호센터
2025-02-01,개,믹스견,수컷,경상남도 밀양시,밀양시 동물보호센터
2025-02-01,개,믹스견,암컷,전북특별자치도 정읍시,정읍시 동물보호소
2025-02-01,고양이,믹스묘,미상,대구광역시 군위군,군위종합동물병원
2025-02-01,고양이,믹스묘,미상,대구광역시 군위군,군위종합동물병원
2025-02-01,개,믹스견,수컷,경상북도 안동시,유기동물보호센터
2025-02-01,개,믹스견,수컷,전북특별자치도 부안군,부안군 동물보호센터
2025-02-01,개,믹스견,암컷,전북특별자치도 익산시,익산유기동물보호소
2025-02-01,개,믹스견,수컷,전북특별자치도 익산시,익산유기동물보호소
2025-02-01,개,믹스견,수컷,전북특별자치도 익산시,익산유기동물보호소
2025-02-01,개,믹스견,암컷,충청남도 아산시,아산동물복지지원센터
2025-02-01,개,믹스견,수컷,울산광역시 울주군,울산유기동물보호센터
2025-02-01,개,믹스견,암컷,울산광역시 울주군,울산유기동물보호센터
2025-02-01,개,믹스견,암컷,울산광역시 울주군,울산유기동물보호센터
2025-02-01,개,믹스견,수컷,인천광역시 부평구,삼산종합동물병원
2025-02-01,개,믹스견,암컷,경상남도 남해군,남해군동물보호센터
2025-02-01,개,미니어쳐 핀셔,암컷,충청북도 청주시,반려동물보호센터
2025-02-01,개,믹스견,암컷,강원특별자치도 원주시,원주시동물보호센터
2025-02-01,개,믹스견,수컷,경기도 고양시,고양시동물보호센터
2025-02-01,고양이,한국 고양이,암컷,인천광역시 강화군,디디동물병원
2025-01-31,개,믹스견,암컷,경상남도 양산시,양산시 동물보호센터
2025-01-31,개,믹스견,암컷,전북특별자치도 익산시,익산유기동물보호소
2025-01-31,개,믹스견,수컷,전북특별자치도 익산시,익산유기동물보호소
2025-01-31,개,믹스견,수컷,전북특별자치도 익산시,익산유기동물보호소
2025-01-31,개,믹스견,수컷,충청남도 아산시,아산동물복지지원센터
2025-01-31,개,믹스견,수컷,충청남도 아산시,아산동물복지지원센터
2025-01-31,개,믹스견,암컷,충청남도 아산시,아산동물복지지원센터
2025-01-31,개,믹스견,암컷,충청남도 아산시,아산동물복지지원센터
2025-01-31,개,믹스견,암컷,충청남도 아산시,아산동물복지지원센터
2025-01-31,개,믹스견,수컷,충청남도 아산시,아산동물복지지원센터
2025-01-31,개,믹스견,암컷,충청남도 아산시,아산동물복지지원센터
2025-01-31,개,믹스견,수컷,울산광역시 북구,울산유기동물보호센터
2025-01-31,고양이,한국 고양이,수컷,인천광역시 연수구,인천광역시수의사회
2025-01-31,개,믹스견,수컷,경상남도 진주시,진주시동물보호센터
2025-01-31,개,믹스견,수컷,전라남도 담양군,담양군 동물보호센터
2025-01-31,개,믹스견,수컷,전라남도 순천시,순천시유기동물보호소
2025-01-31,개,믹스견,수컷,전라남도 순천시,순천시유기동물보호소
2025-01-31,개,믹스견,수컷,전라남도 순천시,순천시유기동물보호소
2025-01-31,개,믹스견,수컷,전북특별자치도 부안군,부안군 동물보호센터
2025-01-31,개,믹스견,수컷,전북특별자치도 부안군,부안군 동물보호센터
2025-01-31,개,진도견,수컷,전북특별자치도 완주군,완주군유기동물보호소
2025-01-31,개,믹스견,수컷,전북특별자치도 김제시,전북말산업복합센터
2025-01-31,개,포메라니안,수컷,전북특별자치도 정읍시,정읍시 동물보호소
2025-01-31,개,믹스견,암컷,전북특별자치도 정읍시,정읍시 동물보호소
2025-01-31,개,믹스견,암컷,전북특별자치도 정읍시,정읍시 동물보호소
2025-01-31,개,믹스견,암컷,전북특별자치도 정읍시,정읍시 동물보호소
2025-01-31,개,믹스견,수컷,충청남도 논산시,논산시 동물보호센터
2025-01-31,개,믹스견,수컷,충청북도 청주시,반려동물보호센터
2025-01-31,고양이,한국 고양이,미상,강원특별자치도 원주시,원주시동물보호센터
2025-01-31,개,믹스견,암컷,강원특별자치도 원주시,원주시동물보호센터
2025-01-31,개,믹스견,암컷,강원특별자치도 원주시,원주시동물보호센터
2025-01-31,개,믹스견,암컷,강원특별자치도 원주시,원주시동물보호센터
2025-01-31,개,믹스견,수컷,강원특별자치도 원주시,원주시동물보호센터
2025-01-31,개,믹스견,암컷,강원특별자치도 원주시,원주시동물보호센터
2025-01-31,개,믹스견,수컷,경기도 이천시,위더스 동물보호센터
2025-01-31,개,믹스견,수컷,경기도 이천시,위더스 동물보호센터
2025-01-31,개,믹스견,수컷,경기도 용인시,용인시 동물보호센터
2025-01-31,개,믹스견,수컷,경기도 시흥시,시흥동물누리보호센터
2025-01-31,개,믹스견,수컷,경기도 고양시,고양시동물보호센터
2025-01-31,개,믹스견,수컷,경기도 고양시,고양시동물보호센터
2025-01-31,개,믹스견,수컷,경기도 부천시,24시아이동물메디컬
2025-01-31,개,믹스견,수컷,울산광역시 울주군,울산유기동물보호센터
2025-01-31,개,포메라니안,암컷,광주광역시 광산구,광주동물보호센터
2025-01-31,개,믹스견,수컷,광주광역시 광산구,광주동물보호센터
2025-01-30,개,믹스견,암컷,충청남도 아산시,아산동물복지지원센터
2025-01-30,개,믹스견,암컷,전라남도 목포시,목포시유기동물보호소
2025-01-30,개,믹스견,암컷,전북특별자치도 군산시,군산유기동물보호센터
2025-01-29,기타,독수리,미상,대구광역시 군위군,군위종합동물병원
2025-01-29,개,믹스견,암컷,충청남도 보령시,보령시유기동물보호소
2025-01-28,개,믹스견,암컷,부산광역시 사하구,(사)하얀비둘기
2025-01-28,개,믹스견,암컷,경상북도 안동시,유기동물보호센터
2025-01-28,개,시바,암컷,전북특별자치도 익산시,익산유기동물보호소
2025-01-28,개,믹스견,암컷,경상남도 거창군,나래동물병원
2025-01-28,고양이,한국 고양이,암컷,경상남도 거창군,나래동물병원
2025-01-28,개,믹스견,수컷,경상남도 거창군,나래동물병원
2025-01-28,개,믹스견,암컷,경상남도 거창군,나래동물병원
2025-01-28,개,믹스견,암컷,경상남도 거창군,나래동물병원
2025-01-28,개,믹스견,암컷,경상남도 창녕군,창녕 유기동물보호소
2025-01-28,개,믹스견,수컷,경상북도 경산시,경산시유기동물보호소
2025-01-28,개,믹스견,수컷,경상북도 경산시,경산시유기동물보호소
2025-01-28,개,믹스견,수컷,전북특별자치도 남원시,하나동물병원
2025-01-27,개,믹스견,암컷,경상남도 고성군,고성군유기동물보호소
2025-01-27,개,믹스견,수컷,경상남도 고성군,고성군유기동물보호소
2025-01-27,개,믹스견,암컷,경상남도 고성군,고성군유기동물보호소
2025-01-27,개,믹스견,수컷,경상북도 영천시,영천유기동물보호센터
2025-01-27,개,믹스견,암컷,경상북도 영천시,영천유기동물보호센터
2025-01-27,개,진도견,암컷,경상북도 안동시,유기동물보호센터
2025-01-27,개,진도견,암컷,경상북도 안동시,유기동물보호센터
2025-01-27,개,믹스견,암컷,충청남도 공주시,공주시 동물보호센터
2025-01-27,개,진도견,수컷,인천광역시 남동구,인천광역시수의사회
2025-01-27,고양이,믹스묘,수컷,전북특별자치도 군산시,군산유기동물보호센터
2025-01-27,개,진도믹스견,수컷,경상북도 성주군,성주유기동물보호센터
2025-01-27,개,진도믹스견,암컷,경상북도 성주군,성주유기동물보호센터
2025-01-27,개,노퍽테리어믹스인듯,수컷,경상북도 성주군,성주유기동물보호센터
2025-01-27,개,골든리드리버믹스인듯,암컷,경상북도 성주군,성주유기동물보호센터
2025-01-27,개,믹스견,수컷,경상북도 구미시,구미시 동물보호센터
2025-01-27,개,믹스견,수컷,전북특별자치도 전주시,행복한동물병원
2025-01-27,개,믹스견,수컷,충청북도 청주시,반려동물보호센터
2025-01-27,개,믹스견,수컷,경기도 양평군,양평군유기동물보호소
2025-01-26,개,믹스견,암컷,전라남도 진도군,진도군임시보호소
2025-01-26,개,믹스견,수컷,충청남도 금산군,제일동물병원
2025-01-26,개,믹스견,수컷,충청남도 금산군,제일동물병원
2025-01-26,개,믹스견,암컷,충청남도 금산군,제일동물병원
2025-01-26,개,믹스견,암컷,충청남도 금산군,제일동물병원
2025-01-26,개,믹스견,암컷,충청남도 아산시,아산동물복지지원센터
2025-01-26,개,진도견,수컷,경상북도 안동시,유기동물보호센터
2025-01-26,개,진도견,암컷,경상북도 안동시,유기동물보호센터
2025-01-26,개,믹스견,암컷,전북특별자치도 익산시,익산유기동물보호소
2025-01-26,고양이,한국 고양이,암컷,부산광역시 북구,부산동물보호센터
2025-01-26,개,믹스견,암컷,강원특별자치도 원주시,원주시동물보호센터
2025-01-26,개,믹스견,암컷,전북특별자치도 군산시,군산유기동물보호센터
2025-01-26,개,믹스견,수컷,경상북도 포항시,(사)영일동물플러스
2025-01-26,개,믹스견,암컷,경상북도 포항시,(사)영일동물플러스
2025-01-26,개,믹스견,수컷,경기도 시흥시,시흥동물누리보호센터
2025-01-25,개,믹스견,암컷,경상북도 영천시,영천유기동물보호센터
2025-01-25,개,믹스견,수컷,전라남도 담양군,담양군 동물보호센터
2025-01-25,개,진도견,수컷,인천광역시 연수구,인천광역시수의사회
2025-01-25,고양이,한국 고양이,미상,울산광역시 울주군,울산유기동물보호센터
2025-01-25,개,믹스견,암컷,전라남도 완도군,유기동물임시보호센터
2025-01-25,개,믹스견,수컷,경상남도 창원시,창원유기동물보호소
2025-01-25,개,믹스견,암컷,경상북도 포항시,(사)영일동물플러스
2025-01-25,개,믹스견,수컷,충청북도 청주시,반려동물보호센터
2025-01-25,개,믹스견,수컷,서울특별시 동대문구,동대문구청
2025-01-24,개,믹스견,수컷,전북특별자치도 임실군,임실유기동물보호센터
2025-01-24,개,믹스견,수컷,인천광역시 옹진군,인천수의사회유기동물
2025-01-24,개,믹스견,암컷,인천광역시 연수구,인천광역시수의사회
2025-01-24,개,비숑 프리제,암컷,인천광역시 연수구,인천광역시수의사회
2025-01-24,개,믹스견,암컷,전북특별자치도 익산시,익산유기동물보호소
2025-01-24,개,믹스견,수컷,전북특별자치도 익산시,익산유기동물보호소
2025-01-24,개,믹스견,암컷,충청남도 홍성군,금일동물보호센터
2025-01-24,개,믹스견,암컷,충청남도 홍성군,금일동물보호센터
2025-01-24,개,믹스견,수컷,충청남도 홍성군,금일동물보호센터
2025-01-24,개,믹스견,수컷,충청남도 홍성군,금일동물보호센터
2025-01-24,개,도사,암컷,강원특별자치도 원주시,원주시동물보호센터
2025-01-24,개,믹스견,수컷,전라남도 순천시,순천시유기동물보호소
2025-01-24,고양이,한국 고양이,수컷,전라남도 순천시,대한동물사랑협회
2025-01-24,고양이,한국 고양이,수컷,전라남도 순천시,대한동물사랑협회
2025-01-24,개,푸들,수컷,강원특별자치도 원주시,원주시동물보호센터
2025-01-24,고양이,한국 고양이,미상,경기도 고양시,고양시동물보호센터
2025-01-24,개,믹스견,수컷,경상남도 창원시,창원유기동물보호소
2025-01-24,개,믹스견,암컷,경상남도 창원시,창원유기동물보호소
2025-01-24,개,진도견,암컷,경상북도 성주군,성주유기동물보호센터
2025-01-24,개,믹스견,암컷,경상북도 성주군,성주유기동물보호센터
2025-01-24,개,믹스견,암컷,경상북도 성주군,성주유기동물보호센터
2025-01-24,개,시츄믹스,암컷,경상북도 성주군,성주유기동물보호센터
2025-01-24,개,믹스견,수컷,경상북도 성주군,성주유기동물보호센터
2025-01-24,개,믹스견,암컷,경상북도 성주군,성주유기동물보호센터
2025-01-24,개,노르웨이언넬크하운드,암컷,경상북도 성주군,성주유기동물보호센터
2025-01-24,개,마리노이즈,수컷,경상북도 성주군,성주유기동물보호센터
2025-01-24,개,믹스견,수컷,경상북도 성주군,성주유기동물보호센터
2025-01-24,개,포메리안믹스인듯,수컷,경상북도 성주군,성주유기동물보호센터
2025-01-24,개,믹스견,암컷,경상북도 성주군,성주유기동물보호센터
2025-01-24,개,믹스견,암컷,경상북도 경산시,경산시유기동물보호소
2025-01-24,개,믹스견,암컷,경상북도 경산시,경산시유기동물보호소
2025-01-24,개,믹스견,암컷,전라남도 곡성군,곡성군동물보호소
2025-01-24,개,믹스견,암컷,전라남도 곡성군,곡성군동물보호소
2025-01-24,개,믹스견,암컷,전라남도 곡성군,곡성군동물보호소
2025-01-24,개,믹스견,암컷,전북특별자치도 부안군,부안군 동물보호센터
2025-01-24,개,믹스견,암컷,전북특별자치도 정읍시,정읍시 동물보호소
2025-01-24,개,믹스견,수컷,전북특별자치도 정읍시,정읍시 동물보호소
2025-01-24,개,믹스견,수컷,전북특별자치도 정읍시,정읍시 동물보호소
2025-01-24,개,시바진도믹스,암컷,전북특별자치도 군산시,군산유기동물보호센터
2025-01-24,개,믹스견,수컷,경기도 용인시,용인시 동물보호센터
2025-01-24,개,믹스견,암컷,경기도 용인시,용인시 동물보호센터
2025-01-24,개,믹스견,암컷,경기도 용인시,용인시 동물보호센터
2025-01-24,개,진도견,수컷,경기도 성남시,펫앤쉘터동물병원
2025-01-23,개,믹스견,암컷,충청남도 금산군,제일동물병원
2025-01-23,개,믹스견,수컷,충청남도 금산군,제일동물병원
2025-01-23,개,말티즈,수컷,부산광역시 북구,부산동물보호센터
2025-01-23,개,믹스견,수컷,전라남도 완도군,유기동물임시보호센터
2025-01-23,개,믹스견,암컷,전라남도 해남군,해남유기동물보호센터
2025-01-23,고양이,한국 고양이,암컷,전라남도 나주시,나주유기동물보호센터
2025-01-23,개,믹스견,수컷,충청남도 논산시,논산시 동물보호센터
2025-01-23,개,믹스견,암컷,충청남도 논산시,논산시 동물보호센터
2025-01-23,개,믹스견,수컷,충청남도 공주시,공주시 동물보호센터
2025-01-23,개,믹스견,수컷,강원특별자치도 원주시,원주시동물보호센터
2025-01-23,개,믹스견,암컷,강원특별자치도 원주시,원주시동물보호센터
2025-01-23,개,믹스견,암컷,경기도 군포시,한국야생동물보호협회
2025-01-23,개,믹스견,암컷,경기도 고양시,고양시동물보호센터
2025-01-23,개,믹스견,수컷,울산광역시 울주군,울산유기동물보호센터
2025-01-23,개,믹스견,수컷,울산광역시 울주군,울산유기동물보호센터
2025-01-23,개,믹스견,미상,울산광역시 울주군,울산유기동물보호센터
2025-01-23,개,믹스견,암컷,울산광역시 울주군,울산유기동물보호센터
2025-01-23,개,믹스견,암컷,경상남도 창녕군,창녕 유기동물보호소
2025-01-23,개,믹스견,암컷,경상남도 양산시,양산시 동물보호센터
2025-01-23,개,믹스견,암컷,전라남도 장성군,장성군동물보호센터
2025-01-23,개,믹스견,암컷,전라남도 여수시,유기동물보호소
2025-01-23,개,믹스견,암컷,전라남도 여수시,유기동물보호소
2025-01-23,개,믹스견,암컷,전북특별자치도 부안군,부안군 동물보호센터
2025-01-23,개,믹스견,암컷,충청남도 당진시,당진시동물보호소
2025-01-23,개,믹스견,수컷,충청남도 당진시,당진시동물보호소
2025-01-23,개,믹스견,암컷,충청남도 부여군,남부여동물보호소
2025-01-23,개,믹스견,암컷,충청남도 천안시,천안시 동물보호센터
2025-01-23,개,믹스견,수컷,충청북도 보은군,보은군동물보호센터
2025-01-23,고양이,한국 고양이,수컷,경기도 양평군,양평군유기동물보호소
2025-01-23,고양이,한국 고양이,수컷,경기도 양평군,양평군유기동물보호소
2025-01-23,고양이,한국 고양이,수컷,경기도 양평군,양평군유기동물보호소
2025-01-23,개,믹스견,수컷,경기도 시흥시,시흥동물누리보호센터
2025-01-23,개,믹스견,암컷,대전광역시 대덕구,대전동물보호센터
2025-01-23,개,믹스견,암컷,대전광역시 대덕구,대전동물보호센터
2025-01-22,개,믹스견,수컷,강원특별자치도 횡성군,횡성유기동물보호센터
2025-01-22,개,믹스견,수컷,전라남도 완도군,유기동물임시보호센터
2025-01-22,개,믹스견,암컷,강원특별자치도 원주시,원주시동물보호센터
2025-01-22,개,믹스견,암컷,충청남도 아산시,아산동물복지지원센터
2025-01-22,개,믹스견,수컷,충청남도 아산시,아산동물복지지원센터
2025-01-22,개,믹스견,수컷,충청남도 공주시,공주시 동물보호센터
2025-01-22,개,믹스견,암컷,경기도 용인시,용인시 동물보호센터
2025-01-22,고양이,믹스묘,암컷,부산광역시 해운대구,동부유기동물보호협회
2025-01-22,개,믹스견,수컷,세종특별자치시 세종특별자치시,세종유기동물보호센터
2025-01-22,개,레브라도리트리버믹스인듯,수컷,경상북도 성주군,성주유기동물보호센터
2025-01-22,개,믹스견,암컷,경상북도 성주군,성주유기동물보호센터
2025-01-22,개,믹스견,암컷,경상북도 성주군,성주유기동물보호센터
2025-01-22,개,믹스견,수컷,경상북도 영덕군,영덕유기동물보호센터
2025-01-22,개,믹스견,수컷,경상북도 영덕군,영덕유기동물보호센터
2025-01-22,개,믹스견,암컷,경상북도 김천시,김천시 동물보호센터
2025-01-22,개,믹스견,수컷,전라남도 함평군,학교임시동물보호센터
2025-01-22,개,믹스견,수컷,전라남도 곡성군,곡성군동물보호소
2025-01-22,개,믹스견,암컷,전라남도 곡성군,곡성군동물보호소
2025-01-22,개,믹스견,수컷,전라남도 순천시,순천시유기동물보호소
2025-01-22,개,믹스견,수컷,전라남도 순천시,순천시유기동물보호소
2025-01-22,고양이,한국 고양이,암컷,전라남도 순천시,대한동물사랑협회
2025-01-22,개,진도견,수컷,전북특별자치도 장수군,장수군 보호소
2025-01-22,개,믹스견,암컷,전북특별자치도 김제시,전북말산업복합센터
2025-01-22,개,포메라니안,수컷,충청남도 서천군,서천군유기동물보호소
2025-01-22,개,믹스견,수컷,충청남도 서산시,서산시 동물보호센터
2025-01-22,개,믹스견,암컷,강원특별자치도 강릉시,강릉시 동물사랑센터
2025-01-22,개,믹스견,암컷,경기도 고양시,고양시동물보호센터
2025-01-22,개,믹스견,암컷,경기도 고양시,고양시동물보호센터
2025-01-22,개,믹스견,수컷,경기도 고양시,고양시동물보호센터
2025-01-22,개,푸들,수컷,경기도 안산시,한국야생동물보호협회
2025-01-21,개,믹스견,암컷,강원특별자치도 횡성군,횡성유기동물보호센터
2025-01-21,개,믹스견,수컷,충청남도 아산시,아산동물복지지원센터
2025-01-21,개,믹스견,수컷,부산광역시 사하구,(사)하얀비둘기
2025-01-21,개,믹스견,수컷,부산광역시 사하구,(사)하얀비둘기
2025-01-21,개,믹스견,암컷,부산광역시 사하구,(사)하얀비둘기
2025-01-21,개,믹스견,암컷,충청남도 금산군,제일동물병원
2025-01-21,개,믹스견,암컷,충청남도 논산시,논산시 동물보호센터
2025-01-21,개,믹스견,수컷,충청남도 아산시,아산동물복지지원센터
2025-01-21,개,믹스견,수컷,충청남도 아산시,아산동물복지지원센터
2025-01-21,개,믹스견,수컷,충청남도 아산시,아산동물복지지원센터
2025-01-21,개,믹스견,수컷,충청남도 아산시,아산동물복지지원센터
2025-01-21,개,믹스견,수컷,충청남도 아산시,아산동물복지지원센터
2025-01-21,개,믹스견,암컷,울산광역시 울주군,울산유기동물보호센터
2025-01-21,고양이,믹스묘,암컷,부산광역시 해운대구,동부유기동물보호협회
2025-01-21,고양이,믹스묘,수컷,부산광역시 해운대구,동부유기동물보호협회
2025-01-21,개,진도견,수컷,경상북도 의성군,의성동물보호센터
2025-01-21,개,믹스견,수컷,경상북도 문경시,종합축산
2025-01-21,개,믹스견,암컷,전라남도 화순군,화순군유기동물보호소
2025-01-21,개,믹스견,암컷,전라남도 화순군,화순군유기동물보호소
2025-01-21,개,믹스견,암컷,전라남도 화순군,화순군유기동물보호소
2025-01-21,개,믹스견,수컷,전라남도 화순군,화순군유기동물보호소
2025-01-21,개,믹스견,수컷,전라남도 화순군,화순군유기동물보호소
2025-01-21,개,믹스견,수컷,전라남도 화순군,화순군유기동물보호소
2025-01-21,개,믹스견,수컷,전라남도 화순군,화순군유기동물보호소
2025-01-21,개,믹스견,암컷,전라남도 화순군,화순군유기동물보호소
2025-01-21,개,믹스견,수컷,전라남도 화순군,화순군유기동물보호소
2025-01-21,개,믹스견,수컷,전라남도 화순군,화순군유기동물보호소
2025-01-21,개,믹스견,수컷,전라남도 화순군,화순군유기동물보호소
2025-01-21,개,믹스견,수컷,전라남도 화순군,화순군유기동물보호소
2025-01-21,개,믹스견,암컷,전라남도 화순군,화순군유기동물보호소
2025-01-21,개,믹스견,수컷,전라남도 화순군,화순군유기동물보호소
2025-01-21,개,믹스견,수컷,전라남도 화순군,화순군유기동물보호소
2025-01-21,개,믹스견,수컷,전라남도 화순군,화순군유기동물보호소
2025-01-21,개,믹스견,수컷,전라남도 화순군,화순군유기동물보호소
2025-01-21,고양이,믹스묘,암컷,전라남도 화순군,화순군유기동물보호소
2025-01-21,개,믹스견,암컷,전라남도 순천시,순천시유기동물보호소
2025-01-21,개,믹스견,암컷,전라남도 순천시,순천시유기동물보호소
2025-01-21,개,믹스견,수컷,전라남도 순천시,순천시유기동물보호소
2025-01-21,개,믹스견,수컷,전라남도 순천시,순천시유기동물보호소
2025-01-21,개,믹스견,암컷,전북특별자치도 정읍시,정읍시 동물보호소
2025-01-21,개,믹스견,암컷,전북특별자치도 정읍시,정읍시 동물보호소
2025-01-21,개,푸들,암컷,충청남도 홍성군,금일동물보호센터
2025-01-21,개,믹스견,암컷,충청남도 부여군,남부여동물보호소
2025-01-21,개,믹스견,암컷,충청남도 부여군,남부여동물보호소
2025-01-21,개,믹스견,암컷,충청남도 부여군,남부여동물보호소
2025-01-21,개,믹스견,암컷,충청남도 부여군,남부여동물보호소
2025-01-21,개,믹스견,암컷,충청북도 청주시,반려동물보호센터
2025-01-21,고양이,한국 고양이,암컷,충청북도 보은군,보은군동물보호센터
2025-01-21,고양이,한국 고양이,수컷,광주광역시 광산구,광주동물보호센터
2025-01-21,고양이,한국 고양이,암컷,인천광역시 강화군,디디동물병원
2025-01-21,개,믹스견,수컷,대구광역시 군위군,군위종합동물병원
2025-01-20,개,믹스견,암컷,부산광역시 강서구,(사)하얀비둘기
2025-01-20,개,믹스견,암컷,경상남도 함양군,함양군위탁보호소
2025-01-20,개,믹스견,수컷,경상남도 함양군,함양군위탁보호소
2025-01-20,개,말티즈,암컷,울산광역시 울주군,울산유기동물보호센터
2025-01-20,개,비글,수컷,부산광역시 중구,부산동물보호센터
2025-01-20,개,믹스견,암컷,경상북도 울진군,울진군동물보호센터
2025-01-20,개,믹스견,암컷,전북특별자치도 익산시,익산유기동물보호소
2025-01-20,개,믹스견,암컷,전북특별자치도 익산시,익산유기동물보호소
2025-01-20,개,믹스견,수컷,전북특별자치도 익산시,익산유기동물보호소
2025-01-20,개,믹스견,수컷,전북특별자치도 군산시,군산유기동물보호센터
2025-01-20,개,믹스견,수컷,전북특별자치도 군산시,군산유기동물보호센터
2025-01-20,개,믹스견,수컷,충청남도 홍성군,금일동물보호센터
2025-01-20,개,믹스견,암컷,충청남도 홍성군,금일동물보호센터
2025-01-20,개,믹스견,암컷,충청남도 논산시,논산시 동물보호센터
2025-01-20,개,믹스견,암컷,충청남도 논산시,논산시 동물보호센터
2025-01-20,개,믹스견,수컷,충청남도 아산시,아산동물복지지원센터
2025-01-20,개,믹스견,수컷,충청남도 아산시,아산동물복지지원센터
2025-01-20,개,믹스견,암컷,충청남도 공주시,공주시 동물보호센터
2025-01-20,개,믹스견,수컷,강원특별자치도 원주시,원주시동물보호센터
2025-01-20,개,믹스견,수컷,강원특별자치도 원주시,원주시동물보호센터
2025-01-20,개,믹스견,암컷,경기도 고양시,고양시동물보호센터
2025-01-20,개,믹스견,암컷,울산광역시 울주군,울산유기동물보호센터
2025-01-20,개,믹스견,암컷,울산광역시 울주군,울산유기동물보호센터
2025-01-20,개,푸들,수컷,경상남도 통영시,통영시동물보호센터
2025-01-20,개,믹스견,암컷,경상북도 성주군,성주유기동물보호센터
2025-01-20,개,진도견,수컷,경상북도 포항시,(사)영일동물플러스
2025-01-20,개,믹스견,암컷,전라남도 담양군,담양군 동물보호센터
2025-01-20,개,믹스견,수컷,전북특별자치도 부안군,부안군 동물보호센터
2025-01-20,개,믹스견,수컷,충청남도 예산군,예산임시동물보호센터
2025-01-20,개,믹스견,수컷,충청북도 청주시,반려동물보호센터
2025-01-20,개,믹스견,수컷,강원특별자치도 강릉시,강릉시 동물사랑센터
2025-01-20,개,믹스견,암컷,경기도 이천시,위더스 동물보호센터
2025-01-20,개,믹스견,수컷,경기도 용인시,용인시 동물보호센터
2025-01-20,개,믹스견,수컷,경기도 시흥시,시흥동물누리보호센터
2025-01-20,개,믹스견,수컷,경기도 광명시,한국야생동물보호협회
2025-01-20,개,믹스견,암컷,울산광역시 울주군,울산유기동물보호센터
2025-01-20,고양이,한국 고양이,암컷,광주광역시 남구,광주동물보호센터
2025-01-19,개,믹스견,암컷,서울특별시 강남구,한국동물구조관리협회
2025-01-19,개,믹스견,암컷,서울특별시 강남구,한국동물구조관리협회
2025-01-19,개,비숑 프리제,암컷,경상북도 안동시,유기동물보호센터
2025-01-19,개,믹스견,수컷,충청북도 괴산군,괴산증평동물보호센터
2025-01-19,개,비숑 프리제,수컷,대전광역시 중구,대전동물보호센터
2025-01-19,개,진도견,암컷,전북특별자치도 익산시,익산유기동물보호소
2025-01-19,개,진도견,수컷,전북특별자치도 익산시,익산유기동물보호소
2025-01-19,개,믹스견,수컷,전북특별자치도 익산시,익산유기동물보호소
2025-01-19,개,믹스견,암컷,전북특별자치도 익산시,익산유기동물보호소
2025-01-19,개,믹스견,수컷,강원특별자치도 영월군,영월군 동물보호센터
2025-01-19,개,믹스견,암컷,울산광역시 남구,울산유기동물보호센터
2025-01-19,개,치와와,암컷,경상남도 창녕군,창녕 유기동물보호소
2025-01-19,개,믹스견,수컷,경상북도 성주군,성주유기동물보호센터
2025-01-19,개,믹스견,수컷,경상북도 성주군,성주유기동물보호센터
2025-01-19,개,푸들,수컷,강원특별자치도 원주시,원주시동물보호센터
2025-01-18,개,믹스견,수컷,대전광역시 동구,대전동물보호센터
2025-01-18,개,믹스견,수컷,대전광역시 동구,대전동물보호센터
2025-01-18,개,오스트레일리안 켈피,수컷,인천광역시 부평구,조재진동물병원
2025-01-18,개,믹스견,미상,경기도 고양시,고양시동물보호센터
2025-01-18,개,믹스견,암컷,경상남도 창녕군,창녕 유기동물보호소
2025-01-18,개,믹스견,수컷,경상북도 성주군,성주유기동물보호센터
2025-01-18,개,믹스견,수컷,경상북도 성주군,성주유기동물보호센터
2025-01-18,개,믹스견,암컷,경상북도 성주군,성주유기동물보호센터
2025-01-18,개,라브라도 리트리버,암컷,경상북도 성주군,성주유기동물보호센터
2025-01-18,고양이,믹스묘,암컷,대구광역시 군위군,군위종합동물병원
2025-01-18,개,믹스견,수컷,대구광역시 군위군,군위종합동물병원
2025-01-18,개,믹스견,수컷,대구광역시 군위군,군위종합동물병원
2025-01-18,개,믹스견,수컷,대구광역시 군위군,군위종합동물병원
2025-01-18,개,믹스견,암컷,대구광역시 군위군,군위종합동물병원
2025-01-17,개,믹스견,수컷,강원특별자치도 횡성군,횡성유기동물보호센터
2025-01-17,개,믹스견,미상,부산광역시 사하구,(사)하얀비둘기
2025-01-17,개,믹스견,암컷,경상북도 울진군,울진군동물보호센터
2025-01-17,개,믹스견,암컷,전북특별자치도 익산시,익산유기동물보호소
2025-01-17,개,믹스견,암컷,충청남도 부여군,남부여동물보호소
2025-01-17,고양이,한국 고양이,암컷,대전광역시 서구,대전동물보호센터
2025-01-17,개,믹스견,수컷,강원특별자치도 원주시,원주시동물보호센터
2025-01-17,개,믹스견,암컷,강원특별자치도 원주시,원주시동물보호센터
2025-01-17,개,믹스견,수컷,전라남도 신안군,신안군유기동물보호소
2025-01-17,개,믹스견,암컷,전라남도 순천시,순천시유기동물보호소
2025-01-17,개,믹스견,암컷,전북특별자치도 군산시,군산유기동물보호센터
2025-01-17,개,믹스견,암컷,충청남도 서산시,서산시 동물보호센터
2025-01-17,개,믹스견,수컷,충청남도 서산시,서산시 동물보호센터
2025-01-17,개,믹스견,수컷,충청북도 청주시,반려동물보호센터
2025-01-17,개,믹스견,암컷,강원특별자치도 홍천군,홍천군유기동물보호소
2025-01-17,개,믹스견,암컷,강원특별자치도 원주시,원주시동물보호센터
2025-01-17,개,믹스견,암컷,강원특별자치도 원주시,원주시동물보호센터
2025-01-17,개,믹스견,암컷,경기도 고양시,고양시동물보호센터
2025-01-16,개,믹스견,수컷,강원특별자치도 속초시,속초시유기동물보호소
2025-01-16,고양이,한국 고양이,미상,인천광역시 연수구,인천광역시수의사회
2025-01-16,개,믹스견,암컷,경상남도 창원시,창원유기동물보호소
2025-01-16,개,믹스견,암컷,경상북도 영천시,영천유기동물보호센터
2025-01-16,개,믹스견,암컷,충청남도 아산시,아산동물복지지원센터
2025-01-16,개,믹스견,암컷,충청남도 공주시,공주시 동물보호센터
2025-01-16,개,믹스견,수컷,인천광역시 서구,가정동물병원
2025-01-16,개,믹스견,수컷,부산광역시 동래구,(사)동부동물보호협회
2025-01-16,개,믹스견,수컷,경상남도 창원시,창원유기동물보호소
2025-01-16,개,믹스견,수컷,경상남도 함안군,함안군유기동물보호소
2025-01-16,개,믹스견,암컷,경상남도 함안군,함안군유기동물보호소
2025-01-16,개,믹스견,암컷,경상남도 양산시,양산시 동물보호센터
2025-01-16,개,믹스견,암컷,경상남도 진주시,진주시동물보호센터
2025-01-16,개,믹스견,암컷,경상북도 경산시,경산시유기동물보호소
2025-01-16,개,믹스견,암컷,경상북도 경산시,경산시유기동물보호소
2025-01-16,개,믹스견,암컷,경상북도 경산시,경산시유기동물보호소
2025-01-16,개,라브라도 리트리버,수컷,경상북도 김천시,김천시 동물보호센터
2025-01-16,개,보더 콜리,수컷,전라남도 장성군,장성군동물보호센터
2025-01-16,개,믹스견,수컷,전라남도 순천시,순천시유기동물보호소
2025-01-16,개,믹스견,암컷,전라남도 순천시,순천시유기동물보호소
2025-01-16,개,믹스견,수컷,전북특별자치도 부안군,부안군 동물보호센터
2025-01-16,개,미니어쳐 핀셔,수컷,전북특별자치도 장수군,장수군 보호소
2025-01-16,개,믹스견,암컷,충청남도 홍성군,금일동물보호센터
2025-01-16,개,믹스견,수컷,충청남도 논산시,논산시 동물보호센터
2025-01-16,개,믹스견,암컷,충청남도 논산시,논산시 동물보호센터
2025-01-16,개,믹스견,암컷,충청남도 서산시,서산시 동물보호센터
2025-01-16,개,믹스견,암컷,충청남도 서산시,서산시 동물보호센터
2025-01-16,개,믹스견,수컷,충청남도 서산시,서산시 동물보호센터
2025-01-15,개,믹스견,암컷,서울특별시 강남구,한국동물구조관리협회
2025-01-15,개,진도견,수컷,대전광역시 동구,대전동물보호센터
2025-01-15,개,믹스견,암컷,경상남도 거창군,나래동물병원
2025-01-15,개,믹스견,암컷,경상남도 거창군,나래동물병원
2025-01-15,개,믹스견,수컷,경상남도 남해군,남해군동물보호센터
2025-01-15,개,믹스견,수컷,경상남도 의령군,의령군 동물보호센터
2025-01-15,개,믹스견,수컷,경상남도 의령군,의령군 동물보호센터
2025-01-15,개,믹스견,암컷,경상남도 진주시,진주시동물보호센터
2025-01-15,개,믹스견,암컷,전라남도 무안군,무안군유기동물보호소
2025-01-15,개,믹스견,수컷,충청남도 아산시,아산동물복지지원센터
2025-01-15,개,믹스견,수컷,충청남도 아산시,아산동물복지지원센터
2025-01-15,개,믹스견,수컷,충청남도 아산시,아산동물복지지원센터
2025-01-15,개,믹스견,수컷,충청남도 아산시,아산동물복지지원센터
2025-01-15,개,믹스견,암컷,충청남도 아산시,아산동물복지지원센터
2025-01-15,고양이,한국 고양이,암컷,충청북도 청주시,반려동물보호센터
2025-01-15,개,믹스견,암컷,강원특별자치도 철원군,철원군
2025-01-15,개,믹스견,수컷,강원특별자치도 강릉시,강릉시 동물사랑센터
2025-01-15,개,믹스견,암컷,경기도 용인시,용인시 동물보호센터
2025-01-14,개,믹스견,수컷,강원특별자치도 양양군,양양군유기동물보호소
2025-01-14,개,믹스견,암컷,강원특별자치도 양양군,양양군유기동물보호소
2025-01-14,개,믹스견,수컷,강원특별자치도 양양군,양양군유기동물보호소
2025-01-14,개,믹스견,암컷,전북특별자치도 군산시,군산유기동물보호센터
2025-01-14,개,믹스견,수컷,강원특별자치도 삼척시,삼척시동물보호센터
2025-01-14,개,믹스견,암컷,경상남도 통영시,통영시동물보호센터
2025-01-14,개,믹스견,수컷,경상북도 울진군,울진군동물보호센터
2025-01-14,개,믹스견,수컷,전라남도 진도군,진도군임시보호소
2025-01-14,개,믹스견,암컷,전라남도 진도군,진도군임시보호소
2025-01-14,개,푸들,암컷,전라남도 화순군,화순군유기동물보호소
2025-01-14,개,믹스견,수컷,전북특별자치도 부안군,부안군 동물보호센터
2025-01-14,개,믹스견,수컷,충청남도 논산시,논산시 동물보호센터
2025-01-14,개,믹스견,수컷,충청남도 논산시,논산시 동물보호센터
2025-01-14,개,믹스견,암컷,충청북도 제천시,제천시 동물보호센터
2025-01-14,개,믹스견,수컷,대전광역시 동구,대전동물보호센터
2025-01-14,개,믹스견,수컷,인천광역시 미추홀구,인천광역시수의사회
2025-01-14,개,믹스견,수컷,경상남도 창원시,창원유기동물보호소
2025-01-14,개,믹스견,수컷,경상남도 거제시,거제시유기동물보호소
2025-01-14,개,믹스견,수컷,경상남도 진주시,진주시동물보호센터
2025-01-14,개,믹스견,수컷,경상남도 진주시,진주시동물보호센터
2025-01-14,개,라브라도 리트리버,수컷,경상북도 김천시,김천시 동물보호센터
2025-01-14,개,믹스견,암컷,전라남도 함평군,학교임시동물보호센터
2025-01-14,개,믹스견,수컷,전라남도 순천시,순천시유기동물보호소
2025-01-14,개,믹스견,암컷,전북특별자치도 김제시,전북말산업복합센터
2025-01-14,개,믹스견,수컷,충청남도 당진시,당진시동물보호소
2025-01-14,개,믹스견,암컷,충청북도 청주시,반려동물보호센터
2025-01-14,개,진도견,암컷,충청북도 청주시,반려동물보호센터
2025-01-14,개,믹스견,수컷,충청북도 청주시,반려동물보호센터
2025-01-14,개,믹스견,암컷,강원특별자치도 인제군,인제군동물보호센터
2025-01-14,개,브리타니 스파니엘,암컷,강원특별자치도 춘천시,춘천시 동물보호센터
2025-01-14,개,믹스견,수컷,경기도 양평군,양평군유기동물보호소
2025-01-14,개,믹스견,수컷,경기도 수원시,수원시 동물보호센터
2025-01-14,개,믹스견,수컷,대구광역시 군위군,군위종합동물병원
2025-01-14,개,믹스견,수컷,부산광역시 사상구,(사)하얀비둘기
2025-01-14,개,믹스견,암컷,부산광역시 사상구,(사)하얀비둘기
2025-01-13,개,믹스견,암컷,전북특별자치도 군산시,군산유기동물보호센터
2025-01-13,개,믹스견,암컷,울산광역시 울주군,울산유기동물보호센터
2025-01-13,개,포메라니안,암컷,전북특별자치도 전주시,사랑플러스동물병원
2025-01-13,개,믹스견,암컷,전라남도 장성군,장성군동물보호센터
2025-01-13,개,믹스견,수컷,충청남도 아산시,아산동물복지지원센터
2025-01-13,개,믹스견,암컷,충청남도 아산시,아산동물복지지원센터
2025-01-13,개,믹스견,수컷,충청남도 아산시,아산동물복지지원센터
2025-01-13,개,믹스견,암컷,충청남도 아산시,아산동물복지지원센터
2025-01-13,개,믹스견,수컷,인천광역시 강화군,디디동물병원
2025-01-13,개,믹스견,암컷,제주특별자치도 제주특별자치도,제주 동물보호센터
2025-01-13,개,믹스견,암컷,전북특별자치도 군산시,군산유기동물보호센터
2025-01-13,개,믹스견,암컷,충청남도 논산시,논산시 동물보호센터
2025-01-13,개,믹스견,암컷,충청남도 논산시,논산시 동물보호센터
2025-01-13,개,믹스견,암컷,충청남도 논산시,논산시 동물보호센터
2025-01-13,개,믹스견,암컷,충청남도 아산시,아산동물복지지원센터
2025-01-13,개,믹스견,암컷,충청남도 아산시,아산동물복지지원센터
2025-01-13,개,믹스견,수컷,충청남도 아산시,아산동물복지지원센터
2025-01-13,개,믹스견,수컷,충청남도 아산시,아산동물복지지원센터
2025-01-13,고양이,한국 고양이,수컷,충청남도 보령시,보령길고양이보호협회
2025-01-13,개,믹스견,수컷,충청남도 공주시,공주시 동물보호센터
2025-01-13,개,말티푸,수컷,부산광역시 수영구,(사)동부동물보호협회
2025-01-13,개,믹스견,암컷,부산광역시 강서구,(사)하얀비둘기
2025-01-13,개,믹스견,수컷,경상남도 통영시,통영시동물보호센터
2025-01-13,개,믹스견,수컷,경상남도 진주시,진주시동물보호센터
2025-01-13,개,믹스견,수컷,경상남도 진주시,진주시동물보호센터
2025-01-13,개,믹스견,암컷,경상남도 진주시,진주시동물보호센터
2025-01-13,개,믹스견,암컷,경상남도 진주시,진주시동물보호센터
2025-01-13,개,믹스견,수컷,경상남도 진주시,진주시동물보호센터
2025-01-13,개,믹스견,암컷,경상북도 성주군,성주유기동물보호센터
2025-01-13,개,믹스견,암컷,경상북도 성주군,성주유기동물보호센터
2025-01-13,개,믹스견,암컷,경상북도 성주군,성주유기동물보호센터
2025-01-13,개,프렌치 불독,수컷,경상북도 성주군,성주유기동물보호센터
2025-01-13,개,믹스견,암컷,경상북도 성주군,성주유기동물보호센터
2025-01-13,개,믹스견,수컷,경상북도 김천시,김천시 동물보호센터
2025-01-13,개,믹스견,암컷,전라남도 무안군,무안군유기동물보호소
2025-01-13,개,믹스견,암컷,전북특별자치도 부안군,부안군 동물보호센터
2025-01-13,개,믹스견,수컷,전북특별자치도 부안군,부안군 동물보호센터
2025-01-13,개,믹스견,수컷,전북특별자치도 장수군,장수군 보호소
2025-01-13,개,믹스견,암컷,전북특별자치도 장수군,장수군 보호소
2025-01-13,개,믹스견,수컷,전북특별자치도 장수군,장수군 보호소
2025-01-13,개,믹스견,수컷,전북특별자치도 장수군,장수군 보호소
2025-01-13,개,믹스견,암컷,전북특별자치도 장수군,장수군 보호소
2025-01-13,개,믹스견,수컷,전북특별자치도 장수군,장수군 보호소
2025-01-13,개,믹스견,암컷,충청남도 당진시,당진시동물보호소
2025-01-13,개,믹스견,수컷,충청남도 천안시,천안시 동물보호센터
2025-01-13,개,믹스견,암컷,충청남도 천안시,천안시 동물보호센터
2025-01-13,개,믹스견,수컷,충청북도 청주시,반려동물보호센터
2025-01-13,개,믹스견,수컷,충청북도 청주시,반려동물보호센터
2025-01-13,개,믹스견,암컷,충청북도 충주시,충주시동물보호센터
2025-01-13,개,시바,암컷,강원특별자치도 강릉시,강릉시 동물사랑센터
2025-01-13,개,믹스견,수컷,강원특별자치도 강릉시,강릉시 동물사랑센터
2025-01-13,개,믹스견,암컷,강원특별자치도 춘천시,춘천시 동물보호센터
2025-01-13,개,믹스견,암컷,경기도 용인시,용인시 동물보호센터
2025-01-13,개,믹스견,수컷,경기도 군포시,한국야생동물보호협회
2025-01-13,개,믹스견,암컷,경기도 수원시,수원시 동물보호센터
2025-01-13,개,믹스견,수컷,광주광역시 광산구,광주동물보호센터
2025-01-13,개,믹스견,수컷,광주광역시 북구,광주동물보호센터
2025-01-13,개,믹스견,수컷,광주광역시 북구,광주동물보호센터
2025-01-13,개,믹스견,암컷,광주광역시 북구,광주동물보호센터
2025-01-13,개,믹스견,수컷,대구광역시 군위군,군위종합동물병원
2025-01-12,개,믹스견,수컷,강원특별자치도 삼척시,삼척시동물보호센터
2025-01-12,개,오스트레일리안 켈피,수컷,인천광역시 부평구,짱구네동물병원
2025-01-12,개,믹스견,암컷,전라남도 신안군,신안군유기동물보호소
2025-01-12,개,믹스견,암컷,전라남도 신안군,신안군유기동물보호소
2025-01-12,개,믹스견,수컷,전북특별자치도 부안군,부안군 동물보호센터
2025-01-12,개,믹스견,암컷,전북특별자치도 부안군,부안군 동물보호센터
2025-01-12,개,믹스견,수컷,충청남도 홍성군,금일동물보호센터
2025-01-12,개,믹스견,수컷,울산광역시 울주군,울산유기동물보호센터
2025-01-12,개,믹스견,암컷,대전광역시 동구,대전동물보호센터
2025-01-12,개,믹스견,암컷,경상북도 포항시,(사)영일동물플러스
2025-01-12,개,믹스견,암컷,경기도 부천시,24시아이동물메디컬
2025-01-11,개,믹스견,수컷,전북특별자치도 임실군,임실유기동물보호센터
2025-01-11,개,믹스견,수컷,경상남도 양산시,양산시 동물보호센터
2025-01-11,개,믹스견,암컷,전북특별자치도 군산시,군산유기동물보호센터
2025-01-11,개,진도견,암컷,충청남도 홍성군,금일동물보호센터
2025-01-11,개,믹스견,암컷,충청남도 공주시,공주시 동물보호센터
2025-01-11,개,믹스견,미상,울산광역시 북구,울산유기동물보호센터
2025-01-11,개,웰시 코기 펨브로크,수컷,인천광역시 서구,가정동물병원
2025-01-11,개,믹스견,수컷,경상북도 상주시,상주시 동물보호센터
2025-01-11,개,아키다,암컷,경기도 여주시,위더스 동물보호센터
2025-01-11,개,믹스견,수컷,광주광역시 북구,광주동물보호센터
2025-01-10,개,믹스견,수컷,경상남도 함양군,함양군위탁보호소
2025-01-10,개,믹스견,암컷,경상남도 함양군,함양군위탁보호소
2025-01-10,개,믹스견,암컷,충청남도 홍성군,금일동물보호센터
2025-01-10,개,믹스견,암컷,울산광역시 울주군,울산유기동물보호센터
2025-01-10,개,믹스견,암컷,울산광역시 울주군,울산유기동물보호센터
2025-01-10,개,믹스견,수컷,경상남도 창원시,창원유기동물보호소
2025-01-10,개,믹스견,암컷,경상남도 창원시,창원유기동물보호소
2025-01-10,개,믹스견,수컷,경상남도 창원시,창원유기동물보호소
2025-01-10,개,믹스견,암컷,경상남도 산청군,산청동물보호센터
2025-01-10,개,믹스견,수컷,경상남도 창녕군,창녕 유기동물보호소
2025-01-10,개,믹스견,암컷,경상남도 거제시,거제시유기동물보호소
2025-01-10,개,믹스견,암컷,경상남도 진주시,진주시동물보호센터
2025-01-10,개,믹스견,수컷,경상남도 진주시,진주시동물보호센터
2025-01-10,개,진도견,암컷,경상북도 성주군,성주유기동물보호센터
2025-01-10,개,진도견,수컷,경상북도 성주군,성주유기동물보호센터
2025-01-10,개,믹스견,수컷,경상북도 성주군,성주유기동물보호센터
2025-01-10,개,믹스견,암컷,경상북도 성주군,성주유기동물보호센터
2025-01-10,개,진도믹스견,수컷,경상북도 성주군,성주유기동물보호센터
2025-01-10,개,믹스견,수컷,경상북도 성주군,성주유기동물보호센터
2025-01-10,개,믹스견,수컷,경상북도 성주군,성주유기동물보호센터
2025-01-10,개,믹스견,수컷,경상북도 성주군,성주유기동물보호센터
2025-01-10,개,믹스견,수컷,경상북도 성주군,성주유기동물보호센터
2025-01-10,개,믹스견,수컷,경상북도 성주군,성주유기동물보호센터
2025-01-10,개,믹스견,암컷,충청남도 아산시,아산동물복지지원센터
2025-01-10,개,믹스견,수컷,충청남도 아산시,아산동물복지지원센터
2025-01-10,개,믹스견,암컷,충청남도 천안시,천안시 동물보호센터
2025-01-10,개,푸들,암컷,강원특별자치도 평창군,평창군유기동물보호소
2025-01-10,개,믹스견,수컷,강원특별자치도 강릉시,강릉시 동물사랑센터
2025-01-10,개,믹스견,수컷,광주광역시 서구,광주동물보호센터
2025-01-10,개,믹스견,수컷,인천광역시 서구,가정동물병원
2025-01-09,개,믹스견,암컷,경상북도 경산시,경산시유기동물보호소
2025-01-09,개,믹스견,수컷,강원특별자치도 횡성군,횡성유기동물보호센터
2025-01-09,개,믹스견,수컷,울산광역시 울주군,울산유기동물보호센터
2025-01-09,개,믹스견,수컷,대구광역시 군위군,군위종합동물병원
2025-01-09,개,믹스견,암컷,전라남도 진도군,진도군임시보호소
2025-01-09,개,믹스견,암컷,전라남도 진도군,진도군임시보호소
2025-01-09,개,믹스견,수컷,전북특별자치도 익산시,익산유기동물보호소
2025-01-09,개,믹스견,수컷,전북특별자치도 익산시,익산유기동물보호소
2025-01-09,개,믹스견,암컷,전북특별자치도 익산시,익산유기동물보호소
2025-01-09,개,믹스견,암컷,충청남도 아산시,아산동물복지지원센터
2025-01-09,개,믹스견,암컷,경상북도 성주군,성주유기동물보호센터
2025-01-09,개,믹스견,암컷,경상북도 성주군,성주유기동물보호센터
2025-01-09,개,블랙탄믹스,암컷,경상북도 성주군,성주유기동물보호센터
2025-01-09,개,믹스견,수컷,경상북도 성주군,성주유기동물보호센터
2025-01-09,개,믹스견,수컷,경상북도 성주군,성주유기동물보호센터
2025-01-09,개,믹스견,수컷,전북특별자치도 남원시,하나동물병원
2025-01-09,개,믹스견,수컷,경기도 광주시,광주TNR동물병원초월
2025-01-09,개,믹스견,암컷,경기도 광주시,광주TNR동물병원초월
2025-01-09,개,믹스견,수컷,경기도 화성시,화성동물보호센터
2025-01-09,개,믹스견,수컷,경기도 용인시,용인시 동물보호센터
2025-01-09,개,말티즈,암컷,서울특별시 관악구,디아크 동물종합병원
2025-01-09,고양이,한국 고양이,수컷,경기도 구리시,구리반려동물문화센터
2025-01-09,개,믹스견,수컷,경상북도 경산시,경산시유기동물보호소
2025-01-08,개,믹스견,수컷,경기도 양주시,한국동물구조관리협회
2025-01-08,개,믹스견,수컷,경상남도 통영시,통영시동물보호센터
2025-01-08,개,믹스견,수컷,경상남도 통영시,통영시동물보호센터
2025-01-08,개,믹스견,수컷,울산광역시 북구,울산유기동물보호센터
2025-01-08,개,믹스견,수컷,울산광역시 북구,울산유기동물보호센터
2025-01-08,개,믹스견,암컷,강원특별자치도 영월군,영월군 동물보호센터
2025-01-08,개,시바,수컷,경상남도 거창군,나래동물병원
2025-01-08,개,믹스견,암컷,경상남도 거창군,나래동물병원
2025-01-08,개,믹스견,암컷,경상남도 거창군,나래동물병원
2025-01-08,개,믹스견,암컷,경상남도 산청군,산청동물보호센터
2025-01-08,개,믹스견,수컷,경상남도 남해군,남해군동물보호센터
2025-01-08,개,믹스견,수컷,경상북도 김천시,김천시 동물보호센터
2025-01-08,개,믹스견,수컷,전라남도 영광군,영광동물보호센터
2025-01-08,개,믹스견,수컷,경기도 광주시,광주TNR동물병원초월
2025-01-08,개,믹스견,암컷,경기도 화성시,화성동물보호센터
2025-01-08,개,믹스견,수컷,경기도 화성시,화성동물보호센터
2025-01-08,개,믹스견,암컷,경기도 화성시,화성동물보호센터
2025-01-08,개,믹스견,암컷,대전광역시 대덕구,대전동물보호센터
2025-01-08,개,믹스견,암컷,대전광역시 대덕구,대전동물보호센터
2025-01-07,개,믹스견,암컷,전북특별자치도 임실군,임실유기동물보호센터
2025-01-07,개,믹스견,수컷,전북특별자치도 임실군,임실유기동물보호센터
2025-01-07,개,믹스견,수컷,전북특별자치도 임실군,임실유기동물보호센터
2025-01-07,개,믹스견,암컷,전북특별자치도 임실군,임실유기동물보호센터
2025-01-07,개,믹스견,수컷,전북특별자치도 임실군,임실유기동물보호센터
2025-01-07,개,믹스견,암컷,전북특별자치도 임실군,임실유기동물보호센터
2025-01-07,개,믹스견,암컷,전북특별자치도 임실군,임실유기동물보호센터
2025-01-07,개,믹스견,암컷,전북특별자치도 익산시,익산유기동물보호소
2025-01-07,개,믹스견,수컷,충청남도 아산시,아산동물복지지원센터
2025-01-07,개,믹스견,암컷,경상남도 통영시,통영시동물보호센터
2025-01-07,개,믹스견,수컷,전라남도 영광군,영광동물보호센터
2025-01-07,개,믹스견,수컷,전라남도 보성군,보성유기동물보호센터
2025-01-07,개,믹스견,암컷,전라남도 여수시,유기동물보호소
2025-01-07,개,믹스견,수컷,충청남도 아산시,아산동물복지지원센터
2025-01-07,개,믹스견,암컷,충청남도 아산시,아산동물복지지원센터
2025-01-07,개,믹스견,암컷,강원특별자치도 속초시,속초시유기동물보호소
2025-01-07,개,믹스견,수컷,경상남도 창원시,창원유기동물보호소
2025-01-07,개,믹스견,암컷,경상남도 통영시,통영시동물보호센터
2025-01-07,개,믹스견,암컷,경상남도 통영시,통영시동물보호센터
2025-01-07,개,믹스견,암컷,경상남도 통영시,통영시동물보호센터
2025-01-07,개,믹스견,암컷,경상북도 김천시,김천시 동물보호센터
2025-01-07,개,믹스견,수컷,전라남도 순천시,순천시유기동물보호소
2025-01-07,고양이,한국 고양이,수컷,경기도 여주시,위더스 동물보호센터
2025-01-07,개,믹스견,암컷,경기도 광주시,광주TNR동물병원초월
2025-01-07,개,믹스견,암컷,경기도 광주시,광주TNR동물병원초월
2025-01-07,개,믹스견,암컷,경기도 광주시,광주TNR동물병원초월
2025-01-07,개,믹스견,수컷,경기도 광주시,광주TNR동물병원초월
2025-01-07,개,믹스견,수컷,경기도 광주시,광주TNR동물병원초월
2025-01-07,개,믹스견,수컷,경기도 시흥시,시흥동물누리보호센터
2025-01-07,개,푸들,수컷,대전광역시 서구,대전동물보호센터
2025-01-06,고양이,러시안 블루,수컷,서울특별시 강동구,GD동물병원
2025-01-06,개,믹스견,수컷,충청남도 논산시,논산시 동물보호센터
2025-01-06,개,믹스견,암컷,강원특별자치도 삼척시,삼척시동물보호센터
2025-01-06,개,믹스견,수컷,경상남도 양산시,양산시 동물보호센터
2025-01-06,개,믹스견,수컷,전라남도 장성군,장성군동물보호센터
2025-01-06,개,믹스견,암컷,전라남도 장성군,장성군동물보호센터
2025-01-06,개,믹스견,암컷,전라남도 장성군,장성군동물보호센터
2025-01-06,개,믹스견,수컷,전북특별자치도 군산시,군산유기동물보호센터
2025-01-06,개,믹스견,암컷,충청남도 금산군,제일동물병원
2025-01-06,개,믹스견,암컷,충청남도 금산군,제일동물병원
2025-01-06,개,믹스견,암컷,충청남도 금산군,제일동물병원
2025-01-06,개,믹스견,수컷,충청남도 공주시,공주시 동물보호센터
2025-01-06,개,믹스견,수컷,강원특별자치도 속초시,속초시유기동물보호소
2025-01-06,고양이,한국 고양이,수컷,경기도 고양시,고양시동물보호센터
2025-01-06,개,믹스견,암컷,경기도 고양시,고양시동물보호센터
2025-01-06,개,믹스견,수컷,경상남도 산청군,산청동물보호센터
2025-01-06,개,믹스견,수컷,경상남도 남해군,남해군동물보호센터
2025-01-06,개,믹스견,수컷,경상남도 남해군,남해군동물보호센터
2025-01-06,개,믹스견,암컷,경상북도 경산시,경산시유기동물보호소
2025-01-06,개,믹스견,암컷,경상북도 경산시,경산시유기동물보호소
2025-01-06,개,믹스견,암컷,경상북도 경산시,경산시유기동물보호소
2025-01-06,고양이,한국 고양이,수컷,경상북도 경산시,경산시유기동물보호소
2025-01-06,개,믹스견,암컷,전라남도 신안군,신안군유기동물보호소
2025-01-06,개,믹스견,암컷,전라남도 여수시,유기동물보호소
2025-01-06,개,믹스견,암컷,충청남도 당진시,당진시동물보호소
2025-01-06,개,믹스견,암컷,충청북도 청주시,반려동물보호센터
2025-01-06,개,믹스견,수컷,강원특별자치도 동해시,동해시동물보호센터
2025-01-06,개,믹스견,수컷,강원특별자치도 원주시,원주시동물보호센터
2025-01-06,개,믹스견,수컷,강원특별자치도 원주시,원주시동물보호센터
2025-01-06,개,믹스견,암컷,경기도 용인시,용인시 동물보호센터
2025-01-06,고양이,한국 고양이,암컷,경기도 안산시,한국야생동물보호협회
2025-01-06,개,믹스견,수컷,경기도 광명시,한국야생동물보호협회
2025-01-06,개,믹스견,수컷,광주광역시 광주광역시,광주동물보호센터
2025-01-06,고양이,믹스묘,암컷,광주광역시 광주광역시,광주동물보호센터
2025-01-05,고양이,한국 고양이,암컷,경기도 구리시,구리반려동물문화센터
2025-01-05,고양이,한국 고양이,암컷,경기도 구리시,구리반려동물문화센터
2025-01-05,개,진도견,수컷,전북특별자치도 익산시,익산유기동물보호소
2025-01-05,개,진도견,암컷,충청남도 홍성군,금일동물보호센터
2025-01-05,개,말티즈,수컷,경기도 구리시,구리반려동물문화센터
2025-01-05,개,말티즈,수컷,경기도 구리시,구리반려동물문화센터
2025-01-05,개,믹스견,암컷,경기도 구리시,구리반려동물문화센터
2025-01-05,개,믹스견,암컷,경상북도 포항시,(사)영일동물플러스
2025-01-05,개,믹스견,암컷,충청남도 부여군,남부여동물보호소
2025-01-05,개,믹스견,암컷,광주광역시 광주광역시,광주동물보호센터
2025-01-04,개,라이카,암컷,경상북도 영천시,영천유기동물보호센터
2025-01-04,개,믹스견,암컷,경상북도 울진군,울진군동물보호센터
2025-01-04,개,믹스견,암컷,경상북도 상주시,상주시 동물보호센터
2025-01-04,개,믹스견,수컷,경상북도 상주시,상주시 동물보호센터
2025-01-04,개,믹스견,암컷,전북특별자치도 군산시,군산유기동물보호센터
2025-01-04,개,사모예드,수컷,충청남도 아산시,아산동물복지지원센터
2025-01-04,개,믹스견,암컷,경상남도 창녕군,창녕 유기동물보호소
2025-01-04,개,진도견,암컷,광주광역시 광주광역시,광주동물보호센터
2025-01-04,개,믹스견,암컷,대구광역시 군위군,군위종합동물병원
2025-01-04,개,믹스견,수컷,대구광역시 군위군,군위종합동물병원
2025-01-04,개,믹스견,수컷,대구광역시 군위군,군위종합동물병원
2025-01-04,개,믹스견,수컷,대구광역시 군위군,군위종합동물병원
2025-01-04,개,믹스견,수컷,대구광역시 군위군,군위종합동물병원
2025-01-04,개,믹스견,수컷,대구광역시 군위군,군위종합동물병원
2025-01-04,개,믹스견,수컷,대구광역시 군위군,군위종합동물병원
2025-01-04,개,믹스견,수컷,대구광역시 군위군,군위종합동물병원
2025-01-04,개,믹스견,수컷,대구광역시 군위군,군위종합동물병원
2025-01-03,개,믹스견,암컷,강원특별자치도 인제군,인제군동물보호센터
2025-01-03,개,믹스견,수컷,전북특별자치도 익산시,익산유기동물보호소
2025-01-03,개,믹스견,수컷,전북특별자치도 익산시,익산유기동물보호소
2025-01-03,개,믹스견,암컷,전북특별자치도 익산시,익산유기동물보호소
2025-01-03,개,믹스견,암컷,충청남도 청양군,청양보호소
2025-01-03,고양이,믹스묘,수컷,대구광역시 군위군,군위종합동물병원
2025-01-03,개,믹스견,수컷,경상남도 거창군,나래동물병원
2025-01-03,개,믹스견,암컷,경상남도 거창군,나래동물병원
2025-01-03,개,믹스견,수컷,경상남도 거창군,나래동물병원
2025-01-03,개,믹스견,암컷,경상남도 창녕군,창녕 유기동물보호소
2025-01-03,개,믹스견,암컷,경상남도 통영시,통영시동물보호센터
2025-01-03,개,믹스견,수컷,경상남도 진주시,진주시동물보호센터
2025-01-03,개,믹스견,수컷,경상북도 포항시,(사)영일동물플러스
2025-01-03,개,믹스견,암컷,전라남도 장성군,장성군동물보호센터
2025-01-03,개,믹스견,암컷,전라남도 장성군,장성군동물보호센터
2025-01-03,개,믹스견,암컷,전라남도 영광군,영광동물보호센터
2025-01-03,개,믹스견,수컷,전라남도 광양시,광양시 임시보호소
2025-01-03,개,믹스견,암컷,전북특별자치도 부안군,부안군 동물보호센터
2025-01-03,개,진도견,암컷,충청북도 청주시,반려동물보호센터
2025-01-03,개,믹스견,암컷,강원특별자치도 동해시,동해시동물보호센터
2025-01-03,개,믹스견,암컷,강원특별자치도 동해시,동해시동물보호센터
2025-01-03,개,믹스견,수컷,경기도 광주시,광주TNR동물병원초월
2025-01-03,개,믹스견,수컷,경기도 광주시,광주TNR동물병원초월
2025-01-03,개,믹스견,수컷,경기도 광주시,광주TNR동물병원초월
2025-01-03,개,믹스견,암컷,경기도 광주시,광주TNR동물병원초월
2025-01-03,개,믹스견,암컷,경기도 광주시,광주TNR동물병원초월
2025-01-03,개,믹스견,암컷,경기도 광주시,광주TNR동물병원초월
2025-01-03,개,믹스견,수컷,경기도 화성시,화성동물보호센터
2025-01-03,개,믹스견,암컷,경기도 양평군,양평군유기동물보호소
2025-01-02,개,믹스견,암컷,경상북도 영천시,영천유기동물보호센터
2025-01-02,개,푸들,수컷,대구광역시 군위군,군위종합동물병원
2025-01-02,개,믹스견,암컷,전라남도 해남군,해남유기동물보호센터
2025-01-02,개,믹스견,암컷,전라남도 해남군,해남유기동물보호센터
2025-01-02,개,믹스견,암컷,전라남도 담양군,담양군 동물보호센터
2025-01-02,개,믹스견,수컷,전라남도 담양군,담양군 동물보호센터
2025-01-02,개,믹스견,암컷,울산광역시 울주군,울산유기동물보호센터
2025-01-02,개,믹스견,수컷,울산광역시 울주군,울산유기동물보호센터
2025-01-02,고양이,한국 고양이,수컷,인천광역시 계양구,신영재동물병원
2025-01-02,개,믹스견,암컷,경상북도 청도군,청도군동물보호센터
2025-01-02,개,믹스견,암컷,전라남도 무안군,무안군유기동물보호소
2025-01-02,개,믹스견,암컷,전북특별자치도 정읍시,정읍시 동물보호소
2025-01-02,개,진도견,암컷,전북특별자치도 익산시,익산유기동물보호소
2025-01-02,개,장모치와와,수컷,충청남도 아산시,아산동물복지지원센터
2025-01-02,개,믹스견,수컷,충청남도 공주시,공주시 동물보호센터
2025-01-02,개,믹스견,수컷,강원특별자치도 강릉시,강릉시 동물사랑센터
2025-01-02,개,믹스견,수컷,강원특별자치도 원주시,원주시동물보호센터
2025-01-02,개,말티즈,수컷,경기도 시흥시,시흥동물누리보호센터
2025-01-01,개,믹스견,수컷,전북특별자치도 임실군,임실유기동물보호센터
2025-01-01,개,믹스견,수컷,전북특별자치도 임실군,임실유기동물보호센터
2025-01-01,개,믹스견,수컷,전북특별자치도 임실군,임실유기동물보호센터
2025-01-01,개,믹스견,암컷,충청남도 부여군,남부여동물보호소
2025-01-01,개,믹스견,암컷,충청남도 논산시,논산시 동물보호센터
2025-01-01,개,믹스견,암컷,충청남도 논산시,논산시 동물보호센터
2025-01-01,개,믹스견,암컷,부산광역시 기장군,사단법인 동부
2025-01-01,개,믹스견,암컷,전라남도 완도군,유기동물임시보호센터
2025-01-01,개,믹스견,수컷,전라남도 완도군,유기동물임시보호센터
2025-01-01,개,믹스견,암컷,전라남도 무안군,무안군유기동물보호소
2025-01-01,개,믹스견,수컷,전북특별자치도 부안군,부안군 동물보호센터
2025-01-01,개,진도견,암컷,전북특별자치도 익산시,익산유기동물보호소
2025-01-01,고양이,한국 고양이,암컷,전북특별자치도 익산시,익산유기동물보호소
2025-01-01,개,믹스견,암컷,전북특별자치도 익산시,익산유기동물보호소
2025-01-01,개,믹스견,수컷,전북특별자치도 익산시,익산유기동물보호소
2025-01-01,개,믹스견,수컷,전북특별자치도 익산시,익산유기동물보호소
2025-01-01,개,믹스견,암컷,전북특별자치도 군산시,군산유기동물보호센터
2025-01-01,개,믹스견,암컷,강원특별자치도 원주시,원주시동물보호센터
2025-01-01,개,믹스견,암컷,울산광역시 울주군,울산유기동물보호센터
2025-01-01,개,믹스견,수컷,전라남도 순천시,순천시유기동물보호소
