hospital_name,location,id_code
(주)에니멀클리닉컨설팅(출장진료전문병원),경기도 용인시 기흥구 신갈동,563000001020130004
119동물병원,대구광역시 달성군 다사읍 매곡리,348000001020160002
21세기 동물병원,전북특별자치도 전주시 덕진구 송천동1가,464100001019990001
21세기동물병원,전라남도 목포시 상동,480000001020010001
21세기동물병원,경기도 화성시 반송동,553000001020100001
21세기종합동물병원,부산광역시 북구 덕천동,332000001020020001
21세기종합동물병원,대구광역시 동구 효목동,342000001020040003
24시 강서 젠틀리동물의료센터,서울특별시 강서구 마곡동,315000001020150001
24시 건국 본 동물병원,인천광역시 미추홀구 주안동,351000001020030001
24시 고덕동물의료센터,경기도 평택시 고덕동,391000001020240002
24시 공감365동물의료센터,경기도 남양주시 진접읍 금곡리,399000001020230002
24시 굿케어동물의료센터,서울특별시 관악구 봉천동,320000001020190001
24시 글로리 동물병원,서울특별시 금천구 독산동,317000001020170001
24시 나음동물의료센터,경기도 고양시 일산동구 장항동,394000001020160004
24시 당신의 동물의료센터,경기도 수원시 장안구 천천동,374000001020200007
24시 더나은 동물메디컬 센터,경상남도 거제시 고현동,537000001020140002
24시 더블유 동물의료센터,인천광역시 서구 청라동,356000001020200003
24시 더원 동물병원,인천광역시 서구 원당동,356000001020220003
24시 더케어 동물의료센터,경기도 구리시 수택동,398000001020170003
24시 동대문 루시드 동물메디컬센터,서울특별시 동대문구 답십리동,305000001020220001
24시 딜라이트 동물의료센터,서울특별시 도봉구 창동,309000001020230001
24시 라움동물의료센터,경기도 평택시 비전동,391000001020190001
24시 라인동물의료센터,경기도 고양시 덕양구 삼송동,394000001020200002
24시 로운동물의료센터,서울특별시 양천구 목동,314000001020230004
24시 리본동물영상센터,부산광역시 동래구 명륜동,330000001020210002
24시 리본동물의료센터,부산광역시 동래구 명륜동,330000001020210003
24시 마이동물의료센터,경기도 파주시 동패동,406000001020250003
24시 명동물메디컬센터,서울특별시 구로구 개봉동,316000001020140004
24시 모두의동물병원,경기도 광명시 하안동,390000001020210002
24시 모란동물 메디컬센터,경기도 광주시 쌍령동,554000001020120001
24시 바덴동물메디컬,광주광역시 광산구 월계동,363000001020240003
24시 봉담동물의료센터,경기도 화성시 봉담읍 상리,553000001020240002
24시 블레스동물메디컬센터,경기도 용인시 기흥구 중동,563000001020190004
24시 블루밍 동물병원,광주광역시 북구 운암동,362000001020190002
24시 사람앤동물메디컬센터,경기도 용인시 수지구 성복동,564000001020180001
24시 산들산들 동물병원,서울특별시 마포구 아현동,313000001020160002
24시 서울 탑 동물병원,서울특별시 양천구 신정동,314000001020170004
24시 서울YES동물병원,경기도 용인시 수지구 죽전동,564000001020120002
24시 서초바른동물병원,서울특별시 서초구 서초동,321000001020240005
24시 성심동물메디컬센터,대전광역시 유성구 봉명동,367000001020190001
24시 송도 온 동물의료센터,인천광역시 연수구 송도동,352000001020230002
24시 송도힐 동물메디컬센터,인천광역시 연수구 송도동,352000001020150002
24시 수 동물메디컬센터,서울특별시 영등포구 양평동1가,318000001020180004
24시 수유 바른펫 동물의료센터,서울특별시 강북구 수유동,308000001020170001
24시 숨 동물병원,경기도 수원시 권선구 권선동,374000001020170008
24시 스마트동물병원(신사본원),서울특별시 강남구 신사동,322000001020170001
24시 스탠다드 동물의료센터,서울특별시 송파구 거여동,323000001020220007
24시 시유동물메디컬센터,서울특별시 용산구 이촌동,302000001020160002
24시 신도림S동물의료센터,서울특별시 구로구 신도림동,316000001020210001
24시 쓰담쓰담 동물메디컬 센터,경기도 용인시 기흥구 신갈동,563000001020180003
24시 아이동물메디컬센터,경기도 부천시 오정구 원종동,386000001020000001
24시 아프리카동물병원,경기도 안산시 단원구 초지동,393000001020070002
24시 안박동물병원,서울특별시 강서구 등촌동,315000001020130001
24시 애니동물병원,서울특별시 성북구 보문동5가,307000001020080004
24시 양주 힐 동물의료센터,경기도 양주시 옥정동,559000001020210001
24시 언제나 동물병원,광주광역시 북구 매곡동,362000001020160002
24시 에피소드 동물 메디컬 센터,대구광역시 동구 신천동,342000001020250001
24시 연희동물의료센터,인천광역시 연수구 청학동,352000001020230005
24시 온누리동물메디컬센터,경기도 안산시 단원구 고잔동,393000001020160003
24시 온동물의료센터,부산광역시 부산진구 전포동,329000001020210001
24시 올리몰스 동물메디컬센터,전북특별자치도 전주시 덕진구 송천동1가,464100001020170002
24시 와이즈 동물메디컬센터,경기도 하남시 덕풍동,404000001020210005
24시 우리 동물병원,서울특별시 노원구 상계동,310000001020180005
24시 웰니스 동물 의료센터,경기도 부천시 원미구 중동,386000001020190002
24시 위너스동물의료센터,경기도 남양주시 호평동,399000001020210003
24시 위드유 동물의료센터,경기도 시흥시 은행동,401000001020200004
24시 위드힐동물메디컬센터,경기도 남양주시 별내동,399000001020200001
24시 이오동물병원,경기도 안양시 동안구 비산동,383000001020250001
24시 이지동물의료센터,경기도 부천시 원미구 역곡동,386000001020110005
24시 인천 이음동물의료센터,인천광역시 서구 심곡동,356000001020250001
24시 인천동물병원 치료해주오,인천광역시 남동구 논현동,353000001020220001
24시 지구촌 동물메디컬 센터,서울특별시 구로구 구로동,316000001019990002
24시 창원2차동물의료원,경상남도 창원시 의창구 명서동,567000001020150010
24시 청담우리 동물병원,서울특별시 강남구 삼성동,322000001020130003
24시 청주이음동물의료센터,충청북도 청주시 흥덕구 비하동,573000001020210001
24시 케어동물의료센터,대구광역시 수성구 만촌동,346000001020250002
24시 코끼리동물병원,전북특별자치도 전주시 완산구 평화동1가,464100001020140001
24시 코끼리동물의료센터,전북특별자치도 전주시 완산구 평화동1가,464100001020210002
24시 파티마동물의료센터,대구광역시 동구 신암동,342000001020240002
24시 팔용feel동물병원,경상남도 창원시 의창구 팔용동,567000001020040001
24시 포항 이음동물의료센터,경상북도 포항시 남구 효자동,502000001020230001
24시 폴 동물병원,경기도 성남시 분당구 정자동,378000001020160003
24시 품 동물의료센터,서울특별시 동작구 상도1동,319000001020200001
24시 해든동물의료센터 민락점,경기도 의정부시 민락동,382000001020220001
24시 해든동물의료센터 의정부점,경기도 의정부시 의정부동,382000001020240001
24시 황금동물의료센터,대구광역시 수성구 황금동,346000001020250001
24시OK동물병원,서울특별시 강남구 역삼동,322000001020170010
24시SNC동물메디컬센터,서울특별시 강남구 역삼동,322000001020170006
24시김승현외과동물메디컬센터,광주광역시 남구 월산동,361000001020240001
24시노아동물메디컬센터,광주광역시 동구 대인동,359000001020210001
24시도안동물메디컬센터,대전광역시 서구 도안동,366000001020210002
24시동물병원,경기도 용인시 기흥구 구갈동,563000001020060001
24시동탄시티동물의료센터,경기도 화성시 반송동,553000001020180003
24시동탄윌동물의료센터,경기도 화성시 반송동,553000001020170002
24시루시드동물메디컬센터,서울특별시 강북구 미아동,308000001020190001
24시마음든든동물병원,경기도 안양시 만안구 석수동,383000001020170002
24시배곧스마트동물의료센터,경기도 시흥시 배곧동,401000001020170004
24시보듬동물병원,강원특별자치도 강릉시 임당동,420000001020190001
24시분당리더스동물의료원,경기도 성남시 분당구 구미동,378000001020190003
24시센트럴동물메디컬센터,서울특별시 성동구 행당동,303000001020070002
24시송도오케이동물의료센터,인천광역시 연수구 송도동,352000001020200002
24시스마일동물의료센터동물병원,경기도 이천시 진리동,407000001020160001
24시스마트동물메디컬센터,서울특별시 은평구 응암동,311000001020130001
24시아프리카동물메디컬센터,서울특별시 강서구 등촌동,315000001020040003
24시알파동물메디컬센터,대구광역시 서구 내당동,343000001020210002
24시연동물의료센터,서울특별시 강서구 화곡동,315000001020220001
24시예담동물의료센터,서울특별시 은평구 역촌동,311000001020210001
24시예스동물병원,서울특별시 서초구 반포동,321000001020110002
24시월드펫동물메디컬센터,서울특별시 양천구 신월동,314000001020220001
24시위드동물병원(정왕동동물의료센터),경기도 시흥시 정왕동,401000001020150002
24시이스턴동물의료센터,경기도 남양주시 호평동,399000001020250001
24시잠실ON동물의료센터,서울특별시 송파구 잠실동,323000001020130001
24시청주i동물병원,충청북도 청주시 청원구 율량동,573500001020150002
24시청주나음동물메디컬,충청북도 청주시 상당구 용암동,572000001020180001
24시청주다옴동물의료센터,충청북도 청주시 흥덕구 송절동,573000001020240003
24시퍼스트동물의료센터,인천광역시 미추홀구 주안동,351050001020210001
24시프라임동물병원,대구광역시 달서구 대곡동,347000001020150001
24시하나린동물의료센터,경기도 오산시 금암동,400000001020250001
24시해든동물메디컬센터,경기도 부천시 원미구 중동,386000001020160004
24시핸즈동물의료센터,경기도 화성시 오산동,553000001020180002
24아프리카동물메디컬센터,대전광역시 서구 탄방동,366000001020180001
24일산우리동물병원,,394000001020170006
25세 동물병원,경상북도 칠곡군 왜관읍 석전리,522000001020210001
25시 동물병원,부산광역시 남구 문현동,331000001020000001
25시 동물병원,경기도 성남시 중원구 은행동,378000001020180006
25시 죽곡동물병원,대구광역시 달성군 다사읍 죽곡리,348000001020170004
25시 한사랑동물병원,경기도 남양주시 화도읍 창현리,399000001019970001
25시동물병원,서울특별시 노원구 중계동,310000001019980001
25시동물의료센터,서울특별시 송파구 삼전동,323000001020020007
25시종합동물병원,대구광역시 달서구 송현동,347000001020020003
365 마음동물병원,서울특별시 구로구 궁동,316000001020150002
365동물병원,서울특별시 도봉구 방학동,309000001020130001
365동물병원 분당점,경기도 성남시 분당구 구미동,378000001020170003
365동물병원위례점,경기도 성남시 수정구 창곡동,378000001020200001
365동판교동물병원,경기도 성남시 분당구 백현동,378000001020190002
4u동물메디컬센타,경기도 안산시 단원구 고잔동,393000001020130007
9월의 소원 동물병원,인천광역시 남동구 구월동,353000001020230001
ABC 동물의료센터,경기도 과천시 별양동,397000001020240002
ABC동물병원,부산광역시 수영구 광안동,338000001020120001
ACE동물병원,인천광역시 연수구 송도동,352000001020160007
AK동물병원,강원특별자치도 춘천시 중앙로3가,418000001020120001
AP동물병원,경기도 용인시 수지구 동천동,564000001020120001
AVC 동물메디컬센터,인천광역시 계양구 계산동,355000001020150001
AtoZ동물병원,경기도 성남시 분당구 백현동,378000001020130001
BAC 바른동물병원,경상북도 안동시 남후면 단호리,507000001020170002
BB동물병원,울산광역시 울주군 범서읍 구영리,373000001020140001
BK심장동물병원,서울특별시 성동구 행당동,303000001020240002
BL불임우병원,경기도 화성시 우정읍 조암리,553000001020210002
BS조은동물병원,부산광역시 해운대구 반송동,333000001020110001
Be 동물병원,경기도 부천시 소사구 괴안동,386000001020080008
C.T.종합동물병원,서울특별시 마포구 신공덕동,313000001020010004
CH동물병원,서울특별시 강동구 천호동,324000001020030009
CM 동물병원,충청북도 진천군 광혜원면 광혜원리,445000001020200001
Central 동물병원,인천광역시 연수구 송도동,352000001020130001
D&C동물병원,인천광역시 남동구 간석동,353000001020090003
DK동물병원,경상북도 칠곡군 동명면 금암리,522000001020150001
DS동물병원,서울특별시 관악구 신림동,320000001019950001
Dr. dog 동물영상의료센터,경기도 고양시 일산동구 정발산동,394000001020030008
Dr. 오즈 동물병원,경기도 성남시 분당구 서현동,378000001020150003
Dr.G 동물병원,인천광역시 강화군 선원면 창리,357000001020180001
Dr.JK 동물병원,경기도 고양시 일산동구 장항동,394000001020040010
Dr.J동물병원,경기도 용인시 기흥구 영덕동,563000001020100001
Dr.K 종합동물병원,충청남도 아산시 둔포면 석곡리,452000001020180002
Dr.Mini 하늘다람쥐 전문병원,경기도 파주시 문발동,406000001020180001
Dr.dog동물의료센터,경기도 고양시 일산동구 정발산동,394000001020160001
Dr.남동물병원,광주광역시 서구 화정동,360000001020070002
Dr.수동물병원,서울특별시 영등포구 여의도동,318000001020070002
Dr.윤 동물의료센터,서울특별시 은평구 대조동,311000001020120001
Dr.주 동물병원,서울특별시 강동구 둔촌동,324000001020140002
Dr루아동물병원,경기도 동두천시 생연동,392000001020240001
E 동물의료원,충청북도 보은군 마로면 관기리,442000001020080001
FM 동물메디컬센터,경기도 고양시 덕양구 화정동,394000001020170001
FM동물영상의학센터,경기도 김포시 장기동,409000001020250002
GD동물병원,서울특별시 강동구 상일동,324000001019960001
H 동물병원,서울특별시 강북구 미아동,308000001020150001
H.B.(꿀벌)동물병원,충청북도 보은군 마로면 관기리,442000001020240001
Helix ADI Center : 헬릭스 영상진단센터,경기도 고양시 덕양구 행신동,394000001020120002
I-pet 동물병원,서울특별시 영등포구 여의도동,318000001020110001
J&C 동물병원「산업동물 출장진료 전문」,경기도 이천시 설성면 신필리,407000001020020002
J.H 동물병원,대전광역시 서구 갈마동,366000001020030002
JA 임상병리 동물병원,경기도 안양시 만안구 안양동,383000001020190001
JM서울동물병원(산업동물출장진료전문),경상남도 함안군 군북면 월촌리,540000001020190001
Jpet동물병원,부산광역시 연제구 연산동,337000001020180003
J동물병원,인천광역시 서구 청라동,356000001020170004
KABB 동물병원,대구광역시 수성구 지산동,346000001020210001
KB동물병원(출장진료전문),경상남도 진주시 사봉면 봉곡리,531000001020220003
KP 양계연구소,전북특별자치도 군산시 대야면 지경리,467100001020080001
KRA 렛츠런파크제주 동물병원,제주특별자치도 제주시 애월읍 유수암리,651000001019971001
KRA 장수동물병원,전북특별자치도 장수군 장계면 명덕리,475100001020180001
KRH동물병원,경기도 김포시 감정동,409000001020020001
KU건국동물병원,충청남도 예산군 예산읍 산성리,461000001020160002
LOVE MY PET 동물병원,서울특별시 은평구 응암동,311000001020000001
MK동물병원,울산광역시 울주군 온산읍 덕신리,373000001020140002
MS동물병원,부산광역시 연제구 연산동,337000001020140002
NS대흥동물병원,충청남도 논산시 부적면 덕평리,454000001020200001
O.K 동물병원,경상남도 창원시 진해구 여좌동,567000001020002002
OK동물병원,전북특별자치도 진안군 진안읍 군하리,473100001020230001
PET119동물병원,전라남도 목포시 상동,480000001020020002
PET25시동물병원,경기도 평택시 평택동,391000001020030002
PMC동물병원「산업동물 출장진료 전문」,경기도 이천시 대월면 사동리,407000001020110002
PNH 동물병원,충청남도 홍성군 홍북읍 용산리,460000001020230002
ROAR clinic,경기도 하남시 덕풍동,404000001020230001
SKY동물병원,서울특별시 강서구 방화동,315000001020000001
SK동물병원(출장진료전문),경상남도 함안군 군북면 월촌리,540000001020240001
S동물병원,경기도 부천시 원미구 상동,386000001020130001
S동물의료센터,경기도 화성시 반송동,553000001020180007
THE힘찬동물병원,경기도 용인시 기흥구 중동,563000001020180001
TL 동물병원,대구광역시 달서구 진천동,347000001020240002
TLC 동물의료센터,경기도 부천시 원미구 중동,386000001020190001
The Ark(디아크),서울특별시 강남구 논현동,322000001020230006
The행복한동물병원,경상남도 창원시 마산회원구 내서읍 호계리,567000001020051001
UN동물의료센터,부산광역시 남구 대연동,331000001020170001
VIP 동물의료센터,서울특별시 성북구 동소문동6가,307000001020090001
VIP 반려동물 암센터,서울특별시 강남구 청담동,322000001020230001
VIP동물의료센터 동대문점,서울특별시 동대문구 장안동,305000001020130004
VIP동물의료센터 서초동작점,서울특별시 서초구 방배동,321000001020160003
VIP동물의료센터 청담점,서울특별시 강남구 청담동,322000001020210002
VIP동물한방재활의학센터by.Dr.신사경,서울특별시 강남구 청담동,322000001020210001
W 인천심장동물병원,인천광역시 서구 청라동,356000001020230003
WE 동물병원,경기도 수원시 장안구 정자동,374000001020130007
Wellness clinic 동물병원,경기도 용인시 기흥구 보정동,563000001020120003
Wiz-Pet 동물병원,경기도 고양시 일산동구 백석동,394000001020150009
W동물의료센터,부산광역시 남구 용호동,331000001020190002
YJ Animal Clinic,경기도 수원시 권선구 권선동,374000001020230007
YS동물병원,전라남도 나주시 빛가람동,483000001020240001
ZOO동물병원,서울특별시 성북구 정릉동,307000001020070005
e-동물 메디컬 센터,전라남도 무안군 삼향읍 남악리,495000001020160002
on동물병원,경상남도 통영시 북신동,533000001020180001
sun동물병원,경기도 수원시 권선구 곡반정동,374000001020200001
two현동물병원,경기도 평택시 동삭동,391000001020110004
y동물병원,대구광역시 수성구 시지동,346000001020140003
가경 나음 동물병원,충청북도 청주시 흥덕구 가경동,573000001020200002
가까운동물병원,충청북도 청주시 서원구 분평동,572500001019932001
가나다 동물병원,부산광역시 사상구 주례동,339000001020200001
가나다동물병원,전라남도 해남군 해남읍 고도리,493000001020020006
가나동물병원,경기도 성남시 수정구 신흥동,378000001020010005
가나동물병원,대구광역시 북구 산격동,345000001020030004
가나동물병원,충청남도 논산시 연무읍 안심리,454000001019950001
가나동물병원,충청남도 아산시 온천동,452000001020020002
가나동물병원,서울특별시 강동구 암사동,324000001020000002
가나동물병원,경기도 부천시 소사구 송내동,386000001020050009
가나동물병원,경상북도 구미시 원평동,508000001019920001
가나동물병원,서울특별시 도봉구 방학동,309000001020020001
가나종합동물병원,경상북도 포항시 북구 죽도동,502000001019970001
가나종합동물병원,경상북도 경산시 옥산동,513000001020160003
가나종합동물병원,서울특별시 양천구 목동,314000001020090005
가남동물병원,경기도 여주시 가남읍 태평리,570000001020240001
가능동물병원,경기도 의정부시 가능동,382000001019990002
가든펫동물병원,서울특별시 은평구 증산동,311000001020170003
가디언 동물의료센터,서울특별시 서초구 방배동,321000001020240002
가락종합동물병원,서울특별시 송파구 방이동,323000001019990001
가람 동물병원,대전광역시 동구 판암동,364000001020250001
가람가축병원,경상북도 김천시 황금동,506000001019980001
가람동물병원,경상남도 창원시 마산회원구 합성동,567000001020021001
가람동물병원,서울특별시 강동구 성내동,324000001020150003
가람동물병원,경기도 김포시 양촌읍 양곡리,409000001019930001
가람동물병원,경상남도 진주시 칠암동,531000001019960003
가람동물병원,제주특별자치도 서귀포시 대정읍 하모리,652000001020031001
가람동물병원,대구광역시 달서구 상인동,347000001019960001
가람동물병원,경기도 고양시 일산동구 마두동,394000001019960003
가람동물병원,경상북도 상주시 복룡동,511000001019960001
가람동물병원,경상북도 경주시 외동읍 입실리,505000001020020002
가람동물병원,경기도 부천시 소사구 괴안동,386000001020050013
가람동물병원,경기도 구리시 인창동,398000001020060001
가람동물병원,전라남도 나주시 빛가람동,483000001020140001
가로수동물병원,광주광역시 서구 화정동,360000001020080002
가로수동물병원,서울특별시 강남구 신사동,322000001020150005
가믄장 동물병원,충청남도 금산군 금산읍 상리,455000001020060001
가야농업협동조합동물병원,경상남도 합천군 가야면 황산리,548000001020050001
가야동물병원,경기도 부천시 원미구 심곡동,386000001020100001
가야동물병원,경상북도 김천시 남산동,506000001020000001
가야동물병원,경상남도 밀양시 내이동,536000001020020001
가야동물병원,경기도 수원시 팔달구 매산로3가,374000001020030014
가야동물병원,광주광역시 북구 우산동,362000001020040013
가야종합동물병원,부산광역시 부산진구 개금동,329000001020030003
가양동물의료센터,대전광역시 동구 가양동,364000001020230003
가양쿨펫동물병원,서울특별시 강서구 가양동,315000001020110001
가온동물병원,충청남도 천안시 동남구 청당동,565000001020150004
가온동물병원,부산광역시 서구 서대신동1가,326000001020180001
가온동물병원,전북특별자치도 김제시 신풍동,471100001020210001
가온동물병원,대구광역시 북구 서변동,345000001020150001
가온동물병원,서울특별시 양천구 목동,314000001020190001
가온동물병원,경상남도 양산시 중부동,538000001019970001
가온동물의료센터,경상남도 창원시 성산구 가음동,567000001020180003
가온동물의료센터,인천광역시 서구 가정동,356000001020210005
가이드 동물의료센터,경기도 군포시 금정동,402000001020240001
가인동물병원,충청북도 충주시 연수동,439000001020040001
가재울봉쥬르동물병원,서울특별시 서대문구 북가좌동,312000001020110003
가정동물병원,인천광역시 서구 가정동,356000001019910001
가족동물병원,경상북도 영주시 가흥동,509000001020220001
가족동물병원,전북특별자치도 군산시 수송동,467100001020020001
가좌동물병원,서울특별시 서대문구 북가좌동,312000001019940001
가축유전자원센터 동물병원,경상남도 함양군 서상면 상남리,546000001020200001
가평동물병원,경기도 가평군 가평읍 읍내리,416000001020230001
가평축산농협 동물병원,경기도 가평군 가평읍 대곡리,416000001020110003
갈매동물병원,,398000001020170002
감계동물병원,경상남도 창원시 의창구 북면 감계리,567000001020150009
감자동물병원,대구광역시 수성구 매호동,346000001020190002
감춘영가축병원,경상남도 남해군 남해읍 서변리,543000001020030001
갑을동물병원,부산광역시 해운대구 재송동,333000001020040006
강 동물병원,경기도 용인시 처인구 백암면 백암리,562000001020160002
강 동물병원(산업동물출장진료 동물병원),경상남도 김해시 진영읍 여래리,535000001019950003
강남25동물병원,서울특별시 강남구 논현동,322000001020000004
강남가축병원,강원특별자치도 강릉시 포남동,420000001020130001
강남다온동물병원,서울특별시 강남구 도곡동,322000001020150009
강남동물메디컬센터,경기도 광주시 퇴촌면 관음리,554000001020210002
강남동물병원,서울특별시 강남구 논현동,322000001020110009
강남동물병원,경기도 군포시 산본동,402000001020060003
강남동물병원,경기도 양평군 서종면 문호리,417000001020220002
강남동물병원,경기도 화성시 향남읍 행정리,553000001020120003
강남동물병원,경기도 성남시 중원구 금광동,378000001020040015
강남동물병원,전라남도 광양시 광양읍 덕례리,484000001020230001
강남동물병원,경기도 고양시 일산동구 식사동,394000001020010001
강남동물병원,경상북도 구미시 원평동,508000001020060001
강남동물병원,제주특별자치도 제주시 삼도이동,651000001020010001
강남동물병원,경기도 평택시 팽성읍 안정리,391000001020120001
강남동물병원,충청남도 홍성군 홍성읍 고암리,460000001020040002
강남동물병원,울산광역시 남구 달동,370000001020050001
강남동물의료센터,경기도 용인시 수지구 동천동,564000001020100005
강남메디컬동물병원,경상북도 안동시 정하동,507000001020190001
강남애니동물병원,경기도 하남시 신장동,404000001020110001
강남예치과동물병원,서울특별시 강남구 삼성동,322000001020210007
강남종합동물병원,강원특별자치도 춘천시 석사동,418000001020010001
강남종합동물병원,경기도 용인시 기흥구 신갈동,563000001020050001
강내동물병원,충청북도 청주시 흥덕구 강내면 탑연리,573000001019783001
강덕훈 동물병원,강원특별자치도 정선군 정선읍 봉양리,429100001020240001
강동24시 SKY 동물의료센터,서울특별시 강동구 성내동,324000001020170002
강동동물병원,강원특별자치도 춘천시 신동면 정족리,418000001020150001
강동동물병원,서울특별시 강동구 길동,324000001020030002
강동물병원,대구광역시 북구 관음동,345000001020010001
강동물병원,경상남도 진주시 하대동,531000001019960002
강동큰숲동물병원,서울특별시 강동구 둔촌동,324000001020240004
강릉동물병원,강원특별자치도 강릉시 옥천동,420000001020000001
강릉축협동물병원,강원특별자치도 강릉시 입암동,420000001020010002
강민동물병원(출장진료전문병원),충청북도 제천시 백운면 원월리,440000001020230001
강북24시 N동물의료센터,서울특별시 강북구 미아동,308000001020250001
강북동물병원,경상북도 경산시 하양읍 동서리,513000001020060001
강북동물병원,서울특별시 성북구 종암동,307000001020010004
강북동물병원,서울특별시 강북구 번동,308000001020040005
강북종합,충청남도 공주시 신관동,450000001020030016
강산동물병원,경기도 여주시 홍문동,411000001020120001
강산동물병원,경상북도 경주시 시래동,505000001020220003
강산동물병원(출장전문),경기도 안성시 대덕면 내리,408000001020050002
강서 더힐 동물병원,서울특별시 강서구 화곡동,315000001020240001
강서YD동물의료센터,서울특별시 강서구 등촌동,315000001020140004
강서동물병원,충청북도 청주시 흥덕구 비하동,573000001020132003
강서동물병원,서울특별시 강서구 화곡동,315000001020020011
강아지나라동물병원,경기도 남양주시 진접읍 장현리,399000001020040001
강아지와고양이나라 동물병원,인천광역시 남동구 논현동,353000001020090001
강앤정 동물병원,서울특별시 서대문구 남가좌동,312000001020170001
강영석동물병원,충청남도 홍성군 홍성읍 오관리,460000001020060001
강우동물병원,경상남도 거창군 거창읍 김천리,547000001020230005
강원대학교 부속 동물병원,강원특별자치도 춘천시 효자동,418000001020040002
강원대학교부설 야생동물구조센터,강원특별자치도 춘천시 효자동,418000001020070002
강원동물병원,강원특별자치도 원주시 중앙동,419000001019880001
강원동물병원,강원특별자치도 삼척시 근덕면 광태리,424000001020140002
강원양돈축산업협동조합동물병원,강원특별자치도 강릉시 교동,420000001020030001
강원특별자치도 축산기술연구소 동물병원,강원특별자치도 횡성군 둔내면 현천리,426100001020240003
강이동물병원,충청남도 예산군 광시면 광시리,461000001020100002
강주혁동물병원,경상북도 성주군 성주읍 성산리,521000001020090001
강진동물약품병원,전라남도 강진군 강진읍 동성리,492000001020040001
강진완도축협동물병원,전라남도 강진군 강진읍 평동리,492000001020140001
강한우리동물병원,충청남도 당진시 우강면 창리,568000001020180001
강해철 동물병원,경상북도 문경시 모전동,512000001020080001
강현림 종합동물병원,서울특별시 양천구 목동,314000001019900002
강형모동물병원,경상남도 합천군 합천읍 합천리,548000001020110001
같은마음 동물병원,경기도 광명시 광명동,390000001020230001
개금동물병원,부산광역시 사상구 주례동,339000001020030001
개명동물병원,서울특별시 구로구 개봉동,316000001019930002
개와냥이동물병원,서울특별시 은평구 대조동,311000001020160004
개포동물병원,서울특별시 강남구 개포동,322000001020100005
개포동물병원,경기도 양평군 양서면 양수리,417000001020100001
개포별빛동물병원,서울특별시 강남구 개포동,322000001020160001
거부기 동물병원,경기도 고양시 일산동구 장항동,394000001020100002
거산동물병원,충청남도 당진시 신평면 거산리,463000001019960002
거제동물메디컬센터,경상남도 거제시 수월동,537000001020160001
거제동물병원,부산광역시 연제구 거제동,337000001020030001
거창축산업협동조합동물병원,경상남도 거창군 거창읍 대평리,547000001020000002
건강하게 동물병원,경기도 하남시 학암동,404000001020230004
건강한동물병원,전라남도 영암군 영암읍 서남리,494000001020230001
건국 대동물병원,충청남도 서산시 읍내동,453000001020210003
건국 동물병원,경기도 성남시 수정구 태평동,378000001020090005
건국 종합 가축병원 (출장전문병원),경기도 안성시 일죽면 송천리,408000001020120003
건국가축병원,경상북도 상주시 신봉동,511000001020200001
건국대학교 부속 동물병원,서울특별시 광진구 화양동,304000001020040003
건국동물병원,경기도 구리시 교문동,398000001019990001
건국동물병원,충청북도 청주시 청원구 내수읍 마산리,573500001020200001
건국동물병원,충청남도 당진시 읍내동,463000001020000001
건국동물병원,경상북도 경주시 외동읍 입실리,505000001019960001
건국동물병원,강원특별자치도 홍천군 홍천읍 연봉리,425000001020160001
건국동물병원 (출장진료 전문),경기도 평택시 청북읍 어연리,391000001019920002
건국동물병원(출장진료전문),충청남도 아산시 둔포면 둔포리,452000001020100002
건동물병원,경상남도 창녕군 창녕읍 퇴천리,541000001020220001
검단이담동물의료센터,인천광역시 서구 원당동,356000001020220004
검단종합동물병원,인천광역시 서구 마전동,356000001020170001
검암동물병원,인천광역시 서구 검암동,356000001020100003
겨울나는나비 동물병원,경상남도 사천시 용현면 선진리,534000001020210001
견우동물병원,제주특별자치도 제주시 아라이동,651000001020250002
견우동물병원,경상북도 포항시 북구 두호동,502000001020160001
견우동물병원,경기도 광주시 태전동,554000001020160001
경기도 야생동물 구조관리센터,경기도 평택시 진위면 동천리,391000001020090002
경기도동물위생시험소 부설 동물병원,경기도 수원시 권선구 금곡동,374000001020240002
경기동물메디컬센터,경기도 오산시 원동,400000001020140003
경기동물병원,경기도 동두천시 생연동,392000001019730001
경기동물병원,경기도 가평군 청평면 청평리,416000001019900001
경기동물병원(출장진료 전문),경기도 평택시 서정동,391000001019800001
경기동물전문병원「산업동물 출장진료 전문」,경기도 이천시 중리동,407000001020030001
경기북부야생동물구조관리센터,경기도 연천군 전곡읍 양원리,414000001020210003
경기중앙동물병원,경기도 안양시 만안구 안양동,383000001020040009
경남동물병원,경상남도 진주시 일반성면 창촌리,531000001020070003
경남동물병원,경상남도 밀양시 내일동,536000001020020002
경남수의동물병원,경상남도 창녕군 계성면 명리,541000001020150001
경남수의동물병원(출장진료전문병원),경상남도 진주시 상평동,531000001020190004
경남야생동물센터,경상남도 진주시 가좌동,531000001020120002
경남유우동물병원,경상남도 창원시 의창구 동읍 용잠리,567000001020050003
경동가축병원,경상북도 영주시 하망동,509000001019930001
경동동물병원,인천광역시 중구 경동,349000001019940001
경북가축병원,대구광역시 북구 노원동2가,345000001019940001
경북대동물병원,경상북도 경주시 안강읍 안강리,505000001020030001
경북대학교 수의과대학 부속동물병원,대구광역시 북구 산격동,345000001019840001
경북대학교 수의과대학 부속동물병원(분원),경상북도 상주시 가장동,511000001020120001
경북동물병원,경상북도 고령군 대가야읍 지산리,520000001020210001
경북종합동물병원,경상북도 상주시 함창읍 구향리,511000001019930001
경산동물병원,경상북도 경산시 중방동,513000001019920001
경산의 삽살개육종연구소,경상북도 경산시 와촌면 박사리,513000001020180001
경산축산농협 동물병원,경상북도 경산시 자인면 서부리,513000001020120002
경상국립대학교 동물의료원,경상남도 진주시 가좌동,531000001020080001
경상국립대학교수의과대학부속동물병원,경상남도 진주시 가좌동,531000001020060004
경상동물병원,경상남도 산청군 산청읍 지리,545000001020020006
경상동물병원,경상남도 창원시 성산구 상남동,567000001020110002
경상동물병원,경상남도 함안군 가야읍 도항리,540000001019980001
경상북도 야생동물 구조관리센터,,507000001020120001
경서동물병원,경기도 고양시 덕양구 화전동,394000001020230004
경의,경상북도 의성군 의성읍 후죽리,515000001019830001
경인동물의료센터,서울특별시 영등포구 영등포동,318000001020160001
경일 동물병원,경상남도 창원시 마산회원구 회성동,567000001020130002
경주동물메디컬센터,경상북도 경주시 성동동,505000001020210002
경주동물병원,경상북도 경주시 성동동,505000001019950001
경주시 동물사랑보호센터 동물병원,경상북도 경주시 천북면 신당리,505000001020210001
경주축협동물병원,경상북도 경주시 천북면 오야리,505000001020160001
경희궁 바른 동물병원,서울특별시 종로구 홍파동,300000001020170001
계림동물병원,경상북도 상주시 복룡동,511000001020160002
계산동물병원,인천광역시 계양구 작전동,355000001019930001
계양 동물 메디컬 센터,인천광역시 계양구 계산동,355000001020130002
계양SKY동물메디컬센터,인천광역시 계양구 작전동,355000001020170004
계양동물병원,인천광역시 계양구 효성동,355000001019950001
계절엔 동물의료센터,대전광역시 유성구 관평동,367000001020230001
고강동물병원,경기도 부천시 오정구 고강동,386000001019980001
고고동물병원,경상북도 상주시 공성면 옥산리,511000001020210001
고대영동물병원,경기도 안산시 상록구 성포동,393000001019950002
고덕 고래힐동물병원,서울특별시 강동구 고덕동,324000001020170001
고덕 동물의료센터,서울특별시 강동구 고덕동,324000001020210005
고덕24시 동물병원,,324000001020150004
고동물병원,부산광역시 중구 남포동5가,325000001019960001
고득영동물병원,서울특별시 강서구 화곡동,315000001020020008
고등동물병원,경기도 성남시 수정구 고등동,378000001020230009
고래 동물병원,경기도 시흥시 은행동,401000001020190002
고래동물병원,경기도 포천시 영중면 양문리,560000001020240003
고려동물메디컬센터,충청북도 청주시 서원구 사직동,572500001020132001
고려동물병원,경상남도 김해시 서상동,535000001019970001
고려동물병원,경기도 수원시 장안구 정자동,374000001019980001
고려동물병원,강원특별자치도 춘천시 퇴계동,418000001020050003
고려동물병원,경상북도 청도군 청도읍 고수리,519000001019930002
고려동물병원,전북특별자치도 익산시 영등동,468100001020000001
고려동물병원,경기도 화성시 봉담읍 와우리,553000001020050005
고려동물병원,강원특별자치도 인제군 북면 한계리,433100001020230001
고려동물병원,경기도 파주시 금촌동,406000001019750004
고려동물병원,충청남도 서산시 동문동,453000001019960001
고려동물병원,충청북도 옥천군 옥천읍 장야리,443000001020120001
고려동물병원,충청남도 천안시 동남구 신부동,565000001020130001
고려동물병원,경상남도 창원시 의창구 봉곡동,567000001019910001
고려동물병원,경기도 하남시 신장동,404000001020130001
고려동물병원,경상북도 상주시 남성동,511000001019970001
고려동물병원,서울특별시 노원구 상계동,310000001020000001
고려동물병원 (출장전문동물병원),경기도 안성시 보개면 양복리,408000001020130002
고려동물병원(출장진료전문동물병원),전라남도 담양군 담양읍 지침리,485000001020050002
고려동물종합병원,대전광역시 대덕구 송촌동,368000001020040001
고려종합동물병원,서울특별시 강남구 도곡동,322000001020060005
고려종합동물병원,서울특별시 강서구 가양동,315000001020160004
고령성주축협동물병원,경상북도 고령군 고령읍 고아리,520000001020110001
고방동물병원,경기도 이천시 부발읍 신하리,407000001020120001
고병기동물병원,경기도 수원시 권선구 권선동,374000001020030001
고산동물병원,전라남도 완도군 고금면 농상리,499000001020240001
고성동물병원,강원특별자치도 고성군 간성읍 신안리,434000001020030001
고성동물병원,경상남도 고성군 고성읍 동외리,542000001020060001
고성작은동물병원,경상남도 고성군 고성읍 송학리,542000001020220001
고수 동물병원,경상북도 청도군 청도읍 고수리,519000001020220001
고양 우리아이 동물병원,경기도 고양시 덕양구 고양동,394000001020170004
고양동물병원,경기도 고양시 덕양구 고양동,394000001020130001
고양시 동물보호센터,경기도 고양시 덕양구 원흥동,394000001020140004
고양이병원 소설,경기도 성남시 수정구 시흥동,378000001020200006
고운동물병원,세종특별자치시  고운동,569000001020180001
고은동물병원,경상남도 창원시 마산합포구 월영동,567000001020240001
고은동물병원,부산광역시 사상구 모라동,339000001020040002
고은동물병원,경상북도 경산시 중방동,513000001020050001
고제용 동물병원,강원특별자치도 속초시 교동,423000001020210002
고창,전북특별자치도 고창군 고창읍 읍내리,478100001020010001
고창부안축협동물병원,전북특별자치도 고창군 흥덕면 신덕리,478100001020070002
고창중앙 동물병원,전북특별자치도 고창군 고창읍 읍내리,478100001019990001
고척원동물의료센터,서울특별시 구로구 고척동,316000001020200002
고촌동물병원,경기도 김포시 고촌읍 신곡리,409000001020120001
고흥 홍교 동물병원,전라남도 고흥군 점암면 대룡리,488000001020080001
고흥미소동물병원,전라남도 고흥군 고흥읍 남계리,488000001020200002
고흥종합동물병원,전라남도 고흥군 고흥읍 남계리,488000001020200001
곤양가축병원,경상남도 사천시 곤양면 성내리,534000001019760001
곤지암동물병원,경기도 광주시 곤지암읍 곤지암리,554000001020160003
곤지암행복동물병원,경기도 광주시 곤지암읍,554000001020140001
골드퍼피동물병원 공릉점,서울특별시 노원구 공릉동,310000001020200001
곰곰동물병원,강원특별자치도 강릉시 내곡동,420100001020230001
곰아저씨 동물병원,대구광역시 수성구 수성동4가,346000001020140005
공감＋동물의료센터,경기도 수원시 영통구 원천동,374000001020180004
공감동물메디컬센터,광주광역시 광산구 장덕동,363000001020170002
공검가축병원,경상북도 상주시 공검면 양정리,511000001019770001
공군교육사령부동물병원,경상남도 진주시 금산면 속사리,531000001020120001
공덕 건강한 동물병원,서울특별시 마포구 공덕동,313000001020130006
공원애견동물병원,경기도 안산시 상록구 본오동,393000001020030005
공원옆 동물병원,,505000001020160003
공원옆동물의료센터,서울특별시 양천구 신정동,314000001020230002
공주동물병원,충청남도 공주시 금성동,450000001020030004
공항 동물병원,서울특별시 강서구 방화동,315000001020150003
과천우주동물병원,경기도 과천시 원문동,397000001020220001
관문동물병원,경상북도 포항시 남구 효자동,502000001020190001
관악동물종합병원,서울특별시 관악구 봉천동,320000001020110003
관양동물병원,경기도 안양시 동안구 관양동,383000001019890001
관저종합동물병원,대전광역시 서구 관저동,366000001020160002
광교 우리들동물병원,경기도 수원시 영통구 이의동,374000001020170009
광교산동물병원,경기도 수원시 장안구 영화동,374000001020060005
광교호수 동물병원,경기도 용인시 수지구 상현동,564000001020170001
광명 24 아이디동물의료센터,경기도 광명시 철산동,390000001020190001
광명시티동물병원,경기도 광명시 소하동,390000001020130002
광산동물병원,광주광역시 광산구 송정동,363000001019940001
광안동물병원,부산광역시 수영구 광안동,338000001019950001
광양동물메디컬센터,전라남도 광양시 중동,484000001020150001
광장동물병원,강원특별자치도 춘천시 효자동,418000001020130002
광장동물병원,대구광역시 달서구 두류동,347000001019950001
광적동물병원,경기도 양주시 광적면 가납리,559000001020030003
광주 본 동물병원,광주광역시 서구 농성동,360000001020180001
광주 한사랑동물병원,광주광역시 동구 학동,359000001020160001
광주24시스카이동물메디컬센터,광주광역시 서구 쌍촌동,360000001020190001
광주TNR동물병원(송정),경기도 광주시 송정동,554000001020190003
광주TNR동물병원(초월),경기도 광주시 초월읍 지월리,554000001020190004
광주광역시 동물보호센터,광주광역시 북구 본촌동,362000001020250001
광주광역시 야생동물구조관리센터,광주광역시 서구 유촌동,360000001020180003
광주광역시 우치동물원 동물병원,광주광역시 북구 생용동,362000001020130002
광주다온동물병원,광주광역시 광산구 월곡동,363000001020190003
광주동물메디컬센터,광주광역시 광산구 신창동,363000001020160001
광주동물병원,광주광역시 남구 송하동,361000001020180001
광주동물병원,전라남도 해남군 북평면 남창리,493000001020220001
광주동물병원,경기도 광주시 양벌동,554000001020140002
광주동물보호소 부속동물병원,광주광역시 북구 본촌동,362000001020180001
광주첨단YB동물병원,광주광역시 북구 신용동,362000001020240003
광주축산농협동물병원,광주광역시 남구 송하동,361000001020060002
광진24시필동물병원,서울특별시 광진구 구의동,304000001020170006
광진동물병원,경상남도 창녕군 창녕읍 말흘리,541000001019940001
광진동물의료센터,서울특별시 광진구 구의동,304000001020030003
광화문동물병원,서울특별시 종로구 통인동,300000001020160001
광희동물병원,전북특별자치도 완주군 이서면 이문리,472100001020150003
괜찮아동물병원,경기도 평택시 고덕동,391000001020230002
괴산증평축협동물병원,충청북도 괴산군 괴산읍 동부리,446000001020100001
괴정동물병원,부산광역시 사하구 괴정동,334000001020080001
교대동물병원,서울특별시 서초구 서초동,321000001020060001
교래 말 전문병원,제주특별자치도 제주시 구좌읍 세화리,651000001020031004
구구동물병원,부산광역시 동구 범일동,327000001020200001
구담가축병원,경상북도 안동시 풍천면 구담리,507000001019740003
구로다나은동물병원,서울특별시 구로구 신도림동,316000001020200001
구로종합동물병원,서울특별시 구로구 신도림동,316000001020100001
구름동물병원,서울특별시 양천구 신정동,314000001020150003
구름동물병원,경상북도 영주시 가흥동,509000001020240002
구리동물병원,경기도 구리시 수택동,398000001020110002
구미 JM 동물 메디컬 센터,경상북도 구미시 공단동,508000001020160001
구미 산동 아이엔 동물병원,경상북도 구미시 산동읍 신당리,508000001020210004
구미TOP동물의료센터,경상북도 구미시 도량동,508000001020210002
구미가축병원,경상북도 구미시 원평동,508000001019640001
구미옥계동물병원,경상북도 구미시 옥계동,508000001020100001
구미칠곡축산농협동물병원,경상북도 구미시 선산읍 교리,508000001020050001
구민동물병원,서울특별시 강동구 천호동,324000001020240001
구서동물병원,부산광역시 금정구 구서동,335000001020050001
구성동물병원,경기도 용인시 기흥구 마북동,563000001020140001
구자동동물병원,경기도 과천시 별양동,397000001020180001
구지동물병원,대구광역시 달성군 구지면 창리,348000001020030003
구평동물병원,경상북도 구미시 구평동,508000001020140002
구포동물병원,부산광역시 북구 구포동,332000001020240002
구피동물병원,충청남도 서산시 예천동,453000001020210001
국군의학연구소 동물병원,대전광역시 유성구 추목동,367000001020100001
국동물병원,전라남도 화순군 능주면 잠정리,490000001020230002
국립공원공단 국립공원야생생물보전원 북부보전센터,강원특별자치도 인제군 북면 용대리,433000001020120001
국립공원공단 국립공원야생생물보전원 야생동물의료센터,전라남도 구례군 마산면 황전리,487000001020080001
국립공원야생생물보전원 중부보전센터,,509000001020150002
국립백두대간수목원 동물병원,경상북도 봉화군 춘양면 서벽리,524000001020170002
국립생태원 멸종위기종복원센터 동물병원,경상북도 영양군 영양읍 대천리,517000001020190001
국립생태원동물병원,충청남도 서천군 마서면 송내리,458000001020140001
국립축산과학원 가금연구소 동물병원,강원특별자치도 평창군 대관령면 횡계리,428000001020170001
국립축산과학원 난지축산연구소 동물병원,제주특별자치도 제주시 오등동,651000001020170003
국립축산과학원 동물병원,전북특별자치도 완주군 이서면 금평리,472100001020150002
국립축산과학원 축산자원개발부 동물병원,경기도 평택시 팽성읍 노와리,391000001020170003
국립축산과학원 한우연구소 동물병원,강원특별자치도 평창군 대관령면 차항리,428000001020160001
국제동물병원,부산광역시 강서구 명지동,336000001020160003
군산24시 제일동물병원,전북특별자치도 군산시 미장동,467100001020070001
군옥동물병원,전북특별자치도 군산시 대야면 산월리,467100001019900001
군위종합동물병원,대구광역시 군위군 군위읍 서부리,514000001020220001
군위축협 동물병원,대구광역시 군위군 군위읍 서부리,514000001020210002
군포굿닥터동물병원,경기도 군포시 당동,402000001020140003
굿닥터동물병원,,531000001020170002
굿데이 동물병원,제주특별자치도 제주시 한림읍 금악리,651000001020180002
굿데이동물병원,경기도 성남시 분당구 정자동,378000001020160006
굿모닝 동물병원,서울특별시 마포구 염리동,313000001020140007
굿모닝 동물병원,서울특별시 구로구 개봉동,316000001020040005
굿모닝24시동물병원,충청남도 천안시 서북구 쌍용동,449000001020050002
굿모닝동물병원,인천광역시 서구 석남동,356000001020070003
굿모닝동물병원,대구광역시 북구 동천동,345000001020030003
굿모닝동물병원,서울특별시 강서구 방화동,315000001020070002
굿모닝동물병원,경상북도 포항시 남구 오천읍 원리,502000001020190002
굿모닝동물병원,광주광역시 북구 용봉동,362000001020040003
굿모닝동물병원,대전광역시 중구 부사동,365000001020000001
굿모닝동물병원,경기도 시흥시 거모동,401000001020060001
굿모닝동물병원,서울특별시 강남구 청담동,322000001020150014
굿모닝동물병원(출장전문 진료),경기도 평택시 현덕면 황산리,391000001020100001
굿모닝펫 동물병원,경기도 성남시 분당구 금곡동,378000001020040008
굿파파 24시 반려동물건강검진센터,서울특별시 동작구 사당동,319000001020110002
굿프렌즈동물병원,경기도 용인시 수지구 죽전동,564000001020030001
권앤정 24시수원동물메디컬센터,경기도 수원시 영통구 영통동,374000001020220005
권앤정 동물외과병원,경기도 수원시 영통구 영통동,374000001020230004
권오성동물병원,울산광역시 남구 신정동,370000001020170001
귀족동물병원,경기도 수원시 장안구 영화동,374000001020020001
규범동물병원,경상북도 경주시 건천읍 건천리,505000001020220001
그랜드 동물병원,경기도 고양시 일산서구 주엽동,394000001020050003
그랜드 동물병원,부산광역시 북구 금곡동,332000001020140001
그랜드 동물병원,경상남도 김해시 율하동,535000001020190005
그랜드24시동물병원,경기도 광주시 경안동,554000001020050003
그랜드동물병원,경기도 군포시 당동,402000001019970001
그랜드동물병원,서울특별시 동대문구 답십리동,305000001019990001
그랜드벳동물병원,대구광역시 수성구 신매동,346000001020140001
그레이동물병원 강남점,서울특별시 강남구 도곡동,322000001020160014
그레이스 고양이 병원,서울특별시 강남구 청담동,322000001020100006
그레이스 고양이 심장&치과병원,서울특별시 강남구 청담동,322000001020240001
그레이스 동물병원,전라남도 순천시 연향동,482000001020200002
그레이트 동물병원,경기도 성남시 분당구 정자동,378000001020170010
그루동물병원,인천광역시 연수구 연수동,352000001020170001
그린동물병원,서울특별시 동대문구 용두동,305000001020100001
그린동물병원,경기도 수원시 장안구 정자동,374000001020210004
그린동물병원,서울특별시 금천구 독산동,317000001020070003
그린동물병원,부산광역시 부산진구 전포동,329000001020010001
그린동물병원,충청북도 청주시 서원구 사직동,572500001019942002
그린동물병원,서울특별시 노원구 상계동,310000001019990003
그린동물병원,광주광역시 남구 월산동,361000001020090001
그린동물병원,경기도 화성시 새솔동,553000001020220004
그린벨 이콰인 동물병원,충청북도 진천군 진천읍 성석리,445000001020130003
그린벨동물의료센터,충청북도 음성군 맹동면 동성리,447000001020180001
그린종합동물병원,강원특별자치도 원주시 개운동,419000001020080001
그린종합동물병원,경상북도 상주시 남성동,511000001020130001
그린축산동물병원,경기도 여주시 하동,411000001019970001
그린펫동물병원,경기도 안산시 단원구 고잔동,393000001020070005
그림동물병원,충청남도 천안시 동남구 성황동,449000001020020006
그림책 읽어주는 동물병원,서울특별시 영등포구 당산동4가,318000001020180005
글로벌꿀벌동물병원,광주광역시 북구 신안동,362000001020240001
금강동물병원,전북특별자치도 군산시 장재동,467100001019940001
금강동물병원,경기도 광주시 초월읍 신월리,554000001020000001
금강동물병원,서울특별시 용산구 이촌동,302000001020090002
금강동물병원,대구광역시 수성구 만촌동,346000001020040004
금강동물병원,충청남도 공주시 의당면 유계리,450000001020000001
금강동물병원,충청남도 부여군 부여읍 구아리,457000001019800001
금강동물병원,강원특별자치도 양양군 양양읍 연창리,435000001020150001
금강동물병원,전북특별자치도 익산시 창인동1가,468100001020100003
금강동물병원(출장진료전문병원),전라남도 함평군 학교면 고막리,496000001020170003
금강동물병원(출장진료전문병원),충청북도 제천시 중앙로1가,440000001020200001
금강종합동물병원,서울특별시 구로구 오류동,316000001019980001
금강축산가축병원,충청남도 논산시 연무읍 안심리,454000001020080001
금광동물병원,경기도 성남시 수정구 단대동,378000001019910001
금나래동물병원,서울특별시 금천구 독산동,317000001020070009
금남가축병원,충청남도 연기군 금남면 용포리,456000001019750001
금란동물병원,서울특별시 중랑구 망우동,306000001020020003
금릉동물의료센터,경기도 파주시 금촌동,406000001020050003
금비동물병원,충청남도 공주시 신관동,450000001020160001
금비동물병원,대전광역시 중구 오류동,365000001019880001
금빛동물수술센터,부산광역시 금정구 장전동,335000001020110003
금샘동물병원,부산광역시 동래구 온천동,330000001020190001
금오동물병원,경상북도 구미시 원평동,508000001019940001
금오동물병원,경기도 의정부시 금오동,382000001020080002
금오산낙농축협동물병원,경상북도 김천시 대광동,506000001020040002
금왕동물병원,충청북도 음성군 금왕읍 금석리,447000001019900001
금쪽같은내새끼 동물병원,서울특별시 은평구 갈현동,311000001020020003
금쪽금쪽금쪽반려동물병원,경기도 파주시 목동동,406000001020110004
금천 24시 K동물의료센터,서울특별시 금천구 시흥동,317000001020170002
금천동물병원,서울특별시 금천구 독산동,317000001020070004
금촌종합동물병원,경기도 파주시 금촌동,406000001019760001
금호동물병원,광주광역시 서구 금호동,360000001020000002
금호동물병원,서울특별시 성동구 금호동2가,303000001020160004
기계동물병원,경상북도 포항시 북구 기계면 현내리,502000001019940001
기린동물병원,전북특별자치도 정읍시 상동,469100001020150002
기린동물병원,경기도 부천시 원미구 중동,386000001020130002
기린동물병원,서울특별시 성동구 마장동,303000001020130007
기분좋은 동물병원,경상북도 경주시 양남면 읍천리,505000001020120002
기운내 동물병원,광주광역시 북구 운암동,362000001020210002
기운찬 동물병원,경기도 하남시 신장동,404000001020250001
기운찬 동물병원,경상북도 경산시 사동,513000001020150002
기장i동물의료센터,부산광역시 기장군 일광읍 삼성리,340000001020240001
기장동물병원,부산광역시 기장군 기장읍 대라리,340000001019960001
기찬동물병원,전라남도 영암군 신북면 이천리,494000001020230002
기흥나무동물병원,경기도 용인시 기흥구 구갈동,563000001020190002
기흥동물병원,경기도 용인시 기흥구 언남동,563000001020160002
기흥로움동물병원,경기도 용인시 기흥구 구갈동,563000001020190005
길경진동물병원,부산광역시 서구 동대신동2가,326000001020050001
길동물병원,인천광역시 서구 신현동,356000001020170002
길동물병원,인천광역시 남동구 만수동,353000001020180004
길동물병원,광주광역시 남구 주월동,361000001020170001
길동물병원,경상남도 창원시 성산구 성주동,567000001020130001
길음동물병원,서울특별시 성북구 길음동,307000001020030004
길종합동물병원,서울특별시 강동구 길동,324000001019990002
김 S 동물병원,경기도 고양시 일산동구 정발산동,394000001020050002
김광수동물병원,충청남도 아산시 권곡동,452000001019920001
김기혁 동물병원 평택동점,경기도 평택시 평택동,391000001020160004
김남수동물병원,강원특별자치도 화천군 사내면 사창리,431000001019930001
김대일동물병원,경기도 평택시 이충동,391000001020040002
김대진동물병원,경상북도 영주시 영주동,509000001019970001
김도균동물병원,충청남도 서산시 음암면 도당리,453000001020120002
김동래동물병원,경상남도 함안군 가야읍 말산리,540000001019940001
김동물병원,전라남도 순천시 인제동,482000001019990001
김동물병원,충청남도 보령시 대천동,451000001019910001
김동물병원,경기도 양주시 광적면 석우리,559000001020030007
김동물병원,경기도 안산시 상록구 성포동,393000001020030002
김동물병원,경상남도 의령군 정곡면 석곡리,539000001020160001
김동물병원,전라남도 영광군 영광읍 남천리,497000001020150001
김미경 동물병원,서울특별시 도봉구 도봉동,309000001020190004
김민성 동물병원,경기도 광명시 철산동,390000001020160001
김민재동물병원,서울특별시 송파구 오금동,323000001019940001
김병규동물병원,경상북도 경주시 시래동,505000001020120001
김서필동물병원,경상북도 봉화군 봉화읍 내성리,524000001020070001
김석년가축병원,경상남도 남해군 남해읍 남변리,543000001019940001
김성록동물병원,경기도 수원시 장안구 율전동,374000001020010004
김세영 Poultry Clinic「산업동물 출장진료 전문」,경기도 이천시 신둔면 수광리,407000001020170001
김수영 동물병원,충청남도 천안시 서북구 쌍용동,449000001020040004
김수의과 동물병원,경상북도 의성군 안계면 용기리,515000001019960001
김수의과동물병원,충청남도 홍성군 광천읍 신진리,460000001019850001
김수의과병원,경상북도 포항시 북구 용흥동,502000001019900001
김수의과병원&lt;산업동물출장진료전문병원&gt;,경상남도 창녕군 영산면 서리,541000001020020001
김신환동물병원,충청남도 서산시 동문동,453000001019890001
김앤정동물병원,서울특별시 영등포구 문래동3가,318000001020230001
김영대 동물병원,전라남도 순천시 조곡동,482000001020240001
김영복수의과병원,경상북도 경산시 중방동,513000001020010001
김용태산업동물병원,전북특별자치도 정읍시 태인면 태창리,469100001019890001
김윤곤 동물병원,경상북도 예천군 풍양면 낙상리,523000001020160001
김인천동물병원,경기도 안양시 동안구 호계동,383000001020040008
김재문동물병원,강원특별자치도 횡성군 횡성읍 읍하리,426000001020060001
김재원 동물병원,경기도 용인시 처인구 원삼면 좌항리,562000001020160003
김정복동물병원,서울특별시 은평구 갈현동,311000001019880001
김정태동물병원,경기도 안산시 상록구 본오동,393000001019960001
김종하 동물병원,충청북도 괴산군 괴산읍 동부리,446000001019870001
김천 내일동물병원,경상북도 김천시 율곡동,506000001020240001
김천연합동물병원,경상북도 김천시 신음동,506000001020150001
김천축산농협 동물병원,경상북도 김천시 성내동,506000001020190002
김태오 동물병원,충청남도 예산군 덕산면 읍내리,461000001019860001
김태화동물병원,서울특별시 강동구 둔촌동,324000001020180004
김포 동물병원 치료해주오,경기도 김포시 장기동,409000001020230003
김포24시힐동물의료센터,경기도 김포시 장기동,409000001020250001
김포동물병원,경기도 김포시 월곶면 갈산리,409000001020200001
김포보듬동물의료센터,경기도 김포시 장기동,409000001020220004
김포시 반려동물 공공진료센터,경기도 김포시 운양동,409000001020240003
김포쎈텀동물병원,경기도 김포시 고촌읍 신곡리,409000001020220002
김포씨엘동물의료센터,경기도 김포시 운양동,409000001020200003
김포위브동물의료센터,경기도 김포시 고촌읍 신곡리,409000001020220001
김해동물메디컬센터,경상남도 김해시 내동,535000001020130008
김해동물병원,경상남도 김해시 삼계동,535000001019960001
김해축협동물병원,경상남도 김해시 한림면 명동리,535000001019940003
김현태김동민 동물의료센터,부산광역시 사하구 다대동,334000001020140001
깨비동물병원,서울특별시 마포구 도화동,313000001020240003
꼬마동물병원,서울특별시 강북구 수유동,308000001020150002
꾸러기동물병원,경기도 과천시 별양동,397000001020160001
꿀벌 동물병원,대전광역시 중구 대흥동,365000001020130001
꿈꾸는 동물병원,서울특별시 서초구 반포동,321000001020130002
꿈에동물병원,경기도 용인시 수지구 성복동,564000001020140002
꿈의동물병원,경기도 안산시 단원구 고잔동,393000001020040002
꿈의숲동물병원,서울특별시 성북구 장위동,307000001020140001
꿈이크는 동물병원,서울특별시 송파구 잠실동,323000001020140006
나눔 양한방동물병원,세종특별자치시  도담동,569000001020200004
나눔동물병원(출장전문병원),경상북도 구미시 원평동,508000001020240002
나라 동물병원,경상남도 합천군 합천읍 합천리,548000001020190001
나라 동물병원,경기도 성남시 분당구 구미동,378000001020110009
나라동물병원,대구광역시 수성구 중동,346000001020020007
나라동물병원,경기도 이천시 관고동,407000001019970001
나라동물병원,충청북도 제천시 청전동,440000001020200002
나라동물병원,경기도 용인시 처인구 포곡읍 둔전리,562000001020080002
나라동물병원,경기도 동두천시 생연동,392000001020170001
나라동물병원,경기도 의정부시 민락동,382000001020160005
나랑동물병원,경상북도 구미시 선산읍 이문리,508000001020240004
나래동물병원,,547000001020160001
나래동물병원,광주광역시 북구 운암동,362000001020080001
나래동물병원,서울특별시 광진구 군자동,304000001020050004
나래동물의료센터,충청북도 청주시 서원구 개신동,572500001020220004
나래동물의료센터,경기도 화성시 능동,553000001020210001
나래종합동물병원,서울특별시 성북구 동소문동3가,307000001020000001
나로동물병원,전라남도 고흥군 도양읍 봉암리,488000001020190001
나루동물병원,서울특별시 광진구 광장동,304000001020120002
나루동물병원,경기도 남양주시 도농동,399000001020080001
나리울동물병원,서울특별시 강남구 일원동,322000001020210009
나만 애 동물병원,경기도 하남시 감이동,404000001020210002
나무동물병원,서울특별시 동작구 흑석동,319000001020120001
나무동물병원,경기도 여주시 하동,411000001020100004
나무동물병원,경기도 화성시 병점동,553000001020180006
나무쉼터 동물병원,대전광역시 중구 태평동,365000001020180003
나봄동물병원,충청북도 증평군 증평읍 초중리,557000001020240001
나비누리 동물병원,경기도 광주시 역동,554000001020130001
나비동물병원,부산광역시 수영구 민락동,338000001020150001
나비셀 동물의료센터,서울특별시 서초구 원지동,321000001020230001
나성 펫 동물병원,대전광역시 중구 유천동,365000001020240001
나아라 동물병원,제주특별자치도 제주시 아라일동,651000001020150009
나아라 동물병원,대전광역시 서구 도안동,366000001020210001
나온동물병원,경기도 용인시 기흥구 보정동,563000001020220002
나우 동물병원,경상남도 양산시 신기동,538000001020160001
나우동물메디컬센터 신불당본원,충청남도 천안시 서북구 불당동,566000001020220001
나우동물의료센터,서울특별시 노원구 상계동,310000001020210001
나우동물의료센터,충청남도 천안시 서북구 백석동,566000001020160005
나은동물병원,경기도 수원시 장안구 연무동,374000001020090003
나은동물병원,경기도 안양시 동안구 호계동,383000001020240004
나은동물병원,강원특별자치도 강릉시 교동,420000001020070002
나은동물병원,전라남도 영암군 도포면 성산리,494000001020150001
나은동물병원,경기도 의정부시 장암동,382000001020160001
나은동물병원,서울특별시 강남구 개포동,322000001020170007
나은동물병원,경기도 파주시 아동동,406000001020170009
나을동물병원,서울특별시 동작구 사당동,319000001020170001
나음동물메디컬센터,전북특별자치도 전주시 완산구 중화산동2가,464100001019920003
나음동물병원,경상북도 구미시 봉곡동,508000001020230005
나음동물병원,경기도 부천시 원미구 중동,386000001020120003
나음동물병원,충청남도 천안시 동남구 신방동,565000001020160003
나음동물병원,제주특별자치도 제주시 노형동,651000001020170004
나음동물병원,충청북도 청주시 청원구 내덕동,573500001020220001
나음동물의료센터,서울특별시 강서구 화곡동,315000001020220002
나의 동물메디컬 센터,강원특별자치도 속초시 조양동,423000001020210001
나인동물의료센터,경기도 화성시 산척동,553000001020170005
나주종합동물병원,전라남도 나주시 성북동,483000001019970002
나주축협동물병원,전라남도 나주시 왕곡면 장산리,483000001020090001
낙동가축병원,경상남도 양산시 물금읍 범어리,538000001019930001
날으는 동물병원,서울특별시 마포구 공덕동,313000001020170008
남강동물병원,경상남도 산청군 산청읍 옥산리,545000001020090002
남문동물병원,경기도 수원시 팔달구 중동,374000001020020002
남부동물병원,대구광역시 남구 대명동,344000001019810002
남부여 보호소 동물병원,충청남도 부여군 임천면 점리,457000001020250001
남부여동물병원,충청남도 부여군 부여읍 구아리,457000001020080001
남산동물병원,부산광역시 금정구 남산동,335000001020000001
남산동물병원,서울특별시 용산구 후암동,302000001020020002
남산동물병원,전라남도 화순군 화순읍 향청리,490000001020200002
남산동물병원,서울특별시 중구 신당동,301000001020000002
남산동물병원,울산광역시 남구 무거동,370000001020030006
남산연합동물병원,대구광역시 중구 남산동,341000001020220003
남서울동물병원,서울특별시 서초구 방배동,321000001019970001
남악동물병원,,495000001020140003
남양동물병원(출장전문),경기도 안성시 공도읍 마정리,408000001019940003
남양종합동물병원,경상남도 창원시 성산구 남양동,567000001020190005
남양주동물의료센터,경기도 남양주시 평내동,399000001020130001
남영가축병원 (출장진료전문병원),충청북도 음성군 음성읍 읍내리,447000001019990001
남원동물병원,제주특별자치도 서귀포시 남원읍 남원리,652000001020200001
남원제일가축병원,전북특별자치도 남원시 금동,470100001020180002
남원축협 동물병원,전북특별자치도 남원시 향교동,470100001020050001
남지가축병원,경상남도 창녕군 남지읍 남지리,541000001019750001
남창가축병원,경상남도 창녕군 창녕읍 술정리,541000001019690001
남창미르동물병원,울산광역시 울주군 온양읍 대안리,373000001020130001
남창원동물병원,경상남도 창원시 성산구 가음동,567000001020170002
남천동물병원,부산광역시 수영구 남천동,338000001019890001
남해축협 동물병원,경상남도 남해군 남해읍 남변리,543000001020130001
남현우동물병원,경기도 성남시 분당구 수내동,378000001020110008
낭만고양이병원,대전광역시 유성구 구암동,367000001020230002
내곁에 동물병원,서울특별시 노원구 상계동,310000001020240001
내곁에동물병원,경기도 의정부시 민락동,382000001020150002
내과동물병원 루미나,서울특별시 강남구 대치동,322000001020250001
내마음의 동물병원,경상남도 진주시 초전동,531000001020230003
내방동물병원,서울특별시 서초구 방배동,321000001020030003
내성동물병원,경상북도 봉화군 봉화읍 내성리,524000001020160001
내아이 동물병원,충청북도 청주시 상당구 용암동,572000001020230001
내안에 동물병원,충청남도 천안시 동남구 신방동,565000001020230002
내친구동물병원,경기도 시흥시 배곧동,401000001020200002
내친구동물병원,경기도 구리시 수택동,398000001020090002
내포동물병원,충청남도 홍성군 홍성읍 월산리,460000001020070001
내포동물의료센터,충청남도 홍성군 홍북읍 신경리,460000001020190001
내포조은동물병원,충청남도 홍성군 홍북읍 신경리,460000001020220001
내품애동물병원,경기도 남양주시 와부읍 덕소리,399000001020140003
내품에동물병원,,324000001020140003
네오 동물병원,충청북도 충주시 교현동,439000001020240001
네오메디컬동물병원,부산광역시 강서구 명지동,336000001020160002
넬 동물의료센터,서울특별시 성북구 하월곡동,307000001020150001
노룬산동물병원,서울특별시 광진구 자양동,304000001020080003
노블동물병원,부산광역시 동래구 사직동,330000001020180001
노산동물병원,경상남도 사천시 동금동,534000001019970002
노성남 동물병원,인천광역시 연수구 옥련동,352000001020050001
노아 동물병원,인천광역시 미추홀구 도화동,351050001020180001
노아동물병원,대구광역시 동구 신서동,342000001020240003
노아동물병원,충청남도 계룡시 엄사면 엄사리,558000001020030001
노아동물병원,경기도 수원시 장안구 영화동,374000001019960001
노아동물병원,서울특별시 양천구 신정동,314000001019960001
노아동물병원,부산광역시 북구 화명동,332000001019990001
노아동물병원,광주광역시 남구 월산동,361000001020030002
노아동물병원,충청남도 금산군 금산읍 중도리,455000001019720001
노아동물병원,서울특별시 송파구 거여동,323000001019910003
노아동물병원,서울특별시 금천구 시흥동,317000001020080001
노엘동물병원,경기도 부천시 소사구 범박동,386000001020140002
노원 바른 동물의료센터,서울특별시 노원구 상계동,310000001020220001
노원N동물의료센터,서울특별시 노원구 상계동,310000001020130003
노은동물병원,대전광역시 유성구 지족동,367000001020020001
노창섭동물병원,전라남도 화순군 능주면 관영리,490000001020240001
노형 꿈 동물병원,제주특별자치도 제주시 노형동,651000001020210006
노형동물병원,제주특별자치도 제주시 노형동,651000001020150012
녹번동물병원,서울특별시 은평구 녹번동,311000001019960002
녹십자,충청남도 천안시 동남구 영성동,449000001019940001
녹십자동물병원,경상북도 김천시 황금동,506000001020030001
녹십자동물병원,충청남도 부여군 부여읍 구아리,457000001020220001
녹십자동물병원,광주광역시 광산구 송정동,363000001020030006
녹십자산업동물병원,전북특별자치도 정읍시 시기동,469100001019980001
녹양돌봄동물병원,경기도 의정부시 녹양동,382000001020170002
녹양동물병원,경기도 의정부시 녹양동,382000001020040005
녹원동물병원,경상남도 김해시 한림면 장방리,535000001019940001
논산계룡축협 동물병원,충청남도 논산시 내동,454000001020080002
논산동물병원,충청남도 논산시 대교동,454000001019830001
논산시 동물보호센터,충청남도 논산시 등화동,454000001020220001
논현동물병원,서울특별시 강남구 논현동,322000001020050008
논현동물병원,인천광역시 남동구 논현동,353000001020080004
놀로동물행동클리닉,서울특별시 강남구 청담동,322000001020210003
농림축산검역본부 부설 동물병원,경상북도 김천시 율곡동,506000001020230001
농협 한우개량사업소 가축병원,충청남도 서산시 운산면 용현리,453000001019990001
누리동물병원,,510000001020160001
누리동물병원,경기도 화성시 반송동,553000001020080001
누리동물병원,경기도 하남시 신장동,404000001020150001
누리동물병원,부산광역시 해운대구 송정동,333000001020140007
누리동물병원,전북특별자치도 군산시 월명동,467100001020190002
누리동물병원,충청북도 음성군 대소면 성본리,447000001020220001
누리동물병원,전라남도 나주시 동수동,483000001020210001
누리봄동물병원,서울특별시 종로구 내자동,300000001020090001
누리종합동물병원,강원특별자치도 원주시 단구동,419000001020130003
누리팜동물병원,경기도 포천시 신북면 기지리,560000001020240002
누리팜산업동물병원(출장전문),경기도 안성시 삼죽면 용월리,408000001020220001
눈이튼튼 동물병원,경기도 수원시 팔달구 인계동,374000001020220003
뉴광명동물메디컬센터,경기도 광명시 광명동,390000001020000001
뉴로동물암센터,부산광역시 연제구 연산동,337000001020240001
뉴로동물의료센터24시,부산광역시 연제구 연산동,337000001020210002
뉴본동물의료센터,경기도 평택시 동삭동,391000001020220001
뉴에스동물병원,경기도 군포시 산본동,402000001020160004
뉴엘동물의료센터,경기도 화성시 청계동,553000001020210005
뉴욕동물병원,경기도 성남시 분당구 구미동,378000001020210004
뉴욕동물병원,서울특별시 종로구 혜화동,300000001020230001
뉴욕동물병원,부산광역시 동래구 수안동,330000001020130002
뉴욕동물병원「산업동물 출장진료 전문」,경기도 이천시 관고동,407000001020230002
뉴욕종합동물병원,서울특별시 마포구 서교동,313000001019950001
뉴월드동물병원,서울특별시 동대문구 장안동,305000001019980001
뉴케어동물병원,경기도 용인시 기흥구 영덕동,563000001020220001
뉴타운동물병원,서울특별시 은평구 진관동,311000001020120002
뉴하트동물병원,경기도 의정부시 산곡동,382000001020230001
늘 동물병원,대전광역시 중구 은행동,365000001020100002
늘곁에동물병원,충청남도 아산시 탕정면 매곡리,452000001020250002
늘봄 동물병원,충청남도 천안시 서북구 직산읍 삼은리,566000001020230001
늘봄 동물병원,경기도 양주시 옥정동,559000001020230001
늘봄 동물병원,경기도 부천시 소사구 소사본동,386000001020170004
늘봄동물병원,경기도 용인시 수지구 풍덕천동,564000001020240001
늘사랑 양한방 동물병원,전라남도 여수시 선원동,481000001020170002
늘사랑동물병원,,324000001020080003
늘조은동물병원,경상남도 진주시 평거동,531000001020040002
늘푸른 동물병원,대전광역시 유성구 지족동,367000001020080002
늘푸른 동물병원,광주광역시 남구 봉선동,361000001020110001
늘푸른 동물병원,경상북도 구미시 도량동,508000001020120001
늘푸른동물병원,서울특별시 은평구 신사동,311000001019960001
늘푸른동물병원,서울특별시 관악구 신림동,320000001020040004
늘푸른동물병원,서울특별시 송파구 오금동,323000001020020003
늘푸른동물병원,인천광역시 부평구 삼산동,354000001020090001
늘푸른동물병원두정의료센터,충청남도 천안시 서북구 성정동,449000001019910002
늘푸른종합동물병원,대구광역시 북구 관음동,345000001020030005
늘푸른종합동물병원,강원특별자치도 원주시 무실동,419000001020020004
늘품동물병원,충청북도 청주시 서원구 분평동,572500001020220001
능곡동물병원,경기도 시흥시 능곡동,401000001020100005
능주동물병원,전라남도 화순군 능주면 관영리,490000001019940001
다가온 동물병원,경기도 안성시 공도읍 용두리,408000001020230003
다나 동물병원,경기도 수원시 영통구 매탄동,374000001020190007
다나동물병원,경기도 부천시 원미구 상동,386000001020050006
다나동물병원,충청북도 청주시 청원구 오창읍 양청리,573500001020170002
다나동물병원,강원특별자치도 정선군 정선읍 봉양리,429000001020120001
다나동물병원,제주특별자치도 제주시 일도이동,651000001019980001
다나동물병원,전라남도 해남군 해남읍 고도리,493000001020230001
다나동물병원,서울특별시 동작구 사당동,319000001020070001
다나동물병원,전라남도 영암군 영암읍 남풍리,494000001020200002
다나동물병원,전북특별자치도 정읍시 장명동,469100001019920001
다나동물병원,대전광역시 중구 유천동,365000001020230001
다나동물병원,광주광역시 서구 화정동,360000001020040005
다나동물병원,서울특별시 강서구 화곡동,315000001020080001
다나동물병원(산업동물에 대한 출장진료를 전문으로 함.),충청남도 천안시 동남구 병천면 병천리,565000001020170002
다나동물의료센터,경기도 파주시 동패동,406000001020230001
다나아 동물병원,강원특별자치도 홍천군 홍천읍 하오안리,425000001020190001
다나은 동물병원,광주광역시 광산구 쌍암동,363000001020170001
다나은 동물의료센터,충청남도 부여군 부여읍 구아리,457000001020250002
다나은동물병원,경상북도 구미시 선산읍 동부리,508000001020200003
다나을동물병원,경기도 하남시 망월동,404000001020210006
다나음동물병원,전북특별자치도 익산시 함열읍 와리,468100001020200002
다니엘 동물병원,경기도 고양시 일산동구 마두동,394000001020090004
다니엘동물병원,서울특별시 서초구 서초동,321000001020050004
다대동물병원,부산광역시 사하구 다대동,334000001020070001
다도해동물병원,전라남도 해남군 북평면 남창리,493000001020020004
다독다독동물병원,경상남도 김해시 대청동,535000001020160001
다돈동물병원,경상북도 경주시 안강읍 청령리,505000001020130002
다란동물병원,경기도 여주시 하거동,570000001020230005
다랑동물병원,서울특별시 강남구 개포동,322000001020210006
다래동물병원,,324000001020010002
다래동물병원,인천광역시 남동구 간석동,353000001020250001
다루동물병원,서울특별시 은평구 불광동,311000001020140002
다민동물병원,전북특별자치도 익산시 춘포면 쌍정리,468100001020140001
다보가축병원,경상북도 경주시 구정동,505000001019790001
다봄 동물병원,서울특별시 광진구 구의동,304000001020240001
다봄 동물의료센터,경상남도 김해시 삼계동,535000001020190002
다빈치동물병원,경기도 의정부시 호원동,382000001020190002
다사랑동물병원,대전광역시 동구 가양동,364000001020050005
다사랑동물병원,경기도 안양시 동안구 관양동,383000001020110002
다사종합동물병원,대구광역시 달성군 다사읍 죽곡리,348000001020060001
다산 마스터동물의료센터,경기도 남양주시 다산동,399000001020240005
다산 봄 동물병원,경기도 남양주시 다산동,399000001020200003
다산동물병원,충청남도 천안시 동남구 청수동,565000001020130004
다산동물병원,경기도 남양주시 다산동,399000001020100001
다산동물병원,전라남도 강진군 강진읍 남성리,492000001020100002
다산동물병원,전북특별자치도 정읍시 농소동,469100001020160001
다산동물병원,제주특별자치도 서귀포시 표선면 토산리,652000001020120001
다산동물병원「산업동물 출장진료 전문」,경기도 이천시 장호원읍 장호원리,407000001020060001
다산마리동물병원,경기도 남양주시 다산동,399000001020190002
다솜고양이메디컬센터,부산광역시 남구 문현동,331000001020130002
다솜고양이메디컬센터 금정점,부산광역시 금정구 남산동,335000001020230004
다솜동물메디컬센터,부산광역시 남구 문현동,331000001020130004
다솜동물메디컬센터 금정점,부산광역시 금정구 남산동,335000001020230003
다솜동물병원,광주광역시 남구 백운동,361000001020030005
다솜동물병원,충청북도 충주시 중앙탑면 용전리,439000001020230002
다솜동물병원,경기도 부천시 원미구 역곡동,386000001020050015
다솜동물병원,경상북도 칠곡군 왜관읍 왜관리,522000001020040001
다솜동물병원,충청북도 진천군 진천읍 교성리,445000001020170001
다솜동물병원,충청남도 천안시 동남구 신방동,565000001020160005
다솜동물병원,서울특별시 은평구 응암동,311000001020210002
다오동물병원,인천광역시 계양구 계산동,355000001020050004
다온 동물병원,부산광역시 남구 대연동,331000001020150001
다온동물병원,서울특별시 양천구 신정동,314000001020170001
다온동물병원,서울특별시 광진구 중곡동,304000001020120003
다온동물병원,제주특별자치도 제주시 연동,651000001020240004
다온동물병원,경상북도 구미시 인의동,508000001020130002
다온동물병원,대구광역시 북구 태전동,345000001020150002
다온동물병원,전북특별자치도 완주군 고산면 읍내리,472100001020220002
다온동물병원,경기도 안양시 동안구 평촌동,383000001020140003
다온동물병원,경상북도 의성군 안계면 용기리,515000001020200001
다온동물병원,세종특별자치시  소담동,569000001020170002
다올동물병원,경상남도 창원시 진해구 용원동,567000001020170003
다올동물병원,전북특별자치도 전주시 완산구 효자동1가,464100001020240001
다올동물병원,인천광역시 서구 가좌동,356000001020240004
다올동물병원,광주광역시 북구 양산동,362000001020240002
다올동물의료센터 망포점,경기도 수원시 영통구 망포동,374000001020220004
다우동물병원,경기도 김포시 감정동,409000001020040001
다움동물병원,서울특별시 영등포구 신길동,318000001020210002
다원 동물병원,대구광역시 수성구 신매동,346000001020100002
다원동물병원,경상북도 경산시 와촌면 동강리,513000001020160006
다원축산동물병원,대전광역시 유성구 원내동,367000001020030001
다은동물병원,부산광역시 북구 화명동,332000001020240001
다인동물병원,경상북도 안동시 태화동,507000001020220001
다정동물병원,경기도 파주시 야당동,406000001020110003
다정동물병원,울산광역시 동구 서부동,371000001020240001
다정한 동물병원,경기도 하남시 감이동,404000001020230003
다정한동물메디컬센터,세종특별자치시  다정동,569000001020120001
다함동물병원,충청남도 천안시 서북구 백석동,566000001020160001
다호동물병원,경상북도 의성군 봉양면 화전리,515000001020200002
닥터 노아 동물병원,경상북도 포항시 남구 대잠동,502000001020140003
닥터 아이펫 동물병원,서울특별시 중랑구 상봉동,306000001020130001
닥터 호오 동물병원,서울특별시 마포구 용강동,313000001020160001
닥터 홍 동물병원,전북특별자치도 부안군 부안읍 서외리,479100001020190001
닥터K동물병원,경기도 안산시 단원구 초지동,393000001020160002
닥터각 동물병원,강원특별자치도 춘천시 퇴계동,418000001020180002
닥터강동물병원,울산광역시 중구 태화동,369000001020100001
닥터김 동물병원,경기도 수원시 영통구 영통동,374000001020170002
닥터김 동물의료센터,경상남도 거제시 고현동,537000001020070001
닥터리동물병원,대전광역시 동구 가오동,364000001020120001
닥터멍동물병원,서울특별시 중랑구 면목동,306000001020210002
닥터서동물심장병원,경기도 고양시 일산동구 장항동,394000001020220003
닥터수동물병원,전라남도 여수시 문수동,481000001020120002
닥터스종합동물병원,서울특별시 노원구 월계동,310000001020180003
닥터에이스 동물병원,경기도 수원시 영통구 망포동,374000001020140004
닥터원동물병원,경기도 시흥시 정왕동,401000001020040006
닥터윤 산업동물병원 (출장진료전문병원),강원특별자치도 원주시 단계동,419000001019990002
닥터장 동물의료센터,경상남도 창원시 의창구 동읍 용잠리,567000001020250001
닥터정 동물병원,인천광역시 연수구 송도동,352000001020180002
닥터주 동물병원,부산광역시 해운대구 좌동,333000001020130007
닥터차 동물병원,충청남도 홍성군 홍북읍 신경리,460000001020170002
닥터캣 고양이병원,서울특별시 송파구 석촌동,323000001020180006
닥터코기동물병원,대전광역시 서구 탄방동,366000001020160005
닥터파파동물병원,인천광역시 미추홀구 주안동,351000001020150003
닥터팬더 동물병원,인천광역시 계양구 용종동,355000001020180001
닥터페티앙동물병원,경기도 용인시 처인구 남동,562000001020160001
닥터펫 동물의료센터,경기도 용인시 기흥구 신갈동,563000001020240001
닥터펫 동물의료센터,부산광역시 부산진구 개금동,329000001020160002
닥터펫 플러스 동물병원,대전광역시 중구 산성동,365000001020110001
닥터펫동물병원,전북특별자치도 전주시 완산구 서신동,464100001020160003
닥터펫보리 특수클리닉,서울특별시 관악구 봉천동,320000001020220001
닥터표동물병원,서울특별시 강동구 성내동,324000001020160005
단비동물병원,경상남도 거창군 거창읍 상림리,547000001020150001
단주리 동물병원,전라남도 영광군 영광읍 단주리,497000001020240001
달래동물의료센터,서울특별시 용산구 한남동,302000001020120001
달링동물병원,서울특별시 성동구 성수동1가,303000001020180002
달빛동물병원,경기도 의정부시 호원동,382000001020110003
달성공원 동물병원,대구광역시 중구 달성동,341000001020170001
달성축산동물병원,대구광역시 달성군 현풍읍 원교리,348000001020090001
달성축협동물병원,대구광역시 달성군 현풍읍 대리,348000001020030009
담양군 반려유기동물 공공진료소,전라남도 담양군 담양읍 지침리,485000001020220001
담양축협동물병원,전라남도 담양군 담양읍 백동리,485000001020020004
담은동물병원,서울특별시 은평구 불광동,311000001020170001
답21동물병원,충청남도 서산시 예천동,453000001020120001
당고개동물병원,서울특별시 노원구 상계동,310000001020020003
당근동물병원,전북특별자치도 익산시 황등면 황등리,468100001020080002
당진낙협동물병원,충청남도 당진시 합덕읍 소소리,463000001019990001
당진종합 동물병원,충청남도 당진시 대덕동,463000001020090001
당진축협동물병원,충청남도 당진시 읍내동,568000001020120001
당찬우리동물병원,충청남도 당진시 우강면 창리,568000001020190001
대경동물병원,대구광역시 북구 금호동,345000001020250001
대경동물병원,경상북도 구미시 선산읍 화조리,508000001020230004
대경동물병원(출장진료전문동물병원),전라남도 함평군 함평읍 수호리,496000001020250001
대경연합동물영상센터,대구광역시 달서구 감삼동,347000001020210002
대곡동물병원,경상남도 진주시 대곡면 광석리,531000001020210001
대공원 동물병원,울산광역시 남구 신정동,370000001020000001
대관령,충청남도 공주시 산성동,450000001020030007
대관령 가축병원,경상북도 예천군 예천읍 남본리,523000001020030011
대관령가축병원,경상북도 영천시 완산동,510000001020050008
대관령동물병원,경기도 남양주시 금곡동,399000001019840001
대구24시 야간응급연합동물병원,대구광역시 수성구 지산동,346000001020190001
대구24시라이프동물의료센터,대구광역시 달서구 감삼동,347000001020210003
대구24시바른동물의료센터,대구광역시 달서구 감삼동,347000001020210001
대구S동물병원,대구광역시 중구 대신동,341000001020150001
대구가축병원,경상북도 울진군 울진읍 읍내리,525000001020020002
대구가축병원,경상북도 안동시 노하동,507000001019830001
대구가축병원,대구광역시 군위군 군위읍 동부리,514000001019680001
대구경북양돈농협 동물병원,대구광역시 달서구 월성동,347000001020220002
대구동물메디컬센터,대구광역시 수성구 지산동,346000001020110005
대구동물병원,대구광역시 동구 신천동,342000001020150002
대구동물심장내과,대구광역시 중구 대봉동,341000001020220001
대구착한동물병원,대구광역시 달성군 다사읍 서재리,348000001020180003
대구축산 동물병원,대구광역시 중구 대봉동,341000001020130001
대구축협동물병원,대구광역시 북구 검단동,345000001019920002
대구혁신메디컬 동물병원,대구광역시 동구 대림동,342000001020210002
대덕 동물병원,전라남도 장흥군 대덕읍 신월리,491000001020080001
대동동물병원,울산광역시 울주군 언양읍 동부리,373000001020020004
대동동물병원,전북특별자치도 장수군 장계면 장계리,475100001020110001
대디동물병원,부산광역시 부산진구 부암동,329000001020200004
대명동물병원,강원특별자치도 양양군 양양읍 남문리,435000001020080001
대방동물병원,경상남도 창원시 성산구 중앙동,567000001019990001
대방동물병원,서울특별시 영등포구 신길동,318000001019880002
대산,전북특별자치도 고창군 대산면 매산리,478100001019940001
대산 동물병원,충청남도 홍성군 홍성읍 고암리,460000001020160002
대산서울동물병원,경상남도 창원시 의창구 대산면 제동리,567000001020190003
대성동물병원,전라남도 장흥군 장흥읍 건산리,491000001020230001
대성동물병원,부산광역시 사상구 주례동,339000001019980001
대성동물병원,전북특별자치도 정읍시 상평동,469100001020190001
대성동물병원,경상북도 상주시 만산동,511000001020090002
대성동물병원,경상남도 고성군 영오면 영산리,542000001020200001
대소동물병원,충청북도 음성군 대소면 태생리,447000001020160004
대신동물병원,부산광역시 서구 서대신동3가,326000001020010001
대심동물병원,경기도 고양시 덕양구 관산동,394000001020190003
대심동물병원,경상북도 예천군 예천읍 서본리,523000001020070001
대야축산컨설팅,경상남도 합천군 대양면 정양리,548000001020220001
대영동물병원,전라남도 완도군 완도읍 군내리,499000001020000001
대영동물병원,전북특별자치도 전주시 덕진구 산정동,464100001020070002
대영동물병원,전북특별자치도 김제시 검산동,471100001020170001
대영동물병원,전북특별자치도 정읍시 시기동,469100001020210003
대우동물병원,전라남도 함평군 함평읍 내교리,496000001019850001
대운 동물병원,경상북도 영천시 화룡동,510000001020110002
대웅동물병원,경상남도 밀양시 내이동,536000001019920001
대원가축병원,경상북도 경주시 동부동,505000001019940001
대전24시 센트럴동물병원,대전광역시 중구 용두동,365000001020190003
대전광역시 동물보호센터 부속 동물병원,대전광역시 유성구 금고동,367000001020140005
대전광역시 동물보호센터 부속동물병원,대전광역시 유성구 금고동,367000001020250003
대전본동물병원,대전광역시 서구 관저동,366000001020200001
대전야생동물구조관리센터 동물병원,대전광역시 유성구 궁동,367000001020150004
대전우리동물의료센터,대전광역시 중구 대사동,365000001020190002
대전종합 동물병원,대전광역시 서구 갈마동,366000001020060002
대전충남 양돈축산업협동조합 부설동물병원,충청남도 천안시 동남구 다가동,449000001019950003
대전충청 영상안과 동물병원,대전광역시 서구 둔산동,366000001020200002
대정동물병원,제주특별자치도 서귀포시 대정읍 상모리,652000001020200004
대천동물병원,전라남도 나주시 빛가람동,483000001020240003
대치동물메디컬센터,서울특별시 강남구 대치동,322000001020190004
대치수동물병원,서울특별시 강남구 대치동,322000001020170002
대학동물병원,전북특별자치도 익산시 창인동1가,468100001019790001
대학동물병원,경기도 용인시 수지구 풍덕천동,564000001019990001
대학동물병원,경기도 남양주시 화도읍 마석우리,399000001020080003
대학동물병원,경기도 안산시 상록구 월피동,393000001019980001
대학동물병원,서울특별시 성북구 장위동,307000001020010002
대학로동물병원,서울특별시 종로구 명륜2가,300000001019950002
대한동물병원,경기도 포천시 영북면 운천리,560000001020070001
대한동물병원,서울특별시 중구 충무로4가,301000001019950002
대한동물병원,대전광역시 유성구 장대동,367000001020130003
대한동물병원,서울특별시 강서구 화곡동,315000001020030005
대한동물병원,전북특별자치도 정읍시 장명동,469100001019750001
대한동물병원,강원특별자치도 횡성군 횡성읍 읍하리,426000001020020002
대한동물병원,전라남도 해남군 해남읍 고도리,493000001020090001
대한동물병원,경기도 화성시 우정읍 조암리,553000001020220006
대한동물병원(산업동물 출장진료 전문 동물병원),경기도 파주시 금촌동,406000001020080001
대한동물병원(출장전문),경기도 안성시 죽산면 죽산리,408000001019930001
대현동물병원,서울특별시 양천구 목동,314000001020140003
대형동물병원,서울특별시 강북구 수유동,308000001020030003
대호동물병원,부산광역시 서구 토성동5가,326000001019890001
대호동물병원,경상북도 포항시 남구 오천읍 원리,502000001020000001
대흥동물병원,경상북도 포항시 북구 장성동,502000001020140002
대흥동물병원,대구광역시 남구 대명동,344000001020050003
더 가까운 동물병원,충청북도 보은군 보은읍 이평리,442000001020210001
더 건강한 동물병원,충청남도 홍성군 홍성읍 월산리,460000001020250001
더 샵 동물메디컬센터,서울특별시 송파구 신천동,323000001020080002
더 포레 동물병원,경기도 하남시 학암동,404000001020230002
더그린 컨설팅&크리닉,경상북도 경산시 용성면 용전리,513000001020090005
더나은 동물병원,경상남도 양산시 물금읍 가촌리,538000001020170005
더나은동물병원,전북특별자치도 고창군 고창읍 교촌리,478100001020130001
더독,경기도 고양시 일산동구 중산동,394000001020020012
더독동물병원,서울특별시 은평구 대조동,311000001020010001
더문 동물병원,대구광역시 북구 사수동,345000001020190003
더바른 동물병원,부산광역시 사하구 다대동,334000001020220003
더바름동물병원,경기도 고양시 덕양구 향동동,394000001020200003
더벳한남동물병원,서울특별시 용산구 한남동,302000001020210001
더본 동물병원,경기도 부천시 원미구 중동,386000001020160001
더본 외과동물의료센터,부산광역시 남구 대연동,331000001020210001
더봄동물병원,경상남도 창원시 성산구 반림동,567000001020240002
더블리스동물의료센터,전라남도 여수시 학동,481000001020240001
더블유동물병원,서울특별시 관악구 봉천동,320000001020180001
더사랑 동물병원,전북특별자치도 군산시 수송동,467100001020160001
더샵 동물병원,경상북도 경산시 중산동,513000001020140002
더에스동물병원,부산광역시 수영구 남천동,338000001020230002
더엘동물의료센터,광주광역시 북구 오치동,362000001020230003
더오래 동물병원,경기도 고양시 일산서구 일산동,394000001020250002
더원동물메디컬센터,대전광역시 동구 용전동,364000001020200001
더원동물의료센터,부산광역시 부산진구 초읍동,329000001020200003
더조은 동물의료센터,서울특별시 금천구 시흥동,317000001020180001
더조은동물병원,울산광역시 울주군 범서읍 천상리,373000001020040001
더존 동물병원,경상북도 상주시 화남면 평온리,511000001020180001
더좋은 동물병원,경기도 시흥시 배곧동,401000001020220005
더케이동물병원,서울특별시 동대문구 답십리동,305000001020170002
더클래스동물메디컬센터,경기도 성남시 분당구 정자동,378000001020190005
더키움 동물병원,전라남도 순천시 신대리,482000001020200001
더파크동물의료센터,서울특별시 강동구 성내동,324000001020220001
더펫동물병원,대구광역시 서구 비산동,343000001020150001
더펫동물병원,대전광역시 유성구 봉명동,367000001020200002
더펫동물병원,경기도 고양시 일산동구 장항동,394000001020240005
더편한동물병원,경기도 성남시 중원구 중앙동,378000001020240002
더편한동물병원,서울특별시 성북구 길음동,307000001020190002
더프라임동물의료원,부산광역시 수영구 남천동,338000001020180003
더힐동물병원,부산광역시 북구 덕천동,332000001020180001
더힐동물의료센터,서울특별시 용산구 한남동,302000001020170002
더힐링동물병원,경기도 고양시 덕양구 오금동,394000001020210007
덕계 원 동물병원,경기도 양주시 덕계동,559000001020240002
덕산가축병원,경상남도 산청군 시천면 사리,545000001020020002
덕산동물의료센터,경상남도 창원시 진해구 덕산동,567000001020200003
덕소동물병원,경기도 남양주시 와부읍 덕소리,399000001020060001
덕수동물병원,인천광역시 남동구 간석동,353000001020030001
덕은하이동물병원,경기도 고양시 덕양구 덕은동,394000001020240003
덕정동물의료센터,경기도 양주시 덕정동,559000001020140001
덕천동물의료센터,부산광역시 북구 덕천동,332000001019910001
데이동물의료센터,경기도 하남시 망월동,404000001020210001
데이즈동물의료센터,경기도 화성시 오산동,553000001020240006
데이지동물병원,전북특별자치도 전주시 완산구 효자동1가,464100001020140002
데일리 동물병원,전북특별자치도 전주시 완산구 효자동2가,464100001020240005
데일리동물병원,충청남도 논산시 취암동,454000001020160001
데파트 동물병원,경상남도 창원시 마산합포구 중앙동3가,567000001020140007
도곡 치유 동물병원,서울특별시 강남구 역삼동,322000001020240005
도곡동행동물병원,서울특별시 강남구 도곡동,322000001020240007
도곡종합동물병원,서울특별시 강남구 역삼동,322000001020150003
도그마루 동물병원,서울특별시 송파구 잠실동,323000001020200005
도그빌동물병원,강원특별자치도 강릉시 교동,420000001020050001
도그스타 동물병원,경기도 수원시 권선구 호매실동,374000001020210001
도그앤캣동물병원,인천광역시 부평구 부평동,354000001020070001
도그앤피플 동물병원,울산광역시 남구 무거동,370000001020030002
도그원동물의료센터,서울특별시 은평구 갈현동,311000001020240001
도그파파,경기도 광주시 곤지암읍 건업리,554000001020160002
도그플러스,경기도 김포시 풍무동,409000001020070001
도그플러스 동물병원,경상남도 김해시 내동,535000001020100003
도그플러스 동물병원,경기도 의정부시 금오동,382000001020080004
도그플러스 동물병원,경상북도 구미시 광평동,508000001020190003
도그플러스 동물병원 마산점,경상남도 창원시 마산회원구 양덕동,567000001020190004
도그플러스 동물병원(미유펫 대구점),대구광역시 북구 동천동,345000001020040001
도그플러스동물병원,인천광역시 남동구 간석동,353000001020090004
도그플러스동물병원,대구광역시 달서구 용산동,347000001020110004
도그플러스동물병원,서울특별시 영등포구 문래동3가,318000001020120002
도담가축병원,경상북도 구미시 고아읍 관심리,508000001020220002
도담도담동물병원,울산광역시 울주군 서생면 용리,373000001020230001
도담도담동물병원,광주광역시 광산구 쌍암동,363000001020160002
도담도담동물병원,서울특별시 성북구 하월곡동,307000001020140002
도담도담동물병원,강원특별자치도 양구군 양구읍 중리,432000001020220001
도담동물병원,서울특별시 도봉구 도봉동,309000001020180006
도담동물병원,서울특별시 강동구 고덕동,324000001020200003
도담동물병원,강원특별자치도 춘천시 신북읍 율문리,418000001020190002
도담동물병원,전북특별자치도 군산시 미장동,467100001020170002
도담동물병원,서울특별시 은평구 역촌동,311000001020150001
도담동물병원,부산광역시 부산진구 범천동,329000001020030001
도담동물병원,경상남도 김해시 진영읍 진영리,535000001020140002
도담동물병원,대구광역시 달성군 현풍읍 중리,348000001020180002
도담동물병원,경상북도 영주시 가흥동,509000001020190001
도담동물병원(출장진료전문 동물병원),서울특별시 성동구 행당동,303000001020120003
도담동물의료센터,강원특별자치도 홍천군 홍천읍 갈마곡리,425100001020230001
도담동물의료센터동물병원,경기도 이천시 증포동,407000001020230004
도도 동물병원,경상남도 사천시 사남면 월성리,534000001020180003
도도동물병원,충청북도 청주시 상당구 용암동,572000001020041004
도드람양돈협동조합동물병원,대전광역시 서구 관저동,366000001020140003
도란도란동물병원,경기도 안산시 상록구 사동,393000001020160004
도래동물병원,경기도 오산시 수청동,400000001020180001
도리원 동물병원,경상북도 의성군 봉양면 화전리,515000001020140001
도림하나동물병원,서울특별시 영등포구 도림동,318000001020210003
도수의과가축병원,대구광역시 군위군 군위읍 서부리,514000001019920001
도안 ECO 종합동물병원,대전광역시 유성구 봉명동,367000001020130002
도안동물병원,대전광역시 서구 관저동,366000001020000001
도야동물병원,전라남도 목포시 용당동,480000001020080001
도원동물병원(출장전문),충청남도 예산군 오가면 역탑리,461000001020230002
도원동물병원(출장전문),전북특별자치도 김제시 신풍동,471100001020110002
도천동물병원,경상남도 통영시 도천동,533000001020220001
도청동물병원,,523000001020230002
도촌 동물병원,경기도 성남시 중원구 도촌동,378000001020080007
도킹어바웃 동물병원,서울특별시 강남구 개포동,322000001020220003
도하동물병원,경기도 화성시 오산동,553000001020210006
도화동물병원,서울특별시 마포구 도화동,313000001020130004
도희동물병원,인천광역시 서구 심곡동,356000001020060002
독립문동물병원,서울특별시 서대문구 냉천동,312000001020150003
독사랑동물병원,대구광역시 남구 대명동,344000001020070001
독산온동물병원,서울특별시 금천구 독산동,317000001020160001
독스동물병원,인천광역시 남동구 간석동,353000001020120002
돈워리동물병원,전북특별자치도 김제시 황산면 봉월리,471100001020230001
돌담 동물의료센터,경상북도 포항시 남구 이동,502000001020210001
돌봄동물메디컬클리닉,대구광역시 달서구 월성동,347000001020190001
돌봄동물병원,경기도 안양시 동안구 관양동,383000001020240002
돌봄동물병원,서울특별시 강동구 암사동,324000001020170003
돌봄동물병원,세종특별자치시  반곡동,569000001020220001
돌봄동물병원,경기도 고양시 일산서구 덕이동,394000001020160002
돌봄동물병원,전라남도 나주시 공산면 금곡리,483000001020240004
돌봄동물의료센터,경기도 수원시 팔달구 우만동,374000001020210005
돌산동물병원,전라남도 여수시 돌산읍 군내리,481000001020020001
동감동물의료센터,서울특별시 송파구 거여동,323000001020250004
동계동물병원,전북특별자치도 순창군 동계면 현포리,477100001020200001
동구종합동물병원,부산광역시 동구 수정동,327000001019920001
동그라미 동물의료센터,경기도 시흥시 장곡동,401000001020220003
동대구동물의료센터,대구광역시 동구 신암동,342000001020050001
동래종합동물병원,부산광역시 동래구 온천동,330000001020120001
동명동물병원,대구광역시 북구 읍내동,345000001019810001
동물병원 All Pets,강원특별자치도 강릉시 주문진읍 교항리,420100001020250002
동물병원 Dr.정,경기도 성남시 중원구 은행동,378000001020210001
동물병원 HADA,,409000001020170001
동물병원 The 개치동,부산광역시 수영구 민락동,338000001020240001
동물병원 WITH-PET,경상남도 사천시 사천읍 선인리,534000001020060001
동물병원 감동,경기도 용인시 기흥구 언남동,563000001020230001
동물병원 공감,서울특별시 강동구 천호동,324000001020180002
동물병원 누리에뜰,서울특별시 마포구 아현동,313000001020240001
동물병원 다움,광주광역시 북구 신안동,362000001020190004
동물병원 닥터K,서울특별시 마포구 상암동,313000001020140004
동물병원 더 메이,대전광역시 유성구 도룡동,367000001020240002
동물병원 더 하임,경기도 성남시 수정구 신흥동,378000001020230003
동물병원 돌봄,경기도 성남시 분당구 판교동,378000001020170002
동물병원 비아츠,서울특별시 도봉구 쌍문동,309000001020230002
동물병원 비헤이브,대전광역시 서구 탄방동,366000001020240001
동물병원 산책,부산광역시 금정구 부곡동,335000001020140001
동물병원 산책,경기도 양평군 양평읍 공흥리,417000001020220001
동물병원 여기로,경기도 과천시 갈현동,397000001020240001
동물병원 오월의산책,경기도 안양시 동안구 호계동,383000001020220001
동물병원 왓슨,인천광역시 부평구 부개동,354000001020230001
동물병원 움,서울특별시 은평구 불광동,311000001020200003
동물병원 위드,서울특별시 강북구 수유동,308000001019970001
동물병원 유피,서울특별시 송파구 석촌동,323000001020230008
동물병원 이야기,충청북도 청주시 흥덕구 봉명동,573000001020112003
동물병원 이음,경기도 용인시 기흥구 영덕동,563000001020210003
동물병원닥터스,충청남도 천안시 서북구 불당동,566000001020120002
동물병원도담도담,제주특별자치도 서귀포시 남원읍 남원리,652000001020180002
동물병원루니,경기도 성남시 분당구 금곡동,378000001020180010
동물병원알루,서울특별시 송파구 문정동,323000001020200004
동물병원예지,서울특별시 영등포구 대림동,318000001020220002
동물사랑동물병원,서울특별시 마포구 망원동,313000001020030008
동물사랑동물병원,경기도 안산시 단원구 선부동,393000001020020005
동물사랑동물병원,인천광역시 연수구 선학동,352000001019960001
동물사랑동물병원,경기도 수원시 팔달구 화서동,374000001020030020
동물사랑병원,경기도 부천시 원미구 상동,386000001020060012
동물사랑세상 의료센터,경기도 용인시 처인구 역북동,562000001020250001
동물심장병원 진심,충청남도 천안시 서북구 두정동,566000001020220002
동물에 반하다 동물병원,인천광역시 서구 청라동,356000001020170005
동물영상진단센터/나음고양이병원,서울특별시 강동구 길동,324000001020210003
동물은 내친구 동물병원,경기도 안산시 상록구 본오동,393000001020020003
동물은내친구,서울특별시 동작구 사당동,319000001020030001
동물을사랑하는사람들,서울특별시 강북구 번동,308000001020040004
동물의왕국 동물병원,인천광역시 남동구 구월동,353000001020090005
동물의왕국동물병원,서울특별시 송파구 거여동,323000001020020001
동물자유연대 부속 동물병원,경기도 남양주시 화도읍 답내리,399000001020150003
동물제중원금손이 동물병원,서울특별시 서초구 방배동,321000001020130006
동물진료법인 넬동물의료재단,경기도 안양시 동안구 평촌동,383000001020160007
동물진료법인피케이동물병원,대전광역시 동구 용전동,364000001020230002
동물진료법인하림애니멀클리닉센터,전북특별자치도 익산시 마동,468100001020100002
동물치과병원 케어덴,서울특별시 강남구 신사동,322000001020230003
동물치과병원메이,서울특별시 강남구 역삼동,322000001020220002
동물치유쉼터,전북특별자치도 전주시 덕진구 덕진동1가,464100001020160004
동백동물병원,경기도 용인시 기흥구 중동,563000001020060004
동부 동물병원,전북특별자치도 전주시 완산구 경원동3가,464100001019980001
동부동물병원,경상북도 경산시 사동,513000001020140001
동산동물병원,대구광역시 중구 남성로,341000001020050002
동산동물병원,전라남도 나주시 빛가람동,483000001020240005
동산동물병원,인천광역시 동구 송림동,350000001020140001
동산동물병원,경기도 양주시 남면 상수리,559000001020200002
동산동물병원,경상북도 상주시 성하동,511000001020150001
동삼동물병원,강원특별자치도 춘천시 동내면 학곡리,418000001019840001
동서울동물병원,서울특별시 광진구 광장동,304000001019990002
동성가축병원,강원특별자치도 평창군 평창읍 하리,428000001020190008
동수동물병원,인천광역시 부평구 부평동,354000001019990002
동수사랑동물병원,인천광역시 부평구 부평동,354000001020080004
동수원동물종합병원(권선점),경기도 수원시 권선구 권선동,374000001020010003
동심동물병원,제주특별자치도 제주시 연동,651000001019940001
동아동물병원,제주특별자치도 서귀포시 성산읍 고성리,652000001019961001
동암동물병원,인천광역시 남동구 간석동,353000001020050010
동양축산병원,부산광역시 동래구 명륜동,330000001019980002
동원동물병원,경상북도 문경시 흥덕동,512000001019870002
동원동물병원,경상남도 사천시 사천읍 수석리,534000001020030001
동은동물병원,경상북도 영주시 영주동,509000001020080001
동인동물메디컬센터,경상남도 창원시 진해구 안골동,567000001020140005
동인동물병원,대구광역시 중구 동인동4가,341000001019900001
동인동물병원,경기도 남양주시 호평동,399000001020050003
동일동물병원,경기도 용인시 수지구 동천동,564000001020130002
동주동물병원,강원특별자치도 철원군 동송읍 이평리,430000001020050001
동주동물병원,경기도 안양시 동안구 호계동,383000001020150001
동진동물병원,전북특별자치도 김제시 요촌동,471100001019950001
동진동물병원,경기도 남양주시 화도읍 마석우리,399000001020210002
동진동물병원(출장진료전문),경상남도 진주시 하대동,531000001020240001
동천 동물병원,대구광역시 북구 동천동,345000001020190002
동탄24시동물의료센터,경기도 화성시 반송동,553000001020190010
동탄동물병원,경기도 화성시 능동,553000001020110003
동탄스케치동물병원,경기도 화성시 영천동,553000001020170003
동탄원더스동물의료센터,경기도 화성시 신동,553000001020240005
동탄중앙동물병원,경기도 화성시 청계동,553000001020150008
동탄호수동물병원,경기도 화성시 산척동,553000001020200002
동편동물병원,경기도 안양시 동안구 관양동,383000001020160006
동편동물혈액검진센터,서울특별시 서초구 방배동,321000001020220001
동해동물병원,강원특별자치도 동해시 천곡동,421000001020030001
동해삼척태백축산업협동조합 동물병원,강원특별자치도 삼척시 남양동,424000001020030003
동행동물병원,경기도 김포시 풍무동,409000001020190002
동행동물병원,광주광역시 북구 오치동,362000001020190003
동행동물병원,대구광역시 달서구 대천동,347000001020220001
동현24시동물병원,경기도 광주시 송정동,554000001020100003
동호동물병원,경상남도 의령군 의령읍 동동리,539000001020170001
두근동물병원,충청북도 청주시 흥덕구 봉명동,573000001020250001
두남자동물병원,대구광역시 달서구 진천동,347000001020140003
두루동물병원,,324000001020030001
두루동물병원,강원특별자치도 원주시 무실동,419000001020200003
두류동물병원,대구광역시 달서구 성당동,347000001020030006
두리동물병원,전라남도 영암군 영암읍 역리,494000001019990001
두리동물병원,경상북도 상주시 만산동,511000001020220001
두리동물병원,충청남도 서산시 읍내동,453000001020240001
두리동물병원,경기도 수원시 권선구 세류동,374000001020020004
두리동물병원,서울특별시 송파구 마천동,323000001020090002
두리동물클리닉,경기도 수원시 팔달구 매산로3가,374000001020050003
두리종합동물병원,서울특별시 서초구 반포동,321000001020090004
두리틀동물병원,서울특별시 서대문구 북가좌동,312000001020120001
두산동물병원,경상북도 김천시 성내동,506000001019980002
두산메디펫동물병원,대구광역시 수성구 지산동,346000001020030002
두암동물병원,서울특별시 양천구 목동,314000001020170005
두카메디컬센터,경기도 안양시 동안구 관양동,383000001020240003
두타동물병원,강원특별자치도 삼척시 남양동,424000001020030004
두티동물병원,대구광역시 중구 대봉동,341000001020230001
둔산동물병원,대전광역시 서구 갈마동,366000001020050005
둔촌동물병원,서울특별시 강동구 성내동,324000001020030003
둘레길동물병원,서울특별시 은평구 불광동,311000001020160002
둘리동물병원,서울특별시 도봉구 창동,309000001020180004
드림동물병원,충청남도 천안시 동남구 신방동,565000001020190001
드림동물병원,서울특별시 구로구 고척동,316000001020180001
드림동물병원,전라남도 고흥군 동강면 유둔리,488000001020240001
드림동물병원,경기도 용인시 처인구 마평동,562000001020170004
드림동물병원,인천광역시 연수구 동춘동,352000001020160005
드림동물병원,부산광역시 금정구 구서동,335000001020150001
드림동물병원,서울특별시 강남구 역삼동,322000001020150006
드림동물병원,대전광역시 서구 탄방동,366000001020000002
드림동물병원,서울특별시 성북구 동소문동5가,307000001020030001
드림동물병원,경기도 남양주시 진접읍 장현리,399000001019990001
드림동물의료센터,세종특별자치시  종촌동,569000001020240002
드림벳 동물병원,경상남도 고성군 고성읍 동외리,542000001020230001
드림벳동물병원,경상남도 진주시 문산읍 상문리,531000001020070001
드림펫 동물병원,서울특별시 광진구 중곡동,304000001020130003
든든동물병원「산업동물 출장진료 전문」,경기도 이천시 모가면 진가리,407000001020200002
디디동물병원,인천광역시 강화군 강화읍 갑곳리,357000001020200001
디딤동물병원,전라남도 순천시 조례동,482000001020180001
디스동물병원,경상남도 거제시 고현동,537000001020060001
디아나동물병원,경기도 안양시 동안구 관양동,383000001020130002
디아나동물병원,서울특별시 서초구 방배동,321000001020100001
디아동물병원,서울특별시 강남구 개포동,322000001020210008
디아크동물병원,서울특별시 동대문구 청량리동,305000001020050004
디아크동물종합병원,서울특별시 동작구 노량진동,319000001020020001
디알씨동물병원,부산광역시 기장군 기장읍 동부리,340000001020160002
디에스 동물메디컬,대구광역시 달성군 다사읍 죽곡리,348000001020210001
디엔씨,경기도 고양시 덕양구 행신동,394000001019970001
디엔씨동물병원,서울특별시 마포구 노고산동,313000001019970001
디오 동물병원,인천광역시 연수구 송도동,352000001020160004
디오빌 동물병원,서울특별시 영등포구 당산동5가,318000001020070001
디위드동물병원,대전광역시 대덕구 송촌동,368000001020130001
디테일 동물의료센터,경기도 광명시 철산동,390000001020240001
딜리동물병원,경기도 성남시 분당구 야탑동,378000001020160010
따뜻한 on동물병원,,346000001020150002
따뜻한 동물병원,인천광역시 연수구 연수동,352000001020160001
따스한 동물병원,경기도 용인시 기흥구 청덕동,563000001020190003
땅콩 동물병원,서울특별시 강서구 마곡동,315000001020100004
땅콩동물병원,서울특별시 동대문구 답십리동,305000001020210001
땡큐,,418000001020140002
땡큐DOG동물병원,경기도 김포시 마산동,409000001020210001
또바기,경기도 파주시 동패동,406000001020200001
라라(Lara) 동물병원,대구광역시 북구 침산동,345000001020120001
라라동물의료원,서울특별시 구로구 구로동,316000001019990001
라비동물병원,경기도 김포시 운양동,409000001020230004
라뽀동물병원,경기도 평택시 서정동,391000001020120002
라엘동물병원,경기도 광주시 태전동,554000001020250001
라엘동물의료센터,경기도 성남시 분당구 운중동,378000001020230004
라온 동물 메디컬센터,울산광역시 중구 반구동,369000001020160001
라온 동물 메디컬센터,경상북도 구미시 송정동,508000001020240001
라온 반려 동물병원,충청남도 태안군 태안읍 동문리,462000001020170001
라온동물병원,부산광역시 사하구 하단동,334000001020130001
라온동물병원,서울특별시 용산구 이태원동,302000001020090003
라온동물병원,대전광역시 동구 가오동,364000001020160001
라온동물병원,서울특별시 마포구 성산동,313000001020250002
라온동물병원,강원특별자치도 양양군 양양읍 구교리,435000001020230001
라온동물병원,경기도 수원시 영통구 매탄동,374000001020180003
라온동물의료센터,충청남도 당진시 수청동,568000001020250001
라온펫동물병원,서울특별시 송파구 송파동,323000001020220002
라온펫동물병원,대전광역시 동구 홍도동,364000001020240001
라움동물병원,경기도 김포시 장기동,409000001020170002
라이언펫 수원광교동물병원,경기도 수원시 영통구 이의동,374000001020220001
라이프 동물병원,서울특별시 영등포구 신길동,318000001020190001
라이프동물병원,제주특별자치도 제주시 노형동,651000001020180009
라인동물병원,울산광역시 울주군 삼남면 신화리,373000001020180001
라임동물병원,경기도 파주시 다율동,406000001020070002
라임동물병원,경기도 부천시 오정구 원종동,386000001020070001
라임동물병원,서울특별시 송파구 방이동,323000001020140001
라임동물병원,경상남도 김해시 진영읍 진영리,535000001020160005
라임동물병원,서울특별시 성동구 홍익동,303000001020130001
라임동물병원,경기도 포천시 영중면 금주리,560000001020100001
라임동물병원,인천광역시 서구 청라동,356000001020210004
라파동물병원,대구광역시 달서구 장기동,347000001020170001
라파동물병원,경기도 화성시 봉담읍 상리,553000001020090002
라파동물병원,,520000001020070001
라파엘 동물병원,인천광역시 연수구 송도동,352000001020190001
라파엘동물병원,서울특별시 서초구 반포동,321000001020000006
라파엘종합동물병원,서울특별시 서대문구 연희동,312000001020020001
라포레동물메디컬센터,경기도 의왕시 삼동,403000001020200001
라퓨클레르 동물피부클리닉,서울특별시 강남구 청담동,322000001020230002
람파스동물병원,충청남도 천안시 서북구 쌍용동,566000001020240001
랑S종합동물병원,경상남도 진주시 상대동,531000001020060003
래온동물병원,경기도 성남시 중원구 성남동,378000001020200005
래이동물의료센터,서울특별시 강남구 대치동,322000001020120018
래플즈 동물병원,경기도 구리시 인창동,398000001020050002
러브펫,경기도 하남시 신장동,404000001020010001
러브펫 동물병원,경상북도 경주시 황성동,505000001020070001
러브펫 동물병원,서울특별시 영등포구 영등포동4가,318000001020190004
러브펫동물병원,경기도 동두천시 송내동,392000001020110002
러브펫종합동물병원,서울특별시 관악구 신림동,320000001020030005
런던동물병원,경기도 부천시 소사구 송내동,386000001020170003
레미 동물병원,서울특별시 중랑구 면목동,306000001020200001
레스펫동물병원,서울특별시 서초구 양재동,321000001020000001
레알피부전문동물병원,부산광역시 동래구 안락동,330000001020120002
레오동물병원,경기도 수원시 장안구 정자동,374000001019940003
레오동물병원,경기도 김포시 고촌읍 신곡리,409000001020170004
레이동물병원,경기도 수원시 장안구 정자동,374000001020210003
레이크동물병원,경기도 용인시 기흥구 동백동,563000001020070004
레이크동물의료센터,충청남도 천안시 서북구 성성동,566000001020200004
레인보우동물병원,대전광역시 동구 성남동,364000001020120002
로고스 동물병원,경기도 용인시 처인구 역북동,562000001020240003
로뎀나무 동물의료센터,경기도 양주시 만송동,559000001020200001
로뎀동물병원,경기도 파주시 문산읍 당동리,406000001020170005
로뎀종합동물병원,경기도 부천시 원미구 원미동,386000001020060004
로로 동물병원,경기도 김포시 장기동,409000001020140004
로로동물의료센터,충청북도 청주시 청원구 사천동,573500001020210001
로아동물병원,경기도 군포시 산본동,402000001020220001
로얄 도그앤캣 메디컬센터,서울특별시 광진구 자양동,304000001020160001
로얄동물메디컬센터 강동,서울특별시 강동구 길동,324000001020210002
로얄동물메디컬센터 본원,서울특별시 중랑구 면목동,306000001020230001
로얄동물메디컬센터w,서울특별시 마포구 서교동,313000001020100003
로얄동물병원,경기도 양주시 고암동,559000001020030008
로얄동물병원,대구광역시 수성구 범어동,346000001020140004
로얄동물병원,서울특별시 은평구 구산동,311000001020060001
로얄동물병원,충청남도 서산시 동문동,453000001020110001
로얄동물암치료센터,서울특별시 중랑구 면목동,306000001020170001
로얄동물외과수술센터,서울특별시 중랑구 면목동,306000001020230002
로얄말전문병원,제주특별자치도 제주시 조천읍 교래리,651000001020140006
로얄벳 동물병원,경기도 용인시 수지구 신봉동,564000001020100003
로얄종합동물병원,강원특별자치도 원주시 명륜동,419000001020010002
로얄펫동물병원,경기도 의정부시 의정부동,382000001020030002
로엘동물병원,서울특별시 광진구 자양동,304000001020080001
로이동물병원,서울특별시 성북구 동소문동6가,307000001020170001
로이종합동물병원,부산광역시 해운대구 재송동,333000001020130001
로잔동물의료센터,서울특별시 관악구 봉천동,320000001020070002
로하동물병원,광주광역시 서구 쌍촌동,360000001020170003
로하스 동물병원,경기도 남양주시 와부읍 덕소리,399000001020100005
로하스 동물병원,경기도 고양시 일산서구 주엽동,394000001020090009
로하스동물병원,대전광역시 대덕구 덕암동,368000001020140001
롯데동물메디컬센터,부산광역시 부산진구 양정동,329000001020190002
롯데동물병원,서울특별시 노원구 중계동,310000001019940001
롯데마트 안성점 쿨펫,경기도 안성시 공도읍 양기리,408000001020130001
루나동물병원,광주광역시 남구 봉선동,361000001020220001
루리동물병원,서울특별시 강동구 고덕동,324000001020240003
루아동물병원,경기도 화성시 향남읍 하길리,553000001020200006
루원 센트럴 동물의료센터,인천광역시 서구 가정동,356000001020230002
루원하이동물병원,인천광역시 서구 가정동,356000001020180003
루이스24시동물병원,인천광역시 남동구 만수동,353000001020180003
류인광동물병원(출장진료전문병원),강원특별자치도 영월군 한반도면 쌍용리,427000001020200001
류재선 동물병원,전라남도 화순군 화순읍 삼천리,490000001020210002
르엘동물의료센터,경상남도 김해시 신문동,535000001020250001
리더스 동물병원,서울특별시 양천구 신정동,314000001020070002
리더스 외과 동물병원,경기도 성남시 분당구 구미동,378000001020250001
리더스동물병원,제주특별자치도 제주시 연동,651000001020120001
리더스동물병원,부산광역시 해운대구 좌동,333000001020180003
리더스동물병원,대구광역시 남구 대명동,344000001020080001
리더스동물병원,경기도 화성시 청계동,553000001020200001
리디아 동물병원,서울특별시 강남구 신사동,322000001020250003
리라동물병원,인천광역시 중구 중산동,349000001020210001
리버동물의료센터,울산광역시 중구 태화동,369000001020200001
리버동물의료센터,세종특별자치시  대평동,569000001020190001
리버풀동물병원,경기도 파주시 금촌동,406000001020160003
리베동물메디컬센터,서울특별시 송파구 삼전동,323000001020220008
리본 동물병원,대전광역시 서구 갈마동,366000001020150001
리본동물병원,광주광역시 서구 화정동,360000001020250001
리본동물의료센터,강원특별자치도 춘천시 퇴계동,418000001020220004
리봄동물의료센터,경상북도 포항시 북구 장성동,502000001020200001
리브동물병원,대전광역시 서구 관저동,366000001020110002
리브동물의료센터,인천광역시 서구 왕길동,356000001020220001
리센츠 스타 동물병원,서울특별시 송파구 잠실동,323000001020120007
리안 동물병원,부산광역시 해운대구 중동,333000001020210002
리연외과동물병원,경기도 하남시 망월동,404000001020250002
리오동물병원,서울특별시 송파구 신천동,323000001020090006
리온동물병원,대구광역시 수성구 지산동,346000001020230001
리옹동물병원,경상남도 김해시 내동,535000001020020001
리움 동물의료센터,경기도 부천시 오정구 원종동,386000001020220002
리움동물의료센터,서울특별시 송파구 가락동,323000001020240001
리즈 동물병원,대구광역시 수성구 두산동,346000001020110002
리즈동물병원,서울특별시 양천구 목동,314000001020030011
리즈동물병원,서울특별시 서초구 잠원동,321000001020080005
리치동물병원,인천광역시 부평구 삼산동,354000001020090002
리치동물병원,부산광역시 부산진구 당감동,329000001020080002
리치펫동물병원,경기도 용인시 기흥구 중동,563000001020110002
리틀버드서울 버드앤주클리닉,서울특별시 송파구 가락동,323000001020240002
리틀쥬동물의료원,울산광역시 남구 신정동,370000001020010002
린동물병원,부산광역시 동래구 온천동,330000001020200001
링크늘푸른동물병원,전북특별자치도 전주시 완산구 중화산동2가,464100001020230002
링크동물의료센터,서울특별시 서대문구 북아현동,312000001020200002
마곡M동물의료센터,서울특별시 강서구 방화동,315000001020200001
마곡나무 동물병원,서울특별시 강서구 마곡동,315000001020170001
마더스동물병원,서울특별시 강남구 세곡동,322000001020150002
마레동물병원,부산광역시 기장군 일광읍 삼성리,340000001020230001
마로동물병원,전라남도 곡성군 곡성읍 읍내리,486000001020180001
마루 동물병원,전북특별자치도 전주시 완산구 서신동,464100001020050003
마루 동물병원(출장진료 전문병원),전라남도 무안군 무안읍 성남리,495000001020170001
마루동물병원,충청북도 괴산군 청천면 청천리,446000001020210002
마루동물병원,경기도 평택시 용이동,391000001020180003
마루동물병원,서울특별시 송파구 거여동,323000001020160006
마루동물병원,대구광역시 수성구 황금동,346000001020150004
마루동물병원,광주광역시 서구 금호동,360000001020130003
마루종합동물병원,강원특별자치도 원주시 단계동,419000001020060002
마루한동물병원,경기도 용인시 수지구 상현동,564000001020190002
마리네 동물병원,제주특별자치도 제주시 애월읍 유수암리,651000001020160003
마리동물병원,경기도 부천시 오정구 여월동,386000001020160005
마리동물병원,서울특별시 마포구 동교동,313000001020040007
마리동물병원,경기도 고양시 일산서구 탄현동,394000001020000004
마리동물병원,경상북도 영주시 가흥동,509000001020120002
마리동물병원,경상남도 창원시 마산회원구 내서읍 삼계리,567000001020140001
마리동물병원,부산광역시 해운대구 좌동,333000001020140004
마리동물병원,경기도 파주시 아동동,406000001020220001
마리동물병원,부산광역시 강서구 범방동,336000001020180001
마리동물의료센터,경기도 용인시 처인구 백암면 백암리,562000001020090002
마리동물의료센터 경기남부 분원(출장진료 전문),경기도 평택시 청북읍 현곡리,391000001020200001
마린동물병원,경상남도 창원시 진해구 풍호동,567000001020160003
마린숲 동물병원,부산광역시 해운대구 우동,333000001020200003
마린시티 종합동물병원,부산광역시 해운대구 우동,333000001020100004
마린파크 동물병원,부산광역시 해운대구 우동,333000001020210001
마사랑동물병원,경기도 과천시 주암동,397000001020050003
마산가축병원,경상남도 창원시 마산회원구 회성동,567000001019941003
마석동물병원,,399000001020150001
마송동물병원,경기도 김포시 통진읍 서암리,409000001020150003
마야동물병원,제주특별자치도 제주시 애월읍 상가리,651000001020140004
마음 동물병원,경기도 수원시 장안구 이목동,374000001020240004
마음가득동물병원,경기도 평택시 이충동,391000001020180001
마음담은 동물병원,경기도 남양주시 다산동,399000001020240001
마음동물병원,서울특별시 서초구 우면동,321000001020240001
마음동물병원,광주광역시 북구 신용동,362000001020190001
마음동물의료센터,제주특별자치도 제주시 외도일동,651000001020210005
마음든 동물병원,경상남도 진주시 가좌동,531000001020220002
마음반려 동물의료원,경기도 수원시 팔달구 인계동,374000001020130006
마음사랑 동물병원,서울특별시 강서구 내발산동,315000001020210004
마음을 나누는 동물병원,서울특별시 서대문구 북아현동,312000001020050001
마음을 읽어주는 마음동물병원,대구광역시 수성구 만촌동,346000001020200001
마음편한동물메디컬센터,경상북도 성주군 성주읍 예산리,521000001020210002
마이펫 동물병원,대전광역시 중구 유천동,365000001020170001
마이펫 동물병원,인천광역시 남동구 간석동,353000001020050004
마이펫동물병원,경기도 남양주시 화도읍 마석우리,399000001020100007
마이펫종합동물병원,전북특별자치도 정읍시 수성동,469100001020040001
마인동물의료센터,서울특별시 강북구 번동,308000001020220001
마일스톤피그클리닉(출장진료전문),충청남도 예산군 삽교읍 신리,461000001020180001
마크로24시 동물병원,대전광역시 서구 월평동,366000001020050006
만금동물병원,전라남도 곡성군 석곡면 석곡리,486000001020250001
만년YES동물병원,대전광역시 서구 만년동,366000001020160003
만덕24시동물병원,부산광역시 북구 만덕동,332000001020120001
만박동물병원,부산광역시 서구 토성동1가,326000001020150001
만세동물병원,경기도 시흥시 정왕동,401000001020190001
만수동물병원,인천광역시 남동구 만수동,353000001019980001
말바우동물병원,광주광역시 북구 우산동,362000001020230001
맑은 동물병원,서울특별시 동대문구 신설동,305000001020070001
맑은 동물의료센터,인천광역시 서구 당하동,356000001020240005
맑은눈 동물병원,대전광역시 유성구 봉명동,367000001020210004
맑은숲동물병원,경기도 평택시 이충동,391000001020100003
맘동물병원,경기도 수원시 영통구 이의동,374000001020150004
맘스동물의료센터,경기도 부천시 원미구 상동,386000001020160003
망미동물병원,부산광역시 연제구 연산동,337000001020110001
망원동물종합병원,서울특별시 마포구 망원동,313000001020000003
매일동물병원,전라남도 광양시 광양읍 인동리,484000001019830001
매탄동물병원,경기도 수원시 영통구 매탄동,374000001020130004
맥동물병원,경기도 평택시 평택동,391000001019980001
맥스동물병원,경상북도 포항시 북구 신광면 토성리,502000001020220003
멍냥 동물병원,경기도 오산시 궐동,400000001020240001
멍멍냐옹동물병원,인천광역시 남동구 구월동,353000001020190002
메디 포즈 동물병원,경기도 남양주시 와부읍 월문리,399000001020180001
메디스동물병원,경기도 화성시 장지동,553000001020220002
메디펫 동물병원,서울특별시 서초구 서초동,321000001020030011
메디펫동물병원,서울특별시 은평구 갈현동,311000001020040004
메디펫우리동물병원,울산광역시 남구 달동,370000001020020004
메디힐동물병원,경기도 광명시 일직동,390000001020200003
메르시 동물병원,경기도 성남시 분당구 판교동,378000001020180003
메리 동물병원,경기도 수원시 권선구 호매실동,374000001020180006
메리알동물병원,경기도 고양시 덕양구 행신동,394000001020210006
메리트원 동물의료센터,서울특별시 구로구 고척동,316000001020240001
메이 동물병원,울산광역시 중구 남외동,369000001020190001
메이동물메디컬센터,전북특별자치도 전주시 완산구 중화산동2가,464100001020150001
메이동물병원,충청북도 청주시 서원구 개신동,572500001020230001
메이동물병원,인천광역시 남동구 만수동,353000001020150005
메이트 동물병원,경기도 화성시 남양읍 남양리,553000001020250003
메이플 동물의료센터,서울특별시 강동구 강일동,324000001020210001
메이플동물병원,충청북도 옥천군 옥천읍 삼양리,443000001020230001
메이플동물병원,인천광역시 서구 원당동,356000001020140004
메인동물병원,서울특별시 노원구 공릉동,310000001020150001
메인동물병원,충청북도 청주시 청원구 오창읍 양청리,573500001020160001
메종동물병원,서울특별시 중구 신당동,301000001020190004
메타 동물의료센터,경기도 화성시 반송동,553000001020150005
메트로동물병원,경상남도 창원시 마산회원구 양덕동,567000001020160001
메트로동물병원,부산광역시 남구 용호동,331000001020030001
멘토동물병원,대구광역시 수성구 범물동,346000001020120002
면목동물병원,서울특별시 중랑구 면목동,306000001020090001
명 축산동물병원,충청남도 연기군 조치원읍 정리,456000001019980001
명 축산동물병원,세종특별자치시  조치원읍 정리,569000001019980001
명덕동물병원,대구광역시 남구 대명동,344000001020220001
명동물병원,경기도 군포시 금정동,402000001019950001
명동물병원,충청남도 아산시 온천동,452000001020160005
명성동물병원,충청북도 청주시 상당구 미원면 미원리,572000001020083002
명성동물병원,전라남도 장흥군 관산읍 옥당리,491000001020030004
명성동물병원,충청북도 보은군 보은읍 신함리,442000001020220001
명성동물병원,경기도 과천시 주암동,397000001020200001
명수의병원,경상북도 경산시 삼북동,513000001020200002
명지 수동물병원,부산광역시 강서구 명지동,336000001020220001
명지오션시티동물병원,부산광역시 강서구 명지동,336000001020130001
명지종합동물병원,부산광역시 강서구 명지동,336000001020120002
명진동물병원,충청북도 제천시 하소동,440000001020160001
명진동물병원,대구광역시 동구 신암동,342000001020200002
명휘동물병원             *출장진료전문병원,강원특별자치도 원주시 판부면 서곡리,419000001020230001
모네동물피부과,서울특별시 강북구 미아동,308000001020210001
모던동물병원,광주광역시 동구 계림동,359000001020230001
모두동물병원,서울특별시 구로구 개봉동,316000001020200004
모두애동물병원,인천광역시 연수구 송도동,352000001020200004
모라동물병원,부산광역시 사상구 모라동,339000001019960002
모란동물병원,경기도 성남시 중원구 성남동,378000001020120008
모란동물병원,경기도 광주시 경안동,554000001020200001
모래내동물병원,전북특별자치도 전주시 덕진구 인후동2가,464100001020050006
모루 동물의료센터,서울특별시 중랑구 상봉동,306000001020250001
모리동물병원,경기도 고양시 덕양구 삼송동,394000001020250004
모모동물병원,서울특별시 강서구 마곡동,315000001020200002
모서동물병원,경상북도 상주시 모서면 삼포리,511000001019760001
모아동물병원,경기도 성남시 수정구 신흥동,378000001020220001
모아동물병원,부산광역시 사하구 장림동,334000001020220002
모아동물병원,전라남도 영암군 군서면 동구림리,494000001020220001
모양동물병원,전북특별자치도 고창군 고창읍 읍내리,478100001020070001
모여라동물병원,서울특별시 강동구 상일동,324000001020250001
모코동물의료센터,인천광역시 계양구 계산동,355000001020220001
모현동물병원,전북특별자치도 익산시 모현동1가,468100001020160002
목감동물병원,경기도 시흥시 조남동,401000001020160003
목감시티동물병원,경기도 시흥시 조남동,401000001020180003
목동 동물병원,서울특별시 양천구 목동,314000001020120002
목자동물병원,경상남도 남해군 남해읍 남변리,543000001019830001
목포동물병원,전라남도 목포시 용당동,480000001020200002
몽마르뜨 동물병원,서울특별시 서초구 방배동,321000001020210002
묘연고양이병원,경상남도 김해시 내동,535000001020230001
무등동물병원,전라남도 나주시 이창동,483000001020000002
무등동물병원,광주광역시 북구 임동,362000001019710001
무안동물병원,경상남도 밀양시 무안면 무안리,536000001019720001
무안종합동물병원,전라남도 무안군 무안읍 성내리,495000001019980001
무양반려동물병원,경상북도 상주시 무양동,511000001020170001
무진장축협동물병원,전북특별자치도 장수군 장수읍 장수리,475100001020090001
문 동물병원,울산광역시 울주군 언양읍 동부리,373000001020240003
문 동물병원,전북특별자치도 장수군 장수읍 두산리,475100001020160002
문경축협 동물병원,경상북도 문경시 호계면 견탄리,512000001020110002
문덕동물병원,,502000001020130001
문동물병원(출장진료전문병원),충청북도 충주시 대소원면 만정리,439000001020170001
문막동물병원,강원특별자치도 원주시 문막읍 건등리,419000001020010001
문산동물의료센터,경기도 파주시 문산읍 문산리,406000001020070001
문수동물병원,울산광역시 남구 무거동,370000001020020003
문수동물병원,전라남도 여수시 율촌면 상봉리,481000001020020008
문수의과병원,경상남도 합천군 합천읍 합천리,548000001020220002
문정탑동물병원,서울특별시 송파구 문정동,323000001020140003
문정힐스 동물병원,서울특별시 송파구 문정동,323000001020190001
문종합동물병원,대구광역시 달서구 이곡동,347000001020000003
문현동물병원,부산광역시 남구 문현동,331000001019920001
문혜동물병원,강원특별자치도 철원군 갈말읍 군탄리,430000001020030004
문화동물병원,경상북도 문경시 흥덕동,512000001020250001
물금 본 동물병원,경상남도 양산시 물금읍 가촌리,538000001020220003
물빛동물병원,인천광역시 남동구 서창동,353000001020170001
뮤동물병원,세종특별자치시  한솔동,569000001020170001
미니주동물병원,서울특별시 양천구 목동,314000001020060004
미담동물의료센터,경기도 남양주시 별내동,399000001020180002
미드미동물병원,경기도 김포시 마산동,409000001020200004
미드미동물의료센터,서울특별시 강동구 명일동,324000001020130003
미듬동물병원,제주특별자치도 서귀포시 대정읍 하모리,652000001020180001
미라클 동물병원,인천광역시 연수구 송도동,352000001020160003
미래동물병원,경기도 평택시 팽성읍 안정리,391000001020240003
미래동물병원,경상북도 칠곡군 왜관읍 왜관리,522000001020090001
미래동물병원,서울특별시 강서구 화곡동,315000001020020013
미래동물병원,전북특별자치도 부안군 부안읍 봉덕리,479100001020040001
미래동물병원,전라남도 함평군 월야면 정산리,496000001020050001
미래동물병원,대전광역시 동구 용운동,364000001020010001
미래동물병원,경상남도 창녕군 영산면 동리,541000001020070001
미래동물병원,서울특별시 노원구 공릉동,310000001020010001
미래동물병원,서울특별시 은평구 갈현동,311000001020000002
미래동물병원,세종특별자치시  조치원읍 신안리,569000001020200001
미래동물병원,경상북도 김천시 성내동,506000001020100001
미래동물병원,충청남도 청양군 청양읍 읍내리,459000001020140001
미래동물병원(산업동물진료),경상남도 사천시 축동면 배춘리,534000001020220001
미래동물병원(출장진료전문동물병원),경상남도 함안군 칠원읍 용산리,540000001020110001
미래동물의료센터,경기도 성남시 분당구 서현동,378000001020170011
미래연합동물병원,경상북도 영천시 금호읍 교대리,510000001020090001
미래종합동물병원,강원특별자치도 춘천시 석사동,418000001020060002
미래종합동물병원,전북특별자치도 익산시 어양동,468100001020030002
미래지동물의료센터,서울특별시 중구 신당동,301000001020010001
미래펫 동물병원,울산광역시 남구 신정동,370000001020010001
미래펫 동물병원,경상남도 창원시 성산구 반림동,567000001020100001
미르 동물병원,경기도 부천시 원미구 상동,386000001019990002
미르 동물병원,전라남도 보성군 보성읍 우산리,489000001020200002
미르동물병원,경상남도 양산시 동면 석산리,538000001020220002
미르동물병원,대구광역시 달서구 이곡동,347000001020050002
미르동물병원,광주광역시 광산구 수완동,363000001020210001
미르동물병원,경상북도 포항시 남구 오천읍 용덕리,502000001020070002
미르동물의료센터,서울특별시 강남구 개포동,322000001020240002
미리내동물병원,경기도 남양주시 별내동,399000001020140001
미사 센트럴 동물병원,경기도 하남시 풍산동,404000001020220001
미사늘봄동물병원,경기도 하남시 망월동,404000001020170004
미사동물병원,경기도 하남시 망월동,404000001020160006
미사랑동물병원,경기도 하남시 망월동,404000001020210004
미사마이펫,경기도 하남시 망월동,404000001020170002
미사서울동물병원,경기도 하남시 망월동,404000001020180003
미사숲동물의료센터,경기도 하남시 망월동,404000001020170001
미소 동물 병원,대전광역시 동구 효동,364000001020230001
미소 동물병원,경기도 오산시 금암동,400000001020110002
미소 동물병원,전북특별자치도 군산시 대야면 지경리,467100001020230001
미소돌봄동물병원,경기도 안산시 상록구 성포동,393000001020190002
미소동물 의료센터,경기도 김포시 풍무동,409000001020240005
미소동물병원,서울특별시 성북구 종암동,307000001020060001
미소동물병원,대구광역시 달서구 감삼동,347000001020140002
미소동물병원(출장진료전문동물병원),전라남도 함평군 함평읍 내교리,496000001020240001
미소동물치과병원,부산광역시 부산진구 부전동,329000001020130001
미소로동물병원,서울특별시 영등포구 영등포동8가,318000001020140001
미소종합동물병원,경상남도 고성군 고성읍 송학리,542000001020120001
미엘동물병원,경기도 파주시 동패동,406000001020170010
미유펫 동물병원,광주광역시 서구 쌍촌동,360000001020240001
민경현동물병원,강원특별자치도 횡성군 우천면 우항리,426100001020240002
민동물병원,전라남도 화순군 화순읍 신기리,490000001020210001
민동물병원,경기도 고양시 덕양구 성사동,394000001019920001
민들레동물병원,경상남도 진주시 인사동,531000001019960001
민락동물병원,,338000001020140001
민락동물병원,경기도 의정부시 민락동,382000001020030006
민병철동물병원,서울특별시 양천구 신월동,314000001019990002
민트동물병원,경기도 광주시 초월읍 쌍동리,554000001020240003
민트동물병원,서울특별시 용산구 산천동,302000001020120003
민해동물병원,강원특별자치도 강릉시 회산동,420100001020250001
믿음동물병원(출장진료 전문),경기도 평택시 비전동,391000001019990003
밀리언동물병원,서울특별시 양천구 신정동,314000001020160001
밀양대동물진료센터,경상남도 밀양시 부북면 전사포리,536000001020240001
밀양동물메디컬센터,경상남도 밀양시 삼문동,536000001020200001
밀양축협동물병원,경상남도 밀양시 삼문동,536000001020030001
바나나동물병원,인천광역시 남동구 구월동,353000001020200001
바다동물병원,부산광역시 수영구 광안동,338000001020190001
바다동물병원(Bada Animal Hospital),서울특별시 용산구 용산동5가,302000001020160001
바라다동물병원,경기도 의정부시 의정부동,382000001020190001
바라봄동물병원,,303000001020170001
바로 동물병원,경기도 부천시 원미구 원미동,386000001020160002
바로동물병원,강원특별자치도 영월군 영월읍 영흥리,427100001020240001
바로동물병원(출장진료전문병원),충청북도 제천시 하소동,440000001020180001
바로슬동물병원,서울특별시 송파구 방이동,323000001020230003
바론동물병원,충청남도 부여군 부여읍 쌍북리,457000001020230001
바론동물병원,서울특별시 동대문구 이문동,305000001020170001
바론산업동물병원,세종특별자치시  나성동,569000001020190002
바른 동물병원,전북특별자치도 전주시 덕진구 호성동1가,464100001020030003
바른 정 동물병원,강원특별자치도 원주시 단구동,419100001020240003
바른걸음 외과 동물병원,경기도 광명시 하안동,390000001020150001
바른길동물병원,경상북도 성주군 성주읍 성산리,521000001020210001
바른동물메디컬센터,서울특별시 서대문구 남가좌동,312000001020240001
바른동물병원,광주광역시 서구 동천동,360000001020170001
바른동물병원,전북특별자치도 부안군 부안읍 서외리,479100001020220002
바른동물병원,세종특별자치시  다정동,569000001020180002
바른동물병원,충청북도 영동군 영동읍 동정리,444000001020230001
바른동물병원,인천광역시 연수구 송도동,352000001020200005
바른동물병원,경기도 남양주시 평내동,399000001020230003
바른동물병원,경상남도 창원시 마산회원구 내서읍 삼계리,567000001020200002
바른동물병원,경기도 광주시 경안동,554000001020160004
바른동물병원,강원특별자치도 강릉시 포남동,420100001020240001
바른동물병원,부산광역시 동래구 안락동,330000001020120003
바른동물병원,경상남도 하동군 진교면 고룡리,544000001020250001
바른동물병원,인천광역시 미추홀구 학익동,351000001020160002
바른동물병원,경기도 의정부시 의정부동,382000001020140004
바른동물병원,경기도 이천시 진리동,407000001020230005
바른동물병원,서울특별시 중구 황학동,301000001020160002
바른동물병원,서울특별시 성동구 금호동4가,303000001020130006
바른동물병원,충청남도 보령시 궁촌동,451000001020130001
바른동물병원,경상북도 칠곡군 왜관읍 석전리,522000001020220001
바른동물의료센터,전라남도 무안군 삼향읍 남악리,495000001020220002
바른마음동물병원,경기도 시흥시 능곡동,401000001020200005
바른진료 동물병원,부산광역시 기장군 일광읍 삼성리,340000001020210002
바스텟고양이병원,대전광역시 유성구 도룡동,367000001020210002
바우동물병원,전북특별자치도 전주시 덕진구 우아동3가,464100001020060002
바우동물병원,경기도 안양시 만안구 박달동,383000001020040010
바우동물병원,경기도 안성시 공도읍 승두리,408000001020100001
바우미우동물병원,서울특별시 중구 신당동,301000001019920001
바울 동물병원,인천광역시 강화군 강화읍 남산리,357000001020040001
바이오드동물병원,전북특별자치도 익산시 마동,468100001020240001
바이오컨설팅 & 신동물병원,광주광역시 북구 임동,362000001020040001
바이웰동물병원,경기도 포천시 영중면 양문리,560000001020130001
바하 고양이 병원,경기도 의왕시 내손동,403000001020220001
박 동물병원,부산광역시 사하구 당리동,334000001019920002
박동물병원,전라남도 영광군 영광읍 교촌리,497000001019940003
박동물병원,전북특별자치도 무주군 무주읍 당산리,474100001020060001
박동물병원,전북특별자치도 순창군 순창읍 남계리,477100001019760001
박동물병원,전북특별자치도 완주군 봉동읍 장기리,472100001019860001
박동물병원,서울특별시 강서구 내발산동,315000001020020007
박동물병원,경상남도 합천군 가야면 야천리,548000001019920001
박동물병원,울산광역시 울주군 언양읍 태기리,373000001020160002
박동물병원,충청북도 충주시 금릉동,439000001019950001
박동물병원,경상북도 청도군 풍각면 송서리,519000001019960001
박명기 동물병원,경상남도 합천군 초계면 초계리,548000001020120001
박물관옆동물병원,대구광역시 달서구 본동,347000001020020001
박성식동물병원,경상남도 김해시 동상동,535000001019990003
박성준 동물병원,대구광역시 군위군 군위읍 서부리,514000001019960001
박순복동물병원,대구광역시 동구 효목동,342000001019960001
박순석동물메디컬센터,대구광역시 남구 대명동,344000001020210001
박영우안과동물병원,대구광역시 중구 대봉동,341000001020220002
박영재 동물병원,전북특별자치도 전주시 완산구 서서학동,464100001019920002
박영학동물병원,경상북도 상주시 복룡동,511000001020160001
박인석 동물병원,전라남도 나주시 남평읍 교촌리,483000001020120001
박종현동물병원,부산광역시 수영구 민락동,338000001020180001
박지호 동물병원,울산광역시 울주군 삼남면 방기리,373000001020170002
박창석종합동물병원,서울특별시 마포구 도화동,313000001020070002
박창언 동물병원,부산광역시 해운대구 재송동,333000001020200004
박철환동물병원,서울특별시 동대문구 장안동,305000001019970001
박학규동물병원,,544000001020150001
박한준종합동물병원,경기도 시흥시 대야동,401000001020050002
박형우동물병원,서울특별시 강동구 성내동,324000001020040005
박효리군 동물병원,서울특별시 마포구 망원동,313000001020120001
반곡동 작은동물병원,강원특별자치도 원주시 반곡동,419000001020210001
반디동물병원,인천광역시 부평구 삼산동,354000001020160002
반딧불 동물병원,경기도 고양시 일산서구 주엽동,394000001020030007
반려동물 의료센터 다울,서울특별시 서초구 방배동,321000001020100005
반려동물병원,경기도 파주시 조리읍 봉일천리,406000001020230005
반려마루 동물병원,경기도 여주시 상거동,570000001020230002
반려마루 화성,경기도 화성시 마도면 쌍송리,553000001020140002
반석가금진료연구소,충청북도 음성군 대소면 대풍리,447000001020070002
반석동물병원,,505000001020160002
반석동물병원(출장전문병원),전라남도 함평군 함평읍 내교리,496000001020000001
반송동물병원,부산광역시 해운대구 반송동,333000001020030001
반여착한동물병원,부산광역시 해운대구 반여동,333000001020170001
반월동물병원,경기도 안산시 상록구 건건동,393000001020170003
반창꼬동물병원,경기도 양주시 옥정동,559000001020100001
반포자이동물병원,서울특별시 서초구 반포동,321000001020110003
발라드동물병원(출장전문),경기도 안성시 일죽면 송천리,408000001020220002
발안종합동물병원,경기도 화성시 향남읍 평리,553000001019990003
발편한동물병원,전라남도 장성군 장성읍 기산리,498000001020230001
밝은동물병원,광주광역시 광산구 월곡동,363000001020150001
방배한강동물병원,서울특별시 서초구 방배동,321000001020010005
방실웃는 동물병원,경기도 수원시 영통구 매탄동,374000001020130011
방어진 행복한 동물병원,울산광역시 동구 방어동,371000001020060001
방주동물병원,광주광역시 북구 오치동,362000001020040011
방주동물병원(출장전문),전북특별자치도 김제시 서암동,471100001020210002
방주동물의료센터,서울특별시 강동구 성내동,324000001020160002
방주종합동물병원,서울특별시 광진구 중곡동,304000001020020003
방학동물병원,서울특별시 도봉구 방학동,309000001019990002
방학동물외과센터,서울특별시 도봉구 방학동,309000001020150001
배곧도담동물병원,경기도 시흥시 배곧동,401000001020200003
배곧동물병원,경기도 시흥시 정왕동,401000001020020006
배곧코코동물병원,경기도 시흥시 정왕동,401000001020180002
배다리동물병원,경기도 평택시 죽백동,391000001020230001
배박사 동물병원,울산광역시 북구 상안동,372000001020100001
배방동물병원,충청남도 아산시 배방읍 북수리,452000001020100003
배산 동물병원,부산광역시 기장군 기장읍 대라리,340000001020200001
배선생펫스토리동물병원,광주광역시 광산구 신가동,363000001020150002
백 동물병원,충청남도 당진시 읍내동,463000001019950001
백남수동물병원,전라남도 화순군 화순읍 일심리,490000001019910002
백년동물병원,서울특별시 서대문구 홍은동,312000001019960002
백동물병원,충청남도 부여군 부여읍 구아리,457000001019900001
백동물병원,전라남도 영광군 영광읍 단주리,497000001020230001
백동물병원,충청북도 영동군 영동읍 계산리,444000001020090001
백동물병원,경상남도 거창군 거창읍 김천리,547000001019930002
백동물의료센터,경기도 화성시 봉담읍 동화리,553000001020240003
백두 동물병원,경상북도 안동시 정하동,507000001020220002
백두동물병원,경상북도 김천시 황금동,506000001020080001
백두동물병원,경상북도 상주시 공성면 옥산리,511000001020090001
백두산동물병원,경기도 포천시 소흘읍 송우리,560000001019940001
백록동물병원,제주특별자치도 제주시 외도일동,651000001020130005
백마동물병원,경기도 고양시 일산동구 마두동,394000001020050004
백마동물병원,인천광역시 부평구 부평동,354000001019980001
백산동물병원,경기도 여주시 하동,411000001020030003
백산동물병원,서울특별시 강남구 역삼동,322000001020120016
백산동물병원,경상북도 의성군 안계면 용기리,515000001020180001
백석동물병원,충청남도 천안시 서북구 백석동,449000001020050001
백석동물병원,경기도 양주시 백석읍 오산리,559000001020030005
백슬동물병원,인천광역시 남동구 구월동,353000001020070001
백슬동물병원,서울특별시 중구 만리동2가,301000001020110002
백암동물병원,경기도 용인시 처인구 백암면 근창리,562000001020070001
백양동물병원,부산광역시 북구 만덕동,332000001019920002
백제 가축병원,충청남도 당진시 합덕읍 운산리,463000001019790001
백제동물병원,충청남도 부여군 임천면 군사리,457000001020230002
백제동물병원,전라남도 강진군 강진읍 동성리,492000001020060001
백현 동물병원,경기도 성남시 분당구 백현동,378000001020150006
백현Se동물병원,경기도 용인시 기흥구 동백동,563000001020200002
백호동물병원,경상남도 고성군 고성읍 서외리,542000001020190002
밴스(vans)동물병원,경기도 화성시 영천동,553000001020160003
버팔로 동물병원,대구광역시 군위군 군위읍 서부리,514000001020140001
벌교동물병원,전라남도 보성군 벌교읍 벌교리,489000001019900001
범 동물병원,세종특별자치시  조치원읍 서창리,569000001020240003
범방동물병원,경상북도 구미시 선산읍 완전리,508000001020170003
범어동물병원,대구광역시 수성구 범어동,346000001019950001
범어동물의료센터,대구광역시 수성구 수성동3가,346000001020180001
베를린 동물치과센터,서울특별시 송파구 방이동,323000001020220003
베리굿동물병원,서울특별시 노원구 중계동,310000001020230001
베리떼 동물병원,인천광역시 연수구 송도동,352000001020170002
베베동물병원,서울특별시 강동구 천호동,324000001020240006
베스트,인천광역시 강화군 강화읍 갑곳리,357000001019940001
베스트 동물병원,대전광역시 유성구 상대동,367000001020160001
베스트 종합 동물병원,대구광역시 달서구 감삼동,347000001020040006
베스트 프렌즈 동물병원,경기도 평택시 신장동,391000001020210001
베스트고양이병원,광주광역시 서구 화정동,360000001020190002
베스트동물병원,강원특별자치도 강릉시 옥천동,420000001020180003
베스트동물병원,경기도 화성시 진안동,553000001020050004
베스트동물병원,경기도 수원시 장안구 천천동,374000001020110004
베스트동물병원,경상북도 구미시 진평동,508000001020070001
베스트동물병원,광주광역시 서구 화정동,360000001020130002
베스트팜R동물병원(출장진료전문병원),경상남도 진주시 사봉면 봉곡리,531000001020190005
베스트프렌드 동물병원,부산광역시 수영구 망미동,338000001020230001
베이동물병원,서울특별시 용산구 이촌동,302000001020170001
베이시티 동물병원,부산광역시 서구 암남동,326000001020220001
베이지동물병원,서울특별시 성동구 하왕십리동,303000001020190003
베이직 동물병원,부산광역시 북구 만덕동,332000001020200001
베트문동물병원,대구광역시 수성구 범물동,346000001020110006
벡스코 동물병원,부산광역시 해운대구 우동,333000001020190002
벤지동물병원,전라남도 나주시 빛가람동,483000001020220001
벧엘동물병원,울산광역시 울주군 두동면 봉계리,373000001020020003
벨라동물병원,서울특별시 구로구 구로동,316000001020120001
벳케어 동물병원,경기도 고양시 일산서구 가좌동,394000001020100003
변수의과동물병원,대구광역시 동구 검사동,342000001020020001
변정수동물병원(산업동물출장전문동물병원),경상남도 함안군 가야읍 말산리,540000001020080001
별난동물병원,서울특별시 도봉구 쌍문동,309000001020140001
별내동물병원,경기도 남양주시 별내동,399000001020130002
별담동물병원,충청북도 청주시 흥덕구 오송읍 봉산리,573000001020240002
별빛동물병원,경상북도 영천시 북안면 임포리,510000001020190001
별빛안 동물병원,서울특별시 관악구 신림동,320000001020100002
별사랑동물병원,경기도 남양주시 별내동,399000001020130004
병구동물병원,전북특별자치도 무주군 안성면 장기리,474100001020030004
보경동물병원,대구광역시 서구 비산동,343000001019920001
보경동물병원,경상남도 거창군 거창읍 대동리,547000001020230001
보경종합동물병원,경상북도 안동시 당북동,507000001020060002
보계동물병원,경상남도 양산시 중부동,538000001020030001
보광동물병원,세종특별자치시  조치원읍 침산리,569000001020110002
보노보노동물병원,서울특별시 강북구 수유동,308000001020090001
보담동물병원,서울특별시 중랑구 면목동,306000001020160001
보담동물의료센터,부산광역시 금정구 장전동,335000001020230002
보드미동물병원,,398000001020170004
보드미동물병원,경상북도 구미시 옥계동,508000001020130004
보드미동물병원,충청북도 충주시 교현동,439000001020050001
보듬 동물병원,부산광역시 부산진구 가야동,329000001020200001
보듬동물병원,인천광역시 남동구 서창동,353000001020150001
보듬동물병원,서울특별시 도봉구 쌍문동,309000001020210001
보라매동물병원,서울특별시 관악구 봉천동,320000001019880001
보라매웰종합동물병원,서울특별시 동작구 대방동,319000001020130002
보라종합동물병원,경기도 용인시 기흥구 보라동,563000001020150002
보람동물병원,경상북도 문경시 흥덕동,512000001020180001
보람동물병원,서울특별시 중랑구 면목동,306000001019950001
보람동물병원,광주광역시 광산구 선암동,363000001020130001
보람동물병원,경기도 평택시 고덕면 동청리,391000001019940003
보람동물병원,서울특별시 광진구 군자동,304000001020060003
보람동물병원,인천광역시 남동구 구월동,353000001020140005
보람동물병원,경상남도 진주시 평거동,531000001020010001
보령동물병원,충청남도 보령시 동대동,451000001020100001
보령축협 동물병원,충청남도 보령시 대천동,451000001020200001
보바인 동물병원,경기도 화성시 향남읍 행정리,553000001020150003
보비동물병원,인천광역시 부평구 산곡동,354000001019900001
보성동물병원,전라남도 보성군 보성읍 주봉리,489000001019760001
보성통증동물병원,서울특별시 성북구 정릉동,307000001020070004
보우동물병원,경기도 부천시 소사구 옥길동,386000001020160008
보우종합동물병원,경상북도 안동시 안기동,507000001020000003
보은옥천영동축협 동물병원,충청북도 보은군 보은읍 이평리,442000001020110001
보은옥천영동축협 옥천지점 동물병원,충청북도 옥천군 옥천읍 금구리,443000001020250001
보정동물병원,경기도 용인시 기흥구 보정동,563000001020140005
보타닉동물병원,서울특별시 강서구 가양동,315000001020230002
보현동물병원,경기도 수원시 영통구 영통동,374000001020230002
본 동물 건강검진영상센터,대구광역시 달서구 상인동,347000001020240001
본 동물메디컬센터 외과동물병원,대구광역시 달서구 상인동,347000001020170003
본 동물의료센터,경기도 수원시 장안구 조원동,374000001020150008
본동물메디컬센터 24시수성점,대구광역시 수성구 만촌동,346000001020210002
본동물병원,전라남도 순천시 조례동,482000001020210001
본리종합동물병원,대구광역시 달서구 장기동,347000001020170002
본바른 동물의료센터,경기도 남양주시 별내동,399000001020240003
본오365동물병원,경기도 안산시 상록구 본오동,393000001020170002
본외과동물의료센터,서울특별시 강서구 마곡동,315000001020250001
봄 동물병원,전북특별자치도 고창군 흥덕면 동사리,478100001020200001
봄 동물병원,강원특별자치도 홍천군 홍천읍 연봉리,425000001020210001
봄나래동물병원,경기도 수원시 영통구 이의동,374000001020150002
봄날동물병원,서울특별시 양천구 목동,314000001020200001
봄날동물의료센터,경기도 평택시 비전동,391000001020170002
봄내동물병원,강원특별자치도 춘천시 석사동,418000001020070001
봄동물병원,경기도 용인시 기흥구 서천동,563000001020170002
봄봄동물병원,서울특별시 동대문구 회기동,305000001020140002
봄빛동물병원,경기도 고양시 일산동구 백석동,394000001020110006
봄빛동물병원,경기도 광명시 철산동,390000001020130003
봄사랑 동물병원,서울특별시 강남구 압구정동,322000001020180002
봄앤동물병원,경기도 과천시 부림동,397000001020210001
봄이든 동물병원,제주특별자치도 제주시 애월읍 하귀1리,651000001020140008
봄이온동물병원,대구광역시 동구 각산동,342000001020170001
봉 동물병원,충청남도 논산시 부적면 마구평리,454000001020150001
봉곡동물병원,경상북도 구미시 봉곡동,508000001020130001
봉담우리애동물병원,경기도 화성시 봉담읍 동화리,553000001020170004
봉선동물병원,광주광역시 남구 봉선동,361000001020040002
봉선아이동물메디컬센터,광주광역시 남구 봉선동,361000001020170004
봉식동물병원,서울특별시 강북구 미아동,308000001020130001
봉천현대동물병원,서울특별시 관악구 봉천동,320000001020200001
봉화가축병원,경상북도 봉화군 봉화읍 내성리,524000001019640001
부개종합동물병원,인천광역시 부평구 부개동,354000001020030013
부경양돈협동조합 양돈클리닉센터,경상남도 김해시 풍유동,535000001020090003
부곡동물병원,부산광역시 금정구 부곡동,335000001019940001
부산 24시 더휴동물의료센터,부산광역시 동래구 온천동,330000001020220003
부산 24시 동행동물의료센터,부산광역시 북구 덕천동,332000001020210001
부산 리브동물의료센터,부산광역시 동래구 온천동,330000001020220001
부산24시 연산동물의료센터,부산광역시 연제구 연산동,337000001020210001
부산동물메디컬센터,부산광역시 연제구 거제동,337000001020100001
부산동물병원,경상남도 창원시 마산합포구 상남동,567000001019911002
부산동물병원 제넷,부산광역시 사상구 주례동,339000001019910001
부산야생동물치료센터,부산광역시 사하구 하단동,334000001020080002
부산종합동물병원,부산광역시 부산진구 양정동,329000001019910001
부안동물병원,전북특별자치도 부안군 부안읍 봉덕리,479100001019820001
부안산업동물병원,전북특별자치도 부안군 계화면 창북리,479100001020140001
부여동물병원,충청남도 부여군 부여읍 구아리,457000001019800003
부영 동물병원,경기도 남양주시 다산동,399000001020160001
부일동물병원,부산광역시 부산진구 연지동,329000001019940001
부자동물병원,전라남도 나주시 이창동,483000001020060003
부천 동물심장 내과 건강검진센터,경기도 부천시 원미구 상동,386000001020100005
부천24시SKY동물메디컬센터,경기도 부천시 원미구 중동,386000001020110002
부천종합동물병원,경기도 부천시 소사구 심곡본동,386000001020090001
부천준동물병원,경기도 부천시 원미구 중동,386000001020110006
부평 모모 동물병원,인천광역시 부평구 부평동,354000001020200003
부평24시 SKY 동물의료센터,인천광역시 부평구 부평동,354000001020170006
부평종합동물의료센터,인천광역시 부평구 부평동,354000001020170004
부평프라임동물병원,인천광역시 부평구 부평동,354000001020160001
북문다솜동물병원,경기도 수원시 장안구 영화동,374000001020000003
북부대동물병원,강원특별자치도 철원군 갈말읍 문혜리,430100001020230001
북부동물병원,전라남도 보성군 복내면 복내리,489000001020200001
북부동물병원,대구광역시 북구 대현동,345000001020100001
북아현동물병원,서울특별시 서대문구 북아현동,312000001019970002
북악동물병원,서울특별시 종로구 홍지동,300000001020020001
북천동물병원,경상남도 하동군 북천면 직전리,544000001020230002
분당 피엘 동물피부클리닉,경기도 성남시 분당구 수내동,378000001020240005
분당24시동물의료센터,경기도 성남시 분당구 야탑동,378000001020160011
분당고은 동물병원,경기도 성남시 분당구 야탑동,378000001020080006
분당다원동물병원,경기도 성남시 분당구 정자동,378000001020180009
분당데이지동물병원,경기도 성남시 분당구 정자동,378000001020190001
분당밝은아이동물병원,경기도 성남시 중원구 여수동,378000001020180005
분당에덴동물병원,경기도 광주시 능평동,554000001020030001
분당우리동물의료센터,경기도 성남시 분당구 이매동,378000001020180002
분당정자 동물병원,경기도 성남시 분당구 정자동,378000001020070010
분당중앙 동물병원,경기도 성남시 분당구 서현동,378000001020090004
분당파크뷰 동물병원,경기도 성남시 분당구 정자동,378000001020120010
분당필동물병원,경기도 성남시 분당구 구미동,378000001020170007
분당헤르쯔 동물병원,경기도 성남시 분당구 수내동,378000001019930002
분평종합동물병원,충청북도 청주시 서원구 분평동,572500001020012002
불광동물병원,서울특별시 은평구 대조동,311000001019900001
불당동물병원,충청남도 천안시 서북구 불당동,566000001020160004
뷰티펫동물병원,경기도 수원시 권선구 호매실동,374000001020100007
브라운동물병원,서울특별시 노원구 중계동,310000001020060002
브라운동물병원,인천광역시 미추홀구 숭의동,351000001020130001
브리즈 동물병원,인천광역시 서구 당하동,356000001020230004
브이동물메디컬센터,제주특별자치도 제주시 노형동,651000001020200004
브이아이피 동물의료센터,서울특별시 노원구 상계동,310000001020190001
블루동물종합병원,충청북도 청주시 흥덕구 가경동,573000001019982001
블루밍동물의료센터,광주광역시 북구 운암동,362000001020220001
블루베어동물병원,경기도 화성시 병점동,553000001020210004
블루축산동물병원,경기도 여주시 하동,570000001020230004
블리스 동물의료센터,경기도 평택시 세교동,391000001020130002
비글구조네트워크 동물메디컬센터,충청남도 논산시 벌곡면 검천리,454000001020180001
비나인동물병원,충청남도 공주시 신관동,450000001020210001
비마 클리닉,경기도 김포시 사우동,409000001020230001
비바동물병원,서울특별시 관악구 봉천동,320000001020200002
비비동물병원,서울특별시 광진구 자양동,304000001020240003
비비펫 동물병원,서울특별시 성북구 하월곡동,307000001020070003
비엔동물전문의료센터,경기도 부천시 소사구 괴안동,386000001020180001
비전동물병원,경기도 평택시 비전동,391000001020140001
비타동물의료센터,광주광역시 남구 주월동,361000001020210001
비타민 동물병원,경기도 시흥시 배곧동,401000001020220006
비타민동물메디컬센터,경기도 안양시 동안구 비산동,383000001020170003
비타민동물병원,서울특별시 관악구 봉천동,320000001020140002
비타민동물병원,광주광역시 광산구 월계동,363000001020190002
비포유동물병원,경기도 이천시 마장면 표교리,407000001020190002
빌리브동물병원,경기도 성남시 분당구 정자동,378000001020220003
빛가람동물병원,전라남도 나주시 빛가람동,483000001020240002
빛가온동물병원,서울특별시 서대문구 홍제동,312000001020040006
빛가온동물병원,서울특별시 도봉구 도봉동,309000001020190003
빛고을 동물의료센터,광주광역시 북구 우산동,362000001020150004
뿌리동물병원,경기도 수원시 팔달구 인계동,374000001020240005
뿌리동물병원,충청남도 공주시 유구읍 석남리,450000001020170002
뿌리동물병원 치과센터,경기도 수원시 팔달구 인계동,374000001020250002
사과나무 동물병원,경기도 고양시 일산서구 일산동,394000001020050008
사과나무 한방재활 동물병원,경기도 고양시 일산서구 일산동,394000001020240002
사단법인 한국동물구조관리협회 동물병원,경기도 양주시 남면 상수리,559000001020170001
사당동물병원,서울특별시 동작구 사당동,319000001019990001
사라 양한방 동물병원,전북특별자치도 전주시 덕진구 진북동,464100001020180003
사랑가득 동물병원,광주광역시 서구 풍암동,360000001020130001
사랑나무동물병원,경기도 가평군 가평읍 읍내리,416000001020250001
사랑동물병원,경기도 의정부시 신곡동,382000001020010003
사랑동물병원,경상남도 진주시 일반성면 창촌리,531000001020170003
사랑동물병원,경기도 여주시 교동,570000001020180001
사랑동물병원,경상북도 고령군 고령읍 쾌빈리,520000001020110002
사랑동물병원,경기도 하남시 신장동,404000001020140001
사랑동물병원,경기도 연천군 전곡읍 전곡리,414000001020150003
사랑동물병원,서울특별시 강동구 길동,324000001020180005
사랑동물병원,경상북도 구미시 인의동,508000001020030003
사랑동물병원,대구광역시 수성구 수성동4가,346000001020020004
사랑동물병원,경상남도 하동군 하동읍 읍내리,544000001020130001
사랑동물병원,인천광역시 부평구 부개동,354000001020050002
사랑동물병원,제주특별자치도 제주시 애월읍 애월리,651000001020210007
사랑동물병원,서울특별시 강북구 수유동,308000001019990001
사랑동물병원,서울특별시 구로구 구로동,316000001019930001
사랑동물병원,부산광역시 수영구 수영동,338000001020040002
사랑실천동물병원,경상북도 김천시 신음동,506000001020230002
사랑애동물메디컬센터,인천광역시 미추홀구 주안동,351050001020190001
사랑애완동물병원,경상남도 통영시 광도면 죽림리,533000001020140001
사랑우리 愛 동물병원,경기도 구리시 인창동,398000001020150001
사랑으로동물병원,경상남도 창원시 마산회원구 합성동,567000001020021006
사랑의동물병원,부산광역시 해운대구 좌동,333000001020140001
사랑의동물병원,서울특별시 서초구 양재동,321000001020040005
사랑이있는동물병원,서울특별시 강동구 명일동,324000001020020003
사랑종합동물병원,경기도 포천시 소흘읍 송우리,560000001020130002
사랑플러스 동물병원,전북특별자치도 전주시 덕진구 여의동2가,464100001020180002
사랑해요동물병원,서울특별시 도봉구 쌍문동,309000001020220001
사바나동물병원,경기도 의왕시 내손동,403000001020200002
사상동물병원,부산광역시 사상구 괘법동,339000001019890001
사송 동물 메디컬센터,경상남도 양산시 동면 내송리,538000001020230001
사직동물의료센터,부산광역시 동래구 온천동,330000001020210005
사직삼보동물병원,부산광역시 동래구 사직동,330000001019920001
사천동물병원,,534000001020040003
사천수산동물병원,경상남도 사천시 사천읍 수석리,534000001019970001
사천축협동물병원,경상남도 사천시 사천읍 사주리,534000001020040002
사하동물병원,부산광역시 사하구 당리동,334000001019920001
사하라동물병원,경상남도 통영시 무전동,533000001020110001
산남동물병원,충청북도 청주시 서원구 산남동,572500001020092001
산내동물병원,경기도 파주시 목동동,406000001020190001
산들동물병원,경기도 고양시 일산동구 중산동,394000001020060009
산들동물병원,전라남도 순천시 서면 죽평리,482000001020070004
산들동물병원,서울특별시 중랑구 망우동,306000001020240002
산본동물병원,경기도 군포시 산본동,402000001019940001
산본중앙동물병원,경기도 군포시 산본동,402000001020120001
산수유동물병원,전라남도 구례군 산동면 둔사리,487000001020150001
산업동물병원,경기도 안성시 현수동,408000001020130004
산책 동물병원,서울특별시 마포구 구수동,313000001020180005
산책동물병원,전북특별자치도 전주시 덕진구 우아동2가,464100001020050001
산책동물병원,서울특별시 양천구 신정동,314000001020200003
산청동물병원,경상남도 산청군 금서면 주상리,545000001020080002
산청동물의료센터,경상남도 산청군 산청읍 옥산리,545000001020230001
산타클라라동물병원,울산광역시 중구 다운동,369000001020130001
산호동물병원,경상남도 창원시 마산합포구 산호동,567000001019911001
삼가가축병원,경상남도 합천군 삼가면 일부리,548000001019800001
삼계동물병원,경상남도 창원시 마산회원구 내서읍 호계리,567000001020041001
삼덕종합동물병원,대구광역시 중구 삼덕동1가,341000001020040001
삼동종합가축병원약품,울산광역시 울주군 삼동면 하잠리,373000001020180002
삼산종합동물병원,인천광역시 부평구 삼산동,354000001020050001
삼산평생동물병원,인천광역시 부평구 삼산동,354000001020210001
삼색이동물병원,서울특별시 마포구 상수동,313000001020210002
삼성가축병원,충청북도 음성군 삼성면 덕정리,447000001019840001
삼성동물병원,대구광역시 서구 내당동,343000001020200001
삼성동물병원,경상북도 경주시 안강읍 안강리,505000001020120004
삼성동물병원,경상남도 함안군 가야읍 말산리,540000001020110002
삼성동물병원,강원특별자치도 동해시 천곡동,421000001020050001
삼성동물병원,경기도 안산시 단원구 원곡동,393000001020150001
삼성동물병원,전북특별자치도 익산시 금마면 동고도리,468100001019730001
삼성동물병원,부산광역시 수영구 망미동,338000001020070001
삼성동물병원,서울특별시 강북구 미아동,308000001020070001
삼성동물병원(출장진료전문병원),충청북도 충주시 문화동,439000001020220001
삼성동물종합병원,서울특별시 도봉구 쌍문동,309000001020050002
삼성동물종합병원,인천광역시 미추홀구 주안동,351000001020070004
삼성안내견학교 부속동물병원,경기도 용인시 처인구 포곡읍 유운리,405000001020050009
삼성종합동물병원,강원특별자치도 원주시 태장동,419000001020060001
삼성종합동물병원,인천광역시 서구 석남동,356000001020180002
삼성종합동물병원,부산광역시 사하구 감천동,334000001020120001
삼성펫클리닉,서울특별시 강남구 삼성동,322000001020240003
삼송동물병원,경기도 고양시 덕양구 삼송동,394000001020150001
삼송동물의료센터,경기도 고양시 덕양구 삼송동,394000001020150005
삼송사랑 동물의료센터,경기도 고양시 덕양구 삼송동,394000001020150007
삼양가축병원,전북특별자치도 진안군 진안읍 군상리,473100001019730002
삼양가축병원,강원특별자치도 횡성군 횡성읍 읍하리,426000001019830001
삼양가축병원,경상북도 김천시 평화동,506000001019980003
삼양동물병원,서울특별시 강북구 미아동,308000001019920001
삼정동물병원,전북특별자치도 전주시 덕진구 인후동1가,464100001020240002
삼척동물병원,강원특별자치도 삼척시 정상동,424000001020120001
삼척시동물보호센터 동물병원,강원특별자치도 삼척시 미로면 사둔리,424000001020230001
삼천포제일가축병원,경상남도 사천시 동금동,534000001019730001
삼포동물병원,경기도 과천시 주암동,397000001020200002
삼호동물병원,전라남도 영암군 삼호읍 용앙리,494000001020210002
삼화 우수한동물병원,제주특별자치도 제주시 도련일동,651000001020170001
삼화 훈 동물병원,제주특별자치도 제주시 화북일동,651000001020190003
삼화동물병원,제주특별자치도 제주시 도련일동,651000001020220001
상대원 동물병원,경기도 성남시 중원구 상대원동,378000001020210003
상도힐링동물병원,서울특별시 동작구 상도동,319000001020130001
상동물병원,경상남도 거창군 거창읍 송정리,547000001020230003
상동물병원,경기도 부천시 원미구 상동,386000001020020003
상록 동물병원,경기도 성남시 분당구 정자동,378000001019950003
상모동물병원,경상북도 구미시 상모동,508000001020040002
상무동물병원,광주광역시 서구 치평동,360000001020240003
상문동물병원,경상남도 거제시 상동동,537000001020180002
상상동물병원,서울특별시 양천구 신정동,314000001020230001
상아 동물메디컬,경상남도 창원시 의창구 도계동,567000001019970001
상아동물병원,서울특별시 양천구 신정동,314000001020120001
상아동물병원,대전광역시 대덕구 중리동,368000001019960002
상아동물병원,경상남도 거제시 옥포동,537000001020030001
상암 진 동물의료센터,서울특별시 마포구 상암동,313000001020240002
상암동물병원,서울특별시 마포구 상암동,313000001020070003
상일 쓰담쓰담 동물병원,서울특별시 강동구 상일동,324000001020230002
상주가축진료소,경상북도 상주시 낙동면 낙동리,511000001020150003
상주축협 동물병원,경상북도 상주시 지천동,511000001019940001
새로이동물병원,경기도 고양시 일산동구 백석동,394000001020210004
새론동물병원,충청북도 청주시 흥덕구 봉명동,573000001020082001
새롬동물병원,경기도 광주시 퇴촌면 도수리,554000001020200002
새마산동물병원,경상남도 창원시 마산합포구 상남동,567000001019761001
새마을동물병원,충청남도 예산군 예산읍 주교리,461000001019770001
새만금동물병원,전북특별자치도 부안군 보안면 영전리,479100001020160001
새별동물병원,경상북도 의성군 구천면 유산리,515000001020230001
새봄동물병원,경기도 수원시 영통구 영통동,374000001020150006
새봄동물병원,광주광역시 남구 임암동,361000001020250001
새부산종합동물병원,부산광역시 부산진구 전포동,329000001019980001
새솔동물병원,충청북도 청주시 청원구 오창읍 창리,573500001020190002
새싹 동물병원,경기도 수원시 영통구 신동,374000001020200002
새은평동물의료센터,서울특별시 은평구 대조동,311000001020070004
샐리동물병원,경기도 부천시 소사구 송내동,386000001019960002
샘골동물병원,전북특별자치도 정읍시 이평면 두지리,469100001020220003
샘마루동물병원,강원특별자치도 원주시 지정면 가곡리,419000001020170001
샘터동물병원,광주광역시 북구 용두동,362000001020220002
생생동물병원,충청남도 공주시 옥룡동,450000001020200001
샤인동물메디컬센터,서울특별시 송파구 방이동,323000001020180010
샤인아이안과동물병원,서울특별시 송파구 방이동,323000001020230002
서경석동물병원,서울특별시 강남구 일원동,322000001020030013
서공동물병원,경기도 성남시 분당구 수내동,378000001020180008
서광동물병원,전라남도 장성군 장성읍 영천리,498000001019910001
서광동물병원,전라남도 영암군 영암읍 역리,494000001019910001
서교동물병원,서울특별시 마포구 망원동,313000001019910001
서귀포시축협동물병원,제주특별자치도 서귀포시 동홍동,652000001020000001
서대구동물병원,대구광역시 서구 평리동,343000001020210001
서동 동물메디컬센터,부산광역시 금정구 서동,335000001020150002
서동물병원,충청남도 논산시 강경읍 염천리,454000001019880001
서라벌동물병원,경상북도 경주시 석장동,505000001020000004
서라벌동물병원약품,경상북도 경주시 노서동,505000001020000005
서래동물병원,서울특별시 서초구 반포동,321000001020060004
서림동물병원,충청남도 서산시 예천동,453000001020230001
서면Q 외과 동물병원,부산광역시 부산진구 전포동,329000001020200002
서면동물병원,부산광역시 부산진구 부전동,329000001020070002
서봉동물병원,광주광역시 광산구 서봉동,363000001020230002
서부동물병원(출장전문),경기도 안성시 도기동,408000001019940002
서부산동물메디컬센터,부산광역시 사상구 엄궁동,339000001020180001
서사라동물병원,제주특별자치도 제주시 삼도일동,651000001020060001
서산동물병원,충청남도 서산시 예천동,453000001020170001
서산시동물보호센터,충청남도 서산시 인지면 산동리,453000001020210002
서서동물의료센터,경기도 하남시 풍산동,404000001020220002
서서울동물병원,서울특별시 강서구 염창동,315000001020180002
서서울호수동물병원,서울특별시 양천구 신월동,314000001020140004
서수원동물병원,경기도 화성시 봉담읍 동화리,553000001020060001
서울,전라남도 목포시 산정동,480000001020040005
서울 베스트 동물병원,경기도 부천시 원미구 중동,386000001020100006
서울 애니 동물병원,경상남도 김해시 삼정동,535000001020130006
서울88동물의료원,충청남도 천안시 동남구 신부동,565000001020180001
서울경기양돈농협동물병원,경기도 수원시 팔달구 화서동,374000001020100005
서울대공원 동물병원,경기도 과천시 막계동,397000001020100002
서울대동물종합병원,경기도 화성시 병점동,553000001020040004
서울대학교 대동물병원,강원특별자치도 평창군 대화면 신리,428000001020140001
서울대학교 수의과대학 동물병원,서울특별시 관악구 신림동,320000001020120001
서울동물,인천광역시 강화군 강화읍 남산리,357000001019960001
서울동물메디컬센터,경기도 광주시 신현동,554000001020180001
서울동물병원,경상남도 고성군 고성읍 수남리,542000001020140001
서울동물병원,경상남도 함안군 가야읍 말산리,540000001020130001
서울동물병원,경상남도 창녕군 대합면 합리,541000001020170001
서울동물병원,경상남도 창원시 마산합포구 진북면 지산리,567000001020160002
서울동물병원,,338000001020140002
서울동물병원,전북특별자치도 정읍시 신태인읍 신태인리,469100001020080001
서울동물병원,전북특별자치도 익산시 함열읍 와리,468100001019760001
서울동물병원,경기도 성남시 중원구 금광동,378000001020230006
서울동물병원,서울특별시 광진구 중곡동,304000001020140004
서울동물병원,서울특별시 영등포구 영등포동7가,318000001020040002
서울동물병원,충청남도 부여군 은산면 신대리,457000001019800002
서울동물병원,경기도 과천시 과천동,397000001020060002
서울동물병원,제주특별자치도 서귀포시 서귀동,652000001019940001
서울동물병원,경상북도 예천군 예천읍 남본리,523000001020030006
서울동물병원,대전광역시 중구 산성동,365000001020050005
서울동물병원,경기도 성남시 중원구 금광동,378000001020170001
서울동물병원,,382000001020130003
서울동물병원,경상남도 창원시 성산구 남양동,567000001020150002
서울동물병원,충청북도 청주시 청원구 오창읍 장대리,573500001019843001
서울동물복지지원센터 동대문 동물병원,서울특별시 동대문구 용두동,305000001020230001
서울동물복지지원센터 동물병원,서울특별시 마포구 상암동,313000001020170009
서울동물심장병원,서울특별시 강남구 역삼동,322000001020160007
서울동물영상종양센터,서울특별시 중구 을지로5가,301000001020190008
서울동물의료센터,세종특별자치시  아름동,569000001020160003
서울동물의료센터,서울특별시 강남구 대치동,322000001020170009
서울든든동물병원,인천광역시 미추홀구 문학동,351050001020240001
서울산 동물병원,울산광역시 울주군 언양읍 서부리,373000001020120001
서울샤인동물병원,경기도 용인시 수지구 신봉동,564000001020170004
서울앤 동물병원,광주광역시 광산구 신가동,363000001020240002
서울앤탑 동물병원,경기도 용인시 수지구 죽전동,564000001020200001
서울어린이대공원동물병원,서울특별시 광진구 능동,304000001020110002
서울우유협동조합유우진료소,서울특별시 중랑구 상봉동,306000001020030002
서울웰동물의료센터,경상남도 거제시 고현동,537000001020220002
서울은내과동물병원,서울특별시 은평구 응암동,311000001020220001
서울종합동물병원,경기도 성남시 분당구 서현동,378000001019940001
서울종합동물병원,인천광역시 부평구 갈산동,354000001020070003
서울종합동물병원,서울특별시 관악구 신림동,320000001020180002
서울종합동물병원,경상북도 안동시 옥야동,507000001020060001
서울종합동물병원,서울특별시 성북구 보문동2가,307000001020000004
서울종합동물병원,경기도 안양시 동안구 관양동,383000001020010004
서울종합동물병원방배,서울특별시 서초구 방배동,321000001020200001
서울준동물병원,서울특별시 마포구 염리동,313000001020210003
서울프라임 동물병원,,394000001020140003
서울플러스종합동물병원,서울특별시 강서구 화곡동,315000001020020019
서울하은동물병원,경기도 고양시 덕양구 향동동,394000001020210001
서울하이동물의료센터,경기도 파주시 다율동,406000001020230004
서울한빛동물병원,울산광역시 북구 상안동,372000001020160001
서울햇빛동물병원,서울특별시 은평구 진관동,311000001020160001
서울허브동물병원,서울특별시 관악구 봉천동,320000001020070003
서원동물병원,제주특별자치도 제주시 화북이동,651000001020080002
서원동물병원,충청북도 청주시 흥덕구 복대동,573000001020002001
서이동물병원,서울특별시 서초구 서초동,321000001019990002
서일동물병원,충청남도 천안시 동남구 삼룡동,449000001019790001
서재동물병원,대구광역시 달성군 다사읍 서재리,348000001020170001
서정동물병원,서울특별시 노원구 상계동,310000001020250001
서종철동물병원,전라남도 화순군 이양면 이양리,490000001019910001
서진동물병원,서울특별시 마포구 노고산동,313000001019880001
서진동물병원,서울특별시 관악구 신림동,320000001020090001
서창덕동물병원(산업동물 출장진료 전문 동물병원),경상남도 김해시 한림면 장방리,535000001020170002
서창사랑동물의료센터,경상남도 양산시 삼호동,538000001020170001
서천가축병원,충청남도 서천군 서천읍 군사리,458000001019920001
서초 이태형 동물병원,서울특별시 서초구 반포동,321000001020190002
서초동물병원,서울특별시 서초구 서초동,321000001019980001
서초이음동물병원,서울특별시 서초구 서초동,321000001020190004
서초힐스동물병원,서울특별시 서초구 우면동,321000001020140003
서해동물병원,충청남도 서천군 서천읍 군사리,458000001019930001
서해동물병원(출장전문),전북특별자치도 김제시 금구면 청운리,471100001020090002
서현 동물병원,경기도 성남시 중원구 하대원동,378000001020130002
서현동물병원,충청남도 천안시 동남구 청수동,565000001020130003
서현동물병원,경기도 성남시 분당구 서현동,378000001020090008
서현동물병원,광주광역시 남구 구동,361000001020040005
서현동물의료센터,충청북도 청주시 흥덕구 가경동,573000001020250002
석동물병원,서울특별시 강동구 성내동,324000001020130002
석수동물병원,경기도 안양시 만안구 석수동,383000001020140004
석적동물병원,경상북도 칠곡군 석적읍 중리,522000001020120001
석촌동물병원,서울특별시 송파구 석촌동,323000001020130004
석촌호수동물병원,서울특별시 송파구 석촌동,323000001020230004
선 동물 병원,충청남도 태안군 태안읍 남문리,462000001019960001
선 동물병원(출장전문),경기도 안성시 원곡면 외가천리,408000001020240002
선경동물병원,전라남도 나주시 이창동,483000001020000001
선닥터동물병원,전라남도 보성군 보성읍 보성리,489000001020130001
선동물병원,경기도 포천시 가산면 마산리,560000001020210001
선동물병원,서울특별시 종로구 신교동,300000001020200001
선동물병원,대구광역시 수성구 만촌동,346000001020020006
선동물병원(출장진료전문),충청남도 아산시 모종동,452000001020160004
선릉동물병원,서울특별시 강남구 역삼동,322000001020150011
선부중앙동물의료센터,경기도 안산시 단원구 선부동,393000001020250001
선산동물병원,경상북도 구미시 선산읍 독동리,508000001020230002
선샤인 동물병원,경상북도 구미시 도량동,508000001020180002
선주동물병원,경상북도 구미시 선산읍 이문리,508000001020220003
선진동물병원,경상북도 영주시 영주동,509000001020240003
선진동물병원,강원특별자치도 횡성군 횡성읍 읍하리,426000001020190001
선진브릿지랩동물병원「산업동물 출장진료 전문」,경기도 이천시 부발읍 아미리,407000001020230003
설악동물병원,강원특별자치도 속초시 교동,423000001019960001
설악동물병원,경기도 가평군 설악면 신천리,416000001020130001
성 수의과병원,경상북도 영천시 성내동,510000001019960001
성경완 동물병원,부산광역시 동구 초량동,327000001020220001
성남 시립동물병원,경기도 성남시 수정구 수진동,378000001020230007
성남동물병원,경기도 성남시 중원구 하대원동,378000001020010004
성내동물병원,,324000001020100001
성모동물병원,경상남도 김해시 삼계동,535000001020190001
성복동물병원,경기도 용인시 수지구 성복동,405000001020040006
성산가축병원,경상북도 고령군 성산면 어곡리,520000001019770001
성서종합동물병원,대구광역시 달서구 이곡동,347000001020000004
성수 숲속 피부과 동물병원,서울특별시 성동구 성수동1가,303000001020240003
성수동물병원,충청남도 홍성군 홍성읍 옥암리,460000001020190002
성신가축병원,충청남도 연기군 전의면 읍내리,456000001019800001
성신동물병원,서울특별시 성북구 동선동5가,307000001020190001
성신동물병원,충청남도 당진시 신평면 상오리,568000001020190003
성실동물병원(출장진료전문동물병원),전라남도 함평군 손불면 석창리,496000001020210001
성심동물병원,경기도 연천군 전곡읍 전곡리,414000001019900001
성심동물병원,경기도 남양주시 다산동,399000001019910001
성심동물병원,부산광역시 해운대구 좌동,333000001019960001
성심동물병원,경상북도 경주시 탑동,505000001020100001
성심동물의료센터,충청남도 서산시 읍내동,453000001020140001
성원동물병원,세종특별자치시  연서면 봉암리,569000001020130001
성일동물병원,강원특별자치도 철원군 동송읍 이평리,430000001020000001
성주가축병원,경상북도 성주군 성주읍 경산리,521000001019900001
성지동물병원,서울특별시 중랑구 면목동,306000001020010004
세계로동물의료센터,서울특별시 관악구 신림동,320000001020150001
세계로종합동물병원,경상남도 김해시 내동,535000001019990001
세림동물병원,인천광역시 부평구 산곡동,354000001019900002
세림동물병원,충청북도 청주시 상당구 용담동,572000001020041002
세림동물병원(출장전문동물병원),충청남도 아산시 신창면 남성리,452000001020220004
세림동물병원(출장진료 전문),경기도 평택시 안중읍 현화리,391000001020230004
세림종합동물병원,대구광역시 달서구 송현동,347000001020020002
세명 동물병원,서울특별시 강서구 화곡동,315000001020130003
세브란스동물병원,경기도 용인시 수지구 풍덕천동,564000001020100002
세븐동물병원,대구광역시 북구 동천동,345000001020130002
세솔동물병원,충청북도 청주시 서원구 산남동,572500001020112002
세온동물병원,경기도 안산시 단원구 초지동,393000001020200001
세우리동물병원,인천광역시 남동구 간석동,353000001019920002
세이브 동물병원,경기도 성남시 중원구 중앙동,378000001020080002
세인트동물병원,서울특별시 강서구 화곡동,315000001020060001
세인트동물병원,대구광역시 수성구 만촌동,346000001020130003
세인트존스동물병원,경기도 성남시 분당구 정자동,378000001020140003
세인트필립 동물병원,서울특별시 동작구 사당동,319000001020100002
세종가축병원,경기도 여주시 오학동,411000001019960001
세종공주축협동물병원,충청남도 공주시 월미동,450000001020130003
세종동물병원,서울특별시 강동구 천호동,324000001019990003
세종동물병원,충청남도 홍성군 홍성읍 고암리,460000001019950001
세종동물병원,세종특별자치시  연서면 성제리,569000001019900001
세종동물병원,충청남도 연기군 조치원읍 정리,456000001019900001
세종동물의료센터,세종특별자치시  나성동,569000001020140002
세종종합동물병원,세종특별자치시  조치원읍 죽림리,569000001020110001
세종종합동물병원,충청남도 연기군 조치원읍 상리,456000001020110001
세종축산동물병원,충청남도 연기군 서면 월하리,456000001020110002
세종충북대학교 동물병원,세종특별자치시 세종특별자치시 집현동,569000001020210001
세종팜스,충청남도 공주시 송선동,450000001020170001
세진동물병원,부산광역시 수영구 망미동,338000001020040001
세진동물병원,서울특별시 중랑구 망우동,306000001020060003
센텀동물메디컬센터,부산광역시 수영구 수영동,338000001020190003
센텀동물병원,경상남도 창원시 진해구 여좌동,567000001020170001
센텀동물병원,경상남도 통영시 무전동,533000001020160001
센텀동물종합병원,부산광역시 해운대구 재송동,333000001020060002
센트럴,광주광역시 남구 봉선동,361000001020080002
센트럴 동물메디컬센터,전북특별자치도 전주시 완산구 효자동3가,464100001020210004
센트럴 동물병원,경기도 포천시 가산면 가산리,560000001020240001
센트럴동물병원,경기도 화성시 반송동,553000001020080002
센트럴동물병원,충청남도 당진시 수청동,568000001020130001
센트럴동물병원,대구광역시 중구 대신동,341000001020190001
센트럴동물병원,경기도 고양시 덕양구 화정동,394000001020190005
센트럴종합동물병원,부산광역시 영도구 대교동1가,328000001020040001
셀레네 동물병원,강원특별자치도 삼척시 교동,424100001020250001
소나무동물메디컬 센터,인천광역시 계양구 효성동,355000001020210001
소나무동물병원(출장전문),강원특별자치도 횡성군 횡성읍 읍하리,426100001020230001
소노펫 동물병원,경기도 고양시 일산동구 장항동,394000001020200005
소다온 동물병원,전라남도 고흥군 동강면 유둔리,488000001020210001
소담동물병원,전라남도 구례군 구례읍 봉남리,487000001020200001
소담동물병원,경상북도 울진군 평해읍 평해리,525000001020210001
소담동물병원,경기도 수원시 장안구 천천동,374000001020070001
소담동물병원(출장전문),광주광역시 북구 지야동,362000001020170003
소랑동물병원,경기도 성남시 분당구 대장동,378000001020230008
소래동물병원,인천광역시 남동구 논현동,353000001020140006
소로동물병원,충청북도 청주시 흥덕구 옥산면 가락리,573000001020230001
소망 동물병원,경기도 고양시 일산동구 식사동,394000001020160003
소망가축병원,경상남도 합천군 삼가면 금리,548000001019980002
소망동물병원,경상북도 봉화군 봉화읍 적덕리,524000001020250001
소망동물병원,강원특별자치도 춘천시 온의동,418000001019970001
소망동물병원,경기도 화성시 남양읍 남양리,553000001019820001
소망동물병원,전북특별자치도 순창군 쌍치면 쌍계리,477100001020210001
소망동물병원,인천광역시 남동구 구월동,353000001020080001
소망동물병원(출장전문),충청남도 보령시 천북면 낙동리,451000001020240002
소망애견종합병원,부산광역시 수영구 남천동,338000001019980001
소사랑 동물병원「산업동물 출장진료 전문」,경기도 이천시 설성면 금당리,407000001020200003
소사프라임동물병원,경기도 부천시 소사구 소사본동,386000001020060009
소앤소동물병원(출장전문),전북특별자치도 김제시 황산동,471100001020230002
소원동물병원,전북특별자치도 완주군 봉동읍 둔산리,472100001020220001
소정동물병원,충청남도 예산군 삽교읍 신리,461000001020230001
소통동물병원,전라남도 나주시 삼도동,483000001019820002
소풍동물병원,경기도 부천시 원미구 상동,386000001020120002
속초동물의료센터,강원특별자치도 속초시 교동,423000001020010001
속초삼성동물메디컬센터,강원특별자치도 속초시 교동,423000001020090001
손 동물병원,경상북도 예천군 풍양면 낙상리,523000001020030007
손대하 동물병원,울산광역시 동구 일산동,371000001020140001
손수의과병원,경기도 화성시 향남읍 평리,553000001019990001
손수의과병원,경상북도 포항시 북구 덕수동,502000001019970002
손진규동물병원,경상북도 경주시 서부동,505000001019900001
솔 동물의료센터,경기도 군포시 산본동,402000001020160002
솔샘동물병원,서울특별시 강북구 미아동,308000001020020002
솔펫 동물병원,대전광역시 동구 자양동,364000001020160002
송 동물의료센터,전북특별자치도 전주시 덕진구 인후동1가,464100001020040006
송가축병원,경상남도 거창군 거창읍 중앙리,547000001019930004
송강동물병원,대전광역시 유성구 송강동,367000001020040001
송담동물병원,경기도 평택시 안중읍 현화리,391000001020150001
송도 아이본 동물의료센터,인천광역시 연수구 동춘동,352000001020220004
송도 클로버동물병원,인천광역시 연수구 송도동,352000001020210002
송도건국동물병원,인천광역시 연수구 송도동,352000001020150001
송도종합동물병원,인천광역시 연수구 옥련동,352000001020030002
송동물병원,경상남도 의령군 부림면 신반리,539000001020100001
송동물병원,제주특별자치도 제주시 화북일동,651000001020010003
송림동물병원,인천광역시 동구 송림동,350000001020110001
송산종합동물병원,경기도 화성시 송산면 사강리,553000001020220005
송악 동물병원,충청남도 당진시 송악읍 기지시리,568000001020180002
송이종합동물병원,서울특별시 송파구 송파동,323000001020040004
송전휴동물병원,경기도 용인시 처인구 이동읍 송전리,562000001020220002
송정동물메디컬센터,서울특별시 강서구 공항동,315000001020150005
송정동물의료센터,경기도 광주시 탄벌동,554000001020180002
송진우동물병원,충청북도 보은군 보은읍 이평리,442000001020010001
송촌선비동물병원,대전광역시 대덕구 송촌동,368000001020000001
송파 마리동물병원,서울특별시 송파구 방이동,323000001020220001
송파데일리동물병원,서울특별시 송파구 문정동,323000001020180002
송파동물의료센터,서울특별시 송파구 송파동,323000001020010001
송파바로동물병원,서울특별시 송파구 문정동,323000001020160004
송파새날동물병원,서울특별시 송파구 가락동,323000001020250001
송파스마일동물병원,서울특별시 송파구 문정동,323000001020160005
송파원동물병원,서울특별시 송파구 송파동,323000001020170001
송하동물병원,경상남도 고성군 고성읍 성내리,542000001020200002
쇼독동물병원,경기도 안양시 동안구 비산동,383000001020140002
수 가축병원,경상남도 거창군 거창읍 대동리,547000001020080001
수 동물병원,서울특별시 노원구 상계동,310000001020050003
수 동물병원,경기도 화성시 남양읍 장덕리,553000001020140003
수 동물병원,충청남도 태안군 태안읍 평천리,462000001020220001
수 동물병원,전라남도 광양시 중동,484000001020240001
수 동물병원,경기도 성남시 분당구 운중동,378000001020120003
수 동물병원,충청북도 청주시 서원구 개신동,572500001020052003
수 동물병원,경기도 고양시 일산동구 장항동,394000001020100009
수 동물병원,충청남도 논산시 부적면 덕평리,454000001020210001
수노을동물병원,경기도 화성시 매송면 천천리,553000001020210003
수동물메디컬센터,경상남도 진주시 가좌동,531000001020190002
수동물병원,충청남도 부여군 부여읍 구아리,457000001020190001
수동물병원,경상남도 양산시 동면 석산리,538000001020160003
수동물병원,광주광역시 남구 주월동,361000001020040006
수동물병원,서울특별시 서초구 방배동,321000001020030002
수동물병원,제주특별자치도 제주시 삼도일동,651000001020140005
수동물병원,서울특별시 성동구 송정동,303000001020190001
수동물병원,충청남도 아산시 영인면 신봉리,452000001020130003
수동물병원,경기도 부천시 오정구 원종동,386000001020060006
수동물병원,,509000001020150001
수락 동물병원,서울특별시 노원구 상계동,310000001020060003
수목원동물병원,대구광역시 달서구 대곡동,347000001020190002
수민동물병원,경기도 파주시 아동동,406000001020200002
수사랑 동물병원,대전광역시 유성구 노은동,367000001020030005
수색동물병원,서울특별시 은평구 수색동,311000001020230002
수서동물병원,서울특별시 강남구 수서동,322000001020160009
수선동물병원,경상남도 거창군 거창읍 김천리,547000001020160002
수성 메트로 동물병원,대구광역시 수성구 만촌동,346000001020100003
수성동물병원,대구광역시 수성구 중동,346000001020060003
수성동물병원(일반동물병원),강원특별자치도 고성군 죽왕면 문암진리,434000001020200001
수송반려동물병원,전북특별자치도 군산시 수송동,467100001020110001
수아동물병원,경기도 성남시 분당구 이매동,378000001020110012
수아인동물병원,충청북도 음성군 금왕읍 무극리,447000001020200002
수안동물병원(출장진료전문),충청남도 아산시 둔포면 둔포리,452000001020160003
수암동물병원,충청북도 괴산군 괴산읍 서부리,446000001020160002
수완종합동물병원,광주광역시 광산구 수완동,363000001020140002
수원 스카이 동물메디컬센터,경기도 수원시 팔달구 인계동,374000001020190003
수원 오즈동물병원,경기도 수원시 권선구 권선동,374000001020180002
수원24시 바른동물의료센터,경기도 수원시 권선구 금곡동,374000001020190004
수원시동물보호센터 동물병원,경기도 수원시 영통구 하동,374000001020200003
수원종합동물병원,경기도 수원시 영통구 원천동,374000001020170006
수원펫 동물병원,경기도 수원시 권선구 권선동,374000001020080003
수원화성오산축산농협 동물병원,경기도 화성시 팔탄면 노하리,553000001020180001
수정동물병원,대전광역시 서구 도안동,366000001020140002
수정동물병원,서울특별시 강남구 일원동,322000001020140010
수정동물병원,충청북도 괴산군 사리면 방축리,446000001020240001
수정동물병원,울산광역시 남구 야음동,370000001020210001
수제가축병원,경기도 동두천시 생연동,392000001020030005
수제산업동물병원,,469100001020150001
수존동물병원,강원특별자치도 춘천시 퇴계동,418000001020180001
수종합동물병원,부산광역시 금정구 장전동,335000001019990001
수지동물의료원,경기도 용인시 수지구 상현동,564000001020140003
수지성복SL동물병원,경기도 용인시 수지구 성복동,564000001020200002
수청포근동물병원,충청남도 당진시 수청동,568000001020240001
수피아동물병원,서울특별시 노원구 공릉동,310000001020040002
수현동물병원,경상북도 구미시 선산읍 이문리,508000001020170001
수현동물병원,경상북도 상주시 화서면 신봉리,511000001020230001
수현동물병원,충청북도 보은군 보은읍 이평리,442000001020230001
수현동물병원,전라남도 함평군 함평읍 내교리,496000001020230001
수호 동물병원,경기도 김포시 북변동,409000001020160005
수호동물병원,대구광역시 동구 봉무동,342000001020200001
수호동물병원,강원특별자치도 영월군 영월읍 하송리,427000001020170001
수호천사동물병원,경기도 안양시 만안구 안양동,383000001020020002
순수동물병원,경기도 용인시 수지구 풍덕천동,564000001020140004
순정축협 동물병원,전북특별자치도 정읍시 북면 한교리,469100001020120001
순창 동물병원,전북특별자치도 순창군 순창읍 남계리,477100001020180001
순천만동물병원,전라남도 순천시 신대리,482000001020180002
순천시 반려유기동물 공공진료소,전라남도 순천시 조곡동,482000001020230001
순풍동물병원,대구광역시 북구 태전동,345000001020050003
순풍동물병원,충청남도 공주시 월송동,450000001020210002
순풍동물병원,경기도 수원시 권선구 세류동,374000001020000004
순흥동물병원,전라남도 순천시 장천동,482000001019750001
숲 동물병원 펫스테이션점,부산광역시 수영구 광안동,338000001020240002
숲 동물의료센터,대전광역시 유성구 봉명동,367000001020150005
숲동물병원,울산광역시 남구 삼산동,370000001020120002
숲속노을 동물병원,경기도 파주시 동패동,406000001020250002
숲속동물병원,인천광역시 중구 중산동,349000001020170001
숲속동물병원,전북특별자치도 전주시 완산구 태평동,464100001020220001
숲속동물병원,경기도 화성시 새솔동,553000001020220003
숲속동물병원,경기도 용인시 처인구 남사읍 아곡리,562000001020180002
숲속동물병원,경기도 화성시 반송동,553000001020110004
숲속동물병원,충청남도 아산시 배방읍 공수리,452000001020130002
숲속동물병원,서울특별시 중랑구 면목동,306000001020060006
숲속동물병원,경기도 시흥시 신천동,401000001020170002
숲속의 동물병원,전라남도 장흥군 장흥읍 우산리,491000001020210001
숲피부치과종양한방동물병원,인천광역시 계양구 작전동,355000001020130001
슈르+ 동물병원,경기도 과천시 별양동,397000001020110001
슈슈 동물병원,대전광역시 유성구 상대동,367000001020170002
스마일 동물병원,경기도 오산시 수청동,400000001020190001
스마일동물병원,부산광역시 강서구 범방동,336000001020130002
스마일동물병원,대전광역시 대덕구 중리동,368000001020040003
스마일동물병원,전북특별자치도 군산시 나운동,467100001020010001
스마일동물병원,경기도 용인시 처인구 마평동,562000001020120003
스마일동물병원,서울특별시 강서구 내발산동,315000001020110002
스마일동물병원,울산광역시 남구 무거동,370000001020100001
스마일동물병원,경상남도 김해시 외동,535000001020180003
스마일동물의료센터,경상북도 경주시 황성동,505000001020200001
스마일양한방동물병원,경기도 파주시 금촌동,406000001020140002
스마일플러스동물병원,서울특별시 노원구 공릉동,310000001020110001
스마트 동물병원,서울특별시 강북구 미아동,308000001020140001
스마트 정형외과 신경외과 동물병원,서울특별시 강남구 신사동,322000001020200005
스마트동물병원,인천광역시 미추홀구 숭의동,351050001020240002
스마트동물병원,서울특별시 강남구 개포동,322000001020110014
스마트동물병원,경기도 고양시 일산동구 장항동,394000001020130002
스마트동물병원,,346000001020150003
스마트동물병원,서울특별시 노원구 상계동,310000001020160002
스마트동물병원,서울특별시 동대문구 장안동,305000001020160001
스마트동물병원,경상남도 양산시 물금읍 가촌리,538000001020150001
스마트동물병원,대전광역시 서구 둔산동,366000001020040005
스마트동물병원,부산광역시 사하구 다대동,334000001020060002
스마트동물병원 강동암사점,,324000001020150005
스마트동물병원 성북길음점,서울특별시 성북구 길음동,307000001020160002
스마트동물병원(병점점),경기도 화성시 진안동,553000001020160006
스마트동물병원군자점,서울특별시 광진구 중곡동,304000001020180001
스마트피그클리닉,충청남도 천안시 서북구 성환읍 송덕리,566000001020180004
스머프동물병원,서울특별시 은평구 응암동,311000001020140001
스무해 동물병원,서울특별시 동작구 흑석동,319000001020230001
스위스동물병원,대구광역시 수성구 상동,346000001020130002
스카이동물병원,경상남도 창원시 성산구 상남동,567000001020120005
스카이동물병원,경기도 용인시 수지구 신봉동,564000001020140001
스카이동물병원,부산광역시 동래구 온천동,330000001020140003
스칸디동물병원,경기도 성남시 수정구 창곡동,378000001020170009
스킨앤이어동물병원,서울특별시 송파구 방이동,323000001020100003
스타동물병원,경기도 수원시 권선구 금곡동,374000001020130003
스타동물병원,부산광역시 부산진구 전포동,329000001020140004
스타동물병원,경기도 김포시 장기동,409000001020090001
스타동물병원,충청북도 청주시 청원구 오창읍 양청리,573500001020150004
스타동물병원,경기도 안산시 단원구 고잔동,393000001020130003
스타동물병원,경기도 남양주시 별내동,399000001020140005
스타동물의료센터,경기도 성남시 수정구 신흥동,378000001020230002
스타필드 수원 화서점 웰니스 동물병원,경기도 수원시 장안구 정자동,374000001020240001
스테이동물병원,서울특별시 성동구 옥수동,303000001020160007
스텔라동물의료센터,경기도 남양주시 다산동,399000001020230001
스펀지동물병원,부산광역시 해운대구 우동,333000001020110003
슬기로운동물병원,경기도 안성시 공도읍 양기리,408000001020210003
슬찬동물병원,경기도 의정부시 용현동,382000001020250001
승원 동물병원,경상남도 통영시 북신동,533000001020210002
승재동물병원 약품,전북특별자치도 임실군 오수면 오수리,476100001020060002
시그널동물병원,서울특별시 영등포구 신길동,318000001020210001
시니어 동물병원,서울특별시 서초구 서초동,321000001020220002
시드니동물병원,경기도 성남시 수정구 태평동,378000001020110010
시드니종합동물병원,인천광역시 미추홀구 주안동,351050001020190002
시마동물병원,서울특별시 노원구 상계동,310000001020050001
시민동물병원,경기도 광주시 장지동,554000001020220001
시민동물병원,경상남도 김해시 주촌면 천곡리,535000001020210002
시민동물병원,부산광역시 동구 초량동,327000001020050001
시민동물병원,인천광역시 부평구 부평동,354000001020220003
시민종합동물병원,경기도 고양시 일산서구 주엽동,394000001019950002
시소동물병원,전라남도 화순군 화순읍 훈리,490000001020200001
시아동물병원,경상남도 진주시 평거동,531000001020230001
시온동물병원,,324000001020070004
시온동물병원,서울특별시 강서구 화곡동,315000001019950001
시온동물병원,전라남도 무안군 일로읍 용산리,495000001020090002
시종동물병원,전라남도 영암군 영암읍 동무리,494000001019940001
시지W동물의료센터,대구광역시 수성구 신매동,346000001020220001
시지동물병원,대구광역시 수성구 시지동,346000001020180003
시티종합동물병원,경기도 구리시 교문동,398000001019970001
시화종합동물병원,경기도 시흥시 정왕동,401000001020040008
시흥24시센트럴동물의료센터,경기도 시흥시 정왕동,401000001020180001
시흥i동물병원,경기도 시흥시 대야동,401000001020210002
시흥시동물누리보호센터 동물병원,경기도 시흥시 정왕동,401000001020220001
시흥탑동물의료센터,경기도 시흥시 은행동,401000001020230001
신개금동물병원,부산광역시 부산진구 개금동,329000001020110002
신공항동물병원,인천광역시 중구 운남동,349000001020040001
신광동물병원,경상북도 경주시 건천읍 건천리,505000001020000001
신광목장동물병원,전라남도 나주시 빛가람동,483000001020250001
신규동물병원,경상북도 김천시 황금동,506000001020220001
신길 온동물병원,서울특별시 영등포구 신길동,318000001020170004
신길S동물의료센터,서울특별시 영등포구 신길동,318000001020230002
신내동물병원,서울특별시 중랑구 중화동,306000001020000002
신당 좋아요 동물병원,서울특별시 중구 신당동,301000001020140001
신대동물병원,전라남도 순천시 신대리,482000001020160001
신대방동물메디컬,경상남도 창원시 성산구 대방동,567000001020110001
신도림동물병원,서울특별시 구로구 신도림동,316000001020030002
신도시동물병원,부산광역시 해운대구 좌동,333000001020010001
신도안동물병원,충청남도 계룡시 엄사면 엄사리,558000001020040001
신동,충청남도 공주시 신관동,450000001020030009
신동물메디컬센터,경기도 화성시 향남읍 행정리,553000001020120001
신동물병원,충청북도 청주시 흥덕구 오송읍 상정리,573000001020200001
신라동물병원,경상북도 경주시 내남면 노곡리,505000001019950002
신림종합동물병원,서울특별시 관악구 신림동,320000001020030003
신반포종합동물병원,서울특별시 서초구 반포동,321000001019990003
신베트,충청남도 홍성군 홍성읍 월산리,460000001020030001
신병헌동물병원,부산광역시 사상구 덕포동,339000001019960001
신비한 동물병원 인센텀,부산광역시 해운대구 우동,333000001020220001
신사동물병원,충청남도 청양군 정산면 서정리,459000001020230002
신사동물병원,서울특별시 강남구 논현동,322000001020180004
신성가축병원,경상남도 함양군 함양읍 용평리,546000001020030007
신성동물병원,경기도 포천시 내촌면 내리,560000001020030003
신성동물병원,대전광역시 유성구 신성동,367000001020150003
신성동물약품병원,전북특별자치도 남원시 왕정동,470100001020150001
신세계 동물병원,서울특별시 서초구 반포동,321000001020180001
신세계 동물병원,광주광역시 동구 호남동,359000001020010001
신세계동물병원,경상북도 안동시 명륜동,507000001020030002
신세계동물병원,인천광역시 남동구 만수동,353000001020050012
신세계동물병원,경기도 부천시 소사구 심곡본동,386000001020110004
신세계동물병원,,509000001020170002
신세계동물병원,경상북도 구미시 송정동,508000001019960001
신세계동물병원,경상북도 포항시 남구 해도동,502000001020060001
신세계동물병원,대구광역시 수성구 수성동3가,346000001020010006
신세계동물의료센터,경상남도 양산시 물금읍 가촌리,538000001020170002
신안동물병원,전라남도 신안군 압해읍 신장리,501000001020150001
신영동물병원,서울특별시 서대문구 홍은동,312000001020010002
신영재동물병원,인천광역시 계양구 병방동,355000001019960001
신영통동물병원,경기도 수원시 영통구 망포동,374000001020030013
신원당동물의료센터,경기도 고양시 덕양구 성사동,394000001020130003
신원동물메디컬센터,경기도 고양시 덕양구 신원동,394000001020160007
신월라온동물의료센터,서울특별시 양천구 신월동,314000001020210002
신일산동물병원,경기도 고양시 일산동구 마두동,394000001019940001
신일환동물병원,전라남도 여수시 학동,481000001020020006
신장가축병원,경기도 광주시 도척면 진우리,554000001019980001
신장동물병원,경기도 하남시 천현동,404000001019990001
신정 동물병원,서울특별시 양천구 신정동,314000001020030006
신정동물병원,전라남도 나주시 죽림동,483000001020200001
신제주동물병원,제주특별자치도 제주시 노형동,651000001019950003
신창동물병원,서울특별시 도봉구 창동,309000001019940001
신창동물병원,광주광역시 광산구 신창동,363000001020120003
신천동물병원,경기도 시흥시 신천동,401000001020020002
신천동물병원,서울특별시 송파구 잠실동,323000001020180001
신촌 숲 동물병원,서울특별시 마포구 신수동,313000001020220001
신촌동물병원,경기도 의정부시 가능동,382000001020030001
신탄진 동물병원,대전광역시 대덕구 신탄진동,368000001020040004
신통방통 동물병원,인천광역시 계양구 작전동,355000001020170002
신퍼피클럽 동물병원,인천광역시 연수구 연수동,352000001020090001
신풍동물종합병원,서울특별시 영등포구 신길동,318000001020000001
신한동물병원,대구광역시 북구 칠성동2가,345000001020170001
신항동물병원,경상남도 창원시 진해구 용원동,567000001020210003
신현동물병원,경상남도 거제시 고현동,537000001019960001
신호동물병원,부산광역시 강서구 신호동,336000001020210001
신화,충청남도 서산시 동문동,453000001020010001
신흥동물병원,강원특별자치도 홍천군 홍천읍 신장대리,425000001019840001
신흥동물병원,충청남도 홍성군 광천읍 신진리,460000001019980002
신흥동물병원,경기도 성남시 수정구 신흥동,378000001020040007
신흥동물병원(산업동물병원),충청북도 청주시 청원구 내수읍 구성리,573500001020081001
심동물병원,전라남도 곡성군 옥과면 리문리,486000001020030001
심동물병원,충청남도 부여군 규암면 규암리,457000001020120001
심바동물병원,서울특별시 서초구 방배동,321000001020180004
심재웅동물병원,서울특별시 동대문구 휘경동,305000001019900002
심재훈동물병원,경기도 평택시 지산동,391000001019910001
십자가축병원,경상남도 합천군 합천읍 합천리,548000001019910004
쌤아저씨,대전광역시 서구 내동,366000001020060004
썬 애니멀 클리닉(S.A.clinic)(출장진료전문),충청남도 천안시 동남구 신부동,565000001020220001
썬애니멀크리닉,경기도 용인시 기흥구 공세동,563000001020210002
쓰담쓰담 동물병원,서울특별시 성북구 종암동,307000001020100002
씨밀레동물병원,서울특별시 송파구 풍납동,323000001020040005
씨엔에프 팜테크,제주특별자치도 제주시 연동,651000001020180006
씨엘동물병원,경기도 안양시 동안구 관양동,383000001020130007
씽씽 동물의료센터,경기도 양주시 덕계동,559000001020240001
아나파동물병원,인천광역시 미추홀구 주안동,351000001020110001
아나푸게안과동물병원,광주광역시 북구 용봉동,362000001020040006
아너스 동물병원,울산광역시 남구 삼산동,370000001020210002
아는수의사 동물병원,대구광역시 중구 남산동,341000001020230002
아담동물병원,경상북도 예천군 예천읍 동본리,523000001020240004
아델 동물병원,서울특별시 서초구 서초동,321000001020130005
아델동물병원,경기도 김포시 운양동,409000001020140003
아띠동물병원,경기도 김포시 장기동,409000001020160004
아띠동물의료센터,서울특별시 동대문구 전농동,305000001020150001
아라i동물병원,제주특별자치도 제주시 아라일동,651000001020230002
아라동물병원,제주특별자치도 제주시 아라일동,651000001020150001
아라양돈동물병원,경기도 용인시 처인구 김량장동,562000001020220003
아라종합동물병원,인천광역시 미추홀구 주안동,351000001020040003
아란종합동물병원,서울특별시 노원구 월계동,310000001020100002
아람동물병원,서울특별시 영등포구 신길동,318000001020160003
아람동물의료센터,인천광역시 서구 원당동,356000001020220006
아랑동물병원,경상남도 창원시 진해구 용원동,567000001020180002
아름다운 동물병원,인천광역시 연수구 송도동,352000001020180004
아름다운동물병원,경기도 부천시 원미구 상동,386000001020030006
아름동물병원,경기도 성남시 분당구 이매동,378000001020050004
아름동물병원,충청북도 옥천군 옥천읍 삼양리,443000001019930001
아름드리동물병원,경기도 수원시 영통구 하동,374000001020150003
아리 동물병원,강원특별자치도 화천군 화천읍 아리,431000001020180001
아리랑동물병원,전라남도 화순군 화순읍 삼천리,490000001020050002
아리스타동물의료센터,충청남도 천안시 서북구 불당동,566000001020200001
아림동물병원,경상남도 거창군 거창읍 김천리,547000001020230002
아마존,경기도 고양시 덕양구 행신동,394000001020010002
아마존 동물병원,인천광역시 계양구 임학동,355000001020170001
아마존동물병원,경기도 화성시 봉담읍 와우리,553000001020100003
아마존동물병원,경기도 구리시 교문동,398000001020000001
아비넥스트 부설 동물병원,충청북도 청주시 상당구 남일면 고은리,572000001020220001
아빠 동물병원,인천광역시 연수구 송도동,352000001020240001
아빠손동물병원,,495000001020160001
아산동물의료센터,부산광역시 기장군 정관읍 매학리,340000001020150001
아산동물의료센터,충청남도 아산시 용화동,452000001020160002
아산시 동물복지지원센터 부속 동물병원,충청남도 아산시 배미동,452000001020220005
아산아이윌24시동물메디컬센터,충청남도 아산시 풍기동,452000001020210001
아산축산업협동조합(동물병원),충청남도 아산시 염치읍 방현리,452000001020080001
아시아동물병원,경기도 화성시 양감면 신왕리,553000001020150002
아야진동물병원,강원특별자치도 고성군 토성면 청간리,434100001020250001
아우름 동물병원,서울특별시 동작구 사당동,319000001020250001
아이동물병원,경기도 이천시 진리동,407000001020190003
아이들 동물병원,전북특별자치도 전주시 덕진구 만성동,464100001020210003
아이디펫 동물병원,부산광역시 연제구 연산동,337000001020230001
아이랑 동물병원,서울특별시 동대문구 이문동,305000001020250002
아이러브 동물병원,경기도 수원시 장안구 송죽동,374000001020130013
아이러브펫 동물병원 작전점,인천광역시 계양구 작전동,355000001020140001
아이러브펫동물병원,인천광역시 미추홀구 학익동,351000001020130004
아이러브펫동물병원 은평점,서울특별시 은평구 진관동,311000001020210003
아이러브펫동물병원(신도림점),서울특별시 구로구 신도림동,316000001020110003
아이맘동물의료센터,경기도 부천시 원미구 상동,386000001020240002
아이본 동물병원,서울특별시 광진구 자양동,304000001020190001
아이봄 동물병원,서울특별시 중랑구 신내동,306000001020190002
아이비동물병원,경기도 김포시 마산동,409000001020160003
아이비유동물병원,인천광역시 서구 원당동,356000001020220005
아이사랑동물병원,서울특별시 강북구 미아동,308000001020190002
아이사랑동물병원 건강검진센터,서울특별시 강북구 미아동,308000001020210002
아이센텀 동물메디컬센터,부산광역시 해운대구 우동,333000001020040001
아이숲동물병원,경기도 광명시 철산동,390000001020240002
아이안 동물의료센터,서울특별시 강동구 명일동,324000001020220003
아이앤지동물병원,부산광역시 해운대구 좌동,333000001020190003
아이엠 동물병원,서울특별시 마포구 서교동,313000001020130005
아이원 동물병원,서울특별시 동대문구 답십리동,305000001020200002
아이웰 동물의료센터,서울특별시 마포구 염리동,313000001020180006
아이윌24시동물병원,서울특별시 강남구 청담동,322000001020140004
아이유동물메디컬센터,경기도 성남시 수정구 창곡동,378000001020160007
아이조은동물병원,서울특별시 도봉구 쌍문동,309000001020220002
아이즈동물병원,강원특별자치도 강릉시 옥천동,420000001019960001
아이처럼 동물병원,경상남도 창원시 성산구 중앙동,567000001020210002
아이케어 동물병원,대전광역시 유성구 문지동,367000001020210003
아이케어 동물병원,부산광역시 해운대구 우동,333000001020210004
아이케어 동물병원,인천광역시 서구 청라동,356000001020200004
아이콘 동물병원,경기도 고양시 일산동구 백석동,394000001020240004
아이튼튼 동물병원,경기도 광명시 일직동,390000001020200001
아이튼튼동물병원,서울특별시 성북구 길음동,307000001020240001
아이파크 동물병원,경상남도 창원시 마산합포구 해운동,567000001020091003
아이펫동물병원,대구광역시 서구 평리동,343000001020050002
아이펫동물병원,경기도 성남시 분당구 야탑동,378000001020040013
아이편한 동물의료센터,경기도 고양시 덕양구 행신동,394000001020210009
아이힐 동물병원,서울특별시 강남구 역삼동,322000001020200001
아인동물의료센터,충청북도 청주시 흥덕구 복대동,573000001020122002
아인동물의료센터,인천광역시 연수구 송도동,352000001020230004
아인스 동물병원,경기도 화성시 목동,553000001020190003
아인스동물병원,서울특별시 동대문구 장안동,305000001020200001
아임동물병원,경기도 평택시 고덕동,391000001020190002
아주동물병원,경상남도 거제시 아주동,537000001020180001
아지동물병원,서울특별시 성동구 금호동4가,303000001020060001
아진동물병원,경상북도 영천시 도림동,510000001020120001
아침동물병원,경기도 용인시 수지구 성복동,564000001020240003
아쿠아 종합동물병원,경상남도 김해시 삼문동,535000001020060003
아크로벳 내과동물병원,서울특별시 광진구 구의동,304000001020240002
아크리스동물의료센터,서울특별시 강남구 삼성동,322000001020170008
아틀라스동물의료센터,대구광역시 군위군 군위읍 서부리,514100001020240001
아프리카 동물병원,경기도 성남시 분당구 서현동,378000001020080009
아프리카 동물병원,대구광역시 북구 침산동,345000001020080001
아프리카 동물의료센터,인천광역시 부평구 삼산동,354000001020020001
아프리카동물병원,인천광역시 연수구 옥련동,352000001019990002
아프리카동물병원,서울특별시 용산구 후암동,302000001020100001
아프리카동물병원,서울특별시 강동구 강일동,324000001020190001
아프리카동물병원,경기도 안성시 공도읍 진사리,408000001020160001
아프지말게 동물병원,서울특별시 마포구 상암동,313000001020140006
안 수의과병원,충청남도 아산시 모종동,452000001020180001
안강가축병원,경상북도 경주시 강동면 인동리,505000001019770002
안녕동물병원,경기도 수원시 영통구 원천동,374000001020190006
안단테 동물의료센터,서울특별시 강동구 천호동,324000001020170004
안동동물의료센터,경상북도 안동시 옥동,507000001020190002
안동봉화축협동물병원,경상북도 안동시 광석동,507000001020020001
안동제1 동물병원,경상북도 안동시 옥동,507000001020060003
안락동물병원,부산광역시 동래구 안락동,330000001019900001
안민 동물병원,경기도 양주시 은현면 선암리,559000001020060001
안산 반함동물의료센터,경기도 안산시 단원구 원곡동,393000001020220002
안산 센트럴 동물병원,경기도 안산시 단원구 고잔동,393000001020230002
안산동물병원,경기도 안산시 단원구 원곡동,393000001019940001
안상수동물병원,인천광역시 미추홀구 용현동,351000001019920001
안성동물의료센터,경기도 안성시 옥산동,408000001020200003
안성축협동물병원,경기도 안성시 계동,408000001020130003
안심 동물의료센터,경기도 구리시 수택동,398000001020200001
안심동물병원,충청북도 청주시 서원구 남이면 수대리,572500001020220003
안암동물병원,서울특별시 동대문구 용두동,305000001020030001
안양김준동물병원,경기도 안양시 만안구 안양동,383000001020230002
안양동물병원,경기도 안양시 만안구 안양동,383000001020230001
안양본동물의료센터,경기도 안양시 동안구 관양동,383000001020200001
안양비산동물병원,경기도 안양시 만안구 안양동,383000001020170001
안양축협동물병원,경기도 안양시 만안구 안양동,383000001019960003
안전성평가연구소 전북첨단바이오연구본부 부속 병원,전북특별자치도 정읍시 신정동,469100001020120002
안정택동물병원,서울특별시 구로구 천왕동,316000001020140002
안정현동물병원,경상북도 영주시 휴천동,509000001020120003
안중동물병원,경기도 평택시 안중읍 현화리,391000001020160005
안창선동물병원,경기도 평택시 지산동,391000001020050003
안호영동물병원,대전광역시 서구 갈마동,366000001019960002
알로하 동물병원,,338000001020160001
알파동물병원,경상북도 경주시 노서동,505000001020000003
알프스동물병원,대구광역시 남구 봉덕동,344000001020120001
알프스동물병원,경기도 광주시 중대동,554000001020180003
알프스동물병원,경상북도 영천시 금호읍 교대리,510000001020160002
암사동물병원,서울특별시 강동구 암사동,324000001019910001
압구정동물의료센터,서울특별시 강남구 신사동,322000001020160010
압구정메이트동물병원,서울특별시 강남구 신사동,322000001020170005
압구정웰동물병원,서울특별시 강남구 신사동,322000001020150010
앙리동물병원,서울특별시 성북구 성북동,307000001020160001
앞선동물병원,경기도 고양시 덕양구 신원동,394000001020140009
애견종합동물병원,강원특별자치도 강릉시 옥천동,420000001019970001
애견종합병원,경기도 용인시 처인구 김량장동,405000001020020005
애경동물병원,부산광역시 부산진구 연지동,329000001020000001
애나동물병원,인천광역시 부평구 산곡동,354000001019950002
애니멀즈동물병원,대전광역시 유성구 봉명동,367000001020250001
애니온동물병원,경기도 시흥시 정왕동,401000001020140002
애니웰 동물병원,경기도 고양시 일산동구 백석동,394000001020110002
애니존동물병원,경기도 수원시 팔달구 인계동,374000001020080002
애니컴 메디컬센터,서울특별시 중구 신당동,301000001020190003
애니케어 동물병원 수유점,서울특별시 강북구 수유동,308000001020020003
애니케어동물병원,서울특별시 동대문구 이문동,305000001019990002
애니케어동물병원,경기도 구리시 토평동,398000001020120002
애니펫동물병원,경기도 용인시 수지구 상현동,564000001020120003
애니피아동물병원,충청남도 청양군 청양읍 읍내리,459000001020230003
애니피아동물병원,전라남도 여수시 국동,481000001020130002
애니힐동물병원,인천광역시 남동구 구월동,353000001020150004
애드펫동물병원,서울특별시 영등포구 양평동2가,318000001020060003
애플동물병원,충청북도 충주시 칠금동,439000001020180002
애플동물병원,서울특별시 광진구 능동,304000001020070003
애플동물병원,대구광역시 달서구 진천동,347000001020160004
애플벳 동물병원,충청북도 진천군 이월면 신월리,445000001020210001
애플펫 동물병원,경기도 광주시 신현동,554000001020160005
앤(N)고양이병원,서울특별시 노원구 상계동,310000001020200002
앨리스in동물병원,대구광역시 달서구 월성동,347000001020160001
앨리스동물병원,대구광역시 동구 신서동,342000001020140001
야당동물병원,경기도 파주시 야당동,406000001020170008
야당마을동물병원,경기도 파주시 야당동,406000001020230007
야로동물병원,경상남도 합천군 야로면 구정리,548000001020220003
야옹동물병원,서울특별시 은평구 신사동,311000001020090002
야탑서울동물병원,경기도 성남시 분당구 야탑동,378000001020170012
약초동물병원,경상남도 산청군 신안면 하정리,545000001020100001
양·한방 전문 힘찬동물병원,부산광역시 부산진구 가야동,329000001020160001
양구동물병원,강원특별자치도 양구군 국토정중앙면 가오작리,432000001020170001
양덕동물병원,경상북도 포항시 북구 양덕동,502000001020120002
양동진동물병원(출장전문),경기도 양평군 용문면 다문리,417000001019950001
양북동물병원,경상북도 경주시 문무대왕면 어일리,505000001020110001
양산 동물 메디컬센터,경상남도 양산시 중부동,538000001020050001
양산에스동물메디컬센터,경상남도 양산시 물금읍 증산리,538000001020170003
양수의과병원,경상북도 영천시 야사동,510000001020050007
양양동물병원,강원특별자치도 양양군 양양읍 남문리,435100001020250001
양원주동물병원,전라남도 해남군 해남읍 구교리,493000001020200001
양주 센트럴 동물병원,경기도 양주시 옥정동,559000001020230002
양주 온 동물병원,경기도 양주시 옥정동,559000001020190002
양주24시해든동물의료센터,경기도 양주시 광사동,559000001020170002
양주동물병원,경기도 양주시 남면 상수리,559000001020150001
양주축협동물병원,경기도 양주시 고읍동,559000001020120001
양지가축동물병원,서울특별시 강동구 길동,324000001020220002
양지동물병원,서울특별시 관악구 봉천동,320000001020020001
양지동물병원,부산광역시 연제구 연산동,337000001020030008
양지동물병원,경상북도 경산시 옥산동,513000001020220002
양지종합동물병원,경기도 용인시 처인구 양지면 양지리,562000001020150002
양천종합동물병원,서울특별시 양천구 신월동,314000001019970002
양평가축병원,경기도 양평군 양평읍 양근리,417000001020120001
양하무역산업동물병원(출장전문),경기도 안성시 죽산면 용설리,408000001020150001
어강동물병원,경기도 남양주시 금곡동,399000001020190003
어니스트 동물병원,경기도 성남시 분당구 운중동,378000001020140004
어반동물병원,경상남도 창원시 의창구 중동,567000001020220001
어썸펫동물병원,충청남도 당진시 수청동,568000001020230001
어울동물의료센터,서울특별시 은평구 녹번동,311000001020200002
어울림 동물병원,경상북도 칠곡군 석적읍 중리,522000001020160001
어울림동물메디컬센터,부산광역시 강서구 명지동,336000001020220002
어울림동물병원,경기도 용인시 수지구 신봉동,564000001020160003
어울림동물병원,광주광역시 서구 풍암동,360000001020150002
어울림동물병원,서울특별시 서대문구 남가좌동,312000001020150004
어정동물병원,경기도 용인시 기흥구 중동,563000001020090004
어진종합동물병원,대구광역시 달서구 상인동,347000001020030003
언양동물병원,울산광역시 울주군 두동면 봉계리,373000001020020001
언제나동물병원,충청남도 아산시 배방읍 장재리,452000001020200003
얼바인동물병원,서울특별시 강남구 자곡동,322000001020210005
엄궁종합동물병원,부산광역시 사상구 엄궁동,339000001020030003
엄마손동물병원,대전광역시 서구 도마동,366000001019960004
엉클장동물병원,서울특별시 용산구 원효로1가,302000001020110001
에니메드동물병원(출장진료전문병원),충청남도 아산시 배방읍 장재리,452000001020250004
에니펫동물병원,충청남도 천안시 동남구 신부동,449000001020030001
에덴동물병원,경기도 수원시 팔달구 매교동,374000001020020006
에덴동물병원,경기도 파주시 동패동,406000001020120001
에덴동물병원,전라남도 진도군 진도읍 남동리,500000001020020001
에덴동물병원,전라남도 함평군 함평읍 기각리,496000001020060001
에드워드동물병원,경기도 고양시 일산동구 식사동,394000001020220004
에버그린 펫 클리닉,,468100001020170001
에버랜드 동물병원,경기도 용인시 처인구 포곡읍 전대리,562000001020060001
에버펫 동물병원,서울특별시 송파구 가락동,323000001020040001
에버펫동물병원,경기도 성남시 분당구 금곡동,378000001020170013
에스 클래스 동물병원,경기도 수원시 영통구 원천동,374000001020190008
에스동물병원,서울특별시 용산구 한강로3가,302000001020230002
에스동물병원,강원특별자치도 원주시 지정면 가곡리,419100001020240001
에스동물암센터,경상남도 양산시 동면 석산리,538000001020200001
"에스디(SD)동물영상센터,서울",서울특별시 중구 신당동,301000001020210001
"에스디(SD)동물의료센터, 김포",경기도 김포시 구래동,409000001020160002
"에스디(SD)동물의료센터,서울",서울특별시 중구 신당동,301000001020210002
에어벳동물병원,경기도 용인시 기흥구 신갈동,563000001020140003
에이드동물병원,서울특별시 강남구 신사동,322000001020190003
에이블 동물병원,서울특별시 서초구 양재동,321000001020130003
에이비씨(ABC)동물병원,서울특별시 서초구 서초동,321000001020190003
에이스 동물병원,경기도 용인시 수지구 동천동,564000001020180003
에이스동물메디컬센터,경기도 의정부시 의정부동,382000001020120002
에이스동물병원,충청북도 청주시 서원구 개신동,572500001020112001
에이치동물메디컬센터,부산광역시 금정구 부곡동,335000001020200001
에이플러스 동물병원,서울특별시 서대문구 연희동,312000001020180001
에코동물병원,전북특별자치도 전주시 덕진구 송천동2가,464100001020190002
에코동물병원,서울특별시 송파구 가락동,323000001020090009
에쿠스종합동물병원(출장진료 전문),경기도 평택시 고덕면 해창리,391000001020210002
에프엠(FM)동물메디컬센터 김포점,경기도 김포시 장기동,409000001020240002
에피소드 동물병원,대구광역시 수성구 만촌동,346000001020150001
엑슬루 동물병원,대전광역시 대덕구 석봉동,368000001020210001
엔젤동물병원,서울특별시 노원구 공릉동,310000001020130001
엔젤동물병원,서울특별시 중랑구 면목동,306000001019960001
엔젤동물병원,경기도 성남시 분당구 금곡동,378000001020040011
엔젤동물병원,충청남도 천안시 서북구 쌍용동,566000001020130005
엔케어동물의료센터,경기도 평택시 죽백동,391000001020200002
엘 동물병원,부산광역시 남구 대연동,331000001020240001
엘 동물병원,서울특별시 송파구 오금동,323000001020210002
엘동물병원,서울특별시 동대문구 용두동,305000001020110001
엘동물병원,경기도 의왕시 오전동,403000001020190001
엘동물의료센터,부산광역시 연제구 연산동,337000001020190001
엘림동물병원,경기도 부천시 원미구 도당동,386000001020060005
엘림동물병원,서울특별시 영등포구 신길동,318000001020240001
엘림동물병원,전라남도 무안군 일로읍 용산리,495000001020230001
엘케이동물병원,서울특별시 노원구 중계동,310000001020060001
엘케이동물의료센터,충청북도 청주시 상당구 용암동,572000001020160001
여서동물병원,전라남도 여수시 여서동,481000001020040001
여수 죽림 동물병원,전라남도 여수시 소라면 죽림리,481000001020200001
여수동물병원,전라남도 여수시 서교동,481000001020020005
여울동물병원,경기도 화성시 오산동,553000001020230004
여울동물병원,경기도 용인시 수지구 신봉동,564000001020250001
여의도 동물병원,서울특별시 영등포구 여의도동,318000001020170002
여주동물병원,경기도 여주시 점봉동,411000001020090001
여천종합동물병원,전라남도 여수시 돌산읍 군내리,481000001020060001
여한경,충청남도 서산시 동문동,453000001019900001
연 동물병원,서울특별시 송파구 잠실동,323000001020110001
연경동물병원,대구광역시 북구 연경동,345000001020200003
연기동물병원,세종특별자치시  조치원읍 상리,569000001019770001
연기동물병원,충청남도 연기군 조치원읍 상리,456000001019770001
연두 동물병원,경기도 수원시 권선구 금곡동,374000001020020007
연두동물병원,,304000001020170004
연두동물병원,광주광역시 광산구 신창동,363000001020030001
연산동물병원,충청남도 논산시 벌곡면 한삼천리,454000001020040003
연서동물종합병원,서울특별시 은평구 대조동,311000001020180002
연성 동물병원,경상북도 경주시 안강읍 안강리,505000001020110002
연수동물메디컬센터,인천광역시 연수구 연수동,352000001020190003
연은동물병원,경기도 부천시 오정구 고강동,386000001020030013
연이동물병원,대전광역시 서구 정림동,366000001020110001
연제종합동물병원,부산광역시 수영구 망미동,338000001020060003
연지동물병원,경상남도 김해시 구산동,535000001020140004
연합,전북특별자치도 고창군 고창읍 읍내리,478100001019850001
연합가축병원,경상북도 안동시 당북동,507000001019920001
연합동물병원,경상남도 양산시 북부동,538000001020200002
연합동물병원,전북특별자치도 군산시 장재동,467100001019780001
연합동물병원,전북특별자치도 완주군 용진읍 상운리,472100001020070001
연합동물병원,전북특별자치도 부안군 부안읍 선은리,479100001019910001
연합에이엠씨,경기도 안양시 동안구 평촌동,383000001020200002
연향동물병원,전라남도 순천시 연향동,482000001019970002
연희동물병원,인천광역시 서구 심곡동,356000001020190001
연희동물병원,서울특별시 서대문구 연희동,312000001020030005
연희동물병원,경기도 수원시 권선구 탑동,374000001020110005
연희동물의료원,경기도 시흥시 장곡동,401000001020220004
열린24시동물병원,서울특별시 강동구 길동,324000001020040003
열린동물병원,전라남도 목포시 산정동,480000001020250001
열린동물병원,대구광역시 동구 신암동,342000001020140004
열린동물병원,세종특별자치시  조치원읍 죽림리,569000001020000001
열린동물병원,강원특별자치도 원주시 무실동,419000001020090001
열린동물병원,충청남도 연기군 조치원읍 원리,456000001020000001
열린동물병원,충청북도 충주시 교현동,439000001020070001
열린동물종합병원,서울특별시 용산구 원효로2가,302000001020020009
염창제일동물병원,서울특별시 강서구 염창동,315000001020020014
영광동물병원,경상북도 봉화군 봉화읍 내성리,524000001020100001
영광동물병원,전라남도 영광군 군서면 남죽리,497000001020220002
영광축협동물병원,전라남도 영광군 영광읍 녹사리,497000001020080001
영국동물병원,서울특별시 송파구 가락동,323000001019910001
영남가축병원,경상북도 경주시 문무대왕면 어일리,505000001019720001
영남동물병원,경상북도 성주군 성주읍 경산리,521000001019670001
영남동물병원(출장진료전문병원),경상남도 양산시 하북면 용연리,538000001020100001
영대동물병원,경상북도 경산시 중방동,513000001019980001
영대연합동물병원,경상북도 경산시 조영동,513000001020160002
영덕사랑동물병원,경상북도 영덕군 영덕읍 덕곡리,518000001020180001
영덕울진축산농협 동물병원,경상북도 울진군 매화면 매화리,525000001020210003
영덕울진축협 동물병원,경상북도 영덕군 영덕읍 화수리,518000001020130001
영덕종합동물병원,경상북도 영덕군 영덕읍 남석리,518000001020100001
영도동물병원,부산광역시 영도구 영선동1가,328000001020020001
영동동물병원,경기도 용인시 수지구 죽전동,564000001020120004
영동합동동물병원,충청북도 영동군 영동읍 계산리,444000001019910001
영등포동물병원,서울특별시 영등포구 당산동1가,318000001020130001
영등포아크로 동물병원,서울특별시 영등포구 영등포동7가,318000001020190002
영민동물병원,경상북도 안동시 송현동,507000001020030001
영생동물병원,전라남도 함평군 함평읍 내교리,496000001019840001
영양동물병원(출장진료전문병원),경상북도 영양군 영양읍 서부리,517000001020220001
영재애견종합병원,광주광역시 동구 산수동,359000001019960002
영종H동물의료센터,인천광역시 중구 중산동,349000001020220001
영주동물병원,경상북도 영주시 영주동,509000001019830001
영주동물병원,경기도 광주시 경안동,554000001020150001
영주축협동물병원,경상북도 영주시 가흥동,509000001020020001
영중동물병원,경기도 포천시 영중면 양문리,560000001020030002
영진가축병원,경상남도 진주시 금곡면 두문리,531000001019770002
영천동물병원,경상북도 영천시 야사동,510000001020110001
영천축협동물병원,경상북도 영천시 문외동,510000001020050006
영통동물병원,경기도 수원시 영통구 영통동,374000001019990004
예 동물병원,인천광역시 서구 마전동,356000001020080001
예 동물병원,경기도 고양시 덕양구 도내동,394000001020150002
예담동물병원,대전광역시 유성구 원신흥동,367000001020170001
예동물병원,인천광역시 부평구 갈산동,354000001020190001
예동물병원,광주광역시 광산구 소촌동,363000001020050001
예산 동물병원,충청남도 예산군 예산읍 주교리,461000001019980001
예서동물병원,제주특별자치도 제주시 노형동,651000001020130001
예송동물병원,충청남도 예산군 예산읍 예산리,461000001020240001
예스동물병원,경상북도 구미시 선산읍 이문리,508000001020200001
예스동물병원,대구광역시 수성구 황금동,346000001020140006
예스동물병원(출장진료전문),전라남도 담양군 담양읍 지침리,485000001020250001
예은동물의료센터,서울특별시 강남구 논현동,322000001020090002
예인동물병원,경상북도 구미시 선산읍 이문리,508000001020240003
예일동물병원,충청남도 예산군 삽교읍 목리,461000001020240002
예임양계병원,강원특별자치도 횡성군 횡성읍 읍하리,426000001019990001
예천축산농협 동물병원,경상북도 예천군 예천읍 청복리,523000001020030012
옐로우동물병원,전라남도 장성군 삼계면 월연리,498000001020170001
오 동물병원,대구광역시 달서구 월성동,347000001020050004
오거리동물병원,서울특별시 은평구 응암동,311000001019990002
오남동물병원,경기도 남양주시 오남읍 양지리,399000001020170001
오남호수동물병원,경기도 남양주시 오남읍 오남리,399000001020250003
오늘동물병원,서울특별시 성동구 성수동1가,303000001020200001
오디세이 동물심장내과,경기도 화성시 오산동,553000001020250002
오라고동물병원,서울특별시 양천구 목동,314000001020130005
오렌지동물병원,서울특별시 성동구 행당동,303000001020030007
오룡 동물병원,전라남도 무안군 삼향읍 남악리,495000001020180001
오류동물병원,서울특별시 구로구 오류동,316000001019830001
오리엔탈타이거동물병원,인천광역시 서구 원당동,356000001020070002
오리진 동물피부과병원,부산광역시 수영구 민락동,338000001020200002
오블리 동물병원,경기도 구리시 토평동,398000001020110001
오산25시종합동물병원,경기도 오산시 오산동,400000001020250002
오산동물병원,경기도 오산시 원동,400000001020010001
오석헌동물병원,서울특별시 성동구 옥수동,303000001020160001
오션동물메디컬센터,부산광역시 해운대구 반여동,333000001020200002
오션동물병원,전북특별자치도 군산시 조촌동,467100001020220001
오송 봄봄 동물병원,충청북도 청주시 흥덕구 오송읍 봉산리,573000001020240001
오수동물병원,전북특별자치도 임실군 오수면 오수리,476100001020060003
오수의과동물병원,충청북도 진천군 진천읍 읍내리,445000001020030001
오아시스 정형외과 신경외과 동물병원,경기도 수원시 영통구 이의동,374000001020170001
오암동물병원,경기도 평택시 안중읍 안중리,391000001019880001
오엠동물병원,경기도 고양시 일산서구 대화동,394000001020090003
오원석 황금동물병원,대구광역시 중구 대봉동,341000001020110001
오월드 동물병원,대전광역시 중구 사정동,365000001020220001
오월의 동물병원,경상북도 경산시 정평동,513000001020200001
오주동물병원,서울특별시 송파구 거여동,323000001019930001
오즈동물병원,광주광역시 남구 주월동,361000001020210002
오즈동물병원,서울특별시 강남구 논현동,322000001020240006
오즈동물병원,서울특별시 서대문구 남가좌동,312000001020150005
오즈동물병원,경기도 의정부시 신곡동,382000001020120004
오즈동물병원,서울특별시 강서구 내발산동,315000001020100003
오창동물병원,충청북도 청주시 청원구 오창읍 장대리,573500001019803001
오케이 동물병원,경상북도 경산시 용성면 당리리,513000001020180006
오태동물병원,경상북도 구미시 오태동,508000001020110003
옥과동물병원,전라남도 곡성군 옥과면 리문리,486000001020220001
옥길아라동물의료센터,경기도 부천시 소사구 옥길동,386000001020210001
옥동종합 동물병원,울산광역시 남구 옥동,370000001020060002
옥수수 동물병원,서울특별시 성동구 옥수동,303000001020120002
옥천동물병원,충청북도 옥천군 옥천읍 삼양리,443000001020140001
옥포태양동물병원,대구광역시 달성군 옥포읍 교항리,348000001020190001
온 동물병원,경상남도 사천시 사천읍 수석리,534000001020180002
온 동물의료센터,경기도 용인시 기흥구 마북동,563000001020210001
온누리 동물병원,전라남도 광양시 중동,484000001019990001
온누리 동물병원,인천광역시 서구 마전동,356000001020150001
온누리 동물병원(출장진료전문동물병원),충청남도 천안시 동남구 삼룡동,565000001020190002
온누리 동물의료센터,경상남도 창원시 성산구 상남동,567000001020090002
온누리 종합동물병원,서울특별시 영등포구 신길동,318000001020100001
온누리동물병원,대구광역시 달서구 이곡동,347000001019990002
온누리동물병원,인천광역시 미추홀구 용현동,351000001020040002
온누리동물병원,부산광역시 해운대구 좌동,333000001020110002
온누리동물병원,전라남도 순천시 조례동,482000001020000001
온누리동물병원(천안점),충청남도 천안시 동남구 봉명동,565000001020200001
온담동물의료센터,경기도 안산시 단원구 원곡동,393000001020220001
온동물병원,부산광역시 기장군 기장읍 동부리,340000001020250001
온동물병원,전북특별자치도 전주시 완산구 효자동3가,464100001020240004
온리동물병원,인천광역시 부평구 십정동,354000001020220001
온마음 동물메디컬센터,서울특별시 송파구 거여동,323000001020150001
온마음동물병원,부산광역시 동래구 온천동,330000001020210004
온빛동물병원,경기도 광명시 소하동,390000001020160002
온아동물의료센터,경기도 김포시 구래동,409000001020220003
온양 발리동물병원,울산광역시 울주군 온양읍 발리,373000001020070002
온양동물병원,충청남도 아산시 온천동,452000001020010002
온유동물병원,경기도 부천시 원미구 중동,386000001020040014
온유동물병원,전북특별자치도 정읍시 연지동,469100001020250001
온유동물병원,광주광역시 광산구 장덕동,363000001020240001
온유동물병원,경기도 수원시 영통구 이의동,374000001020160003
온유동물병원,전라남도 순천시 서면 선평리,482000001020220001
온정동물병원,부산광역시 동래구 안락동,330000001020220002
온천동물병원,부산광역시 동래구 온천동,330000001020160003
온천천동물병원,부산광역시 연제구 거제동,337000001020180001
온하루 동물의료센터,경기도 용인시 수지구 상현동,564000001020230001
온힐동물메디컬,경상남도 김해시 관동동,535000001020050001
올리브 동물병원,전북특별자치도 순창군 순창읍 순화리,477100001020220001
올리브 동물병원,대전광역시 중구 목동,365000001020150001
올리브동물병원,서울특별시 구로구 고척동,316000001020200006
올리브동물병원,서울특별시 종로구 홍지동,300000001020060001
올리브동물병원,대구광역시 북구 산격동,345000001020130004
올리브동물병원,경기도 고양시 일산동구 마두동,394000001020060014
올림픽동물의료센터,서울특별시 송파구 오금동,323000001020230006
올바른동물병원,서울특별시 강동구 암사동,324000001020160004
올스타동물의료센터,서울특별시 강서구 화곡동,315000001020170003
올치동물병원,광주광역시 북구 본촌동,362000001020210001
올케어 동물의료센터,부산광역시 부산진구 양정동,329000001020220001
올펫 동물병원,대구광역시 수성구 상동,346000001020100001
와니동물병원,경상북도 의성군 봉양면 화전리,515000001020240002
와와동물병원,충청북도 청주시 서원구 사직동,572500001020002002
와우 동물병원,서울특별시 마포구 성산동,313000001020170006
와우동물메디컬센터,전북특별자치도 익산시 영등동,468100001020030003
와우동물병원,서울특별시 강서구 방화동,315000001020050003
와우동물병원,울산광역시 울주군 언양읍 동부리,373000001020110001
와우종합동물병원,서울특별시 관악구 신림동,320000001020070001
와이제이클리닉,대구광역시 군위군 군위읍 서부리,514000001020210001
와이즈24시 동물병원,서울특별시 강남구 논현동,322000001020120015
와이즈동물병원,대전광역시 서구 가수원동,366000001020150002
와일드 동물병원,강원특별자치도 춘천시 사농동,418000001020220001
완도동물병원,전라남도 완도군 완도읍 군내리,499000001020170001
왈츠동물병원,서울특별시 영등포구 대림동,318000001020120001
왕궁동물병원,전북특별자치도 익산시 왕궁면 구덕리,468100001019970001
왕십리동물병원,서울특별시 성동구 도선동,303000001020240004
왕십리조은동물병원,서울특별시 성동구 하왕십리동,303000001020140001
왜관동물병원,경상북도 칠곡군 왜관읍 왜관리,522000001020120003
요셉동물병원,전라남도 광양시 광양읍 칠성리,484000001020130001
용강동물병원,서울특별시 마포구 대흥동,313000001019950002
용동물CTMRI의료센터,경상남도 창원시 성산구 상남동,567000001020080001
용동물메디컬센터,경상남도 창원시 성산구 상남동,567000001020210001
용마동물병원,서울특별시 광진구 중곡동,304000001020000003
용문동물병원,경기도 양평군 용문면 다문리,417000001019720001
용문조아동물병원,경기도 양평군 용문면 다문리,417000001020180001
용봉동물병원,서울특별시 강서구 화곡동,315000001020020001
용산동물병원,충청북도 충주시 용산동,439000001020180003
용산동물의료센터,대전광역시 유성구 용산동,367000001020250002
용산종합동물병원,대구광역시 달서구 감삼동,347000001019970001
용원동물병원,경상남도 창원시 진해구 용원동,567000001020062001
용인24시 아이온동물메디컬센터,경기도 용인시 처인구 역북동,562000001020170003
용인도담동물병원,경기도 용인시 기흥구 동백동,563000001020150003
용인동물병원,경기도 용인시 처인구 역북동,405000001019900001
용인서현 동물병원,경기도 용인시 처인구 마평동,562000001020230001
용인센트럴동물병원,경기도 용인시 처인구 김량장동,562000001020090001
용인시 동물보호센터,경기도 용인시 처인구 삼가동,562000001020180001
용인죽전 24시 스카이동물메디컬센터,경기도 용인시 수지구 죽전동,564000001020210001
용인축협동물병원,경기도 용인시 처인구 고림동,562000001020140002
용인해성동물병원,경기도 용인시 처인구 역북동,562000001020200001
용호동물병원,부산광역시 남구 용호동,331000001019950001
우남동물병원,전라남도 장성군 장성읍 영천리,498000001019860002
우동물병원,경기도 화성시 우정읍 조암리,553000001020050003
우람동물병원,경기도 양평군 양평읍 공흥리,417000001019910001
우랑동물병원(산업동물출장진료전문병원),경기도 가평군 가평읍 읍내리,416000001020170001
우리,충청남도 서산시 동문동,453000001019950001
우리 동물병원,강원특별자치도 홍천군 홍천읍 진리,425000001020110001
우리가축병원,전북특별자치도 완주군 고산면 읍내리,472100001020020001
우리덕구동물병원,서울특별시 은평구 진관동,311000001020170002
우리동물메디컬센터,경기도 광주시 경안동,554000001020240002
우리동물메디컬센터,서울특별시 금천구 독산동,317000001020130001
우리동물병원,전북특별자치도 임실군 오수면 오수리,476100001020210001
우리동물병원,전북특별자치도 정읍시 상동,469100001020210001
우리동물병원,울산광역시 울주군 두서면 전읍리,373000001020240002
우리동물병원,강원특별자치도 횡성군 횡성읍 읍상리,426100001020240001
우리동물병원,경상남도 의령군 의령읍 중동리,539000001020240001
우리동물병원,경기도 양주시 광적면 가납리,559000001020250001
우리동물병원,전라남도 무안군 현경면 외반리,495000001020210001
우리동물병원,,523000001020230001
우리동물병원,전북특별자치도 김제시 요촌동,471100001020180001
우리동물병원,충청북도 청주시 상당구 금천동,572000001020041001
우리동물병원,경기도 김포시 월곶면 갈산리,409000001020120003
우리동물병원,경상남도 거창군 거창읍 대평리,547000001020190001
우리동물병원,경상북도 상주시 청리면 청하리,511000001020200002
우리동물병원,전라남도 곡성군 곡성읍 읍내리,486000001020200001
우리동물병원,광주광역시 북구 임동,362000001020150001
우리동물병원,경상북도 경산시 대정동,513000001020150003
우리동물병원,충청북도 청주시 흥덕구 옥산면 가락리,573000001019923001
우리동물병원,경상남도 창원시 의창구 팔용동,567000001020150006
우리동물병원,충청남도 당진시 우강면 창리,568000001020140002
우리동물병원,경상북도 영천시 완산동,510000001020050004
우리동물병원,충청북도 증평군 증평읍 신동리,557000001020000001
우리동물병원,경기도 이천시 창전동,407000001020040002
우리동물병원,전라남도 장성군 장성읍 영천리,498000001020100001
우리동물병원,인천광역시 서구 연희동,356000001020040004
우리동물병원,경기도 화성시 남양읍 남양리,553000001020030004
우리동물병원,경상북도 청도군 화양읍 범곡리,519000001020070001
우리동물병원,경기도 안성시 인지동,408000001020050003
우리동물병원,경상남도 사천시 곤양면 남문외리,534000001019990001
우리동물병원,경상북도 구미시 선산읍 신기리,508000001019930001
우리동물병원,경상남도 진주시 이현동,531000001020020004
우리동물병원,전라남도 목포시 석현동,480000001020050001
우리동물병원,경상남도 통영시 정량동,533000001020050001
우리동물병원,강원특별자치도 춘천시 동내면 거두리,418000001020040003
우리동물병원,서울특별시 성북구 길음동,307000001020080003
우리동물병원,서울특별시 종로구 숭인동,300000001020080001
우리동물병원,경기도 용인시 기흥구 보라동,563000001020080002
우리동물병원,경기도 성남시 분당구 정자동,378000001020090007
우리동물병원,서울특별시 서대문구 영천동,312000001020040004
우리동물병원,경기도 안양시 동안구 비산동,383000001020040006
우리동물병원,경기도 오산시 원동,400000001020060001
우리동물병원,충청남도 천안시 서북구 쌍용동,449000001019980001
우리동물병원,경기도 포천시 신읍동,560000001020020002
우리동물병원(산업),제주특별자치도 제주시 한림읍 금악리,651000001020020002
우리동생 동물병원,서울특별시 마포구 성산동,313000001020150001
우리들 동물병원,경기도 성남시 분당구 야탑동,378000001020080005
우리들동물메디컬센터,서울특별시 양천구 신정동,314000001020190002
우리들동물병원,전북특별자치도 익산시 금마면 서고도리,468100001020110001
우리들동물병원,경상남도 거제시 고현동,537000001020190002
우리들동물종합병원,서울특별시 노원구 중계동,310000001020010002
우리생명과학동물병원,충청남도 논산시 성동면 정지리,454000001020130002
우리소동물병원 「산업동물 출장진료 전문」,경기도 이천시 모가면 진가리,407000001020100001
우리아이동물메디컬센터,세종특별자치시  나성동,569000001020200003
우리아이동물메디컬센터,서울특별시 강서구 내발산동,315000001020160003
우리아이동물병원,인천광역시 연수구 송도동,352000001020240003
우리아이동물병원,서울특별시 동작구 상도동,319000001020120002
우리앤동물병원,경기도 부천시 원미구 상동,386000001020140003
우리종합동물병원,경상남도 김해시 부곡동,535000001020030005
우리집동물병원,경상북도 경산시 중방동,513000001020160005
우리집동물병원,서울특별시 강남구 도곡동,322000001020040007
우리집동물병원,인천광역시 남동구 논현동,353000001020130001
우리집앞동물병원,경기도 용인시 수지구 죽전동,564000001020240002
우리펫동물병원,경기도 안산시 단원구 신길동,393000001020160001
우린동물병원,충청남도 아산시 배방읍 장재리,452000001020200001
우면동물병원,서울특별시 서초구 우면동,321000001020040004
우방가축병원,경상남도 산청군 산청읍 산청리,545000001020080001
우사랑 동물병원   *출장진료전문병원,강원특별자치도 원주시 문막읍 문막리,419000001020110001
우사랑동물병원,충청남도 홍성군 홍성읍 옥암리,460000001020150001
우사랑동물병원(출장전문진료병원),경기도 용인시 기흥구 지곡동,563000001020130001
우산동물병원,경상북도 울릉군 울릉읍 도동리,526000001020190001
우석동물병원(출장전문),경기도 안성시 가사동,408000001019910002
우성농협,충청남도 공주시 우성면 동대리,450000001020030012
우성동물병원,경기도 성남시 분당구 서현동,378000001019960002
우성동물병원,충청남도 공주시 우성면 방문리,450000001020220001
우성동물병원,경상북도 청도군 청도읍 원정리,519000001020070002
우성동물병원,전북특별자치도 익산시 함열읍 남당리,468100001020140002
우성동물병원,대구광역시 군위군 군위읍 서부리,514000001020130001
우성동물병원,충청북도 음성군 맹동면 두성리,447000001020200001
우성산업동물병원,전북특별자치도 정읍시 연지동,469100001020140001
우솔종합동물병원,서울특별시 노원구 월계동,310000001020080001
우수영동물병원,전라남도 해남군 문내면 동외리,493000001020050001
우신동물병원,경기도 양주시 장흥면 교현리,559000001020240003
우신동물병원,충청남도 금산군 금산읍 상리,455000001019940001
우신동물병원,서울특별시 양천구 신월동,314000001019900001
우신종합동물병원,서울특별시 영등포구 신길동,318000001020010002
우암동물병원,부산광역시 남구 감만동,331000001019960001
우원동물병원,충청북도 괴산군 괴산읍 동부리,446000001020200001
우일축산 AH,대구광역시 북구 산격동,345000001020220001
우장동물병원,서울특별시 강서구 화곡동,315000001020020009
우장산동물의료센터,서울특별시 강서구 내발산동,315000001020210003
우정 동물병원,울산광역시 중구 유곡동,369000001020050002
우정 팜 크리닉,경상북도 김천시 평화동,506000001019990001
우정동물병원,경기도 화성시 우정읍 조암리,553000001020080006
우정동물병원,경기도 광주시 곤지암읍 곤지암리,554000001020020001
우정동물병원,제주특별자치도 제주시 한림읍 귀덕리,651000001020180007
우주동물병원,경기도 성남시 중원구 여수동,378000001020220004
우주동물병원,충청북도 증평군 증평읍 창동리,557000001020020002
우주동물병원,인천광역시 중구 운서동,349000001020240002
우주동물병원,서울특별시 광진구 자양동,304000001020210001
우진동물병원,부산광역시 부산진구 부암동,329000001019920001
우진동물병원(출장진료전문병원),경상북도 영천시 성내동,510000001020170001
우포 따오기 구조 치료센터,경상남도 창녕군 장마면 신구리,541000001020200001
운남동물병원,광주광역시 광산구 신가동,363000001020030010
운봉동물병원,전북특별자치도 남원시 운봉읍 동천리,470100001019860001
운정24시동물의료센터,경기도 파주시 동패동,406000001020160002
운정W동물병원,경기도 파주시 와동동,406000001020110001
운정튼튼동물병원,경기도 파주시 목동동,406000001020230002
운정한빛동물병원,경기도 파주시 야당동,406000001020170004
운정호수동물메디컬센터,경기도 파주시 야당동,406000001020180002
운정힐링 동물병원,경기도 파주시 야당동,406000001020160001
울디 동물병원,경기도 김포시 양촌읍 양곡리,409000001020140005
울산 강일웅고양이메디컬센터,울산광역시 남구 삼산동,370000001020240001
울산 강일웅동물메디컬센터,울산광역시 남구 삼산동,370000001020090002
울산 사랑동물병원,울산광역시 남구 신정동,370000001019900001
울산 쉼표동물병원,울산광역시 중구 성안동,369000001020230001
울산 이승진동물병원,울산광역시 남구 달동,370000001020020001
울산 잘하는동물메디컬센터,울산광역시 북구 송정동,372000001020200001
울산광역시 야생동물구조관리센터,울산광역시 남구 옥동,370000001020080002
울산동물병원,울산광역시 중구 학성동,369000001019900001
울산동물영상센터,울산광역시 남구 달동,370000001020160002
울산에스동물메디컬센터,울산광역시 남구 달동,370000001020140004
울산착한동물병원,울산광역시 북구 매곡동,372000001020170001
울산축협동물병원,울산광역시 울주군 언양읍 서부리,373000001020020005
웅상동물병원,경상남도 양산시 덕계동,538000001020020001
웅상프랜드 동물병원,경상남도 양산시 덕계동,538000001020060001
웅천동물병원,전라남도 여수시 웅천동,481000001020170001
워너비 동물병원,서울특별시 마포구 동교동,313000001020140003
워리워리,경기도 고양시 일산서구 대화동,394000001020020011
원 ANIMAL CNC,경상북도 영천시 금호읍 신월리,510000001020230002
원 동물병원,전북특별자치도 순창군 순창읍 순화리,477100001020120001
원 동물병원,충청북도 청주시 흥덕구 상신동,573000001020200003
원 동물병원,경기도 수원시 영통구 영통동,374000001020040008
원 동물병원,부산광역시 북구 화명동,332000001020180003
원 동물병원,경상남도 김해시 한림면 명동리,535000001020240002
원 종합동물병원,경기도 오산시 원동,400000001020020001
원당동물병원,인천광역시 서구 당하동,356000001020060004
원당동물병원,경기도 고양시 덕양구 주교동,394000001020080006
원동물병원,서울특별시 동작구 사당동,319000001020100001
원동물병원,서울특별시 강남구 대치동,322000001020170004
원동물병원,대구광역시 중구 대봉동,341000001020180001
원동물병원,울산광역시 울주군 언양읍 서부리,373000001020060001
원동물병원,경상남도 창녕군 대합면 십이리,541000001020230001
원동물병원,경기도 광주시 송정동,554000001020190001
원러브동물의료센터,서울특별시 성북구 돈암동,307000001020200002
원성준영상의학과동물병원,서울특별시 강남구 역삼동,322000001020250002
원스동물병원,서울특별시 용산구 청파동2가,302000001020190001
원종동물병원,경기도 부천시 오정구 원종동,386000001020150002
원주24시스카이동물메디컬센터,강원특별자치도 원주시 단구동,419000001020200001
원주더봄동물의료센터,강원특별자치도 원주시 관설동,419100001020240002
원주동물병원,강원특별자치도 원주시 단계동,419000001019830001
원주축협동물병원,강원특별자치도 원주시 문막읍 건등리,419000001020050001
원진동물병원,전북특별자치도 임실군 임실읍 이도리,476100001019890001
원헬스 동물의료센터,울산광역시 남구 무거동,370000001020090001
원효종합동물병원,서울특별시 용산구 용문동,302000001020020014
원흥동물의료센터,경기도 고양시 덕양구 도내동,394000001020170002
월드동물병원,충청남도 금산군 금산읍 하옥리,455000001020190001
월드펫동물병원,서울특별시 종로구 평창동,300000001019990001
월드펫동물병원,경기도 부천시 원미구 중동,386000001020110003
월천동물병원 (출장전문),경기도 안성시 보개면 양복리,408000001020160002
월평동물병원,대전광역시 서구 월평동,366000001019960001
웜벳동물병원,충청북도 청주시 서원구 수곡동,572500001020230003
웨스턴 동물의료센터,서울특별시 마포구 노고산동,313000001020090001
웰 동물병원,,564000001020130005
웰 동물병원,인천광역시 연수구 청학동,352000001020160002
웰니스 동물병원,서울특별시 노원구 월계동,310000001020180002
웰니스 동물병원,경기도 구리시 인창동,398000001020210001
웰니스 동물병원,대전광역시 동구 용전동,364000001020110001
웰니스 동물병원,제주특별자치도 제주시 연동,651000001020150011
웰니스 동물병원,경기도 광명시 소하동,390000001020110002
웰니스 동물병원,경기도 용인시 수지구 성복동,564000001020190001
웰니스 동물병원,경기도 하남시 신장동,404000001020240001
웰니스동물병원,충청북도 청주시 청원구 오창읍 양청리,573500001020180001
웰니스동물병원,충청남도 천안시 서북구 백석동,566000001020160003
웰니스동물병원,경기도 안성시 공도읍 진사리,408000001020230001
웰니스동물병원,경기도 안산시 상록구 성포동,393000001020210002
웰니스동물병원,서울특별시 강서구 등촌동,315000001020230003
웰니스동물병원 스타필드 고양,경기도 고양시 덕양구 동산동,394000001020200006
웰니스동물병원(고잔점),경기도 안산시 단원구 고잔동,393000001020180004
웰니스동물병원(롯데월드점),서울특별시 송파구 잠실동,323000001020180009
웰니스동물병원(수완점),광주광역시 광산구 장덕동,363000001020210003
웰니스크리닉,부산광역시 부산진구 부암동,329000001020110003
웰니스클리닉 연수점,인천광역시 연수구 동춘동,352000001020090002
웰니스클리닉(청계천점),서울특별시 중구 황학동,301000001020190005
웰동물메디컬센터,인천광역시 남동구 구월동,353000001020180002
웰동물병원,부산광역시 금정구 구서동,335000001020200002
웰동물병원,전북특별자치도 전주시 완산구 효자동2가,464100001020070001
웰리스 동물병원,서울특별시 노원구 중계동,310000001020080003
웰리스 클리닉,경기도 성남시 분당구 정자동,378000001020130010
웰빙동물병원,경상남도 창원시 성산구 상남동,567000001020110004
웰빙동물병원,제주특별자치도 제주시 애월읍 광령리,651000001020080003
웰빙동물병원,경기도 수원시 영통구 이의동,374000001020170005
웰케어 동물병원,경기도 김포시 풍무동,409000001020100001
웰케어동물병원,서울특별시 마포구 서교동,313000001020070007
웰케어동물병원,대전광역시 서구 관저동,366000001020150004
웰튼동물의료센터,서울특별시 중구 황학동,301000001020200001
위너동물병원,경상남도 창녕군 대지면 효정리,541000001020140002
위너스 동물병원,서울특별시 강남구 역삼동,322000001020120006
위니펫동물병원,경기도 화성시 진안동,553000001020100008
위더스 동물메디컬센터 부설 동물보호센터,경기도 여주시 천송동,570000001020180002
위더스동물병원,경기도 부천시 원미구 상동,386000001020110001
위더스동물의료센터,경기도 오산시 금암동,400000001020180002
위드 동물병원,서울특별시 서대문구 북가좌동,312000001020180002
위드동물병원,대구광역시 달서구 진천동,347000001020110003
위드동물병원,부산광역시 부산진구 당감동,329000001020080001
위드동물병원,강원특별자치도 강릉시 홍제동,420000001020210001
위드동물병원,경상북도 구미시 선산읍 이문리,508000001020230001
위드펫동물병원,경상남도 창원시 마산회원구 합성동,567000001020180004
위드펫동물병원,인천광역시 중구 중산동,349000001020140001
위드펫종합동물병원,서울특별시 송파구 잠실동,323000001019970001
위런한방재활동물병원,서울특별시 용산구 한강로2가,302000001020240001
위례 바른 동물의료센터,경기도 성남시 수정구 창곡동,378000001020240001
위례 별 동물의료센터,서울특별시 송파구 장지동,323000001020210001
위례S동물의료센터,서울특별시 송파구 장지동,323000001020180005
위례나무동물병원,경기도 성남시 수정구 창곡동,378000001020160008
위례중앙동물의료센터,경기도 성남시 수정구 창곡동,378000001020180007
위시티 동물병원,경기도 고양시 일산동구 식사동,394000001020110005
위즈동물병원,서울특별시 강북구 미아동,308000001020030005
위즈펫동물병원,경기도 의정부시 민락동,382000001020170003
위즈펫동물병원,경기도 수원시 팔달구 인계동,374000001020080004
위즈펫동물병원,경기도 안양시 동안구 비산동,383000001020160002
위즈펫동물병원(롯데마트 울산점),울산광역시 남구 달동,370000001020130001
위케어동물의료센터,경기도 고양시 일산동구 식사동,394000001020240001
윌 동물외상센터,광주광역시 서구 쌍촌동,360000001020120001
유 가축병원,전북특별자치도 진안군 진안읍 군하리,473100001019910001
유경동물병원,경상북도 고령군 성산면 득성리,520000001020150001
유기화동물의료센터,부산광역시 동래구 사직동,330000001020190002
유니동물병원,전북특별자치도 순창군 순창읍 순화리,477100001020240001
유니온동물병원,경상북도 구미시 해평면 낙성리,508000001020230006
유니온동물의료센터,경상남도 창원시 의창구 도계동,567000001020190002
유동물병원,강원특별자치도 강릉시 포남동,420100001020240002
유동물병원,경기도 안산시 단원구 선부동,393000001020190003
유동물병원,경기도 의왕시 삼동,403000001020030003
유동물병원,광주광역시 북구 신안동,362000001019960002
유동물병원,경기도 수원시 장안구 영화동,374000001020200004
유동물병원(출장진료전문병원),충청남도 아산시 배방읍 북수리,452000001020250005
유동물의료센터,부산광역시 북구 덕천동,332000001020170002
유리브동물병원,경상남도 양산시 하북면 용연리,538000001020240001
유림동물병원,서울특별시 노원구 월계동,310000001020070002
유림동물병원,광주광역시 서구 동천동,360000001020111001
유림동물안과병원,서울특별시 서초구 잠원동,321000001019950001
유명동물병원,충청남도 논산시 취암동,454000001020130001
유명동물병원(출장전문),전북특별자치도 김제시 검산동,471100001020110001
유병국 동물병원,경상남도 고성군 회화면 배둔리,542000001020190001
유석동물병원,서울특별시 영등포구 신길동,318000001020100003
유성동물병원,제주특별자치도 제주시 한림읍 금악리,651000001020061004
유성동물병원,대전광역시 유성구 장대동,367000001019960001
유성준동물병원,부산광역시 동래구 수안동,330000001020160001
유성튼튼동물병원,대전광역시 유성구 죽동,367000001020180001
유수의과 동물병원,경기도 안성시 죽산면 죽산리,408000001020040001
유스동물병원,전북특별자치도 익산시 모현동1가,468100001020250001
유앤동물의료원,서울특별시 송파구 오금동,323000001020110010
유앤미동물병원,경기도 용인시 기흥구 서천동,563000001020160001
유앤아이 동물병원,경상남도 창원시 마산회원구 양덕동,567000001020220003
유앤아이동물병원,경기도 하남시 망월동,404000001020200004
유앤아이동물병원,전북특별자치도 전주시 완산구 서신동,464100001020130001
유어캣 고양이병원,부산광역시 수영구 민락동,338000001020200001
유은동물병원,경상북도 성주군 성주읍 백전리,521000001020180002
유일동물병원,경기도 양평군 양평읍 도곡리,417000001019790001
유일동물병원(산업동물에 대한 출장진료를 전문으로 함.),충청남도 천안시 동남구 신방동,449000001019860001
유일비전동물병원[출장진료전문],충청남도 천안시 동남구 봉명동,565000001020250001
유진동물병원,세종특별자치시  보람동,569000001020240001
유케어종합동물병원,서울특별시 동작구 상도동,319000001020180001
유한동물병원,경상북도 경산시 중방동,513000001020120001
유현동물병원,서울특별시 도봉구 방학동,309000001020050006
육군 군견훈련소,강원특별자치도 춘천시 동내면 학곡리,418000001020100002
육군 군견훈련소 2군견지원대,충청남도 논산시 연무읍 동산리,454000001020240001
윤 동물병원,경기도 용인시 처인구 남사읍 북리,562000001020220001
윤동물병원,경기도 남양주시 다산동,399000001020240004
윤동물병원,경상북도 포항시 북구 흥해읍 북송리,502000001020160002
윤동물병원,경상북도 경주시 용강동,505000001020190001
윤동물병원,충청남도 청양군 청양읍 읍내리,459000001020220001
윤동물병원,전라남도 장흥군 대덕읍 연정리,491000001020190001
윤성진 안과/외과 동물병원,경기도 성남시 수정구 시흥동,378000001020240004
윤성철동물병원,강원특별자치도 홍천군 홍천읍 신장대리,425000001020040001
윤슬동물병원,경기도 시흥시 월곶동,401000001020210001
윤신근박사동물병원,서울특별시 중구 필동2가,301000001019900001
윤쌤동물병원,충청남도 예산군 삽교읍 목리,461000001020250001
윤후동물병원,경기도 동두천시 지행동,392000001020140001
율곡동물병원,경상북도 김천시 율곡동,506000001020190001
율동물의료센터,서울특별시 강서구 마곡동,315000001020230001
율전동물병원,경기도 수원시 장안구 율전동,374000001020150012
율하 다나동물병원,경상남도 김해시 장유동,535000001020210001
율하 베스트 동물메디컬센터,경상남도 김해시 율하동,535000001020120002
율하 위드동물병원,경상남도 김해시 장유동,535000001020200003
율하동물병원,대구광역시 동구 율하동,342000001020150003
율하시티동물병원,경상남도 김해시 율하동,535000001020210003
으뜸 대동물 병원,충청북도 청주시 흥덕구 오송읍 오송리,573000001020160001
으뜸동물병원,제주특별자치도 제주시 일도일동,651000001020210003
으뜸동물의료센터,인천광역시 미추홀구 주안동,351050001020220001
으뜸원동물병원,경기도 용인시 수지구 동천동,564000001020240004
으뜸원동물병원,경상남도 통영시 북신동,533000001020220002
은계동물병원,경기도 시흥시 은행동,401000001020200001
은마로동물병원,서울특별시 노원구 중계동,310000001019990002
은빛동물병원,서울특별시 노원구 상계동,310000001019990001
은쌤동물병원,경기도 수원시 권선구 세류동,374000001020230006
은하수 동물병원,광주광역시 남구 진월동,361000001020190001
은행나무종합동물병원,서울특별시 금천구 시흥동,317000001020050002
음성동물병원,충청북도 음성군 음성읍 읍내리,447000001019870001
음성축산업협동조합 동물병원,충청북도 음성군 음성읍 읍내리,447000001020110001
응암동물병원,서울특별시 은평구 응암동,311000001019750002
의성동물병원,경상북도 의성군 의성읍 도동리,515000001019950001
의성축협동물병원,경상북도 의성군 봉양면 도원리,515000001020070001
의양동물병원,경기도 양주시 은현면 선암리,559000001020030011
의왕동물병원,경기도 의왕시 오전동,403000001020080001
의정부 24시 IU 동물병원,경기도 의정부시 의정부동,382000001020150001
의정부종합동물병원,경기도 의정부시 의정부동,382000001020040002
이 가축병원,전북특별자치도 임실군 임실읍 이도리,476100001020030001
이:은종합동물병원,경상북도 경주시 동천동,505000001020140001
이건동물병원,전북특별자치도 남원시 향교동,470100001020240001
이곡종합동물병원,대구광역시 달서구 이곡동,347000001020040005
이광수동물병원,인천광역시 연수구 동춘동,352000001019990001
이규로동물병원,경기도 남양주시 화도읍 창현리,399000001020090004
이기쁨동물병원,인천광역시 서구 가정동,356000001020220002
이기영,충청남도 공주시 반죽동,450000001020030008
이끌림동물병원,대구광역시 동구 방촌동,342000001020150001
이노동물병원,전북특별자치도 완주군 이서면 갈산리,472100001020190002
이다종합동물병원,서울특별시 광진구 자양동,304000001020050002
이담동물병원,경기도 동두천시 지행동,392000001020030001
이도씨 동물의료센터,제주특별자치도 서귀포시 강정동,652000001020200005
이동가축병원,경상남도 남해군 이동면 무림리,543000001019760002
이동물병원,충청남도 아산시 둔포면 둔포리,452000001019830001
이든 동물메디컬,경상남도 창원시 성산구 상남동,567000001020150003
이든동물병원,대구광역시 북구 복현동,345000001020220002
이든동물병원,충청북도 진천군 이월면 신월리,445000001020220001
이든동물병원,광주광역시 북구 삼각동,362000001020170002
이든동물병원,경기도 수원시 팔달구 화서동,374000001020090005
이든동물의료센터,서울특별시 영등포구 당산동5가,318000001020170003
이랑동물병원,부산광역시 수영구 망미동,338000001020180002
이레동물병원,경기도 김포시 사우동,409000001020040002
이레동물병원,전라남도 순천시 황전면 괴목리,482000001020050001
이레외과동물병원,경기도 성남시 분당구 수내동,378000001020190006
이로동물의료센터,서울특별시 관악구 신림동,320000001020160001
이로운 동물병원,경기도 화성시 산척동,553000001020190006
이로운동물병원,부산광역시 강서구 명지동,336000001020170001
이로운동물병원,경상북도 구미시 선산읍 독동리,508000001020230003
이루다 동물메디컬센터,경기도 화성시 남양읍 남양리,553000001020180004
이루다 동물병원,제주특별자치도 제주시 도련일동,651000001020190005
이루동물병원,경기도 화성시 송동,553000001020230003
이루아동물병원,울산광역시 남구 무거동,370000001020190001
이룸동물병원,경기도 안양시 동안구 비산동,383000001020160004
이룸동물병원,제주특별자치도 제주시 노형동,651000001020200003
이룸동물병원,대구광역시 달서구 도원동,347000001020140001
이룸동물병원,부산광역시 연제구 연산동,337000001020150002
이룸동물병원,서울특별시 송파구 석촌동,323000001020120004
이룸외과동물병원,광주광역시 남구 주월동,361000001020170003
이리온,경기도 김포시 장기동,409000001020140001
이리온 동물메디컬센터,경기도 남양주시 진접읍 장현리,399000001020170002
이리온 양재점,서울특별시 서초구 양재동,321000001020130001
이리온동물병원광교롯데마트점,경기도 수원시 영통구 이의동,374000001020150005
이매 동물병원,경기도 성남시 분당구 이매동,378000001020160002
이명렬가축병원,강원특별자치도 횡성군 횡성읍 읍하리,426000001019740001
이모란동물병원,경기도 평택시 평택동,391000001019980002
이박사동물병원,울산광역시 중구 성남동,369000001020010001
이병훈동물병원,세종특별자치시  조치원읍 명리,569000001020200002
이브동물의료센터,경상남도 양산시 덕계동,538000001020220001
이비치 동물치과병원,서울특별시 강남구 청담동,322000001020140011
이산동물의료센터,경기도 시흥시 능곡동,401000001020220002
이상동물병원,부산광역시 수영구 수영동,338000001019960001
이상록동물병원,서울특별시 서초구 잠원동,321000001020040009
이상윤동물병원,서울특별시 용산구 이촌동,302000001020230001
이서동물병원,대구광역시 달서구 성당동,347000001020200002
이서동물병원,전북특별자치도 완주군 이서면 상개리,472100001020150004
이선동물병원,경상북도 포항시 북구 두호동,502000001020170001
이성준동물병원,경기도 안성시 봉남동,408000001020000001
이소영동물병원,제주특별자치도 제주시 일도이동,651000001019970001
이솜동물병원,대전광역시 유성구 지족동,367000001020150002
이솝동물메디컬,경상남도 진주시 평거동,531000001020170001
이솝동물병원,경기도 고양시 일산동구 마두동,394000001020040004
이솝동물병원,울산광역시 북구 매곡동,372000001020010001
이솝동물병원,대구광역시 달서구 대곡동,347000001020150002
이솝동물병원,경기도 화성시 남양읍 남양리,553000001020220007
이솝동물병원,경기도 광주시 초월읍 대쌍령리,554000001020030005
이솝동물병원,경상남도 창원시 의창구 소답동,567000001020060002
이솝동물병원,광주광역시 광산구 쌍암동,363000001020210002
이수동물병원,전북특별자치도 부안군 보안면 영전리,479100001020250001
이수동물병원,서울특별시 동작구 사당동,319000001020100005
이수의과동물병원(출장진료전문),경상남도 함양군 안의면 금천리,546000001020030002
이스턴24시동물병원,대구광역시 동구 신기동,342000001020100003
이스턴동물병원,제주특별자치도 제주시 일도이동,651000001020160004
이승재동물병원,대전광역시 대덕구 신탄진동,368000001019960001
이시아동물병원,대구광역시 동구 봉무동,342000001020140003
이안동물의학센터(청담점),서울특별시 강남구 청담동,322000001020130008
이앤박동물병원,서울특별시 노원구 상계동,310000001020100001
이엘 동물병원,전북특별자치도 전주시 완산구 서서학동,464100001020040008
이영기수의과병원,전라남도 나주시 과원동,483000001019980001
이영수 고양이 병원,인천광역시 서구 가정동,356000001020230001
이영준동물병원,전북특별자치도 완주군 봉동읍 낙평리,472100001020030001
이오동물병원,인천광역시 서구 검암동,356000001020190003
이완섭동물병원,전북특별자치도 순창군 순창읍 교성리,477100001020040001
이용철동물병원,경기도 고양시 일산서구 일산동,394000001020030010
이웃집 동물병원,경기도 수원시 권선구 오목천동,374000001020240003
이윤권양한방동물병원,경기도 안양시 만안구 안양동,383000001020080004
이윤세동물병원,서울특별시 성동구 행당동,303000001020080001
이을동물병원,서울특별시 서초구 반포동,321000001020180007
이음동물병원,인천광역시 연수구 송도동,352000001020230001
이음동물의료센터,경기도 화성시 산척동,553000001020200003
이의종동물병원,제주특별자치도 제주시 한림읍 한림리,651000001019611002
이재풍동물병원,서울특별시 송파구 오금동,323000001019900002
이즈 동물병원,서울특별시 동대문구 이문동,305000001020250001
이즈동물병원,충청북도 청주시 상당구 용암동,572000001020051001
이지 동물병원,경기도 시흥시 대야동,401000001020100002
이지 동물병원,인천광역시 계양구 병방동,355000001020160001
이지동물병원,전북특별자치도 전주시 덕진구 여의동2가,464100001020160001
이지웰 동물병원(산업동물 출장진료전문동물병원),충청남도 천안시 동남구 목천읍 동평리,565000001020240002
이지훈동물병원,경기도 수원시 권선구 구운동,374000001019990003
이진수고양이병원,경기도 성남시 분당구 판교동,378000001020150008
이창석 동물병원,충청남도 태안군 태안읍 남문리,462000001020160003
이창훈 동물병원,경기도 고양시 일산동구 정발산동,394000001019930001
이천동물병원「산업동물 출장진료 전문」,,407000001019790001
이천동물의료센터,경기도 이천시 증포동,407000001020120002
이천종합동물병원,대구광역시 남구 봉덕동,344000001020000004
이천축산업협동조합동물병원,경기도 이천시 진리동,407000001019990001
이층애 고양이동물병원,서울특별시 마포구 서교동,313000001020180002
이퀴피스 말동물병원,제주특별자치도 제주시 조천읍 교래리,651000001020240002
이태원동물병원,서울특별시 용산구 이태원동,302000001020120005
이프동물의료센터,경기도 화성시 송동,553000001020250001
이플동물병원,경기도 성남시 수정구 복정동,378000001020060003
이형윤동물병원,경기도 평택시 합정동,391000001020110002
이호동물병원,제주특별자치도 제주시 한림읍 금악리,651000001020061002
이화동물병원,경상남도 창원시 마산합포구 상남동,567000001019941004
이화동물병원,충청남도 천안시 동남구 병천면 병천리,565000001020230003
익산군산축협동물병원,전북특별자치도 익산시 함라면 함열리,468100001020050002
익산산업동물병원,전북특별자치도 익산시 모현동1가,468100001020100001
인덕원동물의료센터,경기도 안양시 동안구 관양동,383000001020130004
인동동물병원,경상북도 구미시 인의동,508000001019970002
인방동물의료센터,경기도 안양시 동안구 평촌동,383000001019950002
인성동물병원(출장전문),전북특별자치도 김제시 금산면 원평리,471100001020200002
인우 동물병원,전북특별자치도 고창군 고창읍 덕산리,478100001020160001
인우동물병원,충청북도 청주시 청원구 오창읍 화산리(華山),573500001020230001
인월동물병원,전북특별자치도 남원시 인월면 인월리,470100001020210002
인제종합동물병원,강원특별자치도 인제군 인제읍 남북리,433000001020140001
인제축산업협동조합 동물병원,강원특별자치도 인제군 북면 원통리,433000001020030001
인천 24시 스카이동물메디컬센터,인천광역시 남동구 구월동,353000001020140004
인천24시유앤미동물병원,인천광역시 남동구 간석동,353000001020080003
인천강화옹진축협 동물병원,인천광역시 강화군 강화읍 관청리,357000001020100002
인천광역시 야생동물구조관리센터,인천광역시 연수구 송도동,352000001020180003
인천동물심장내과,인천광역시 연수구 송도동,352000001020240002
인천종합동물병원,인천광역시 동구 송현동,350000001020210001
일곡동물병원,광주광역시 북구 일곡동,362000001020120003
일광해빛동물병원,부산광역시 기장군 일광읍 삼성리,340000001020210001
일동동물병원,경기도 포천시 일동면 기산리,560000001019700001
일리동물의료센터,경기도 수원시 영통구 하동,374000001020210002
일마레 동물 메디컬 센터,서울특별시 강남구 청담동,322000001020100012
일산 클래식 동물병원,경기도 고양시 일산동구 백석동,394000001020170007
일산동물의료센터,울산광역시 동구 일산동,371000001019950001
일산동물의료원,경기도 고양시 일산서구 대화동,394000001020050001
일산시티 동물의료센터,경기도 고양시 일산동구 장항동,394000001020130006
일오삼동물병원,서울특별시 양천구 신월동,314000001020060001
일죽종합동물병원,경기도 안성시 일죽면 송천리,408000001020000002
임만수 동물병원,충청남도 홍성군 홍성읍 남장리,460000001020150002
임수의과병원,경상북도 칠곡군 가산면 송학리,522000001020210002
임실축협동물병원,전북특별자치도 임실군 임실읍 이도리,476100001020040002
임재성동물의료센터,서울특별시 강남구 일원동,322000001020200006
임창일동물병원,충청남도 홍성군 광천읍 광천리,460000001020000002
임프로동물병원,경상북도 칠곡군 가산면 석우리,522000001020100001
자스민 동물병원,전북특별자치도 전주시 덕진구 송천동2가,464100001020190003
자양동물병원,서울특별시 광진구 자양동,304000001020130002
자연동물병원,인천광역시 계양구 작전동,355000001020100001
자연동물병원,서울특별시 강남구 개포동,322000001019990002
자연동물병원,전북특별자치도 군산시 수송동,467100001020240001
자연동물병원,부산광역시 동래구 사직동,330000001020080001
자연동물병원,광주광역시 북구 운암동,362000001020040008
자연앤동물병원,경기도 남양주시 다산동,399000001020190001
자연앤동물병원,경기도 수원시 영통구 이의동,374000001020130009
자연은동물병원,경상남도 김해시 삼방동,535000001020110002
자유로 동물병원,경기도 고양시 일산서구 대화동,394000001020070008
자이동물병원,대구광역시 서구 원대동3가,343000001020230001
자인동물병원,경상북도 경산시 자인면 서부리,513000001019900001
작은 친구 동물병원,경기도 고양시 덕양구 토당동,394000001020020001
잠실 스무살의꿈동물병원,서울특별시 송파구 삼전동,323000001020230009
잠실동물병원,서울특별시 송파구 잠실동,323000001020220006
잠실베스트동물메디컬센터,서울특별시 송파구 석촌동,323000001020140002
잠실베스트동물병원 수술재활센터,서울특별시 송파구 석촌동,323000001020180008
잠실종합동물병원,서울특별시 송파구 송파동,323000001020020008
잠실준25시동물병원,서울특별시 송파구 삼전동,323000001020070004
장 동물병원,부산광역시 사하구 다대동,334000001020040005
장기가축병원,경상북도 포항시 남구 장기면 마현리,502000001019810001
장동호동물병원,충청남도 서천군 서천읍 사곡리,458000001019950001
장미동물병원(출장진료전문동물병원),전라남도 담양군 담양읍 백동리,485000001020020006
장산동물병원,부산광역시 해운대구 반여동,333000001020070001
장성동물병원,전라남도 장성군 장성읍 영천리,498000001019570001
장성동물병원,경상북도 포항시 북구 장성동,502000001020040003
장수동물의료원,경기도 오산시 오산동,400000001020180003
장수의과 동물병원,경상북도 상주시 남성동,511000001020200003
장승준동물치과병원,서울특별시 서대문구 홍은동,312000001020230001
장승포가축병원,경상남도 거제시 장승포동,537000001019750001
장안동물병원,경기도 수원시 장안구 조원동,374000001019960002
장암종합동물병원,경기도 의정부시 신곡동,382000001020010001
장우진동물병원,경기도 화성시 병점동,553000001020090007
장원동물병원,부산광역시 북구 구포동,332000001020030001
장원동물병원(출장진료전문 동물병원),충청남도 천안시 동남구 원성동,449000001019980002
장유동물병원,경상남도 김해시 삼문동,535000001020030001
장재영외과동물병원,경기도 성남시 분당구 운중동,378000001020190007
장평25시동물종합병원,서울특별시 동대문구 장안동,305000001020010001
장현 동물병원,경기도 남양주시 진접읍 장현리,399000001020090003
장호원동물병원,경기도 이천시 장호원읍 진암리,407000001020120003
재생동물병원,부산광역시 동래구 낙민동,330000001019820001
재송동물병원,부산광역시 해운대구 재송동,333000001019950001
재영 동물병원,인천광역시 계양구 작전동,355000001020110002
저스트벳 동물병원,경기도 오산시 원동,400000001020140001
전남낙농농협 동물병원,전라남도 순천시 남정동,482000001019970003
전남낙농농협 보성공장 동물병원,전라남도 보성군 벌교읍 장좌리,489000001020130002
전남낙협동물병원,전라남도 나주시 산포면 산제리,483000001020040001
전남대학교 동물병원,광주광역시 북구 용봉동,362000001019860001
전남동물병원,전라남도 영광군 영광읍 남천리,497000001019940002
전남동물의료센터,전라남도 나주시 빛가람동,483000001020230003
전남야생동물구조관리센터,전라남도 순천시 인월동,482000001020070002
전동물병원,경기도 화성시 향남읍 상신리,553000001020240001
전동물병원 (출장진료전문병원),,447000001020160002
전병준동물병원,경기도 수원시 팔달구 인계동,374000001020080001
전북동물의료센터,전북특별자치도 익산시 마동,468100001020150001
전북야생동물구조관리센터,,468100001020150002
전영호동물병원,울산광역시 중구 반구동,369000001019960001
전주김제완주축협 김제지점 부설 동물병원,전북특별자치도 김제시 검산동,471100001020110003
전주김제완주축협 부속동물병원,전북특별자치도 전주시 덕진구 호성동1가,464100001019980002
전주동물병원,전북특별자치도 전주시 완산구 효자동3가,464100001020120004
정 동물병원,충청남도 서산시 잠홍동,453000001020050001
정 동물병원,대전광역시 서구 괴정동,366000001019890002
정 동물병원,경상북도 상주시 복룡동,511000001020240001
정 동물병원,경기도 용인시 수지구 상현동,564000001020180002
정 메디컬 동물병원,경상남도 창원시 성산구 상남동,567000001020220002
정가축병원,충청남도 당진시 읍내동,463000001019750001
정강동물병원,충청남도 아산시 모종동,452000001020010001
정겨운 동물병원,충청북도 청주시 서원구 수곡동,572500001020250001
정겨운동물병원,서울특별시 동작구 상도1동,319000001020110001
정관착한동물의료센터,부산광역시 기장군 정관읍 매학리,340000001020160001
정규호 동물병원,전라남도 화순군 화순읍 삼천리,490000001020240002
정남동물병원,경기도 화성시 정남면 발산리,553000001020130001
정다운 동물병원(출장진료전문),경상남도 진주시 금곡면 인담리,531000001020220005
정다운동물병원,경기도 안산시 단원구 고잔동,393000001020040010
정다운동물병원,경상남도 창원시 성산구 사파동,567000001019960001
정다운동물병원,경기도 시흥시 정왕동,401000001020170001
정다운동물병원,광주광역시 광산구 하남동,363000001020140003
정다운동물병원,충청남도 천안시 서북구 불당동,566000001020170002
정다운동물병원,경상북도 구미시 선산읍 교리,508000001020200002
정다운동물병원,경기도 부천시 원미구 중동,386000001020220001
정다운종합동물병원,경기도 용인시 수지구 성복동,564000001020070002
정담 동물메디컬센터,경기도 부천시 소사구 송내동,386000001020230003
정담 동물병원,대전광역시 서구 갈마동,366000001020170001
정동물병원,경기도 성남시 중원구 상대원동,378000001020230001
정동물병원,전라남도 나주시 공산면 금곡리,483000001020010003
정동물병원,전라남도 구례군 구례읍 봉동리,487000001019830001
정동물병원,경기도 평택시 안중읍 안중리,391000001019840001
정동물병원,대구광역시 수성구 지산동,346000001019980001
정동물병원,전라남도 영광군 영광읍 도동리,497000001019840001
정동물병원,전라남도 장흥군 장흥읍 건산리,491000001020200001
정동물병원,충청북도 청주시 청원구 율량동,573500001020180002
정동물병원,,324000001020050007
정동물병원,경기도 수원시 팔달구 인계동,374000001020000001
정든동물병원,서울특별시 은평구 증산동,311000001020220002
정든동물병원,제주특별자치도 서귀포시 법환동,652000001020160002
정말로동물병원,서울특별시 양천구 신월동,314000001020210001
정산가축병원,충청남도 청양군 정산면 서정리,459000001019880001
정산동물병원,전북특별자치도 정읍시 이평면 두지리,469100001020220002
정샘동물병원,경기도 부천시 원미구 중동,386000001020130003
정서동물병원,인천광역시 남동구 간석동,353000001020150003
정선가축병원,강원특별자치도 정선군 정선읍 봉양리,429100001020230001
정성환동물병원,충청북도 청주시 청원구 내덕동,573500001019981001
정수동물병원,전라남도 영광군 영광읍 신하리,497000001020240002
정수동물병원,경기도 안양시 동안구 평촌동,383000001020040004
정수의과병원,경상북도 고령군 대가야읍 쾌빈리,520000001019940001
정원 양한방동물병원,경기도 성남시 분당구 판교동,378000001020100005
정원동물병원,전라남도 순천시 풍덕동,482000001020170002
정원동물병원,부산광역시 부산진구 연지동,329000001020230002
정이동물병원,전라남도 강진군 강진읍 동성리,492000001020230001
정이룸 동물병원,인천광역시 서구 당하동,356000001020160001
정자프라임동물병원,경기도 성남시 분당구 정자동,378000001020050014
정자현대동물병원,경기도 성남시 분당구 정자동,378000001020220007
정종합동물병원,경기도 부천시 오정구 원종동,386000001019970004
정종합동물병원,충청북도 충주시 지현동,439000001020000001
정주산업동물병원,전북특별자치도 정읍시 태인면 오봉리,469100001020170001
정직 동물병원,경기도 하남시 망월동,404000001020240002
정직한 동물병원,부산광역시 사하구 신평동,334000001020230001
정직한 동물병원,제주특별자치도 서귀포시 대정읍 보성리,652000001020200003
정직한동물의료센터,경기도 수원시 권선구 권선동,374000001020230003
정창수외과동물병원,경기도 고양시 일산서구 대화동,394000001020230001
정철 동물병원,울산광역시 북구 진장동,372000001020030001
정평동물병원,경상북도 경산시 정평동,513000001020040001
정훈동물병원,부산광역시 부산진구 부전동,329000001020140001
제갈견 동물병원,울산광역시 중구 우정동,369000001020150001
제갈동물병원 (출장진료 전문),경기도 평택시 청북면 어연리,391000001019940001
제니스동물병원,대구광역시 수성구 범어동,346000001020040011
제마동물병원,제주특별자치도 제주시 조천읍 교래리,651000001020220002
제연동물병원,서울특별시 동대문구 전농동,305000001020130003
제이동물병원,전북특별자치도 김제시 검산동,471100001020200001
제이동물병원,충청남도 천안시 서북구 불당동,566000001020180001
제이디 동물병원(JD Equine clinic hospital),제주특별자치도 제주시 애월읍 유수암리,651000001020240003
제이스동물병원,경기도 김포시 고촌읍 신곡리,409000001020210002
제이에스 동물병원,전북특별자치도 정읍시 수성동,469100001020220004
제이엘동물병원,대구광역시 달서구 대천동,347000001019920001
제이엠 동물병원,경기도 고양시 일산동구 장항동,394000001020040009
제이준 말전문 동물병원,전북특별자치도 장수군 장계면 장계리,475100001020180002
제인동물병원,서울특별시 성동구 성수동2가,303000001020160002
제일2차동물메디컬센터,부산광역시 금정구 부곡동,335000001020150003
제일F&C,경상남도 창녕군 창녕읍 교하리,541000001020160001
제일가축병원,경상북도 영천시 완산동,510000001020050005
제일가축병원,전라남도 영암군 영암읍 역리,494000001019840001
제일가축병원,경상북도 칠곡군 왜관읍 왜관리,522000001019850001
제일가축병원,경상남도 고성군 고성읍 송학리,542000001020030002
제일동물병원,대전광역시 중구 문창동,365000001020180001
제일동물병원,충청남도 금산군 금산읍 상옥리,455000001020230001
제일동물병원,전북특별자치도 무주군 안성면 장기리,474100001020090001
제일동물병원,충청남도 보령시 대천동,451000001019990001
제일동물병원,경기도 군포시 산본동,402000001020010001
제일동물병원,경기도 안양시 동안구 비산동,383000001020060004
제일동물병원,전라남도 여수시 학동,481000001020100002
제일동물병원,강원특별자치도 춘천시 퇴계동,418000001019960001
제일동물병원,강원특별자치도 원주시 중앙동,419000001020020001
제일동물병원,경기도 이천시 창전동,407000001019910001
제일동물병원,경기도 남양주시 퇴계원읍 퇴계원리,399000001019750001
제일동물병원,울산광역시 울주군 삼남면 교동리,373000001020020002
제일동물병원,제주특별자치도 제주시 한림읍 금악리,651000001020031006
제일동물병원,전라남도 보성군 보성읍 보성리,489000001020050001
제일동물병원,전라남도 영광군 법성면 법성리,497000001019940001
제일동물병원,충청북도 청주시 상당구 석교동,572000001019761002
제일동물병원,,382000001020140002
제일동물병원,경상북도 경산시 중방동,513000001020110002
제일동물진단영상센터,부산광역시 금정구 부곡동,335000001020150004
제일말전문병원,광주광역시 서구 매월동,360000001020160001
제일종합동물병원,경기도 김포시 양촌읍 구래리,409000001019820001
제일종합동물병원,경기도 용인시 기흥구 구갈동,563000001020140002
제일종합동물병원,서울특별시 금천구 시흥동,317000001020030001
제일팜산업동물병원,충청남도 당진시 대덕동,568000001020140001
제주 키움 동물병원,제주특별자치도 제주시 이도이동,651000001020190004
제주 현 동물병원,제주특별자치도 제주시 조천읍 신촌리,651000001020200001
제주24시숨동물의료센터,제주특별자치도 제주시 아라이동,651000001020250001
제주대학교 말전문동물병원,제주특별자치도 제주시 아라일동,651000001020170006
제주대학교 수의과대학 부설동물병원,제주특별자치도 제주시 아라일동,651000001019950002
제주대학교 야생동물구조센터,제주특별자치도 제주시 아라일동,651000001020100002
제주동물메디컬센터,제주특별자치도 제주시 연동,651000001020130002
제주동물병원,제주특별자치도 제주시 애월읍 하귀1리,651000001020150010
제주양돈농협 동물병원,제주특별자치도 제주시 한림읍 한림리,651000001020130003
제주오름동물병원,제주특별자치도 제주시 노형동,651000001020190002
제주온동물병원,제주특별자치도 제주시 연동,651000001020210002
제주우리동물병원,제주특별자치도 제주시 구좌읍 세화리,651000001020220003
제주자연동물병원,제주특별자치도 제주시 구좌읍 한동리,651000001020051001
제주축산업협동조합 동물병원,제주특별자치도 제주시 일도일동,651000001020030008
제주특별자치도 동물위생시험소 (동물보호센터) 동물병원,제주특별자치도 제주시 용강동,651000001020180003
제주피그클리닉,제주특별자치도 제주시 한림읍 동명리,651000001020180008
제천 그레이스 동물병원,충청북도 제천시 장락동,440000001020170001
제천종합동물병원,충청북도 제천시 중앙로2가,440000001020190002
젠(Gen)동물병원,경기도 성남시 분당구 야탑동,378000001020130009
젠틀펫동물병원,대구광역시 서구 중리동,343000001020200002
젬마동물병원,인천광역시 남동구 만수동,353000001019910001
조 동물병원,강원특별자치도 춘천시 효자동,418000001019980003
조광동물병원,강원특별자치도 속초시 교동,423000001019930001
조규만외과동물병원,경기도 부천시 원미구 상동,386000001020020001
조수의과가축병원,경상남도 고성군 회화면 배둔리,542000001020030001
조아동물병원,대구광역시 북구 복현동,345000001020230002
조아동물병원,서울특별시 금천구 독산동,317000001020160002
조암동물병원,경기도 화성시 우정읍 조암리,553000001019830001
조앤박동물병원,부산광역시 해운대구 좌동,333000001020100003
조양래 동물의료센터,부산광역시 남구 대연동,331000001020030003
조원 동물병원,경기도 수원시 장안구 조원동,374000001020190001
조은 동물병원,강원특별자치도 원주시 단계동,419000001020110002
조은동물병원,경기도 수원시 팔달구 화서동,374000001020170003
조은동물병원,제주특별자치도 서귀포시 서귀동,652000001020010001
조은동물병원,경기도 성남시 중원구 성남동,378000001020040004
조은동물병원,대전광역시 유성구 전민동,367000001020090001
조은동물병원,경상남도 거창군 거창읍 대동리,547000001020230004
조은동물병원,인천광역시 남동구 논현동,353000001020190003
조은동물병원,전북특별자치도 정읍시 수성동,469100001020200001
조은동물병원,경상북도 포항시 남구 상도동,502000001020180001
조은동물의료원,대구광역시 수성구 만촌동,346000001020120001
조이 동물 재활클리닉,경기도 안산시 단원구 원곡동,393000001020230001
조이동물병원,경기도 고양시 일산서구 덕이동,394000001020090002
조이동물병원,광주광역시 서구 화정동,360000001020230001
조이동물병원 제니스점,경기도 고양시 일산서구 탄현동,394000001020150016
조이동물의료센터,경기도 안산시 단원구 원곡동,393000001020150002
조이앤동물병원,경기도 화성시 향남읍 하길리,553000001020230002
조인트 동물병원,경기도 성남시 수정구 창곡동,378000001020160012
조재진동물병원,인천광역시 부평구 산곡동,354000001020060003
조재환 동물병원,경상북도 예천군 예천읍 남본리,523000001020030005
조정연동물병원,서울특별시 금천구 시흥동,317000001020070002
조치원가축병원,충청남도 연기군 조치원읍 상리,456000001019940001
조치원동물병원,세종특별자치시  조치원읍 상리,569000001019940001
조한웅동물병원,전북특별자치도 익산시 춘포면 쌍정리,468100001020200001
조항일동물병원,경상남도 창원시 진해구 석동,567000001020120001
조형선외과동물병원,서울특별시 성동구 금호동1가,303000001020220002
존스홉킨스 동물병원,경기도 평택시 팽성읍 안정리,391000001020240001
종로동물병원,광주광역시 북구 운암동,362000001020090001
종합,인천광역시 강화군 강화읍 관청리,357000001019930001
종합동물병원,경상남도 합천군 대양면 정양리,548000001020030002
종합동물병원,충청남도 청양군 청양읍 읍내리,459000001019940001
종합동물병원,충청남도 당진시 신평면 상오리,463000001019980001
종합동물병원,경상남도 밀양시 내이동,536000001019810001
좋아서하는 동물병원,서울특별시 용산구 원효로1가,302000001020150002
좋은 친구들 동물병원,인천광역시 남동구 만수동,353000001020050001
좋은동물병원,광주광역시 서구 금호동,360000001020030003
좋은동물병원(출장전문),경기도 안성시 양성면 동항리,408000001020000003
좋은말동물병원,경상남도 함양군 안의면 금천리,546000001020230001
좌천동물병원,부산광역시 기장군 장안읍 좌천리,340000001019870001
주동물병원,충청남도 계룡시 금암동,558000001020230001
주동물병원,울산광역시 남구 삼산동,370000001020150001
주수의과 병원,경상남도 의령군 의령읍 서동리,539000001019980001
주안동물병원,인천광역시 미추홀구 주안동,351000001020070001
주앤동물병원,충청남도 아산시 온천동,452000001020110001
주연동물병원,서울특별시 중랑구 면목동,306000001020060001
주영동물병원「산업동물 출장진료 전문」,경기도 이천시 장호원읍 장호원리,407000001019890001
주영동물약품병원,전라남도 함평군 학교면 사거리,496000001020110001
주주동물병원,서울특별시 동대문구 전농동,305000001020040001
주주동물병원,인천광역시 연수구 송도동,352000001020070002
주주동물병원,강원특별자치도 강릉시 입암동,420000001020180004
주주동물병원,경기도 용인시 기흥구 구갈동,405000001020040001
주주동물병원,경상남도 김해시 관동동,535000001020170001
주주동물병원,광주광역시 북구 풍향동,362000001020040004
주주동물종합병원,서울특별시 강남구 대치동,322000001020030006
주주종합동물병원,충청북도 청주시 청원구 율량동,573500001020061001
주주종합동물병원,인천광역시 부평구 부개동,354000001020170002
주현동물병원,경기도 안양시 만안구 안양동,383000001020060002
죽전 쿨펫동물병원,경기도 용인시 수지구 죽전동,564000001020170003
죽전동물메디컬센터,대구광역시 달서구 감삼동,347000001020130001
죽전동물병원,경기도 용인시 기흥구 보정동,563000001020060002
죽전예담동물병원,경기도 용인시 수지구 죽전동,564000001020160001
준 동물병원,경기도 고양시 덕양구 화정동,394000001020250001
준 동물병원,대구광역시 북구 복현동,345000001020110003
준동물병원,경상남도 양산시 물금읍 증산리,538000001020160004
준동물병원,서울특별시 광진구 자양동,304000001020110001
준동물병원,,509000001020160001
준마동물병원(출장진료전문병원),제주특별자치도 제주시 조천읍 선흘리,651000001020200006
중계이오동물병원,서울특별시 노원구 중계동,310000001020120002
중곡동물병원,서울특별시 광진구 중곡동,304000001020020001
중동동물병원,경기도 부천시 원미구 중동,386000001019970003
중동우리아이동물병원,경기도 부천시 원미구 중동,386000001020230002
중랑차동물병원,서울특별시 중랑구 상봉동,306000001020240001
중리 더펫 동물병원,대전광역시 대덕구 중리동,368000001020200001
중마동물병원,전라남도 광양시 중동,484000001020070001
중문동물병원,제주특별자치도 서귀포시 중문동,652000001020190002
중부,경상북도 의성군 의성읍 도동리,515000001020010001
중부동물병원,대구광역시 중구 봉산동,341000001020030002
중부동물병원,충청북도 단양군 단양읍 별곡리,448000001020030001
중부동물병원,경기도 화성시 팔탄면 노하리,553000001020100004
중부동물병원 「산업동물 출장진료 전문」,경기도 이천시 중리동,407000001020030002
중부동물병원약품,강원특별자치도 횡성군 서원면 금대리,426000001020210001
중부벳동물병원,충청남도 아산시 배방읍 장재리,452000001020100001
중산 메디컬 동물병원,경상북도 경산시 중산동,513000001020180003
중산동물메디컬센터,경기도 고양시 일산서구 일산동,394000001020220007
중산동물병원,울산광역시 울주군 삼남면 교동리,373000001020170001
중앙,경상북도 의성군 다인면 서릉리,515000001019950002
중앙 동물병원,충청남도 예산군 고덕면 대천리,461000001019960001
중앙가축병원,경상남도 김해시 진례면 초전리,535000001019810002
중앙동물메디컬센터,서울특별시 강남구 삼성동,322000001020110010
중앙동물병원,부산광역시 서구 토성동1가,326000001019580001
중앙동물병원,제주특별자치도 제주시 연동,651000001020020004
중앙동물병원,경기도 안양시 만안구 안양동,383000001020010003
중앙동물병원,서울특별시 성북구 석관동,307000001020070001
중앙동물병원,전라남도 담양군 담양읍 객사리,485000001020020003
중앙동물병원,충청남도 공주시 금성동,450000001020150001
중앙동물병원,경기도 성남시 수정구 태평동,378000001020150001
중앙동물병원,강원특별자치도 강릉시 주문진읍 교항리,420000001020200001
중앙동물병원,경기도 포천시 관인면 탄동리,560000001019940003
중앙동물병원,충청남도 청양군 청양읍 읍내리,459000001019820001
중앙동물병원,경기도 여주시 창동,411000001019780001
중앙동물병원,경상남도 사천시 선구동,534000001020180001
중앙동물병원,서울특별시 강북구 미아동,308000001019950001
중앙동물병원,인천광역시 강화군 강화읍 남산리,357000001020210002
중앙동물병원,경기도 의왕시 삼동,403000001020080002
중앙동물병원,전라남도 고흥군 과역면 과역리,488000001019760002
중앙동물병원,경기도 양평군 양평읍 공흥리,417000001020190004
중앙동물병원,충청남도 논산시 반월동,454000001019870001
중앙동물병원,충청남도 천안시 동남구 원성동,449000001019920001
중앙동물병원약품,인천광역시 미추홀구 주안동,351000001019880001
중앙동물의료센터,충청북도 충주시 교현동,439000001020150001
중앙애견종합병원,경기도 김포시 사우동,409000001019980001
중원동물병원(출장진료전문),충청북도 충주시 교현동,439000001020190001
쥬라기동물병원,,324000001020020001
쥬라기동물병원,서울특별시 광진구 광장동,304000001020050001
쥬라기동물종합병원,인천광역시 부평구 부평동,354000001020080005
쥬만지동물의료센터,경기도 화성시 영천동,553000001020220001
쥬시동물병원,경기도 안산시 단원구 고잔동,393000001020110003
쥬쥬동물병원,경기도 안산시 단원구 고잔동,393000001020050009
쥬쥬동물병원,강원특별자치도 동해시 효가동,421000001020070001
즐거운 동물병원,경상북도 경주시 서부동,505000001020080002
즐거운동물병원,경기도 용인시 수지구 성복동,564000001020150003
증평동물병원,충청북도 증평군 증평읍 교동리,557000001020010002
지 동물병원,부산광역시 기장군 정관면 용수리,340000001020140001
지경희동물병원,부산광역시 남구 용호동,331000001020130003
지금동물병원,경기도 남양주시 다산동,399000001020250004
지누동물병원,경상북도 성주군 성주읍 예산리,521000001020180001
지동범 동물 안과 치과병원,부산광역시 금정구 부곡동,335000001019910001
지리산 산업동물병원,전북특별자치도 남원시 광치동,470100001020180001
지리산동물병원,전북특별자치도 남원시 금동,470100001020060001
지산동물병원,대구광역시 수성구 지산동,346000001020020001
지성동물병원,제주특별자치도 제주시 한림읍 금악리,651000001020150008
지수동물병원,경상북도 김천시 부곡동,506000001020010001
지안동물의료센터,경상남도 진주시 강남동,531000001020220004
지엔동물병원,서울특별시 동작구 상도동,319000001020140001
지오동물병원,인천광역시 미추홀구 학익동,351000001020030006
지웅동물병원,전라남도 나주시 송월동,483000001020230002
지음동물의료센터,경기도 성남시 중원구 금광동,378000001020210002
지인동물병원,경기도 안산시 상록구 월피동,393000001020250002
지중해동물병원,경기도 부천시 원미구 중동,386000001020140006
지축오투동물의료센터,경기도 고양시 덕양구 지축동,394000001020220006
지팡이 동물병원,충청남도 청양군 정산면 서정리,459000001020090001
지한동물병원,경상남도 산청군 신안면 하정리,545000001020240001
진건동물병원,경기도 남양주시 진건읍 용정리,399000001020210001
진교가축병원,경상남도 하동군 진교면 진교리,544000001019760001
진도개메디컬센터,전라남도 진도군 진도읍 동외리,500000001020110001
진동물병원,경상남도 산청군 신안면 하정리,545000001020130001
진동물병원,대구광역시 서구 비산동,343000001020010001
진동물병원,경상북도 포항시 북구 신광면 토성리,502000001020190003
진동물병원,전북특별자치도 김제시 요촌동,471100001019890002
진동물병원(출장전문),경상남도 함양군 함양읍 용평리,546000001020030006
진량동물병원,경상북도 경산시 옥산동,513000001020170002
진리 동물병원,전라남도 영광군 영광읍 신하리,497000001020210002
진리동물병원,전라남도 곡성군 오곡면 오지리,486000001020200002
진보동물병원,경상북도 청송군 진보면 진안리,516000001020170001
진북동물병원,경상남도 창원시 마산합포구 진북면 영학리,567000001020031001
진서동물병원,서울특별시 중랑구 신내동,306000001020060002
진석범동물병원,부산광역시 연제구 연산동,337000001020180002
진선동물병원,경기도 오산시 오산동,400000001019960001
진성동물병원,전라남도 순천시 장천동,482000001020130001
진솔동물병원,서울특별시 은평구 역촌동,311000001020230004
진수동물병원,전북특별자치도 익산시 함열읍 와리,468100001020230001
진스 종합 동물병원,경기도 고양시 일산동구 장항동,394000001020100001
진심동물내과심장병원,대구광역시 수성구 범어동,346000001020240001
진안동물병원,전북특별자치도 진안군 진안읍 군상리,473100001019730001
진영동물병원,경기도 광주시 곤지암읍 곤지암리,554000001020210003
진영동물병원,경상남도 김해시 진영읍 여래리,535000001020060004
진영조은동물병원,경상남도 김해시 진영읍 여래리,535000001020180004
진월24동물병원,광주광역시 남구 진월동,361000001020060001
진접동물병원,경기도 남양주시 진접읍 금곡리,399000001020100006
진접솔동물병원,경기도 남양주시 진접읍 장현리,399000001020220002
진정훈동물병원,서울특별시 중랑구 중화동,306000001020010003
진주 돌담 동물병원,경상남도 진주시 중안동,531000001020120003
진주동물병원,경상남도 진주시 충무공동,531000001020210002
진주동물병원(출장진료전문병원),충청북도 제천시 중앙로2가,440000001019900001
진주축협 동물병원,경상남도 진주시 상대동,531000001020040001
진천동물병원,충청북도 진천군 진천읍 신정리,445000001019960001
진천축산업협동조합동물병원,충청북도 진천군 진천읍 원덕리,445000001020130001
진해동물의료센터,경상남도 창원시 진해구 자은동,567000001020190001
진현우동물병원,인천광역시 서구 석남동,356000001020200002
진흥동물병원,경상북도 고령군 고령읍 지산리,520000001019910001
짱구네동물병원,인천광역시 부평구 갈산동,354000001020060005
쪼꼬동물메디컬센터,인천광역시 서구 가정동,356000001020180004
쪼쪼동물병원,경상남도 창원시 성산구 대원동,567000001020070001
쭈니동물병원,서울특별시 관악구 봉천동,320000001020240001
차동물병원,충청남도 보령시 대천동,451000001019860001
차동물병원,부산광역시 북구 화명동,332000001020030003
차암동물병원,충청남도 천안시 서북구 차암동,566000001020210001
차오름 동물병원,경상남도 거창군 거창읍 김천리,547000001020190002
차오름동물병원,서울특별시 용산구 산천동,302000001020110005
차이 동물병원,부산광역시 수영구 광안동,338000001020150002
차지우동물병원,서울특별시 강서구 등촌동,315000001020200003
착한동물병원,세종특별자치시  조치원읍 신흥리,569000001020170004
찬`s 동물병원,제주특별자치도 제주시 연동,651000001020140007
찬샘동물병원,인천광역시 남동구 구월동,353000001020180001
참 동물병원,서울특별시 영등포구 신길동,318000001020000002
참 동물병원,인천광역시 중구 내동,349000001020070001
참 좋은 동물병원,경기도 양평군 양평읍 공흥리,417000001020130001
참 좋은 동물병원,충청남도 당진시 면천면 성상리,568000001020150001
참누리동물병원,경기도 용인시 수지구 상현동,564000001020110001
참누리동물병원,경기도 시흥시 대야동,401000001020030002
참동물병원,경기도 오산시 갈곶동,400000001020140002
참동물병원,서울특별시 노원구 상계동,310000001020020008
참동물병원,대전광역시 서구 도마동,366000001019960003
참동물병원,충청남도 아산시 배방읍 장재리,452000001020220003
참동물병원,서울특별시 강서구 마곡동,315000001020190002
참동물의료센터,경기도 안산시 단원구 고잔동,393000001020190001
참사랑,경기도 고양시 일산동구 중산동,394000001019980003
참사랑동물병원,경기도 수원시 영통구 망포동,374000001020070003
참사랑동물병원,서울특별시 노원구 중계동,310000001020020004
참사랑동물병원,경기도 남양주시 도농동,399000001020030002
참사랑동물병원,서울특별시 양천구 신정동,314000001020040001
참조은 동물병원,부산광역시 사하구 괴정동,334000001020030002
참좋은 동물병원,경상남도 창원시 성산구 중앙동,567000001020150008
참좋은 동물병원,광주광역시 북구 양산동,362000001020150002
참좋은동물병원,충청북도 옥천군 옥천읍 금구리,443000001019980001
참좋은동물병원,경상남도 밀양시 내이동,536000001020110002
참좋은동물병원,충청남도 부여군 부여읍 관북리,457000001020240001
참좋은동물병원,서울특별시 은평구 응암동,311000001020160005
참좋은동물병원,경기도 광주시 신현동,554000001020180005
참좋은동물병원(출장진료전문 동물병원),충청남도 천안시 동남구 원성동,565000001020220002
창녕동물병원,경상남도 창녕군 창녕읍 교하리,541000001020070002
창녕축협동물병원,경상남도 창녕군 창녕읍 하리,541000001020040001
창문동물병원,서울특별시 강북구 미아동,308000001020030004
창생동물병원,경상남도 창원시 마산회원구 석전동,567000001019881002
창생동물병원,경상남도 창녕군 창녕읍 술정리,541000001020210001
창원동물병원,경상남도 창원시 의창구 봉곡동,567000001019930001
창원메디컬동물병원,경상남도 창원시 성산구 상남동,567000001020120002
창원시 동물보호센터 동물병원,경상남도 창원시 성산구 상복동,567000001020240003
창원시축산농협 동물병원,경상남도 창원시 의창구 동읍 월잠리,567000001020100003
창현동물병원,경기도 남양주시 화도읍 창현리,399000001020140002
채움동물병원,전라남도 나주시 빛가람동,483000001020200002
채움동물병원,충청남도 예산군 예산읍 산성리,461000001020190001
채움동물병원,경기도 부천시 원미구 상동,386000001020200001
채움동물병원,경기도 수원시 영통구 망포동,374000001020200008
채움동물의료센터,서울특별시 송파구 오금동,323000001020200003
채플린동물병원,경기도 의정부시 민락동,382000001020200002
처음동물병원,충청남도 천안시 서북구 불당동,566000001020240002
척척 동물의료센터,울산광역시 동구 일산동,371000001020200001
천관동물병원,전라남도 장흥군 장흥읍 건산리,491000001020030001
천동물병원,부산광역시 영도구 청학동,328000001020090001
천사섬 동물병원,전라남도 신안군 지도읍 읍내리,501000001020230001
천안24시스카이동물메디컬센터,충청남도 천안시 서북구 성정동,566000001020200003
천안공주낙농농협동물병원,충청남도 공주시 신관동,450000001020070001
천안공주낙농축산업협동조합부설동물병원,충청남도 천안시 서북구 성환읍 매주리,449000001019940002
천안동물의료센터 24시,충청남도 천안시 서북구 쌍용동,566000001020210002
천안모아동물병원,충청남도 천안시 서북구 불당동,566000001020170001
천안시 동물보호센터 동물병원,충청남도 천안시 동남구 목천읍 응원리,565000001020240001
천안이화동물병원(출장진료전문),충청남도 천안시 동남구 안서동,565000001020240004
천안축산업협동조합 부설동물병원,충청남도 천안시 동남구 청당동,449000001019960001
천지동물병원,,496000001020040001
천풍동물병원,경기도 김포시 통진읍 마송리,409000001020200002
천호동물병원,경상북도 구미시 해평면 월호리,508000001020180001
철원동물병원,강원특별자치도 철원군 김화읍 청양리,430000001020110001
첨단사랑동물병원,광주광역시 광산구 쌍암동,363000001020190004
첨단우리동물병원,광주광역시 광산구 월계동,363000001020060002
첨성대동물병원,경상북도 경주시 안강읍 안강리,505000001020150001
청계종합동물병원,경기도 의왕시 청계동,403000001020160001
청다리동물병원,전라남도 해남군 문내면 동외리,493000001020130001
청담 고운 피부과 동물병원,서울특별시 강남구 청담동,322000001020230007
청담 장튼튼내과동물병원,서울특별시 강남구 청담동,322000001020240004
청담눈초롱안과동물병원,서울특별시 강남구 청담동,322000001020160005
청담동물병원,경기도 평택시 죽백동,391000001020220003
청담동물병원,서울특별시 강남구 논현동,322000001019910001
청담동물병원,광주광역시 남구 봉선동,361000001020190002
청담리덴동물치과병원,서울특별시 강남구 청담동,322000001020190005
청당동물의료센터,충청남도 천안시 동남구 청당동,565000001020230001
청도축협동물병원,경상북도 청도군 화양읍 동천리,519000001020060001
청도펫동물병원,경상북도 청도군 청도읍 고수리,519000001020220002
청라 루비 동물병원,인천광역시 서구 경서동,356000001020160002
청라공감동물병원,인천광역시 서구 연희동,356000001020170008
청라종합동물병원,인천광역시 서구 경서동,356000001020140001
청라호수동물메디컬센터,인천광역시 서구 청라동,356000001020200001
청량리 슬기 동물병원,서울특별시 동대문구 전농동,305000001020240001
청려원동물병원,경기도 수원시 팔달구 중동,374000001020150009
청림동물병원,경상북도 경주시 안강읍 안강리,505000001019990001
청북 햇살동물병원,경기도 평택시 청북읍 옥길리,391000001020180002
청북동물병원 (출장진료 전문),경기도 평택시 청북면 현곡리,391000001020070001
청사동물메디컬센타,대전광역시 서구 월평동,366000001020220001
청산동물병원,경기도 화성시 우정읍 조암리,553000001019830002
청산동물병원,충청북도 옥천군 청산면 지전리,443000001019780001
청산동물병원,전라남도 해남군 해남읍 안동리,493000001020020007
청솔동물병원,경상북도 성주군 성주읍 예산리,521000001019960001
청송동물병원,경상북도 청송군 진보면 진안리,516000001020200001
청송영양축협 동물병원(출장진료전문),경상북도 청송군 진보면 각산리,516000001020230002
청수동물병원,전라남도 영광군 영광읍 신하리,497000001020130001
청수동물병원,전북특별자치도 정읍시 연지동,469100001020010001
청십자산업동물병원,전북특별자치도 정읍시 연지동,469100001020110001
청아동물병원,경상북도 영주시 휴천동,509000001020020002
청아동물병원,인천광역시 연수구 청학동,352000001020220001
청안동물병원,경기도 시흥시 신천동,401000001019960002
청양축협 동물병원,충청남도 청양군 정산면 서정리,459000001020210001
청우 동물병원,전라남도 장흥군 장흥읍 예양리,491000001020220001
청운동물병원,경상북도 포항시 북구 용흥동,502000001019950001
청운동물병원,경상북도 문경시 흥덕동,512000001020220001
청운동물병원,대전광역시 중구 유천동,365000001020030001
청원동물병원,전북특별자치도 남원시 동충동,470100001019890001
청조동물병원,부산광역시 연제구 연산동,337000001020030003
청주24시동물병원,충청북도 청주시 서원구 사직동,572500001020180001
청주랜드관리사업소(동물원),충청북도 청주시 상당구 명암동,572000001020101002
청주시 반려동물보호센터,충청북도 청주시 흥덕구 강내면 태성리,573000001020180003
청주지웰동물병원,충청북도 청주시 흥덕구 복대동,573000001020180002
청주축협동물병원,충청북도 청주시 청원구 우암동,573500001019971002
청천종합동물병원,인천광역시 부평구 청천동,354000001020040003
청평동물병원,경기도 가평군 청평면 청평리,416000001020120001
청하산업동물병원,전북특별자치도 정읍시 농소동,469100001020230001
청학동물병원,경기도 남양주시 별내면 청학리,399000001020240002
청화종합동물병원,서울특별시 용산구 이태원동,302000001020050004
체크업동물병원,서울특별시 서초구 방배동,321000001020240004
초곡나무동물병원,경상북도 포항시 북구 흥해읍 초곡리,502000001020240001
초로동물병원,광주광역시 광산구 수완동,363000001020120001
초록동물병원,울산광역시 울주군 삼남면 교동리,373000001020070001
초록동물병원,대구광역시 달서구 진천동,347000001020140005
초원동물병원,전북특별자치도 부안군 부안읍 선은리,479100001020200001
초원동물병원,경기도 양평군 양서면 국수리,417000001020200002
초원동물병원,경상북도 경산시 중방동,513000001019870001
초원동물병원,부산광역시 동래구 안락동,330000001020060001
초원동물병원,전라남도 영암군 영암읍 역리,494000001019930001
초원동물병원,경상북도 포항시 북구 대신동,502000001020090001
초원동물병원,충청남도 부여군 규암면 외리,457000001020170001
초원동물병원,경상남도 진주시 명석면 우수리,531000001019880001
초원동물병원,경기도 고양시 일산서구 일산동,394000001020080002
초원동물병원(출장진료전문병원),경상북도 구미시 해평면 산양리,508000001019970001
초읍동물병원,부산광역시 부산진구 초읍동,329000001020080003
초이스외과동물병원,인천광역시 연수구 송도동,352000001020240004
초이종합동물병원,경기도 성남시 수정구 신흥동,378000001020120009
초콜릿종합동물병원,서울특별시 서대문구 북가좌동,312000001020090001
촉석동물병원,경상남도 사천시 축동면 가산리,534000001020000001
최가축병원,충청남도 서천군 한산면 지현리,458000001020070001
최광호동물병원,광주광역시 남구 방림동,361000001020030003
최기섭동물병원,경상북도 경주시 성건동,505000001020050001
최기중 동물병원,충청남도 태안군 태안읍 남문리,462000001020160002
최동물병원,전북특별자치도 정읍시 칠보면 와우리,469100001019740001
최동물병원,전라남도 나주시 왕곡면 양산리,483000001019990001
최상범동물병원,경상북도 경주시 서부동,505000001020080003
최상오동물병원,충청북도 보은군 보은읍 삼산리,442000001019910001
최영민 동물의료센터,서울특별시 강남구 논현동,322000001020180006
최영준동물병원,경상북도 포항시 북구 용흥동,502000001019920001
최우식 동물병원,경상북도 경산시 하양읍 금락리,513000001020180002
최재호 한방동물병원,경기도 성남시 중원구 성남동,378000001020110002
최종주동물병원,충청북도 영동군 영동읍 계산리,444000001019920001
추영재동물병원,대전광역시 대덕구 오정동,368000001020010002
축협동물병원,전라남도 무안군 무안읍 성내리,495000001020070001
축협동물병원,강원특별자치도 영월군 영월읍 영흥리,427000001020060001
춘양동물병원(출장진료전문),경상북도 봉화군 춘양면 서벽리,524000001020230001
춘천철원축협 화천지점 동물병원,강원특별자치도 화천군 화천읍 하리,431000001020070001
춘천철원화천양구축산업협동조합,강원특별자치도 춘천시 후평동,418000001020190001
춘천철원화천양구축산업협동조합 철원지점 동물병원,강원특별자치도 철원군 갈말읍 군탄리,430000001020200001
춘천철원화천양구축협 양구동물병원,강원특별자치도 양구군 국토정중앙면 창리,432000001020070001
춘천한우진료소,강원특별자치도 춘천시 사농동,418000001020220005
충남,충청남도 공주시 중학동,450000001020030006
충남 동물병원,충청남도 당진시 채운동,463000001019950002
충남대학교 수의과대학 부속동물병원,대전광역시 유성구 궁동,367000001019830001
충남동물병원,충청남도 홍성군 홍성읍 오관리,460000001020000003
충남동물병원,충청남도 논산시 부적면 덕평리,454000001020050002
충남동물병원,충청남도 보령시 천북면 하만리,451000001019910002
충남동물병원,충청남도 계룡시 엄사면 엄사리,558000001020090001
충남야생동물구조센터,충청남도 예산군 예산읍 대회리,461000001020130002
충무가축병원,충청남도 아산시 온천동,452000001020130001
충무수산동물병원,경상남도 통영시 정량동,533000001019940002
충북낙농업협동조합,충청북도 청주시 청원구 북이면 금암리,573500001020073001
충북대학교 동물병원,충청북도 청주시 서원구 개신동,572500001020102001
충북동물병원,충청북도 청주시 흥덕구 복대동,573000001019942001
충북야생동물센터,충청북도 청주시 청원구 오창읍 주성리,573500001020140001
충주동물병원,충청북도 충주시 문화동,439000001019940001
충주축협동물병원,충청북도 충주시 교현동,439000001019980001
충청동물병원,충청남도 당진시 합덕읍 운산리,463000001019960001
충현동물병원,서울특별시 강남구 논현동,322000001020100010
츄츄 동물병원,서울특별시 강남구 역삼동,322000001020120008
치료멍멍동물병원,서울특별시 강남구 신사동,322000001020150004
치료해 주오,서울특별시 중랑구 묵동,306000001020200002
치료해주오,경기도 광명시 소하동,390000001020210001
치산동물병원,전북특별자치도 고창군 고창읍 덕산리,478100001020140002
치유동물병원,광주광역시 광산구 장덕동,363000001020220001
치유동물병원,충청남도 천안시 동남구 봉명동,565000001020170001
치유동물의료센터,서울특별시 은평구 녹번동,311000001020190001
치즈동물병원,경기도 부천시 소사구 옥길동,386000001020240001
친구가 될 동물병원,경기도 남양주시 다산동,399000001020200002
친절한 동물병원,전라남도 함평군 함평읍 내교리,496000001020120001
친친 동물병원,경상남도 양산시 중부동,538000001020110001
칠곡온동물의료센터,대구광역시 북구 학정동,345000001020230001
칠곡종합동물병원,대구광역시 북구 태전동,345000001019990001
카라동물병원,경기도 파주시 법원읍 금곡리,406000001020210001
카우만 동물병원,경기도 포천시 신읍동,560000001020060001
카이저 동물병원,부산광역시 북구 화명동,332000001020130001
카카오 N 동물병원,서울특별시 성북구 길음동,307000001020140003
카페거리 동물병원 동행,경기도 수원시 영통구 이의동,374000001020150015
캐나다동물병원,경기도 양주시 남면 신산리,559000001020220001
캐비어동물병원,충청남도 논산시 취암동,454000001020030002
캣앤독동물병원,충청북도 청주시 흥덕구 가경동,573000001020052001
캣앤캣 고양이 병원,서울특별시 영등포구 문래동3가,318000001020190003
캣츠앤독스 동물병원,제주특별자치도 서귀포시 동홍동,652000001020160005
캥거루 동물병원,서울특별시 구로구 오류동,316000001020110002
커비동물병원,서울특별시 강남구 논현동,322000001020200003
케나인동물병원,대전광역시 서구 탄방동,366000001019980002
케어팜동물병원,제주특별자치도 서귀포시 안덕면 사계리,652000001020160004
케이나인종합동물병원,서울특별시 구로구 개봉동,316000001020010002
코끼리 동물병원,전북특별자치도 전주시 완산구 중화산동2가,464100001020170005
코끼리동물병원,부산광역시 사하구 신평동,334000001020150001
코너동물병원,대구광역시 중구 대봉동,341000001020250001
코리아동물병원,전라남도 나주시 이창동,483000001020060002
코리아동물병원,경기도 평택시 비전동,391000001020080001
코아동물병원,광주광역시 북구 문흥동,362000001020120001
코지동물의료센터,인천광역시 남동구 논현동,353000001020200002
코지동물의료센터 서구청점,인천광역시 서구 심곡동,356000001020210003
콩닥 동물병원,서울특별시 마포구 공덕동,313000001020180007
쿠쿠펫길동물병원,대전광역시 유성구 원신흥동,367000001020110005
쿠키동물병원,서울특별시 강북구 미아동,308000001020100001
쿨독동물병원,서울특별시 송파구 가락동,323000001020070005
쿨펫 동물병원,경기도 수원시 영통구 망포동,374000001020200006
쿨펫 동물병원,경기도 용인시 기흥구 중동,563000001020080003
쿨펫 양한방 동물병원,대전광역시 유성구 봉명동,367000001020040003
쿨펫동물병원,인천광역시 계양구 작전동,355000001020040004
쿨펫동물병원,부산광역시 사상구 엄궁동,339000001020060001
쿨펫동물병원,경기도 안양시 동안구 관양동,383000001020120001
쿨펫동물병원,인천광역시 서구 마전동,356000001020090001
쿨펫동물병원,인천광역시 서구 당하동,356000001020100001
쿨펫동물병원,경기도 고양시 덕양구 화정동,394000001020080007
쿨펫동물병원,경기도 안성시 석정동,408000001020080004
쿨펫동물병원,광주광역시 서구 치평동,360000001020090001
쿨펫동물병원,경기도 평택시 합정동,391000001020090003
쿨펫동물병원,경상남도 통영시 광도면 죽림리,533000001020080001
쿨펫동물병원,전북특별자치도 정읍시 농소동,469100001020090001
쿨펫동물병원,대구광역시 동구 율하동,342000001020130001
쿨펫동물병원,서울특별시 금천구 독산동,317000001020120002
쿨펫동물병원,경기도 군포시 산본동,402000001020160003
쿨펫동물병원,경기도 수원시 권선구 권선동,374000001020140001
쿨펫동물병원,,304000001020170002
쿨펫동물병원,경상남도 창원시 진해구 석동,567000001020120003
쿨펫동물병원,경기도 김포시 구래동,409000001020150002
쿨펫동물병원,대구광역시 동구 신서동,342000001020120001
쿨펫동물병원,울산광역시 남구 야음동,370000001020140003
쿨펫동물병원 광교이마트점,경기도 수원시 영통구 이의동,374000001020170007
쿨펫동물병원 구미점,경상북도 구미시 신평동,508000001020050003
쿨펫동물병원 동구점,울산광역시 동구 일산동,371000001020170001
쿨펫동물병원 이마트금정점,부산광역시 금정구 구서동,335000001020150005
쿨펫동물병원 킨텍스점,경기도 고양시 일산서구 대화동,394000001020150008
쿨펫동물병원 홈플러스 북구점,울산광역시 북구 상안동,372000001020110001
쿨펫동물병원(이마트 중동점),경기도 부천시 원미구 중동,386000001020160006
쿨펫동물병원(이마트군산점),전북특별자치도 군산시 경암동,467100001020120001
쿨펫동물병원탄방점,대전광역시 서구 탄방동,366000001020110003
쿨펫이마트 목동점 동물병원,서울특별시 양천구 목동,314000001020090003
퀸즈동물병원,경기도 수원시 권선구 금곡동,374000001020140009
큐동물병원,서울특별시 성북구 장위동,307000001019980001
큐피트동물병원,경기도 부천시 원미구 심곡동,386000001020060010
크라운 동물병원,제주특별자치도 제주시 애월읍 유수암리,651000001020200005
큰동물병원,충청북도 충주시 주덕읍 신양리,439000001020180001
큰동물병원,경기도 포천시 관인면 중리,560000001020190002
큰동물병원(출장진료전문병원),충청남도 아산시 온천동,452000001020250001
큰마음동물메디컬센터,부산광역시 해운대구 중동,333000001020180002
큰별동물의료원,부산광역시 동래구 온천동,330000001020240001
큰사랑동물병원,경기도 이천시 창전동,407000001020240001
큰사랑동물병원,경상북도 경산시 사동,513000001020180005
클로버 동물병원,서울특별시 구로구 항동,316000001020210002
클로버동물병원,서울특별시 양천구 신정동,314000001020250001
클로젠동물병원,경기도 여주시 강천면 적금리,570000001020250001
클리어동물병원,경기도 수원시 권선구 호매실동,374000001020250001
클린피부전문동물병원,경상남도 김해시 전하동,535000001020220001
키다리 동물병원,서울특별시 마포구 성산동,313000001020210004
키다리동물병원,대구광역시 북구 구암동,345000001020130003
키다리동물병원,서울특별시 송파구 문정동,323000001020150006
키다리아저씨 동물병원,강원특별자치도 원주시 반곡동,419100001020240004
키움 동물병원,서울특별시 노원구 공릉동,310000001020160003
킨텍스꿈동물병원,경기도 고양시 일산서구 대화동,394000001020230005
킴리동물병원,서울특별시 송파구 신천동,323000001020130003
킴스동물병원,대구광역시 동구 방촌동,342000001020010004
킴스동물병원,부산광역시 기장군 정관읍 매학리,340000001020120001
킴스동물병원,경상북도 울진군 울진읍 읍내리,525000001020190001
킴스동물의료센터,충청남도 당진시 읍내동,568000001020190002
타임동물메디컬센터,대전광역시 서구 둔산동,366000001020190002
타임즈 동물의료센터,경기도 수원시 팔달구 인계동,374000001020150013
타잔동물병원,경기도 평택시 비전동,391000001020170001
탄현 동물병원,경기도 고양시 일산서구 탄현동,394000001020110003
탑 동물병원,경기도 남양주시 도농동,399000001020150005
탑 동물병원,경상남도 창원시 의창구 사림동,567000001020210004
탑동물병원,경기도 고양시 덕양구 토당동,394000001020230002
탑동물병원,경상남도 통영시 봉평동,533000001020130003
탑벳 동물병원,서울특별시 서초구 서초동,321000001020240003
탑스동물메디컬센터,대구광역시 달서구 상인동,347000001020170004
탑스동물병원,경상남도 김해시 삼계동,535000001020180001
탑케어동물의료원,경기도 고양시 덕양구 화정동,394000001020070002
탕정동물의료센터,충청남도 아산시 탕정면 매곡리,452000001020240001
태능동물병원,경기도 연천군 전곡읍 전곡리,414000001020210004
태능동물병원,서울특별시 중랑구 묵동,306000001019910001
태민동물병원,,548000001020160001
태백동물병원,강원특별자치도 태백시 황지동,422000001019980001
태산 우리동물병원,충청남도 당진시 우강면 창리,568000001020220001
태산동물병원,전북특별자치도 완주군 고산면 어우리,472100001020090001
태산동물병원,경상북도 문경시 흥덕동,512000001020210001
태성동물병원,충청남도 천안시 서북구 성환읍 성환리,449000001019910001
태성동물병원,충청남도 공주시 소학동,450000001020150003
태성동물병원「산업동물 출장진료 전문」,경기도 이천시 갈산동,407000001020030003
태성진동물병원,경기도 여주시 하동,411000001019920001
태안 동물병원,충청남도 태안군 태안읍 남문리,462000001020160001
태양 동물병원,서울특별시 성북구 석관동,307000001020100001
태원동물병원,경상북도 구미시 선산읍 노상리,508000001020210001
태일동물치과병원,서울특별시 도봉구 쌍문동,309000001020180001
태전동물병원,대구광역시 북구 태전동,345000001020130001
태전동물병원,경기도 광주시 고산동,554000001020230001
태종동물병원,부산광역시 영도구 동삼동,328000001019960001
태평역 동물병원,경기도 성남시 수정구 수진동,378000001020210005
태화동물병원,울산광역시 중구 태화동,369000001020140002
테디펫닥터동물병원,부산광역시 강서구 명지동,336000001020230001
테라리움동물병원,경기도 안양시 동안구 관양동,383000001020130005
테오종합동물병원,충청북도 음성군 금왕읍 무극리,447000001020190002
테크노 웰 동물병원,대전광역시 유성구 관평동,367000001020110004
테크노연합 동물병원,대구광역시 달성군 유가읍 봉리,348000001020160001
토곡동물병원,부산광역시 연제구 연산동,337000001020140001
토닥토닥동물병원,인천광역시 서구 가좌동,356000001020180001
토론토 동물병원,경기도 고양시 일산서구 대화동,394000001020100007
토론토 동물병원,서울특별시 양천구 목동,314000001020030007
토마스동물병원,경기도 양평군 양평읍 공흥리,417000001020200001
토마스동물병원,부산광역시 해운대구 반송동,333000001020100001
토베스트 동물병원,경기도 고양시 일산동구 정발산동,394000001020060010
토브동물병원,부산광역시 북구 화명동,332000001020190001
토비동물병원,인천광역시 연수구 송도동,352000001020210001
토평동물병원,경기도 구리시 수택동,398000001020020001
톰과 제니 동물메디컬센터,경기도 안산시 상록구 사동,393000001020200002
통영동물병원,경상남도 통영시 서호동,533000001019940001
통영숲동물의료센터,경상남도 통영시 광도면 죽림리,533000001020230001
통영시 동물보호센터,경상남도 통영시 광도면 노산리,533000001020210003
통일동물병원,울산광역시 울주군 청량읍 상남리,373000001020020006
통일동물병원,경기도 동두천시 생연동,392000001019850001
통일로 동물병원,경기도 고양시 덕양구 관산동,394000001020140002
통일산업동물병원(산업동물에 대한 출장진료를 전문으로 함),경기도 파주시 적성면 구읍리,406000001020230003
퇴계강남동물병원,강원특별자치도 춘천시 퇴계동,418000001020220003
투게더 동물병원,인천광역시 연수구 송도동,352000001020220005
투투 동물병원,대전광역시 중구 대흥동,365000001020180002
트레벨동물병원,경기도 하남시 신장동,404000001020040003
트윈스동물병원,서울특별시 도봉구 창동,309000001020170002
특수동물 행동정신병원,경기도 파주시 조리읍 뇌조리,406000001020250001
튼튼 동물병원,경상남도 진주시 초전동,531000001020120004
튼튼 동물병원,충청북도 청주시 청원구 오창읍 각리,573500001020093002
튼튼동물병원,강원특별자치도 철원군 동송읍 이평리,430000001020150001
튼튼동물병원,서울특별시 강남구 압구정동,322000001020190001
튼튼동물병원,경기도 오산시 궐동,400000001020200001
튼튼동물병원,세종특별자치시  아름동,569000001020230002
튼튼동물병원,광주광역시 동구 계림동,359000001020160002
튼튼동물병원,경기도 김포시 운양동,409000001020240004
튼튼동물병원,강원특별자치도 양구군 국토정중앙면 심포리,432100001020250001
튼튼동물병원,제주특별자치도 제주시 이도이동,651000001020140001
튼튼동물병원,경기도 수원시 권선구 곡반정동,374000001020120001
튼튼동물병원,인천광역시 부평구 청천동,354000001020070005
튼튼동물병원,부산광역시 남구 대연동,331000001020020002
튼튼동물병원,경기도 평택시 비전동,391000001020110001
튼튼동물병원,경기도 용인시 기흥구 보정동,563000001020120001
튼튼동물병원(출장진료전문병원),충청북도 충주시 교현동,439000001020230001
튼튼동물의료센터,경기도 하남시 망월동,404000001020180004
튼튼동물치과병원,경기도 고양시 일산동구 백석동,394000001020050005
티어하임 동물병원,세종특별자치시  새롬동,569000001020170003
티움동물병원,경기도 수원시 권선구 금곡동,374000001020180001
티플러스동물메디컬센터,충청북도 청주시 청원구 율량동,573500001020170001
파라곤동물병원,,304000001020170001
파란종합 동물병원,서울특별시 양천구 신월동,314000001020040005
파랑새동물병원,서울특별시 금천구 독산동,317000001020070005
파랑새동물병원,경상북도 구미시 고아읍 문성리,508000001019950001
파리스동물병원,서울특별시 양천구 목동,314000001020150002
파머스,경상남도 거제시 하청면 하청리,537000001020240001
파스텔LC동물병원,인천광역시 남동구 간석동,353000001020140003
파스텔동물병원,서울특별시 강서구 화곡동,315000001020100001
파우동물병원,경기도 용인시 수지구 죽전동,564000001020060003
파인트리 동물병원,경상남도 사천시 축동면 가산리,534000001020240001
파주24시동물병원,경기도 파주시 목동동,406000001020170002
파주365동물의료센터,경기도 파주시 목동동,406000001020170001
파주연천축협동물병원,경기도 파주시 적성면 어유지리,406000001020100001
파주유우진료소(산업동물에 대한 출장진료를 전문으로 함),경기도 파주시 조리읍 봉일천리,406000001019780001
파크동물의료센터,인천광역시 서구 당하동,356000001020240003
파트너 동물의료센터,경기도 화성시 영천동,553000001020170001
파파동물병원,서울특별시 서초구 잠원동,321000001020210001
판교 P&P 동물병원,경기도 성남시 분당구 판교동,378000001020110007
판교 행복한 동물병원,경기도 성남시 분당구 삼평동,378000001020100002
판교종합 동물병원,경기도 성남시 분당구 백현동,378000001020100001
판교포레동물병원,경기도 성남시 분당구 대장동,378000001020220005
팔공동물병원(출장진료전문),경상북도 영천시 금호읍 교대리,510000001020170002
팜그린동물약품병원,전북특별자치도 진안군 진안읍 단양리,473100001020200001
팜랜드동물병원,서울특별시 양천구 목동,314000001020140002
팜솔동물병원,전북특별자치도 완주군 구이면 원기리,472100001020250001
팜쉴드 동물병원,경기도 화성시 양감면 요당리,553000001020200004
팜스플랜동물병원 경기북부센터,경기도 포천시 영중면 성동리,560000001020220001
팜스플랜동물병원(출장전문),경기도 양평군 양평읍 공흥리,417000001020210001
팜앤팜동물병원,제주특별자치도 제주시 한림읍 동명리,651000001020150005
팜펫동물병원,경기도 부천시 원미구 중동,386000001020060011
팝애니랩,경기도 남양주시 별내동,399000001020210005
패밀리 동물병원,전북특별자치도 전주시 덕진구 호성동1가,464100001020230001
패밀리동물병원,강원특별자치도 원주시 반곡동,419000001020170002
퍼니펫 동물병원,대전광역시 유성구 어은동,367000001020140004
퍼스동물병원,서울특별시 용산구 용산동2가,302000001020130003
퍼스트 동물메디컬 센터,경기도 평택시 고덕동,391000001020250001
퍼스트 동물병원,경상남도 김해시 서상동,535000001020190004
퍼스트동물병원,경기도 화성시 반송동,553000001020160004
퍼스트동물병원,서울특별시 성북구 장위동,307000001020200001
퍼스트동물병원,경기도 안양시 동안구 호계동,383000001020210001
퍼피동물병원,대전광역시 서구 내동,366000001020110004
퍼피존동물병원,전북특별자치도 익산시 창인동1가,468100001019870001
퍼피즌동물병원,서울특별시 강남구 삼성동,322000001020050004
퍼피캣 동물병원,경기도 안산시 단원구 와동,393000001020130005
페로페라동물병원,경기도 고양시 일산동구 식사동,394000001020160005
페이지동물병원,경기도 하남시 풍산동,404000001020240003
페츠비동물병원,경상남도 김해시 부곡동,535000001020130002
페츠업 동물병원,대구광역시 서구 평리동,343000001020050001
페츠온 동물병원,광주광역시 서구 치평동,360000001020150001
페테리안동물병원,경기도 하남시 망월동,404000001020170006
페토브 동물병원,서울특별시 양천구 신정동,314000001020170003
페토피아 동물병원,서울특별시 송파구 방이동,323000001020250003
페트로 동물병원,인천광역시 미추홀구 용현동,351000001020120001
페트로 동물병원,충청남도 천안시 서북구 성정동,449000001020080001
페트로동물의료원,서울특별시 동대문구 장안동,305000001020130005
펫 동물병원,경기도 용인시 처인구 삼가동,562000001020120001
펫 동물병원,대구광역시 수성구 노변동,346000001020170002
펫 앤 쉘터 동물병원,경기도 성남시 분당구 수내동,378000001020110006
펫 파라다이스 동물병원,경기도 파주시 목동동,406000001020160005
펫365동물병원,서울특별시 성동구 금호동4가,303000001020150002
펫가든,서울특별시 노원구 중계동,310000001020120003
펫가든동물병원,경기도 의왕시 내손동,403000001020240001
펫가든동물병원,서울특별시 송파구 문정동,323000001020030001
펫가든동물병원,충청남도 천안시 서북구 성정동,449000001020040008
펫동물병원,경상남도 진주시 인사동,531000001020040005
펫동물병원,서울특별시 용산구 효창동,302000001020110002
펫동물병원,전북특별자치도 전주시 완산구 효자동1가,464100001020070003
펫사랑동물병원,서울특별시 양천구 목동,314000001020230003
펫사랑동물병원,인천광역시 부평구 산곡동,354000001020100001
펫스토리 동물병원,경기도 용인시 수지구 신봉동,564000001020100004
펫스티벌 동물병원,경기도 고양시 일산동구 풍동,394000001020170008
펫웨이브 동물의료센터,서울특별시 송파구 송파동,323000001020240003
펫유동물병원,경상남도 창원시 마산회원구 양덕동,567000001020091004
펫인쥬동물메디컬센터,경기도 의정부시 의정부동,382000001020160003
펫츠나라 동물병원,경기도 시흥시 신천동,401000001020150001
펫츠올 동물의료원,경상남도 창원시 마산합포구 신포동1가,567000001020150004
펫케어 동물병원,부산광역시 부산진구 가야동,329000001020120001
펫코도니아 동물의료센터,서울특별시 강남구 논현동,322000001020120007
펫콤동물병원,경기도 수원시 팔달구 우만동,374000001020020005
펫토이동물병원,서울특별시 용산구 한남동,302000001020050005
펫트리동물의료센터,서울특별시 강동구 길동,324000001020200001
펫프렌즈동물병원,광주광역시 서구 풍암동,360000001020070001
펫프렌즈동물병원,충청남도 천안시 서북구 두정동,449000001020040001
펫피아 동물병원,경기도 고양시 덕양구 행신동,394000001020060013
펫필드동물병원,경기도 평택시 비전동,391000001020040004
펫하우스 동물병원,울산광역시 남구 삼산동,370000001020110001
펫홈종합동물병원,인천광역시 미추홀구 주안동,351000001020180001
편안한 동물병원,대전광역시 유성구 반석동,367000001020200001
평리동물병원,대구광역시 서구 평리동,343000001020080001
평생피부과동물병원,서울특별시 성동구 행당동,303000001020030006
평창영월정선축협 정선지점 동물병원,강원특별자치도 정선군 정선읍 봉양리,429000001020100001
평창축협동물병원,강원특별자치도 평창군 평창읍 하리,428000001020030001
평촌나무동물병원,경기도 안양시 동안구 평촌동,383000001020130003
평촌동물병원,경기도 안양시 동안구 평촌동,383000001019960002
평택축협동물병원,경기도 평택시 안중읍 안중리,391000001020050004
평화동물병원,전북특별자치도 정읍시 상동,469100001020240001
포곡동물병원,경기도 용인시 처인구 포곡읍 전대리,405000001019990001
포근한동물병원,경기도 고양시 덕양구 삼송동,394000001020150010
포근한동물병원,경기도 부천시 원미구 중동,386000001020080004
포두동물병원,전라남도 고흥군 포두면 상대리,488000001020000001
포레동물병원,서울특별시 성동구 성수동1가,303000001020160006
포레동물병원,부산광역시 동래구 명장동,330000001020230001
포레브동물의료센터,경기도 동두천시 지행동,392000001020170002
포레스트(4rest) 동물메디컬센터,전북특별자치도 전주시 덕진구 송천동2가,464100001020240003
포레스트동물의료센터,경기도 수원시 팔달구 고등동,374000001020230008
포레온 동물병원,서울특별시 강동구 둔촌동,324000001020250002
포산동물병원,대구광역시 달성군 현풍읍 원교리,348000001020070001
포시즌 동물병원,인천광역시 연수구 송도동,352000001020190004
포유동물병원,서울특별시 성북구 하월곡동,307000001020160003
포인트동물의료센터,인천광역시 미추홀구 용현동,351050001020200001
포인핸드 건강검진센터,서울특별시 마포구 대흥동,313000001020250001
포일동물병원,경기도 의왕시 포일동,403000001020140001
포천대신동물병원,경기도 포천시 신읍동,560000001020000001
포천동물병원,경기도 포천시 신읍동,560000001020080001
포포동물병원,서울특별시 성북구 보문동7가,307000001020220001
포항동물병원,경상북도 포항시 북구 용흥동,502000001019990002
포항보담동물병원,경상북도 포항시 북구 죽도동,502000001020230002
포항중앙동물병원,경상북도 포항시 북구 양덕동,502000001020130002
포항축협동물병원,경상북도 포항시 북구 기계면 내단리,502000001020120001
폴라동물병원,서울특별시 종로구 숭인동,300000001020220001
폴의골목 동물병원,경기도 양평군 서종면 문호리,417000001020090001
퐁낭동물병원,제주특별자치도 제주시 오라이동,651000001020110002
표선가축병원,제주특별자치도 서귀포시 표선면 표선리,652000001019751001
표선동물병원,제주특별자치도 서귀포시 표선면 표선리,652000001020200002
표쌤동물병원,충청북도 영동군 영동읍 계산리,444000001020230002
푸르메 동물병원,전북특별자치도 완주군 고산면 읍내리,472100001020230001
푸른 동물병원,전북특별자치도 전주시 덕진구 반월동,464100001019920001
푸른가축병원,충청남도 당진시 읍내동,463000001019960003
푸른동물병원,경기도 파주시 아동동,406000001019960001
푸른동물병원,전북특별자치도 군산시 동흥남동,467100001020030001
푸른동물병원,제주특별자치도 제주시 이도일동,651000001019940002
푸른동물병원,충청남도 예산군 오가면 월곡리,461000001020240003
푸른동물병원,경기도 광주시 중대동,554000001020030002
푸른동물병원,서울특별시 구로구 구로동,316000001020070001
푸른동물병원,광주광역시 서구 쌍촌동,360000001020040006
푸른동물병원,부산광역시 해운대구 반여동,333000001020010002
푸른동물병원,경기도 여주시 홍문동,411000001019970002
푸른동물병원(출장진료전문병원),경상남도 진주시 옥봉동,531000001020180001
푸른동물종합병원,경기도 시흥시 은행동,401000001020020005
푸른들동물병원,서울특별시 강서구 염창동,315000001020190001
푸른별안과동물병원,충청북도 청주시 흥덕구 비하동,573000001020240004
푸른숲 동물병원,서울특별시 마포구 서교동,313000001020170001
푸른종합동물병원,서울특별시 동대문구 청량리동,305000001019990003
푸른하늘 동물병원,전북특별자치도 전주시 완산구 평화동2가,464100001020040002
푸른힐동물병원,경기도 안양시 동안구 평촌동,383000001020240001
푸우동물병원,대전광역시 중구 중촌동,365000001020020002
품속동물병원,강원특별자치도 춘천시 퇴계동,418000001020220002
풍경동물병원,부산광역시 부산진구 초읍동,329000001020210002
풍기동물병원,경상북도 영주시 하망동,509000001019840001
풍동 라파엘 동물병원,경기도 고양시 일산동구 풍동,394000001020060011
풍동동물병원,경기도 고양시 일산동구 풍동,394000001020070006
풍산동물병원,,507000001020160001
풍지동물병원,경상북도 포항시 남구 해도동,502000001020010002
퓨리나동물병원,서울특별시 도봉구 쌍문동,309000001019900001
프라임 동물의료센터,서울특별시 강동구 암사동,324000001020240002
프라임동물병원,경기도 구리시 수택동,398000001020160001
프라임동물병원,서울특별시 광진구 구의동,304000001019970002
프라자 동물병원,인천광역시 연수구 송도동,352000001020090004
프라하동물병원,경기도 군포시 당동,402000001020140002
프란다스동물병원,서울특별시 서대문구 남가좌동,312000001020020002
프렌즈 동물병원,충청북도 청주시 청원구 율량동,573500001019971001
프렌즈동물병원,서울특별시 관악구 봉천동,320000001020090002
프렌즈동물병원,광주광역시 서구 쌍촌동,360000001020040007
프렌즈동물병원,서울특별시 서초구 방배동,321000001020070002
프렌즈동물병원,경기도 평택시 동삭동,391000001020190003
프렌즈동물병원,전북특별자치도 전주시 완산구 삼천동1가,464100001020020004
프렌즈동물병원,경기도 의정부시 의정부동,382000001020060002
플러스동물메디컬센터,서울특별시 영등포구 양평동4가,318000001020200001
플러스동물병원,인천광역시 연수구 송도동,352000001020220002
플러스동물의료센터,경기도 수원시 영통구 영통동,374000001020230001
플러스동물의료센터,대구광역시 북구 칠성동2가,345000001020230003
피그랑동물병원,제주특별자치도 제주시 해안동,651000001020180004
피그만클리닉,경기도 고양시 덕양구 삼송동,394000001020060012
피그벳동물병원「산업동물 출장진료 전문」,경기도 이천시 율현동,407000001020010003
피그스토리 동물병원,충청북도 청주시 흥덕구 옥산면 사정리,573000001020220001
피그월드 동물병원,충청남도 홍성군 홍성읍 월산리,460000001020030002
피그케어 동물병원,대전광역시 대덕구 신탄진동,368000001020150001
피그헬스동물병원,충청남도 논산시 연무읍 동산리,454000001020020001
피닉스동물병원,서울특별시 동작구 대방동,319000001020080001
피닉스동물병원,부산광역시 중구 남포동2가,325000001019990002
피움동물병원,서울특별시 은평구 진관동,311000001020200001
피정현 동물병원,부산광역시 연제구 연산동,337000001020090002
피카소동물병원,서울특별시 광진구 화양동,304000001020000002
피카소동물병원,서울특별시 강동구 고덕동,324000001020230001
필 동물병원,광주광역시 서구 쌍촌동,360000001020240002
필동물병원,강원특별자치도 동해시 천곡동,421000001020120001
필동물종합병원,서울특별시 양천구 목동,314000001020020002
필립동물병원,경기도 평택시 지산동,391000001019990001
필유동물메디컬센터,경상남도 창원시 진해구 이동,567000001020110007
필종합동물병원,인천광역시 남동구 남촌동,353000001020060002
하 수의과 동물병원(출장진료전문),경상북도 봉화군 봉화읍 내성리,524000001020230002
하군이네 동물병원,경기도 오산시 궐동,400000001020210001
하나 동물병원,인천광역시 계양구 작전동,355000001019980002
하나 동물병원,전북특별자치도 전주시 덕진구 덕진동2가,464100001020030001
하나동물병원,충청남도 금산군 금산읍 중도리,455000001020210001
하나동물병원,부산광역시 동구 수정동,327000001020090001
하나동물병원,경기도 김포시 사우동,409000001020020002
하나동물병원,서울특별시 동대문구 휘경동,305000001020140001
하나동물병원,충청남도 천안시 서북구 성환읍 매주리,449000001020000002
하나동물병원,경기도 의정부시 신곡동,382000001020050001
하나동물병원,경기도 이천시 창전동,407000001019940001
하나동물병원,대구광역시 달서구 상인동,347000001020140004
하나동물병원,서울특별시 서초구 신원동,321000001020120001
하나동물병원,강원특별자치도 춘천시 후평동,418000001020140001
하나동물병원,전라남도 무안군 일로읍 월암리,495000001020200001
하나동물병원,경상북도 영천시 완산동,510000001020220001
하나동물병원,전라남도 해남군 해남읍 고도리,493000001020170001
하나동물병원,충청북도 증평군 증평읍 증천리,557000001020190001
하나동물병원 앤 컨설팅,충청북도 청주시 청원구 내덕동,573500001020101004
하나동물의료센터,충청남도 아산시 배방읍 북수리,452000001020220002
하나동물종합병원,전북특별자치도 남원시 왕정동,470100001020040001
하나로 동물병원,경기도 연천군 연천읍 현가리,414000001020210002
하나로 양한방 동물병원,경기도 김포시 장기동,409000001020200005
하나로가축병원,강원특별자치도 횡성군 횡성읍 읍하리,426000001020160002
하나로동물병원,대전광역시 동구 대동,364000001019990001
하나로동물병원,광주광역시 서구 치평동,360000001020020001
하나사랑동물병원,서울특별시 동작구 상도동,319000001020010002
하나카동물병원,서울특별시 강남구 역삼동,322000001020190002
하남동물병원,광주광역시 광산구 월곡동,363000001019940003
하남동물병원,경기도 하남시 덕풍동,404000001019910001
하남숲동물병원,경기도 하남시 덕풍동,404000001020160003
하남플러스 동물병원,경기도 하남시 신장동,404000001020180001
하노바동물병원,경기도 부천시 원미구 중동,386000001020080009
하노버,경기도 고양시 일산서구 주엽동,394000001019980001
하누동물병원,경상북도 의성군 의성읍 도서리,515000001020180002
하누동물병원,강원특별자치도 홍천군 홍천읍 연봉리,425000001020220001
하늘가축병원,강원특별자치도 횡성군 횡성읍 읍상리,426000001020020001
하늘동물병원,경상남도 창원시 성산구 가음동,567000001020200001
하늘동물병원,경기도 수원시 권선구 곡반정동,374000001020230005
하늘동물병원,인천광역시 중구 운서동,349000001020120001
하늘동물병원,전라남도 구례군 구례읍 봉남리,487000001020250001
하늬동물병원,경상남도 김해시 삼방동,535000001020000001
하니동물병원,서울특별시 양천구 목동,314000001020180001
하니동물병원,서울특별시 중랑구 신내동,306000001020100001
하단동물병원,부산광역시 사하구 하단동,334000001020040007
하단오거리Q동물병원,부산광역시 사하구 하단동,334000001020050002
하동동물병원,경상남도 하동군 하동읍 읍내리,544000001020080001
하동물병원,경상북도 영주시 하망동,509000001020110001
하동축산농협동물병원,경상남도 하동군 진교면 안심리,544000001020190001
하랑동물의료센터,경기도 남양주시 다산동,399000001020200005
하루동물병원,경기도 고양시 일산서구 대화동,394000001020240006
하루동물병원,전북특별자치도 전주시 완산구 평화동2가,464100001020180001
하모니동물병원,경기도 부천시 원미구 중동,386000001020080007
하비동물병원,서울특별시 도봉구 창동,309000001020130002
하수의과병원,경상북도 경주시 안강읍 산대리,505000001020220002
하스펫탈동물병원,서울특별시 중랑구 면목동,306000001020000001
하슬라동물병원,강원특별자치도 강릉시 교동,420000001020180001
하안동물병원,경기도 광명시 하안동,390000001020140001
하얀기린 동물병원,인천광역시 서구 연희동,356000001020170007
하온동물의료센터,경기도 성남시 분당구 정자동,378000001020210006
하은동물병원,경기도 안양시 동안구 비산동,383000001020110001
하은동물병원,경기도 용인시 기흥구 보라동,563000001020150001
하음 동물병원,충청남도 보령시 동대동,451000001020240001
하이 동물병원,경기도 남양주시 오남읍 양지리,399000001020220001
하이동물병원,부산광역시 부산진구 양정동,329000001020230001
하이반려동물행동클리닉,경기도 고양시 덕양구 원흥동,394000001020210008
하이유 동물병원,서울특별시 동대문구 답십리동,305000001020180001
하이응급동물메디칼센터,충청북도 제천시 영천동,440000001020180002
하이펫동물병원,경기도 수원시 영통구 영통동,374000001020020009
하인츠동물병원,인천광역시 미추홀구 용현동,351000001020170001
하일동물병원,경기도 구리시 수택동,398000001020110003
하임동물병원,경기도 용인시 수지구 풍덕천동,564000001020160002
하임동물의료센터,경기도 김포시 풍무동,409000001020190001
하정 동물병원,전라남도 영광군 영광읍 신하리,497000001020210001
하태흥반려동물의료센터,인천광역시 남동구 만수동,353000001020030003
하트동물메디컬센터,서울특별시 송파구 삼전동,323000001019990006
하트동물병원,전북특별자치도 전주시 덕진구 송천동1가,464100001020140003
하트동물의료센터,경기도 김포시 걸포동,409000001020200006
하트만 동물병원,경기도 의정부시 호원동,382000001020130002
하트온동물병원,서울특별시 강서구 화곡동,315000001020170004
하트펫 동물병원,경기도 용인시 기흥구 공세동,563000001020180002
하하 동물병원,경기도 수원시 권선구 구운동,374000001020130015
하하동물병원,경기도 광주시 태전동,554000001020190002
학산동물병원,부산광역시 동래구 복천동,330000001020140002
학익동물병원,인천광역시 미추홀구 학익동,351000001020160001
학장동물병원,부산광역시 사상구 학장동,339000001020140001
한 동물병원,서울특별시 강남구 개포동,322000001020100011
한 동물병원,서울특별시 서초구 양재동,321000001020040006
한가람 동물병원(출장진료전문병원),충청남도 천안시 동남구 신방동,565000001020240003
한가람동물의료센터,서울특별시 영등포구 신길동,318000001020130004
한강동물메디컬센터,경기도 김포시 운양동,409000001020230002
한강동물병원,전라남도 광양시 광영동,484000001020080001
한강동물병원,경기도 남양주시 퇴계원읍 퇴계원리,399000001019950001
한강동물병원,서울특별시 노원구 상계동,310000001020030001
한강동물병원,경기도 포천시 군내면 하성북리,560000001020110001
한강동물병원,경상남도 창원시 마산합포구 해운동,567000001020051002
한걸음더 재활한방 동물병원,서울특별시 송파구 석촌동,323000001020230005
한결같은 동물병원,경상북도 경산시 하양읍 동서리,513000001020180004
한결동물병원,전북특별자치도 남원시 동충동,470100001020210001
한결동물병원,경상남도 양산시 물금읍 범어리,538000001020240002
한결동물병원,경기도 하남시 망월동,404000001020200003
한결동물의료센터,광주광역시 서구 풍암동,360000001020040004
한결산업동물병원,경기도 용인시 처인구 백암면 근창리,562000001020240001
한결산업동물병원「산업동물 출장진료 전문」,경기도 이천시 설성면 금당리,407000001020190004
한국,전북특별자치도 고창군 고창읍 교촌리,478100001019940002
한국고양이혈액센터,서울특별시 양천구 신월동,314000001020240001
한국동물메디컬센터(KAMC),서울특별시 중랑구 면목동,306000001020100002
한국동물병원,전라남도 보성군 보성읍 쾌상리,489000001020220001
한국동물병원,인천광역시 미추홀구 용현동,351000001019890002
한국동물병원,충청남도 공주시 금흥동,450000001020030001
한국동물병원,경상북도 영천시 금호읍 신월리,510000001020230001
한국동물병원,충청북도 청주시 상당구 남문로1가,572000001019801001
한국동물병원,경기도 성남시 중원구 성남동,378000001019940002
한국동물병원,충청북도 보은군 보은읍 삼산리,442000001019950001
한국동물병원(산업동물에 대한 출장진료를 전문으로 함),경기도 파주시 월롱면 덕은리,406000001020000001
한국동물병원(출장진료전문병원),경상남도 창녕군 성산면 정녕리,541000001020170002
한국동물선진의료연구소(KASMINE) 동물심혈관신장센터,경기도 성남시 분당구 구미동,378000001020180001
한국동물혈액은행 동물병원,강원특별자치도 속초시 동명동,423000001020170001
한국마사회 부산경남부속동물병원,부산광역시 강서구 범방동,336000001020040001
한국마사회 서울부속동물병원,경기도 과천시 주암동,397000001020050002
한국마사회 제주육성목장 동물병원,제주특별자치도 제주시 조천읍 교래리,651000001019981001
한국생명공학연구원 영장류자원지원센터 부속 동물병원,전북특별자치도 정읍시 입암면 접지리,469100001020190002
한국양봉농협 동물병원,경기도 안성시 미양면 구수리,408000001020200001
한국영양전문동물병원,경기도 광주시 목현동,554000001020180004
한길동물병원,충청남도 홍성군 홍성읍 내법리,460000001020010001
한길동물병원,전북특별자치도 고창군 흥덕면 흥덕리,478100001020140001
한나동물병원,서울특별시 서초구 방배동,321000001020140001
한남심장내과동물병원,서울특별시 용산구 한남동,302000001020250001
한독동물병원,부산광역시 금정구 서동,335000001019970001
한독동물병원,강원특별자치도 춘천시 후평동,418000001019800001
한동물병원 (출장진료 전문),경기도 평택시 오성면 숙성리,391000001020150002
한동물병원(출장진료동물병원),전북특별자치도 김제시 용지면 부교리,471100001020100001
한들동물병원(출장진료전문),전북특별자치도 진안군 진안읍 군상리,473100001020210001
한라동물병원,충청남도 부여군 부여읍 동남리,457000001020010001
한라동물의료센터,제주특별자치도 제주시 이도이동,651000001020200002
한라동물종합병원,제주특별자치도 제주시 일도이동,651000001019920001
한림동물병원,제주특별자치도 제주시 한림읍 동명리,651000001020210004
한림동물병원,경기도 포천시 가산면 방축리,560000001020230001
한마음,인천광역시 강화군 강화읍 남산리,357000001019990001
한마음 동물병원,충청북도 진천군 덕산읍 용몽리,445000001020140001
한마음 동물의료센터,경기도 수원시 장안구 영화동,374000001020170004
한마음동물병원,경기도 화성시 향남읍 평리,553000001020100002
한마음동물병원,서울특별시 은평구 신사동,311000001020020004
한마음동물병원,경기도 김포시 통진읍 도사리,409000001019950001
한마음동물병원,경상남도 김해시 구산동,535000001020060002
한마음동물병원,서울특별시 강서구 화곡동,315000001020140001
한마음동물병원,경기도 용인시 수지구 풍덕천동,405000001020000002
한마음동물병원,경상북도 영천시 금호읍 교대리,510000001020210002
한마음동물약품병원,전라남도 담양군 담양읍 백동리,485000001020180001
한마음동물의료원,경기도 안성시 공도읍 승두리,408000001020240001
한마음종합동물병원,대구광역시 달서구 두류동,347000001020040009
한민동물병원,대전광역시 서구 내동,366000001020050004
한밭동물병원,제주특별자치도 제주시 해안동,651000001020140002
한밭동물종합병원,대전광역시 유성구 봉산동,367000001020170004
한별피그크리닉,경기도 성남시 분당구 정자동,378000001020240003
한빛 동물병원,경기도 수원시 장안구 천천동,374000001020030006
한빛 동물병원,전라남도 목포시 상동,480000001020020001
한빛동물병원,충청북도 청주시 서원구 사창동,572500001019992002
한빛동물병원,세종특별자치시  금남면 용포리,569000001019950001
한빛동물병원,광주광역시 광산구 신가동,363000001020100002
한빛동물병원,서울특별시 은평구 진관동,311000001020100001
한빛동물병원,제주특별자치도 제주시 한경면 청수리,651000001020160001
한빛동물병원,경기도 화성시 남양읍 남양리,553000001020040002
한빛동물병원,충청남도 천안시 서북구 성환읍 성환리,566000001020160002
한빛동물병원,서울특별시 성동구 금호동2가,303000001020040004
한빛동물병원,경상남도 김해시 어방동,535000001019990002
한빛동물병원,충청남도 천안시 서북구 두정동,566000001020130001
한빛동물병원,충청남도 연기군 금남면 용포리,456000001019950001
한빛동물병원,경상북도 상주시 외답동,511000001020070001
한빛동물병원,서울특별시 도봉구 창동,309000001019990001
한빛동물병원,경기도 안양시 동안구 호계동,383000001019990001
한빛종합동물병원,서울특별시 노원구 상계동,310000001020080002
한사랑 동물병원,제주특별자치도 제주시 아라일동,651000001020160002
한사랑동물병원,경상북도 예천군 예천읍 남본리,523000001020160002
한사랑동물병원,서울특별시 성북구 성북동1가,307000001019990001
한사랑동물병원,부산광역시 동래구 명륜동,330000001019980001
한사랑동물병원,서울특별시 용산구 용산동2가,302000001020030004
한사랑동물의료센타 동물병원,전라남도 목포시 옥암동,480000001019890001
한샘동물병원,서울특별시 구로구 개봉동,316000001020040008
한샘동물병원,충청북도 청주시 서원구 개신동,572500001020230002
한서동물병원,경기도 양평군 양평읍 회현리,417000001020190003
한서동물병원,제주특별자치도 제주시 봉개동,651000001020051003
한서동물의료센터,충청남도 서산시 동문동,453000001020130001
한성동물병원,경기도 수원시 팔달구 지동,374000001020010006
한성동물병원,,509000001020170001
한성동물병원,서울특별시 관악구 신림동,320000001019900002
한성동물병원(양수지점),경기도 남양주시 조안면 조안리,399000001020250002
한솔 동물병원,인천광역시 계양구 계산동,355000001020170003
한솔가축병원,충청남도 예산군 삽교읍 송산리,461000001020060001
한솔동물병원,전라남도 영광군 영광읍 도동리,497000001020210003
한솔동물병원,경상북도 의성군 봉양면 화전리,515000001020190001
한솔동물병원,경상북도 구미시 선산읍 이문리,508000001020000002
한솔동물병원,서울특별시 서대문구 홍제동,312000001019970001
한솔동물병원,경상북도 영천시 문외동,510000001019990001
한솔동물병원,부산광역시 사하구 괴정동,334000001020060001
한솔동물병원,경상남도 창원시 진해구 석동,567000001020110009
한솔동물병원,경기도 용인시 처인구 백암면 근곡리,562000001020190001
한솔동물병원,세종특별자치시  장군면 도계리,569000001020180003
한수24시동물병원,서울특별시 은평구 증산동,311000001020050004
한수동물병원,서울특별시 송파구 문정동,323000001020250002
한수풀동물병원,제주특별자치도 제주시 한림읍 한림리,651000001020080001
한스동물병원,서울특별시 서대문구 남가좌동,312000001020110001
한스동물병원,인천광역시 계양구 동양동,355000001020120001
한신동물병원,경기도 안성시 죽산면 죽산리,408000001020190001
한양동물메디컬센터,서울특별시 성동구 행당동,303000001020100001
한양동물병원,서울특별시 송파구 송파동,323000001020220005
한양동물병원(출장전문),경상남도 함양군 함양읍 신천리,546000001020230002
한양종합동물병원,부산광역시 동래구 명장동,330000001019910002
한양한방동물병원,인천광역시 중구 용동,349000001020010003
한얼동물병원,서울특별시 은평구 응암동,311000001019950001
한우동물병원,세종특별자치시  조치원읍 상리,569000001019830001
한우동물병원,충청남도 연기군 조치원읍 상리,456000001019830001
한우리 동물병원,경상북도 영주시 하망동,509000001020120001
한우리동물병원(출장전문),전북특별자치도 김제시 금구면 서도리,471100001020150001
한우사랑동물병원,충청남도 공주시 사곡면 해월리,450000001020140001
한울 AHC동물병원,충청남도 당진시 순성면 봉소리,463000001020110001
한울메디벳,충청남도 공주시 우성면 상서리,450000001020150002
한울산업동물병원,충청남도 홍성군 홍성읍 월산리,460000001020230001
한원동물병원,충청남도 아산시 둔포면 둔포리,452000001020120001
한일가축병원,경상북도 경주시 효현동,505000001019860001
한일동물병원,경상남도 창원시 마산회원구 양덕동,567000001020120006
한일동물병원,전북특별자치도 군산시 월명동,467100001020190001
한일동물병원,충청남도 예산군 예산읍 주교리,461000001020110002
한일동물병원,전라남도 무안군 무안읍 성내리,495000001019890001
한일동물병원,충청북도 제천시 명동,440000001020070001
한일동물병원(출장진료전문동물병원),전라남도 담양군 담양읍 천변리,485000001020020002
한주동물병원,경기도 연천군 전곡읍 전곡리,414000001020120002
한호동물병원,경기도 평택시 서정동,391000001019930001
함께오래동물병원,경기도 안성시 공도읍 만정리,408000001020210002
함께하는 동물병원,전라남도 영광군 영광읍 신하리,497000001020220001
함께하는 동물병원,경상북도 경산시 압량읍 신대리,513000001020170001
함께하는 동물병원,경기도 용인시 기흥구 마북동,563000001020170001
함안축협동물병원,경상남도 함안군 가야읍 가야리,540000001020040001
함양동물병원,경상남도 함양군 함양읍 용평리,546000001020170001
함평축협동물병원,,496000001020170002
합강동물병원,강원특별자치도 인제군 인제읍 상동리,433000001020230001
합천가축병원,경상남도 합천군 삼가면 일부리,548000001020050002
합천동물병원,경상남도 합천군 합천읍 합천리,548000001020230002
합천축협동물병원,경상남도 합천군 율곡면 임북리,548000001020090002
항동푸른숲동물병원,서울특별시 구로구 항동,316000001020200005
해나동물병원,경기도 화성시 목동,553000001020230001
해남동물병원,전라남도 해남군 해남읍 남외리,493000001020150001
해남진도축협동물병원,전라남도 해남군 해남읍 평동리,493000001020040001
해담동물병원,경기도 광명시 철산동,390000001020130001
해담동물병원,경상북도 경산시 사동,513000001020230001
해담동물의료센터,경상북도 포항시 북구 장성동,502000001020220002
해담은동물병원,경기도 용인시 수지구 성복동,564000001020150002
해동가축병원,,467100001020170003
해동물병원,서울특별시 종로구 창신동,300000001020010002
해동물병원,경상남도 양산시 물금읍 범어리,538000001020160002
해든고양이병원,경기도 부천시 원미구 중동,386000001020230001
해든동물병원,부산광역시 북구 구포동,332000001020160001
해든동물병원,강원특별자치도 원주시 단구동,419000001020200002
해듬동물병원,충청남도 아산시 탕정면 명암리,452000001020210002
해뜨는 동물병원,경상남도 진주시 가좌동,531000001020230002
해뜨는 동물병원 해질녘책방,서울특별시 서초구 잠원동,321000001020180005
해뜰동물병원,경기도 용인시 기흥구 보정동,563000001020080004
해랑동물병원,경기도 고양시 덕양구 토당동,394000001020220005
해림동물병원,인천광역시 계양구 작전동,355000001020080001
해마루 동물병원,경기도 성남시 분당구 서현동,378000001020230005
해맑은 동물병원,전북특별자치도 군산시 나운동,467100001020050001
해맑은 동물병원,경기도 고양시 일산서구 탄현동,394000001020060008
해맑은동물병원,광주광역시 북구 용두동,362000001020050001
해맑은동물병원,서울특별시 광진구 자양동,304000001020080002
해맑은동물병원,경기도 양주시 광사동,559000001020090001
해맑은동물병원,서울특별시 강서구 가양동,315000001020030004
해맑은동물병원,충청남도 천안시 서북구 두정동,449000001020040007
해맑은동물병원,인천광역시 남동구 만수동,353000001020020003
해맑은동물병원,대구광역시 달서구 진천동,347000001020040007
해맑은동물병원,제주특별자치도 제주시 노형동,651000001020030005
해맞이 동물병원,서울특별시 양천구 신월동,314000001020190003
해미성,충청남도 서산시 해미면 읍내리,453000001019970001
해밀동물병원,부산광역시 해운대구 송정동,333000001020200001
해밀동물병원,제주특별자치도 제주시 이도이동,651000001019990001
해밀동물병원,세종특별자치시 세종특별자치시 해밀동,569000001020220002
해밀동물병원,경기도 고양시 일산동구 식사동,394000001020160006
해밀동물병원,경기도 남양주시 진접읍 금곡리,399000001020130003
해밀동물의료센터,경상남도 김해시 어방동,535000001020190003
해봄동물병원,서울특별시 도봉구 도봉동,309000001020170004
해비치동물병원,,337000001020170001
해성동물병원,서울특별시 양천구 신정동,314000001019940001
해솔 동물병원,대구광역시 북구 대현동,345000001020200004
해솔동물병원,경기도 파주시 와동동,406000001020240001
해솔동물병원,경기도 화성시 능동,553000001020150007
해오름 동물병원,대구광역시 중구 달성동,341000001020240001
해오름 동물병원,경기도 고양시 덕양구 주교동,394000001020090005
해오름동물병원,경기도 성남시 중원구 금광동,378000001020200003
해오름동물병원,경기도 파주시 문산읍 당동리,406000001020170011
해온동물병원,부산광역시 남구 용호동,331000001020130001
해온동물의료센터,경기도 고양시 일산동구 중산동,394000001020220008
해올동물병원,제주특별자치도 제주시 조천읍 교래리,651000001020210001
해옴동물병원,부산광역시 강서구 명지동,336000001020160001
해와달동물병원,인천광역시 남동구 논현동,353000001020190001
해운대 24시 동물의료원,부산광역시 해운대구 좌동,333000001020170002
해운대 케이 동물병원,부산광역시 해운대구 우동,333000001019990001
해운대 플러스동물병원,부산광역시 해운대구 좌동,333000001020160001
해운대동물메디컬센터,부산광역시 해운대구 좌동,333000001020210005
해운대조은동물병원,부산광역시 해운대구 우동,333000001020040004
해원 동물병원,인천광역시 부평구 산곡동,354000001020220002
해원이네동물병원,전북특별자치도 익산시 여산면 여산리,468100001020050001
해조동물병원(산업동물 출장진료 전문동물병원),경상남도 김해시 부원동,535000001019950002
해태동물병원,,324000001020030005
해피동물병원,경기도 남양주시 와부읍 도곡리,399000001020020002
해피동물병원,서울특별시 구로구 고척동,316000001020040002
해피동물병원,경상남도 남해군 남해읍 아산리,543000001020230001
해피동물병원,광주광역시 광산구 신가동,363000001020030002
해피동물병원,인천광역시 남동구 논현동,353000001020090007
해피동물병원,경기도 용인시 기흥구 마북동,405000001020000003
해피올동물병원,경기도 포천시 소흘읍 송우리,560000001020020003
해피트리 동물병원,충청북도 진천군 덕산읍 두촌리,445000001020190001
햇빛 동물병원,경기도 부천시 오정구 삼정동,386000001020100004
햇빛동물병원,경기도 남양주시 별내동,399000001020150002
햇살가득동물병원,세종특별자치시  도담동,569000001020160001
햇살동물병원,서울특별시 양천구 신월동,314000001020080002
햇살동물병원,경기도 하남시 덕풍동,404000001020010002
행담 동물병원,충청남도 당진시 읍내동,463000001020100001
행복나눔동물병원,경기도 군포시 당동,402000001020060004
행복동물병원,대구광역시 동구 효목동,342000001020210001
행복동물병원,경기도 용인시 처인구 모현읍 왕산리,562000001020140003
행복동물의료센터,충청남도 예산군 예산읍 산성리,461000001020250002
행복드림 동물병원,대전광역시 유성구 지족동,367000001020160002
행복드림 동물병원,부산광역시 해운대구 반여동,333000001020210003
행복드림 동물병원,강원특별자치도 원주시 단계동,419000001020130001
행복사랑동물병원,경기도 수원시 장안구 조원동,374000001020190002
행복을찾는동물병원,전북특별자치도 김제시 서암동,471100001020010002
행복이 있는 동물병원,서울특별시 중랑구 신내동,306000001020140002
행복튼튼동물병원,경기도 파주시 금촌동,406000001020230006
행복플러스동물병원,경기도 파주시 와동동,406000001020150001
행복한 동물병원,전북특별자치도 전주시 덕진구 인후동1가,464100001020000001
행복한 동물병원,대전광역시 유성구 송강동,367000001020050001
행복한 동물병원,부산광역시 사하구 신평동,334000001020220001
행복한 동물병원,대구광역시 달성군 유가읍 용리,348000001020230001
행복한 동물병원,인천광역시 남동구 만수동,353000001020070002
행복한 동물병원,경상북도 경산시 옥산동,513000001020100001
행복한 동물병원,경기도 이천시 진리동,407000001020090001
행복한 우리아이 동물병원,서울특별시 송파구 삼전동,323000001020140004
행복한고양이동물병원,경기도 파주시 와동동,406000001020190002
행복한동물병원,경상북도 문경시 모전동,512000001020040003
행복한동물병원,충청북도 청주시 흥덕구 복대동,573000001020022002
행복한동물병원,경기도 안성시 영동,408000001020190003
행복한동물병원,경상남도 진주시 호탄동,531000001020150001
행복한동물병원,부산광역시 북구 화명동,332000001020090002
행복한동물병원,서울특별시 도봉구 창동,309000001020090001
행복한동물병원,경기도 파주시 아동동,406000001020040001
행복한동물병원,서울특별시 관악구 봉천동,320000001020040003
행복한동물병원,제주특별자치도 제주시 이도이동,651000001019980002
행복한동물병원,경기도 부천시 원미구 상동,386000001020030011
행복한동물병원,서울특별시 성북구 장위동,307000001020050003
행복한동물병원,서울특별시 양천구 목동,314000001020060003
행복한산책 동물병원,인천광역시 서구 청라동,356000001020210002
행복한종합동물병원,강원특별자치도 강릉시 옥천동,420000001020040002
행신동물병원,경기도 고양시 덕양구 행신동,394000001019950003
행신동물의료센터,경기도 고양시 덕양구 행신동,394000001020210005
행운동물병원,경상북도 예천군 지보면 소화리,523000001020230003
향남메디동물병원,경기도 화성시 향남읍 행정리,553000001020100006
향석동물병원(출장진료전문병원),충청남도 아산시 배방읍 북수리,452000001020250003
허그동물의료센터,부산광역시 북구 화명동,332000001020220001
허그미동물병원,경기도 여주시 교동,570000001020230001
허동물병원,대구광역시 수성구 수성동2가,346000001020060002
허브동물병원,서울특별시 구로구 구로동,316000001020160001
허브동물병원,서울특별시 금천구 시흥동,317000001020220001
헤세드동물병원,경기도 이천시 마장면 오천리,407000001020030012
헤아림동물병원,부산광역시 동래구 낙민동,330000001020210001
헤아림동물병원,경상남도 거제시 아주동,537000001020220001
헤이든동물병원,서울특별시 강남구 개포동,322000001020230005
헤이븐동물병원,서울특별시 서초구 방배동,321000001020180006
헬로동물병원,부산광역시 남구 용호동,331000001020130005
헬로우 동물병원,서울특별시 서대문구 연희동,312000001020190001
헬로우동물병원,대구광역시 달서구 용산동,347000001020030002
헬로우동물병원 여의도점,서울특별시 영등포구 여의도동,318000001020230003
헬리오동물병원,서울특별시 송파구 가락동,323000001020200001
헬릭스동물메디컬센터,경기도 고양시 덕양구 행신동,394000001020100004
헬릭스동물메디컬센터,서울특별시 서초구 반포동,321000001020150001
헬릭스동물심장수술센터,서울특별시 중구 을지로5가,301000001020190006
헬릭스동물암센터,서울특별시 중구 을지로5가,301000001020190007
혁신동물병원,전북특별자치도 전주시 덕진구 중동,464100001020160007
혁신동물의료센터,경상남도 진주시 충무공동,531000001020200001
현 동물병원,,519000001020120001
현대 동물 병원,충청남도 태안군 안면읍 승언리,462000001019900001
현대 동물병원,경기도 의왕시 오전동,403000001020040001
현대 동물병원,경기도 성남시 분당구 구미동,378000001020120005
현대 동물병원,전북특별자치도 장수군 장수읍 장수리,475100001020070001
현대가축병원,강원특별자치도 홍천군 홍천읍 신장대리,425000001019820001
현대가축병원,경기도 양주시 남면 상수리,559000001020130001
현대가축병원,강원특별자치도 정선군 정선읍 봉양리,429000001019820001
현대가축병원,경기도 가평군 가평읍 읍내리,416000001019790001
현대가축병원,전라남도 목포시 석현동,480000001020040002
현대동물병원,경기도 수원시 권선구 고색동,374000001020060004
현대동물병원,인천광역시 부평구 부평동,354000001020170001
현대동물병원,경상북도 청도군 화양읍 범곡리,519000001020200001
현대동물병원,경상남도 창원시 마산합포구 해운동,567000001019961001
현대동물병원,충청북도 옥천군 옥천읍 금구리,443000001020180001
현대동물병원,경기도 하남시 신장동,404000001020200001
현대동물병원,경상북도 구미시 사곡동,508000001020210003
현대동물병원,경기도 고양시 일산서구 일산동,394000001020250003
현대동물병원,경상남도 하동군 옥종면 청룡리,544000001019790001
현대동물병원,경상북도 경주시 안강읍 산대리,505000001020080001
현대동물병원,전라남도 고흥군 고흥읍 서문리,488000001019900001
현대동물병원,대구광역시 남구 봉덕동,344000001020000001
현대동물병원,충청북도 음성군 금왕읍 무극리,447000001020020001
현대동물병원,강원특별자치도 춘천시 후평동,418000001019920001
현대동물병원,전라남도 장흥군 장흥읍 건산리,491000001020030002
현대동물병원,충청북도 충주시 연수동,439000001020020001
현대동물병원,경상남도 진주시 인사동,531000001020020002
현대동물병원,경기도 동두천시 생연동,392000001020040003
현대동물병원,경기도 화성시 남양동,553000001019840001
현대동물병원,인천광역시 중구 신흥동3가,349000001020050003
현대동물병원,경기도 포천시 소흘읍 송우리,560000001020050002
현대동물병원,부산광역시 연제구 연산동,337000001020030007
현대동물병원,경상남도 사천시 정동면 예수리,534000001020090001
현대동물병원,경상북도 성주군 성주읍 성산리,521000001019900002
현대동물병원,제주특별자치도 서귀포시 동홍동,652000001020020001
현대동물병원,충청남도 당진시 우두동,568000001020120002
현대동물병원,울산광역시 남구 야음동,370000001019970001
현대동물병원,경기도 용인시 기흥구 상갈동,563000001020070001
현대동물병원,전라남도 강진군 강진읍 남성리,492000001020000001
현대동물병원,전라남도 보성군 보성읍 보성리,489000001019930001
현대동물병원,경기도 부천시 원미구 상동,386000001020070003
현대동물병원,경상북도 문경시 흥덕동,512000001020100001
현대동물병원,전라남도 장성군 장성읍 영천리,498000001019940001
현대동물병원(출장진료전문병원),경상남도 함양군 함양읍 교산리,546000001020030001
현대동물의료센터,경상남도 거제시 장평동,537000001020080001
현대동물의료센터,경기도 의정부시 용현동,382000001020150004
현대웰동물병원,광주광역시 서구 쌍촌동,360000001019900001
현대종합동물병원,서울특별시 도봉구 방학동,309000001020190002
현대종합동물병원,서울특별시 강북구 수유동,308000001020020001
현대종합동물병원,서울특별시 동대문구 장안동,305000001020170003
현대종합동물병원,,324000001020030006
현대종합동물병원,경기도 김포시 북변동,409000001019990001
현대종합동물병원,강원특별자치도 원주시 지정면 가곡리,419000001019970001
현동물병원,광주광역시 동구 학동,359000001020200001
현동물병원,제주특별자치도 제주시 한림읍 금악리,651000001020110001
현동물병원,전북특별자치도 임실군 임실읍 이도리,476100001020200001
현리동물병원,경기도 가평군 조종면 현리,416000001020020001
현클리닉,제주특별자치도 서귀포시 신효동,652000001020160003
현풍동물병원,대구광역시 달성군 유가읍 봉리,348000001020030006
현화동물병원,경기도 평택시 안중읍 현화리,391000001020050002
협동,경상북도 의성군 안계면 용기리,515000001019650001
협동동물병원,충청남도 예산군 예산읍 예산리,461000001020090002
협동동물병원,경기도 광주시 역동,554000001020000002
협동동물병원,경기도 화성시 봉담읍 동화리,553000001019990002
협성동물병원,충청북도 청주시 상당구 남일면 효촌리,572000001020123003
협신가축동물병원「산업동물 출장진료 전문」,경기도 이천시 신둔면 용면리,407000001020230001
형곡동물병원,경상북도 구미시 형곡동,508000001020040001
형동물병원(출장전문),전라남도 나주시 봉황면 장성리,483000001020170001
형제동물병원,경기도 안양시 만안구 안양동,383000001019970001
형제동물병원(출장진료전문),경상남도 함양군 함양읍 백연리,546000001020030008
형제동물의료센터,서울특별시 관악구 봉천동,320000001019910001
혜민동물병원,서울특별시 강남구 삼성동,322000001020180003
혜성동물병원,경기도 연천군 청산면 초성리,414000001020180001
혜성동물병원,경상남도 밀양시 내이동,536000001020010001
혜원동물병원,서울특별시 중랑구 면목동,306000001020230003
혜음동물병원,경기도 파주시 광탄면 용미리,406000001020200004
혜인종합 동물병원,서울특별시 양천구 목동,314000001020020004
혜인종합동물병원,강원특별자치도 원주시 단구동,419000001020020003
호 동물병원,서울특별시 강북구 미아동,308000001020090002
호계동물병원,울산광역시 북구 신천동,372000001020150001
호남가축병원,전북특별자치도 진안군 부귀면 신정리,473100001020110001
호남동물병원,전라남도 구례군 구례읍 봉남리,487000001020060002
호담동물병원,서울특별시 성북구 하월곡동,307000001020130001
호랑이 동물병원,인천광역시 연수구 송도동,352000001020230003
호명동물병원,,523000001020180001
호박동물병원,강원특별자치도 속초시 청호동,423000001020110001
호수동물병원,경기도 고양시 일산서구 주엽동,394000001020090012
호수동물병원,전라남도 순천시 왕지동,482000001020120001
호수동물병원,서울특별시 송파구 송파동,323000001020060001
호수동물병원,경기도 시흥시 조남동,401000001020170003
호수동물병원,전라남도 해남군 황산면 남리리,493000001020240001
호원종합동물병원,경기도 의정부시 호원동,382000001020040003
호크마 동물병원,제주특별자치도 제주시 화북일동,651000001020170002
호크종합동물병원,충청남도 논산시 취암동,454000001020030003
호크종합동물병원,세종특별자치시  금남면 원봉리,569000001020230001
호평동물병원,경기도 남양주시 호평동,399000001020080002
호호동물병원,제주특별자치도 제주시 연동,651000001020240001
홈종합동물병원,경기도 김포시 풍무동,409000001020020003
홈즈 동물병원,부산광역시 강서구 명지동,336000001020200001
홍경태동물병원,경상북도 포항시 북구 용흥동,502000001019900002
홍경태동물의료원,경상북도 포항시 북구 용흥동,502000001020180004
홍교동물병원,전라남도 보성군 벌교읍 벌교리,489000001020030001
홍금동물병원,서울특별시 강서구 등촌동,315000001020240002
홍상희동물병원,서울특별시 중랑구 묵동,306000001019970001
홍성낙농협동조합 천북동물병원,충청남도 보령시 천북면 하만리,451000001020120001
홍성낙협동물병원,충청남도 홍성군 홍성읍 대교리,460000001019980001
홍성낙협서산지점,충청남도 서산시 읍내동,453000001020030001
홍성종합동물병원,충청남도 홍성군 홍성읍 대교리,460000001019910003
홍성축협 동물병원,충청남도 홍성군 홍성읍 월산리,460000001020050001
홍예동물병원,충청남도 홍성군 홍북읍 상하리,460000001020240001
홍익동물병원,경기도 이천시 단월동,407000001020050001
홍익동물병원,경기도 화성시 우정읍 조암리,553000001020030003
홍익동물종합병원,서울특별시 마포구 합정동,313000001020000001
홍익메디칼동물병원,경기도 화성시 우정읍 조암리,553000001020150006
홍제24시모아동물의료센터,서울특별시 서대문구 홍제동,312000001020240002
홍제동물병원,서울특별시 서대문구 홍제동,312000001019980001
홍천축협동물병원,강원특별자치도 홍천군 홍천읍 희망리,425000001020000001
홍현관동물병원,강원특별자치도 태백시 황지동,422000001019960001
화도동물병원,경기도 남양주시 화도읍 묵현리,399000001020160004
화랑동물병원,서울특별시 노원구 공릉동,310000001020060004
화목종합동물병원,부산광역시 해운대구 좌동,333000001020040002
화봉GL동물병원,울산광역시 북구 화봉동,372000001020170002
화서동물병원,경기도 수원시 장안구 정자동,374000001020220002
화성동물병원,경상북도 성주군 성주읍 경산리,521000001020060001
화순동물병원,전라남도 화순군 화순읍 삼천리,490000001020230001
화순축협 동물병원,전라남도 화순군 화순읍 다지리,490000001020220001
화승종합동물병원,부산광역시 부산진구 부암동,329000001019970001
화신종합동물병원,서울특별시 도봉구 방학동,309000001019950002
화원연합동물병원,대구광역시 달성군 화원읍 천내리,348000001020140001
화이트동물메디컬센터,경상북도 포항시 북구 두호동,502000001020220001
화정동물병원,경기도 고양시 덕양구 화정동,394000001019960001
화정힐동물병원,광주광역시 서구 화정동,360000001020170002
화천동물병원,강원특별자치도 화천군 화천읍 하리,431100001020240001
활기찬동물병원,경기도 성남시 분당구 분당동,378000001020110001
황금누리동물병원,대구광역시 수성구 황금동,346000001020240002
황동물병원,서울특별시 중구 묵정동,301000001019950001
황동물병원,경상북도 안동시 당북동,507000001019990001
황수의동물병원,경상북도 포항시 북구 기계면 현내리,502000001020220004
황제 동물병원,광주광역시 동구 학동,359000001020030002
황하동물병원,서울특별시 강서구 방화동,315000001020020003
황학균동물병원,대전광역시 유성구 상대동,367000001020140001
회원동물메디컬센터,경상남도 창원시 마산회원구 회원동,567000001019971001
회인동물병원,충청북도 보은군 회인면 중앙리,442000001020220002
횡성동물병원,강원특별자치도 횡성군 횡성읍 읍상리,426000001020050002
횡성바엘가축병원,강원특별자치도 횡성군 횡성읍 읍하리,426000001020020003
횡성축협동물병원,강원특별자치도 횡성군 횡성읍 교항리,426000001020050001
효산동물병원,경상북도 영천시 금호읍 신월리,510000001020240002
효성동물병원,대구광역시 남구 봉덕동,344000001020150001
효성동물병원,충청남도 공주시 사곡면 해월리,450000001020220002
효원동물병원,경기도 수원시 영통구 매탄동,374000001020090002
효자 동물병원,전북특별자치도 전주시 완산구 효자동1가,464100001019930001
효자동물병원,경상북도 포항시 남구 효자동,502000001020210002
효진동물병원,전라남도 나주시 왕곡면 장산리,483000001020060001
효창동물병원,서울특별시 용산구 효창동,302000001020020003
효천동물병원,전북특별자치도 전주시 완산구 삼천동2가,464100001020240006
훈 동물병원,경기도 부천시 소사구 송내동,386000001020170001
훈 동물병원,부산광역시 동래구 명륜동,330000001020140004
훈 동물병원,충청남도 보령시 동대동,451000001020160001
훈동물병원,경상북도 김천시 지좌동,506000001020200001
훈동물병원,부산광역시 해운대구 좌동,333000001020240001
훈동물병원,충청북도 청주시 청원구 북이면 장양리,573500001020210002
휴 동물병원,경기도 용인시 처인구 원삼면 목신리,562000001020240002
휴 동물병원,전라남도 순천시 조례동,482000001020110001
휴SMC 동물병원,충청북도 진천군 이월면 신월리,445000001020230001
휴동물의료센터,경기도 성남시 수정구 신흥동,378000001020200002
휴안과동물병원,전북특별자치도 익산시 부송동,468100001020080001
흙 동물병원,충청남도 예산군 예산읍 예산리,461000001019900001
흥덕가축병원,전북특별자치도 고창군 흥덕면 동사리,478100001019880001
흥덕종합동물병원,경기도 용인시 기흥구 영덕동,563000001020100002
흥해동물병원,경상북도 포항시 북구 흥해읍 남성리,502000001020180003
희망동물병원,전라남도 장흥군 장흥읍 건산리,491000001020030003
희망동물병원,전라남도 순천시 석현동,482000001020190001
희망동물병원,광주광역시 남구 사동,361000001020030007
희망로H동물병원,대구광역시 남구 이천동,344000001020250001
희망종합동물병원,서울특별시 송파구 잠실동,323000001019910002
희망종합동물병원,부산광역시 중구 남포동5가,325000001019980001
희성동물병원,충청북도 괴산군 청안면 읍내리,446000001020210001
힐 동물병원,부산광역시 해운대구 중동,333000001020180001
힐동물병원,서울특별시 강동구 둔촌동,324000001020220004
힐링동물병원,경상남도 사천시 향촌동,534000001020160001
힐링동물병원,전북특별자치도 전주시 덕진구 송천동1가,464100001020120002
힐링동물병원,대구광역시 달성군 다사읍 죽곡리,348000001020130002
힐링동물병원 &  건강검진센터,서울특별시 마포구 공덕동,313000001020130001
힐링동물의료센터,경기도 화성시 반월동,553000001020190009
힐링페츠동물병원,부산광역시 기장군 기장읍 대라리,340000001020220001
힐링힐스 동물 치과병원,경기도 성남시 분당구 백현동,378000001020170005
힐스동물병원,경상남도 양산시 물금읍 범어리,538000001020170004
힐스타동물병원,서울특별시 강남구 자곡동,322000001020150008
힐스타운 동물병원,서울특별시 중구 신당동,301000001020230001
힘찬동물메디컬센터,제주특별자치도 제주시 아라일동,651000001020230001
힘찬동물병원,경상남도 하동군 진교면 진교리,544000001020230001
農和동물병원(산업동물출장진료전문),경상남도 김해시 봉황동,535000001020140005
魏동물병원,경상북도 울진군 울진읍 고성리,525000001020210002
